  0
SECTION
  2
HEADER
  9
$ACADVER
  1
AC1014
  9
$ACADMAINTVER
 70
     9
  9
$DWGCODEPAGE
  3
ANSI_1252
  9
$INSBASE
 10
0.0
 20
0.0
 30
0.0
  9
$EXTMIN
 10
1.000000000000000E+20
 20
1.000000000000000E+20
 30
1.000000000000000E+20
  9
$EXTMAX
 10
-1.000000000000000E+20
 20
-1.000000000000000E+20
 30
-1.000000000000000E+20
  9
$LIMMIN
 10
0.0
 20
0.0
  9
$LIMMAX
 10
12.0
 20
9.0
  9
$ORTHOMODE
 70
     0
  9
$REGENMODE
 70
     1
  9
$FILLMODE
 70
     1
  9
$QTEXTMODE
 70
     0
  9
$MIRRTEXT
 70
     1
  9
$DRAGMODE
 70
     2
  9
$LTSCALE
 40
1.0
  9
$OSMODE
 70
    37
  9
$ATTMODE
 70
     1
  9
$TEXTSIZE
 40
0.2
  9
$TRACEWID
 40
0.05
  9
$TEXTSTYLE
  7
STANDARD
  9
$CLAYER
  8
0
  9
$CELTYPE
  6
BYLAYER
  9
$CECOLOR
 62
   256
  9
$CELTSCALE
 40
1.0
  9
$DELOBJ
 70
     1
  9
$DISPSILH
 70
     0
  9
$DIMSCALE
 40
1.0
  9
$DIMASZ
 40
0.18
  9
$DIMEXO
 40
0.0625
  9
$DIMDLI
 40
0.38
  9
$DIMRND
 40
0.0
  9
$DIMDLE
 40
0.0
  9
$DIMEXE
 40
0.18
  9
$DIMTP
 40
0.0
  9
$DIMTM
 40
0.0
  9
$DIMTXT
 40
0.18
  9
$DIMCEN
 40
0.09
  9
$DIMTSZ
 40
0.0
  9
$DIMTOL
 70
     0
  9
$DIMLIM
 70
     0
  9
$DIMTIH
 70
     1
  9
$DIMTOH
 70
     1
  9
$DIMSE1
 70
     0
  9
$DIMSE2
 70
     0
  9
$DIMTAD
 70
     0
  9
$DIMZIN
 70
     0
  9
$DIMBLK
  1

  9
$DIMASO
 70
     1
  9
$DIMSHO
 70
     1
  9
$DIMPOST
  1

  9
$DIMAPOST
  1

  9
$DIMALT
 70
     0
  9
$DIMALTD
 70
     2
  9
$DIMALTF
 40
25.4
  9
$DIMLFAC
 40
1.0
  9
$DIMTOFL
 70
     0
  9
$DIMTVP
 40
0.0
  9
$DIMTIX
 70
     0
  9
$DIMSOXD
 70
     0
  9
$DIMSAH
 70
     0
  9
$DIMBLK1
  1

  9
$DIMBLK2
  1

  9
$DIMSTYLE
  2
STANDARD
  9
$DIMCLRD
 70
     0
  9
$DIMCLRE
 70
     0
  9
$DIMCLRT
 70
     0
  9
$DIMTFAC
 40
1.0
  9
$DIMGAP
 40
0.09
  9
$DIMJUST
 70
     0
  9
$DIMSD1
 70
     0
  9
$DIMSD2
 70
     0
  9
$DIMTOLJ
 70
     1
  9
$DIMTZIN
 70
     0
  9
$DIMALTZ
 70
     0
  9
$DIMALTTZ
 70
     0
  9
$DIMFIT
 70
     3
  9
$DIMUPT
 70
     0
  9
$DIMUNIT
 70
     2
  9
$DIMDEC
 70
     4
  9
$DIMTDEC
 70
     4
  9
$DIMALTU
 70
     2
  9
$DIMALTTD
 70
     2
  9
$DIMTXSTY
  7
STANDARD
  9
$DIMAUNIT
 70
     0
  9
$LUNITS
 70
     2
  9
$LUPREC
 70
     4
  9
$SKETCHINC
 40
0.1
  9
$FILLETRAD
 40
0.0
  9
$AUNITS
 70
     0
  9
$AUPREC
 70
     0
  9
$MENU
  1
.
  9
$ELEVATION
 40
0.0
  9
$PELEVATION
 40
0.0
  9
$THICKNESS
 40
0.0
  9
$LIMCHECK
 70
     0
  9
$CHAMFERA
 40
0.0
  9
$CHAMFERB
 40
0.0
  9
$CHAMFERC
 40
0.0
  9
$CHAMFERD
 40
0.0
  9
$SKPOLY
 70
     0
  9
$TDCREATE
 40
2461183.106880463
  9
$TDUPDATE
 40
2461183.106880567
  9
$TDINDWG
 40
0.0000000116
  9
$TDUSRTIMER
 40
0.0000000116
  9
$USRTIMER
 70
     1
  9
$ANGBASE
 50
0.0
  9
$ANGDIR
 70
     0
  9
$PDMODE
 70
     0
  9
$PDSIZE
 40
0.0
  9
$PLINEWID
 40
0.0
  9
$COORDS
 70
     1
  9
$SPLFRAME
 70
     0
  9
$SPLINETYPE
 70
     6
  9
$SPLINESEGS
 70
     8
  9
$ATTDIA
 70
     0
  9
$ATTREQ
 70
     1
  9
$HANDLING
 70
     1
  9
$HANDSEED
  5
100005CB
  9
$SURFTAB1
 70
     6
  9
$SURFTAB2
 70
     6
  9
$SURFTYPE
 70
     6
  9
$SURFU
 70
     6
  9
$SURFV
 70
     6
  9
$UCSNAME
  2

  9
$UCSORG
 10
0.0
 20
0.0
 30
0.0
  9
$UCSXDIR
 10
1.0
 20
0.0
 30
0.0
  9
$UCSYDIR
 10
0.0
 20
1.0
 30
0.0
  9
$PUCSNAME
  2

  9
$PUCSORG
 10
0.0
 20
0.0
 30
0.0
  9
$PUCSXDIR
 10
1.0
 20
0.0
 30
0.0
  9
$PUCSYDIR
 10
0.0
 20
1.0
 30
0.0
  9
$USERI1
 70
     0
  9
$USERI2
 70
     0
  9
$USERI3
 70
     0
  9
$USERI4
 70
     0
  9
$USERI5
 70
     0
  9
$USERR1
 40
0.0
  9
$USERR2
 40
0.0
  9
$USERR3
 40
0.0
  9
$USERR4
 40
0.0
  9
$USERR5
 40
0.0
  9
$WORLDVIEW
 70
     1
  9
$SHADEDGE
 70
     3
  9
$SHADEDIF
 70
    70
  9
$TILEMODE
 70
     1
  9
$MAXACTVP
 70
    64
  9
$PINSBASE
 10
0.0
 20
0.0
 30
0.0
  9
$PLIMCHECK
 70
     0
  9
$PEXTMIN
 10
1.000000000000000E+20
 20
1.000000000000000E+20
 30
1.000000000000000E+20
  9
$PEXTMAX
 10
-1.000000000000000E+20
 20
-1.000000000000000E+20
 30
-1.000000000000000E+20
  9
$PLIMMIN
 10
0.0
 20
0.0
  9
$PLIMMAX
 10
12.0
 20
9.0
  9
$UNITMODE
 70
     0
  9
$VISRETAIN
 70
     1
  9
$PLINEGEN
 70
     0
  9
$PSLTSCALE
 70
     1
  9
$TREEDEPTH
 70
  3020
  9
$PICKSTYLE
 70
     1
  9
$CMLSTYLE
  2
STANDARD
  9
$CMLJUST
 70
     0
  9
$CMLSCALE
 40
1.0
  9
$PROXYGRAPHICS
 70
     1
  9
$MEASUREMENT
 70
     0
  0
ENDSEC
  0
SECTION
  2
CLASSES
  0
CLASS
  1
ACDBDICTIONARYWDFLT
  2
AcDbDictionaryWithDefault
  3
ObjectDBX Classes
 90
        0
280
     0
281
     0
  0
CLASS
  1
VISUALSTYLE
  2
AcDbVisualStyle
  3
ObjectDBX Classes
 90
     4095
280
     0
281
     0
  0
CLASS
  1
MATERIAL
  2
AcDbMaterial
  3
ObjectDBX Classes
 90
     1153
280
     0
281
     0
  0
CLASS
  1
SCALE
  2
AcDbScale
  3
ObjectDBX Classes
 90
     1153
280
     0
281
     0
  0
CLASS
  1
TABLESTYLE
  2
AcDbTableStyle
  3
ObjectDBX Classes
 90
     4095
280
     0
281
     0
  0
CLASS
  1
MLEADERSTYLE
  2
AcDbMLeaderStyle
  3
ACDB_MLEADERSTYLE_CLASS
 90
     4095
280
     0
281
     0
  0
CLASS
  1
SUN
  2
AcDbSun
  3
SCENEOE
 90
     1153
280
     0
281
     0
  0
CLASS
  1
SORTENTSTABLE
  2
AcDbSortentsTable
  3
ObjectDBX Classes
 90
        0
280
     0
281
     0
  0
CLASS
  1
DICTIONARYVAR
  2
AcDbDictionaryVar
  3
ObjectDBX Classes
 90
        0
280
     0
281
     0
  0
CLASS
  1
XRECORD
  2
AcDbXrecord
  3
ObjectDBX Classes
 90
        0
280
     0
281
     0
  0
CLASS
  1
LWPOLYLINE
  2
AcDbPolyline
  3
ObjectDBX Classes
 90
        0
280
     0
281
     1
  0
CLASS
  1
HATCH
  2
AcDbHatch
  3
ObjectDBX Classes
 90
        0
280
     0
281
     1
  0
CLASS
  1
ACDBPLACEHOLDER
  2
AcDbPlaceHolder
  3
ObjectDBX Classes
 90
        0
280
     0
281
     0
  0
CLASS
  1
LAYOUT
  2
AcDbLayout
  3
ObjectDBX Classes
 90
        0
280
     0
281
     0
  0
ENDSEC
  0
SECTION
  2
TABLES
  0
TABLE
  2
VPORT
  5
8
102
{ACAD_XDICTIONARY
360
100005C0
102
}
330
0
100
AcDbSymbolTable
 70
     1
  0
VPORT
  5
29
330
8
100
AcDbSymbolTableRecord
100
AcDbViewportTableRecord
  2
*ACTIVE
 70
     0
 10
0.0
 20
0.0
 11
1.0
 21
1.0
 12
10.42990654205607
 22
4.5
 13
0.0
 23
0.0
 14
0.5
 24
0.5
 15
0.5
 25
0.5
 16
0.0
 26
0.0
 36
1.0
 17
0.0
 27
0.0
 37
0.0
 40
9.0
 41
1.972972972850329
 42
50.0
 43
0.0
 44
0.0
 50
0.0
 51
0.0
 71
     0
 72
   100
 73
     1
 74
     3
 75
     0
 76
     0
 77
     0
 78
     0
  0
ENDTAB
  0
TABLE
  2
LTYPE
  5
5
330
0
100
AcDbSymbolTable
 70
     7
  0
LTYPE
  5
14
330
5
100
AcDbSymbolTableRecord
100
AcDbLinetypeTableRecord
  2
BYBLOCK
 70
     0
  3

 72
    65
 73
     0
 40
0.0
  0
LTYPE
  5
15
330
5
100
AcDbSymbolTableRecord
100
AcDbLinetypeTableRecord
  2
BYLAYER
 70
     0
  3

 72
    65
 73
     0
 40
0.0
  0
LTYPE
  5
16
330
5
100
AcDbSymbolTableRecord
100
AcDbLinetypeTableRecord
  2
CONTINUOUS
 70
     0
  3
Solid line
 72
    65
 73
     0
 40
0.0
  0
LTYPE
  5
10000024
330
5
100
AcDbSymbolTableRecord
100
AcDbLinetypeTableRecord
  2
ONS_PHANTOM
 70
     0
  3
Onshape Phantom line ______ __ __ ______
 72
    65
 73
     6
 40
0.4999999999999999
 49
0.25
 74
     0
 49
-0.05
 74
     0
 49
0.05
 74
     0
 49
-0.05
 74
     0
 49
0.05
 74
     0
 49
-0.05
 74
     0
  0
LTYPE
  5
10000025
330
5
100
AcDbSymbolTableRecord
100
AcDbLinetypeTableRecord
  2
CENTER
 70
     0
  3
Center line ____ _ ____ _ ____ _
 72
    65
 73
     4
 40
0.7199999999999999
 49
0.45
 74
     0
 49
-0.09
 74
     0
 49
0.09
 74
     0
 49
-0.09
 74
     0
  0
LTYPE
  5
10000026
330
5
100
AcDbSymbolTableRecord
100
AcDbLinetypeTableRecord
  2
DASHED
 70
     0
  3
Dashed line __ __ __ __ __
 72
    65
 73
     2
 40
0.75
 49
0.5
 74
     0
 49
-0.25
 74
     0
  0
LTYPE
  5
10000027
330
5
100
AcDbSymbolTableRecord
100
AcDbLinetypeTableRecord
  2
ONS_DASHDOT
 70
     0
  3
Onshape Dashed with Dot _ . ____ . ____
 72
    65
 73
     4
 40
0.71
 49
0.5
 74
     0
 49
-0.1
 74
     0
 49
0.01
 74
     0
 49
-0.1
 74
     0
  0
LTYPE
  5
10000028
330
5
100
AcDbSymbolTableRecord
100
AcDbLinetypeTableRecord
  2
ONS_DOTTED
 70
     0
  3
Onshape Dotted line . . . . . . .
 72
    65
 73
     2
 40
0.11
 49
0.01
 74
     0
 49
-0.1
 74
     0
  0
LTYPE
  5
10000029
330
5
100
AcDbSymbolTableRecord
100
AcDbLinetypeTableRecord
  2
HIDDEN
 70
     0
  3
Hidden line ____ ____ ____ ____ 
 72
    65
 73
     2
 40
0.15
 49
0.1
 74
     0
 49
-0.05
 74
     0
  0
ENDTAB
  0
TABLE
  2
LAYER
  5
2
330
0
100
AcDbSymbolTable
 70
    48
  0
LAYER
  5
10
330
2
100
AcDbSymbolTableRecord
100
AcDbLayerTableRecord
  2
0
 70
     0
 62
     7
  6
CONTINUOUS
  0
LAYER
  5
1000002A
330
2
100
AcDbSymbolTableRecord
100
AcDbLayerTableRecord
  2
SECTION_CUTTING_LINE
 70
     0
 62
     7
  6
ONS_PHANTOM
  0
LAYER
  5
1000002B
330
2
100
AcDbSymbolTableRecord
100
AcDbLayerTableRecord
  2
DETAIL_VIEW_BORDER
 70
     0
 62
     7
  6
CONTINUOUS
  0
LAYER
  5
1000002C
330
2
100
AcDbSymbolTableRecord
100
AcDbLayerTableRecord
  2
DETAIL_VIEW_PARENT_BORDER
 70
     0
 62
     7
  6
ONS_PHANTOM
  0
LAYER
  5
1000002D
330
2
100
AcDbSymbolTableRecord
100
AcDbLayerTableRecord
  2
TEXT
 70
     0
 62
     7
  6
CONTINUOUS
  0
LAYER
  5
1000002E
330
2
100
AcDbSymbolTableRecord
100
AcDbLayerTableRecord
  2
SKETCHED_GEOMETRY
 70
     0
 62
    -7
  6
CONTINUOUS
  0
LAYER
  5
1000002F
330
2
100
AcDbSymbolTableRecord
100
AcDbLayerTableRecord
  2
VIRTUAL_SHARPS
 70
     0
 62
    -7
  6
CONTINUOUS
  0
LAYER
  5
10000030
330
2
100
AcDbSymbolTableRecord
100
AcDbLayerTableRecord
  2
CENTERLINES
 70
     0
 62
    -7
  6
CENTER
  0
LAYER
  5
10000031
330
2
100
AcDbSymbolTableRecord
100
AcDbLayerTableRecord
  2
CENTERMARKS
 70
     0
 62
    -7
  6
CONTINUOUS
  0
LAYER
  5
10000032
330
2
100
AcDbSymbolTableRecord
100
AcDbLayerTableRecord
  2
TABLES
 70
     0
 62
     7
  6
CONTINUOUS
  0
LAYER
  5
10000033
330
2
100
AcDbSymbolTableRecord
100
AcDbLayerTableRecord
  2
IMAGES
 70
     0
 62
    -7
  6
CONTINUOUS
  0
LAYER
  5
10000034
330
2
100
AcDbSymbolTableRecord
100
AcDbLayerTableRecord
  2
ANNOTATION_LINES
 70
     0
 62
    -7
  6
CONTINUOUS
  0
LAYER
  5
10000035
330
2
100
AcDbSymbolTableRecord
100
AcDbLayerTableRecord
  2
ANNOTATION_TEXT
 70
     0
 62
    -7
  6
CONTINUOUS
  0
LAYER
  5
10000036
330
2
100
AcDbSymbolTableRecord
100
AcDbLayerTableRecord
  2
SIDE_THREAD_SYMBOLS
 70
     0
 62
     7
  6
HIDDEN
  0
LAYER
  5
10000037
330
2
100
AcDbSymbolTableRecord
100
AcDbLayerTableRecord
  2
SIDE_THREAD_SYMBOLS_HIDDEN
 70
     0
 62
    -7
  6
HIDDEN
  0
LAYER
  5
10000038
330
2
100
AcDbSymbolTableRecord
100
AcDbLayerTableRecord
  2
SURFACE_THREAD_SYMBOLS
 70
     0
 62
     7
  6
HIDDEN
  0
LAYER
  5
10000039
330
2
100
AcDbSymbolTableRecord
100
AcDbLayerTableRecord
  2
SURFACE_THREAD_SYMBOLS_ON_
 70
     0
 62
     7
  6
HIDDEN
  0
LAYER
  5
1000003A
330
2
100
AcDbSymbolTableRecord
100
AcDbLayerTableRecord
  2
SURFACE_THREAD_SYMBOLS_HID
 70
     0
 62
    -7
  6
HIDDEN
  0
LAYER
  5
1000003B
330
2
100
AcDbSymbolTableRecord
100
AcDbLayerTableRecord
  2
BLIND_THREAD_SYMBOLS
 70
     0
 62
     7
  6
CONTINUOUS
  0
LAYER
  5
1000003C
330
2
100
AcDbSymbolTableRecord
100
AcDbLayerTableRecord
  2
BLIND_THREAD_SYMBOLS_HIDDE
 70
     0
 62
    -7
  6
HIDDEN
  0
LAYER
  5
1000003D
330
2
100
AcDbSymbolTableRecord
100
AcDbLayerTableRecord
  2
EXPLODE_LINES
 70
     0
 62
     7
  6
ONS_PHANTOM
  0
LAYER
  5
1000003E
330
2
100
AcDbSymbolTableRecord
100
AcDbLayerTableRecord
  2
HIDDEN_EXPLODE_LINES
 70
     0
 62
    -7
  6
ONS_PHANTOM
  0
LAYER
  5
1000003F
330
2
100
AcDbSymbolTableRecord
100
AcDbLayerTableRecord
  2
BREAK_LINES
 70
     0
 62
    -7
  6
CONTINUOUS
  0
LAYER
  5
10000040
330
2
100
AcDbSymbolTableRecord
100
AcDbLayerTableRecord
  2
SHEETMETAL_BEND_LINES_UP
 70
     0
 62
     7
  6
CENTER
  0
LAYER
  5
10000041
330
2
100
AcDbSymbolTableRecord
100
AcDbLayerTableRecord
  2
SHEETMETAL_BEND_LINES_DOWN
 70
     0
 62
     7
  6
CENTER
  0
LAYER
  5
10000042
330
2
100
AcDbSymbolTableRecord
100
AcDbLayerTableRecord
  2
SHEETMETAL_BEND_TANGENT_LI
 70
     0
 62
     7
  6
CONTINUOUS
  0
LAYER
  5
10000043
330
2
100
AcDbSymbolTableRecord
100
AcDbLayerTableRecord
  2
SHEETMETAL_CUT_LINES
 70
     0
 62
     7
  6
CONTINUOUS
  0
LAYER
  5
10000044
330
2
100
AcDbSymbolTableRecord
100
AcDbLayerTableRecord
  2
SHEETMETAL_CBORE_CSINK_UP
 70
     0
 62
     7
  6
CONTINUOUS
  0
LAYER
  5
10000045
330
2
100
AcDbSymbolTableRecord
100
AcDbLayerTableRecord
  2
SHEETMETAL_CBORE_CSINK_DOW
 70
     0
 62
     7
  6
CONTINUOUS
  0
LAYER
  5
10000046
330
2
100
AcDbSymbolTableRecord
100
AcDbLayerTableRecord
  2
SHEETMETAL_CBORE_CSINK_UP_
 70
     0
 62
    -7
  6
HIDDEN
  0
LAYER
  5
10000047
330
2
100
AcDbSymbolTableRecord
100
AcDbLayerTableRecord
  2
SHEETMETAL_CBORE_CSINK_DO0
 70
     0
 62
    -7
  6
HIDDEN
  0
LAYER
  5
10000048
330
2
100
AcDbSymbolTableRecord
100
AcDbLayerTableRecord
  2
SHEETMETAL_FORM_TEAR
 70
     0
 62
     7
  6
CONTINUOUS
  0
LAYER
  5
10000049
330
2
100
AcDbSymbolTableRecord
100
AcDbLayerTableRecord
  2
SHEETMETAL_FORM_UP
 70
     0
 62
     7
  6
CENTER
  0
LAYER
  5
1000004A
330
2
100
AcDbSymbolTableRecord
100
AcDbLayerTableRecord
  2
SHEETMETAL_FORM_DOWN
 70
     0
 62
     7
  6
CENTER
  0
LAYER
  5
1000004B
330
2
100
AcDbSymbolTableRecord
100
AcDbLayerTableRecord
  2
SHEETMETAL_FORM_CENTERMARK
 70
     0
 62
     7
  6
CENTER
  0
LAYER
  5
1000004C
330
2
100
AcDbSymbolTableRecord
100
AcDbLayerTableRecord
  2
REGION_ASSOC_POINTS
 70
     0
 62
    -7
  6
CONTINUOUS
  0
LAYER
  5
1000004D
330
2
100
AcDbSymbolTableRecord
100
AcDbLayerTableRecord
  2
PATTERN_CENTERLINES
 70
     1
 62
    -7
  6
CENTER
  0
LAYER
  5
1000004E
330
2
100
AcDbSymbolTableRecord
100
AcDbLayerTableRecord
  2
HIDDEN
 70
     0
 62
    -7
  6
HIDDEN
  0
LAYER
  5
1000004F
330
2
100
AcDbSymbolTableRecord
100
AcDbLayerTableRecord
  2
VISIBLE
 70
     0
 62
     7
  6
CONTINUOUS
  0
LAYER
  5
10000050
330
2
100
AcDbSymbolTableRecord
100
AcDbLayerTableRecord
  2
MODELSKETCH_VISIBLE
 70
     0
 62
     7
  6
CONTINUOUS
  0
LAYER
  5
10000051
330
2
100
AcDbSymbolTableRecord
100
AcDbLayerTableRecord
  2
MODELSKETCH_POINT
 70
     0
 62
     7
  6
CONTINUOUS
  0
LAYER
  5
10000052
330
2
100
AcDbSymbolTableRecord
100
AcDbLayerTableRecord
  2
MODELSKETCH_CONSTRUCTION
 70
     0
 62
    -7
  6
CENTER
  0
LAYER
  5
10000053
330
2
100
AcDbSymbolTableRecord
100
AcDbLayerTableRecord
  2
HIDDEN_BASE_VIEW
 70
     0
 62
     7
  6
CONTINUOUS
  0
LAYER
  5
10000054
330
2
100
AcDbSymbolTableRecord
100
AcDbLayerTableRecord
  2
TANGENT_LINES
 70
     0
 62
    -7
  6
CONTINUOUS
  0
LAYER
  5
10000055
330
2
100
AcDbSymbolTableRecord
100
AcDbLayerTableRecord
  2
TANGENT_HIDDEN
 70
     0
 62
    -7
  6
HIDDEN
  0
LAYER
  5
10000056
330
2
100
AcDbSymbolTableRecord
100
AcDbLayerTableRecord
  2
INVISIBLE_LINES
 70
     0
 62
    -7
  6
CONTINUOUS
  0
LAYER
  5
10000057
330
2
100
AcDbSymbolTableRecord
100
AcDbLayerTableRecord
  2
VIEW_HATCHES
 70
     0
 62
    -7
  6
CONTINUOUS
  0
LAYER
  5
10000058
330
2
100
AcDbSymbolTableRecord
100
AcDbLayerTableRecord
  2
SECTION_JOG_LINES
 70
     0
 62
    -7
  6
CONTINUOUS
  0
ENDTAB
  0
TABLE
  2
STYLE
  5
3
330
0
100
AcDbSymbolTable
 70
     2
  0
STYLE
  5
11
330
3
100
AcDbSymbolTableRecord
100
AcDbTextStyleTableRecord
  2
STANDARD
 70
     0
 40
0.0
 41
1.0
 50
0.0
 71
     0
 42
0.2
  3
txt
  4

  0
STYLE
  5
10000004
330
3
100
AcDbSymbolTableRecord
100
AcDbTextStyleTableRecord
  2
TTFSTYLE
 70
     0
 40
0.0
 41
1.0
 50
0.0
 71
     0
 42
0.2
  3

  4

1001
ACAD
1000
Verdana
1071
       34
  0
ENDTAB
  0
TABLE
  2
VIEW
  5
6
330
0
100
AcDbSymbolTable
 70
     0
  0
ENDTAB
  0
TABLE
  2
UCS
  5
7
330
0
100
AcDbSymbolTable
 70
     0
  0
ENDTAB
  0
TABLE
  2
APPID
  5
9
330
0
100
AcDbSymbolTable
 70
     2
  0
APPID
  5
12
330
9
100
AcDbSymbolTableRecord
100
AcDbRegAppTableRecord
  2
ACAD
 70
     0
  0
APPID
  5
100005CA
330
9
100
AcDbSymbolTableRecord
100
AcDbRegAppTableRecord
  2
ACAD_MLEADERVER
 70
     0
  0
ENDTAB
  0
TABLE
  2
DIMSTYLE
  5
A
330
0
100
AcDbSymbolTable
 70
     1
  0
DIMSTYLE
105
27
330
A
100
AcDbSymbolTableRecord
100
AcDbDimStyleTableRecord
  2
STANDARD
 70
     0
  3

  4

  5

  6

  7

 40
1.0
 41
0.18
 42
0.0625
 43
0.38
 44
0.18
 45
0.0
 46
0.0
 47
0.0
 48
0.0
140
0.18
141
0.09
142
0.0
143
25.4
144
1.0
145
0.0
146
1.0
147
0.09
 71
     0
 72
     0
 73
     1
 74
     1
 75
     0
 76
     0
 77
     0
 78
     0
170
     0
171
     2
172
     0
173
     0
174
     0
175
     0
176
     0
177
     0
178
     0
270
     2
271
     4
272
     4
273
     2
274
     2
340
11
275
     0
280
     0
281
     0
282
     0
283
     1
284
     0
285
     0
286
     0
287
     3
288
     0
  0
ENDTAB
  0
TABLE
  2
BLOCK_RECORD
  5
1
330
0
100
AcDbSymbolTable
 70
     0
  0
BLOCK_RECORD
  5
1F
102
{ACAD_XDICTIONARY
360
10000595
102
}
330
1
100
AcDbSymbolTableRecord
100
AcDbBlockTableRecord
  2
*MODEL_SPACE
  0
BLOCK_RECORD
  5
1B
330
1
100
AcDbSymbolTableRecord
100
AcDbBlockTableRecord
  2
*PAPER_SPACE
  0
ENDTAB
  0
ENDSEC
  0
SECTION
  2
BLOCKS
  0
BLOCK
  5
20
330
1F
100
AcDbEntity
  8
0
100
AcDbBlockBegin
  2
*MODEL_SPACE
 70
     0
 10
0.0
 20
0.0
 30
0.0
  3
*MODEL_SPACE
  1

  0
ENDBLK
  5
21
330
1F
100
AcDbEntity
  8
0
100
AcDbBlockEnd
  0
BLOCK
  5
1C
330
1B
100
AcDbEntity
 67
     1
  8
0
100
AcDbBlockBegin
  2
*PAPER_SPACE
 70
     0
 10
0.0
 20
0.0
 30
0.0
  3
*PAPER_SPACE
  1

  0
ENDBLK
  5
1D
330
1B
100
AcDbEntity
 67
     1
  8
0
100
AcDbBlockEnd
  0
ENDSEC
  0
SECTION
  2
ENTITIES
  0
SPLINE
  5
10000059
102
{ACAD_XDICTIONARY
360
1000005A
102
}
330
1F
100
AcDbEntity
  8
VISIBLE
100
AcDbSpline
210
0.0
220
0.0
230
1.0
 70
    12
 71
     4
 72
    19
 73
    14
 74
     0
 42
0.0000000001
 43
0.00000001
 40
0.0
 40
0.0
 40
0.0
 40
0.0
 40
0.0
 40
0.5160180057738719
 40
0.5160180057738719
 40
0.5160180057738719
 40
0.6773453371825809
 40
0.6773453371825809
 40
0.6773453371825809
 40
0.838672668591291
 40
0.838672668591291
 40
0.838672668591291
 40
1.0
 40
1.0
 40
1.0
 40
1.0
 40
1.0
 10
1.858613572446759
 20
1.479854372471859
 30
0.0
 41
1.0
 10
1.858611072446758
 20
1.487726872471859
 30
0.0
 41
1.0
 10
1.858608572446759
 20
1.495599372471859
 30
0.0
 41
1.0
 10
1.858606072446759
 20
1.503471872471859
 30
0.0
 41
1.0
 10
1.858602790849357
 20
1.513805622665285
 30
0.0
 41
1.0
 10
1.857770576397264
 20
1.516548559761505
 30
0.0
 41
0.9880338717106
 10
1.855808872345066
 20
1.518638350104341
 30
0.0
 41
1.0
 10
1.851544612294829
 20
1.521097435040993
 30
0.0
 41
1.0
 10
1.848753285896204
 20
1.521748590477181
 30
0.0
 41
0.9880338717106
 10
1.845962622344673
 20
1.521094600104497
 30
0.0
 41
1.0
 10
1.841700862294437
 20
1.518631185040796
 30
0.0
 41
1.0
 10
1.839741281945689
 20
1.51653940318737
 30
0.0
 41
0.9880338717106
 10
1.838912322446602
 20
1.513795622471938
 30
0.0
 41
1.0
 10
1.838913572446759
 20
1.511334372471859
 30
0.0
 41
1.0
  0
SPLINE
  5
1000005D
102
{ACAD_XDICTIONARY
360
1000005E
102
}
330
1F
100
AcDbEntity
  8
VISIBLE
100
AcDbSpline
210
0.0
220
0.0
230
1.0
 70
    12
 71
     4
 72
    16
 73
    11
 74
     0
 42
0.0000000001
 43
0.00000001
 40
0.0
 40
0.0
 40
0.0
 40
0.0
 40
0.0
 40
0.53070767262715
 40
0.53070767262715
 40
0.53070767262715
 40
0.765353836313575
 40
0.765353836313575
 40
0.765353836313575
 40
1.0
 40
1.0
 40
1.0
 40
1.0
 40
1.0
 10
1.838913572446759
 20
1.511334372471859
 30
0.0
 41
1.0
 10
1.838917570669436
 20
1.503461873090206
 30
0.0
 41
1.0
 10
1.83891857244676
 20
1.495589372471859
 30
0.0
 41
1.0
 10
1.838921072446759
 20
1.487716872471859
 30
0.0
 41
1.0
 10
1.838924677792388
 20
1.476363639068317
 30
0.0
 41
1.0
 10
1.840668055129365
 20
1.471740622921704
 30
0.0
 41
0.942809041602378
 10
1.845292839316641
 20
1.470002604706348
 30
0.0
 41
1.0
 10
1.852254305576877
 20
1.470006140240245
 30
0.0
 41
1.0
 10
1.856877321997186
 20
1.47174885515474
 30
0.0
 41
0.942809041602378
 10
1.858615340213216
 20
1.476373639341741
 30
0.0
 41
1.0
 10
1.858613572446759
 20
1.479854372471859
 30
0.0
 41
1.0
  0
CIRCLE
  5
10000061
102
{ACAD_XDICTIONARY
360
10000062
102
}
330
1F
100
AcDbEntity
  8
VISIBLE
100
AcDbCircle
 10
1.577123572446759
 20
-1.14868562752814
 30
0.0
 40
0.0118099999999883
  0
CIRCLE
  5
10000067
102
{ACAD_XDICTIONARY
360
10000068
102
}
330
1F
100
AcDbEntity
  8
VISIBLE
100
AcDbCircle
 10
-1.616924832326881
 20
-1.202285627528142
 30
0.0
 40
0.0216499999999874
  0
CIRCLE
  5
1000006D
102
{ACAD_XDICTIONARY
360
1000006E
102
}
330
1F
100
AcDbEntity
  8
VISIBLE
100
AcDbCircle
 10
-1.616924832326921
 20
-1.302285627528141
 30
0.0
 40
0.0216499999999874
  0
CIRCLE
  5
10000073
102
{ACAD_XDICTIONARY
360
10000074
102
}
330
1F
100
AcDbEntity
  8
VISIBLE
100
AcDbCircle
 10
-1.616924832326881
 20
-1.402285627528141
 30
0.0
 40
0.0216499999999874
  0
CIRCLE
  5
10000079
102
{ACAD_XDICTIONARY
360
1000007A
102
}
330
1F
100
AcDbEntity
  8
VISIBLE
100
AcDbCircle
 10
-1.616924832326921
 20
-1.50228562752814
 30
0.0
 40
0.0216499999999874
  0
CIRCLE
  5
1000007F
102
{ACAD_XDICTIONARY
360
10000080
102
}
330
1F
100
AcDbEntity
  8
VISIBLE
100
AcDbCircle
 10
-1.516924832326941
 20
-1.10228562752814
 30
0.0
 40
0.0216499999999874
  0
CIRCLE
  5
10000085
102
{ACAD_XDICTIONARY
360
10000086
102
}
330
1F
100
AcDbEntity
  8
VISIBLE
100
AcDbCircle
 10
-1.516924832326882
 20
-1.202285627528142
 30
0.0
 40
0.0216499999999874
  0
CIRCLE
  5
1000008B
102
{ACAD_XDICTIONARY
360
1000008C
102
}
330
1F
100
AcDbEntity
  8
VISIBLE
100
AcDbCircle
 10
-1.516924832326902
 20
-1.302285627528141
 30
0.0
 40
0.0216499999999874
  0
CIRCLE
  5
10000091
102
{ACAD_XDICTIONARY
360
10000092
102
}
330
1F
100
AcDbEntity
  8
VISIBLE
100
AcDbCircle
 10
-1.516924832326882
 20
-1.402285627528141
 30
0.0
 40
0.0216499999999874
  0
CIRCLE
  5
10000097
102
{ACAD_XDICTIONARY
360
10000098
102
}
330
1F
100
AcDbEntity
  8
VISIBLE
100
AcDbCircle
 10
-1.1942664275532
 20
0.9958943724718596
 30
0.0
 40
0.0078799999999785
  0
CIRCLE
  5
1000009D
102
{ACAD_XDICTIONARY
360
1000009E
102
}
330
1F
100
AcDbEntity
  8
VISIBLE
100
AcDbCircle
 10
-1.18441642755324
 20
1.267544372471859
 30
0.0
 40
0.0108299999999818
  0
CIRCLE
  5
100000A3
102
{ACAD_XDICTIONARY
360
100000A4
102
}
330
1F
100
AcDbEntity
  8
VISIBLE
100
AcDbCircle
 10
-1.18441642755324
 20
1.14943437247186
 30
0.0
 40
0.010830000000008
  0
CIRCLE
  5
100000A9
102
{ACAD_XDICTIONARY
360
100000AA
102
}
330
1F
100
AcDbEntity
  8
VISIBLE
100
AcDbCircle
 10
-1.15882642755324
 20
1.051004372471859
 30
0.0
 40
0.0078799999999894
  0
CIRCLE
  5
100000AF
102
{ACAD_XDICTIONARY
360
100000B0
102
}
330
1F
100
AcDbEntity
  8
VISIBLE
100
AcDbCircle
 10
-1.516924832327157
 20
-1.50228562752814
 30
0.0
 40
0.0216499999999874
  0
CIRCLE
  5
100000B5
102
{ACAD_XDICTIONARY
360
100000B6
102
}
330
1F
100
AcDbEntity
  8
VISIBLE
100
AcDbCircle
 10
-1.261186427553241
 20
1.051004372471859
 30
0.0
 40
0.007879999999996
  0
CIRCLE
  5
100000BB
102
{ACAD_XDICTIONARY
360
100000BC
102
}
330
1F
100
AcDbEntity
  8
VISIBLE
100
AcDbCircle
 10
-1.245446427553241
 20
0.9958943724718596
 30
0.0
 40
0.007879999999996
  0
CIRCLE
  5
100000C1
102
{ACAD_XDICTIONARY
360
100000C2
102
}
330
1F
100
AcDbEntity
  8
VISIBLE
100
AcDbCircle
 10
-1.210006427553242
 20
1.051004372471859
 30
0.0
 40
0.0078799999999938
  0
CIRCLE
  5
100000C7
102
{ACAD_XDICTIONARY
360
100000C8
102
}
330
1F
100
AcDbEntity
  8
VISIBLE
100
AcDbCircle
 10
-1.616924832327137
 20
-1.10228562752814
 30
0.0
 40
0.0216499999999874
  0
CIRCLE
  5
100000CD
102
{ACAD_XDICTIONARY
360
100000CE
102
}
330
1F
100
AcDbEntity
  8
VISIBLE
100
AcDbCircle
 10
-1.853066427553281
 20
-1.21966562752814
 30
0.0
 40
0.0108300000000365
  0
CIRCLE
  5
100000D3
102
{ACAD_XDICTIONARY
360
100000D4
102
}
330
1F
100
AcDbEntity
  8
VISIBLE
100
AcDbCircle
 10
-1.853066427553242
 20
-1.170445627528141
 30
0.0
 40
0.0108300000000168
  0
CIRCLE
  5
100000D9
102
{ACAD_XDICTIONARY
360
100000DA
102
}
330
1F
100
AcDbEntity
  8
VISIBLE
100
AcDbCircle
 10
0.5035035724468
 20
-1.14868562752814
 30
0.0
 40
0.0199999999999588
  0
CIRCLE
  5
100000DF
102
{ACAD_XDICTIONARY
360
100000E0
102
}
330
1F
100
AcDbEntity
  8
VISIBLE
100
AcDbCircle
 10
0.4035035724467984
 20
-1.14868562752814
 30
0.0
 40
0.0199999999999697
  0
CIRCLE
  5
100000E5
102
{ACAD_XDICTIONARY
360
100000E6
102
}
330
1F
100
AcDbEntity
  8
VISIBLE
100
AcDbCircle
 10
0.767083572446758
 20
1.07375437247186
 30
0.0
 40
0.0334699999999935
  0
CIRCLE
  5
100000EB
102
{ACAD_XDICTIONARY
360
100000EC
102
}
330
1F
100
AcDbEntity
  8
VISIBLE
100
AcDbCircle
 10
0.6035035724467995
 20
-1.14868562752814
 30
0.0
 40
0.0199999999999697
  0
CIRCLE
  5
100000F1
102
{ACAD_XDICTIONARY
360
100000F2
102
}
330
1F
100
AcDbEntity
  8
VISIBLE
100
AcDbCircle
 10
-0.0168248408036132
 20
1.244744372471859
 30
0.0
 40
0.0452700000000154
  0
CIRCLE
  5
100000F7
102
{ACAD_XDICTIONARY
360
100000F8
102
}
330
1F
100
AcDbEntity
  8
VISIBLE
100
AcDbCircle
 10
-0.0168248408036722
 20
1.02112437247186
 30
0.0
 40
0.0452700000000154
  0
CIRCLE
  5
100000FD
102
{ACAD_XDICTIONARY
360
100000FE
102
}
330
1F
100
AcDbEntity
  8
VISIBLE
100
AcDbCircle
 10
0.3035035724467989
 20
-1.14868562752814
 30
0.0
 40
0.0199999999999632
  0
CIRCLE
  5
10000103
102
{ACAD_XDICTIONARY
360
10000104
102
}
330
1F
100
AcDbEntity
  8
VISIBLE
100
AcDbCircle
 10
0.3771135724468002
 20
-0.2411656275281404
 30
0.0
 40
0.0314999999999617
  0
CIRCLE
  5
10000109
102
{ACAD_XDICTIONARY
360
1000010A
102
}
330
1F
100
AcDbEntity
  8
VISIBLE
100
AcDbCircle
 10
0.3771151676728818
 20
-1.028575627528141
 30
0.0
 40
0.0216499999999874
  0
CIRCLE
  5
1000010F
102
{ACAD_XDICTIONARY
360
10000110
102
}
330
1F
100
AcDbEntity
  8
VISIBLE
100
AcDbCircle
 10
1.302123572446759
 20
1.043044372471859
 30
0.0
 40
0.0177099999999939
  0
CIRCLE
  5
10000115
102
{ACAD_XDICTIONARY
360
10000116
102
}
330
1F
100
AcDbEntity
  8
VISIBLE
100
AcDbCircle
 10
1.387163572446759
 20
1.07375437247186
 30
0.0
 40
0.0334699999999978
  0
CIRCLE
  5
1000011B
102
{ACAD_XDICTIONARY
360
1000011C
102
}
330
1F
100
AcDbEntity
  8
VISIBLE
100
AcDbCircle
 10
1.302123572446759
 20
1.19383437247186
 30
0.0
 40
0.0639699999999965
  0
CIRCLE
  5
10000121
102
{ACAD_XDICTIONARY
360
10000122
102
}
330
1F
100
AcDbEntity
  8
VISIBLE
100
AcDbCircle
 10
1.478693572446759
 20
-1.14868562752814
 30
0.0
 40
0.0118099999999894
  0
SPLINE
  5
10000127
102
{ACAD_XDICTIONARY
360
10000128
102
}
330
1F
100
AcDbEntity
  8
VISIBLE
100
AcDbSpline
210
0.0
220
0.0
230
1.0
 70
    12
 71
     4
 72
    16
 73
    11
 74
     0
 42
0.0000000001
 43
0.00000001
 40
0.0
 40
0.0
 40
0.0
 40
0.0
 40
0.0
 40
0.771559750967872
 40
0.771559750967872
 40
0.771559750967872
 40
0.885779875483936
 40
0.885779875483936
 40
0.885779875483936
 40
1.0
 40
1.0
 40
1.0
 40
1.0
 40
1.0
 10
-1.670166427553242
 20
1.091704372471859
 30
0.0
 41
1.0
 10
-1.691326427553241
 20
1.091704372471859
 30
0.0
 41
1.0
 10
-1.712486427553241
 20
1.091704372471859
 30
0.0
 41
1.0
 10
-1.73364642755324
 20
1.091704372471859
 30
0.0
 41
1.0
 10
-1.75793891059391
 20
1.091704372471859
 30
0.0
 41
1.0
 10
-1.762100186032926
 20
1.090138130951543
 30
0.0
 41
0.942809041582099
 10
-1.76366642755324
 20
1.085976855512529
 30
0.0
 41
1.0
 10
-1.76366642755324
 20
1.079711889431189
 30
0.0
 41
1.0
 10
-1.762100186032926
 20
1.075550613992176
 30
0.0
 41
0.942809041582099
 10
-1.75793891059391
 20
1.07398437247186
 30
0.0
 41
1.0
 10
-1.754806427553242
 20
1.07398437247186
 30
0.0
 41
1.0
  0
SPLINE
  5
1000012B
102
{ACAD_XDICTIONARY
360
1000012C
102
}
330
1F
100
AcDbEntity
  8
VISIBLE
100
AcDbSpline
210
0.0
220
0.0
230
1.0
 70
    12
 71
     4
 72
    19
 73
    14
 74
     0
 42
0.0000000001
 43
0.00000001
 40
0.0
 40
0.0
 40
0.0
 40
0.0
 40
0.0
 40
0.761014206077839
 40
0.761014206077839
 40
0.761014206077839
 40
0.840676137385226
 40
0.840676137385226
 40
0.840676137385226
 40
0.9203380686926129
 40
0.9203380686926129
 40
0.9203380686926129
 40
1.0
 40
1.0
 40
1.0
 40
1.0
 40
1.0
 10
-1.754806427553242
 20
1.07398437247186
 30
0.0
 41
1.0
 10
-1.73364642755324
 20
1.07398437247186
 30
0.0
 41
1.0
 10
-1.712486427553241
 20
1.07398437247186
 30
0.0
 41
1.0
 10
-1.691326427553241
 20
1.07398437247186
 30
0.0
 41
1.0
 10
-1.667951427553242
 20
1.07398437247186
 30
0.0
 41
1.0
 10
-1.665482543778709
 20
1.074731647797609
 30
0.0
 41
0.9880338717125849
 10
-1.66360094247572
 20
1.076496126202488
 30
0.0
 41
1.0
 10
-1.66138594247572
 20
1.080332618741229
 30
0.0
 41
1.0
 10
-1.660798660004145
 20
1.082844372471861
 30
0.0
 41
0.9880338717125849
 10
-1.66138594247572
 20
1.085356126202489
 30
0.0
 41
1.0
 10
-1.66360094247572
 20
1.08919261874123
 30
0.0
 41
1.0
 10
-1.665482543778709
 20
1.090957097146113
 30
0.0
 41
0.9880338717125849
 10
-1.667951427553242
 20
1.091704372471859
 30
0.0
 41
1.0
 10
-1.670166427553242
 20
1.091704372471859
 30
0.0
 41
1.0
  0
SPLINE
  5
1000012F
102
{ACAD_XDICTIONARY
360
10000130
102
}
330
1F
100
AcDbEntity
  8
VISIBLE
100
AcDbSpline
210
0.0
220
0.0
230
1.0
 70
    12
 71
     4
 72
    19
 73
    14
 74
     0
 42
0.0000000001
 43
0.00000001
 40
0.0
 40
0.0
 40
0.0
 40
0.0
 40
0.0
 40
0.761014206078115
 40
0.761014206078115
 40
0.761014206078115
 40
0.84067613738541
 40
0.84067613738541
 40
0.84067613738541
 40
0.920338068692705
 40
0.920338068692705
 40
0.920338068692705
 40
1.0
 40
1.0
 40
1.0
 40
1.0
 40
1.0
 10
-1.540286427553241
 20
1.25497437247186
 30
0.0
 41
1.0
 10
-1.540286427553241
 20
1.233814372471859
 30
0.0
 41
1.0
 10
-1.540286427553241
 20
1.21265437247186
 30
0.0
 41
1.0
 10
-1.540286427553241
 20
1.191494372471859
 30
0.0
 41
1.0
 10
-1.540286427553241
 20
1.168119372471859
 30
0.0
 41
1.0
 10
-1.539539152227491
 20
1.165650488697325
 30
0.0
 41
0.9880338717125849
 10
-1.537774673822612
 20
1.163768887394339
 30
0.0
 41
1.0
 10
-1.533938181283871
 20
1.161553887394339
 30
0.0
 41
1.0
 10
-1.531426427553239
 20
1.160966604922763
 30
0.0
 41
0.9880338717125849
 10
-1.528914673822612
 20
1.161553887394339
 30
0.0
 41
1.0
 10
-1.525078181283871
 20
1.163768887394339
 30
0.0
 41
1.0
 10
-1.523313702878985
 20
1.165650488697325
 30
0.0
 41
0.9880338717125849
 10
-1.52256642755324
 20
1.168119372471859
 30
0.0
 41
1.0
 10
-1.52256642755324
 20
1.17033437247186
 30
0.0
 41
1.0
  0
SPLINE
  5
10000133
102
{ACAD_XDICTIONARY
360
10000134
102
}
330
1F
100
AcDbEntity
  8
VISIBLE
100
AcDbSpline
210
0.0
220
0.0
230
1.0
 70
    12
 71
     4
 72
    19
 73
    14
 74
     0
 42
0.0000000001
 43
0.00000001
 40
0.0
 40
0.0
 40
0.0
 40
0.0
 40
0.0
 40
0.761014206077931
 40
0.761014206077931
 40
0.761014206077931
 40
0.840676137385287
 40
0.840676137385287
 40
0.840676137385287
 40
0.920338068692644
 40
0.920338068692644
 40
0.920338068692644
 40
1.0
 40
1.0
 40
1.0
 40
1.0
 40
1.0
 10
-1.52256642755324
 20
1.17033437247186
 30
0.0
 41
1.0
 10
-1.52256642755324
 20
1.191494372471859
 30
0.0
 41
1.0
 10
-1.52256642755324
 20
1.21265437247186
 30
0.0
 41
1.0
 10
-1.52256642755324
 20
1.233814372471859
 30
0.0
 41
1.0
 10
-1.52256642755324
 20
1.25718937247186
 30
0.0
 41
1.0
 10
-1.523313702878985
 20
1.259658256246389
 30
0.0
 41
0.9880338717125849
 10
-1.525078181283871
 20
1.261539857549379
 30
0.0
 41
1.0
 10
-1.528914673822612
 20
1.263754857549379
 30
0.0
 41
1.0
 10
-1.531426427553239
 20
1.264342140020953
 30
0.0
 41
0.9880338717125849
 10
-1.533938181283871
 20
1.263754857549379
 30
0.0
 41
1.0
 10
-1.537774673822612
 20
1.261539857549379
 30
0.0
 41
1.0
 10
-1.539539152227491
 20
1.259658256246389
 30
0.0
 41
0.9880338717125849
 10
-1.540286427553241
 20
1.25718937247186
 30
0.0
 41
1.0
 10
-1.540286427553241
 20
1.25497437247186
 30
0.0
 41
1.0
  0
SPLINE
  5
10000137
102
{ACAD_XDICTIONARY
360
10000138
102
}
330
1F
100
AcDbEntity
  8
VISIBLE
100
AcDbSpline
210
0.0
220
0.0
230
1.0
 70
    12
 71
     4
 72
    19
 73
    14
 74
     0
 42
0.0000000001
 43
0.00000001
 40
0.0
 40
0.0
 40
0.0
 40
0.0
 40
0.0
 40
0.555503280121688
 40
0.555503280121688
 40
0.555503280121688
 40
0.7036688534144591
 40
0.7036688534144591
 40
0.7036688534144591
 40
0.8518344267072291
 40
0.8518344267072291
 40
0.8518344267072291
 40
1.0
 40
1.0
 40
1.0
 40
1.0
 40
1.0
 10
-0.6765464275532413
 20
0.934874372471859
 30
0.0
 41
1.0
 10
-0.6765464275532413
 20
0.9496368724718586
 30
0.0
 41
1.0
 10
-0.6765464275532413
 20
0.9643993724718593
 30
0.0
 41
1.0
 10
-0.6765464275532413
 20
0.9791618724718588
 30
0.0
 41
1.0
 10
-0.6765464275532413
 20
0.9978618726703249
 30
0.0
 41
1.0
 10
-0.677877466582346
 20
1.002250267852689
 30
0.0
 41
0.98803387171175
 10
-0.6810151576526906
 20
1.005594105113512
 30
0.0
 41
1.0
 10
-0.6878363577075721
 20
1.009529440050128
 30
0.0
 41
1.0
 10
-0.6923017141037854
 20
1.01057200665949
 30
0.0
 41
0.98803387171175
 10
-0.6967664076529662
 20
1.00952660511367
 30
0.0
 41
1.0
 10
-0.703585107707809
 20
1.005586940050009
 30
0.0
 41
1.0
 10
-0.706720675074699
 20
1.002241111278555
 30
0.0
 41
0.98803387171175
 10
-0.708047677553359
 20
0.997851872471939
 30
0.0
 41
1.0
 10
-0.7080464275532402
 20
0.9939143724718593
 30
0.0
 41
1.0
  0
SPLINE
  5
1000013B
102
{ACAD_XDICTIONARY
360
1000013C
102
}
330
1F
100
AcDbEntity
  8
VISIBLE
100
AcDbSpline
210
0.0
220
0.0
230
1.0
 70
    12
 71
     4
 72
    19
 73
    14
 74
     0
 42
0.0000000001
 43
0.00000001
 40
0.0
 40
0.0
 40
0.0
 40
0.0
 40
0.0
 40
0.555503280109186
 40
0.555503280109186
 40
0.555503280109186
 40
0.7036688534061241
 40
0.7036688534061241
 40
0.7036688534061241
 40
0.8518344267030621
 40
0.8518344267030621
 40
0.8518344267030621
 40
1.0
 40
1.0
 40
1.0
 40
1.0
 40
1.0
 10
-0.7080464275532402
 20
0.9939143724718593
 30
0.0
 41
1.0
 10
-0.7080417410451295
 20
0.9791518732157573
 30
0.0
 41
1.0
 10
-0.7080464275532402
 20
0.9643893724718591
 30
0.0
 41
1.0
 10
-0.7080464275532402
 20
0.9496268724718584
 30
0.0
 41
1.0
 10
-0.7080464275532402
 20
0.9309268722731978
 30
0.0
 41
1.0
 10
-0.7067153885247414
 20
0.9265384770904502
 30
0.0
 41
0.9880338717091129
 10
-0.7035776974543045
 20
0.9231946398292212
 30
0.0
 41
1.0
 10
-0.6967564973991871
 20
0.9192593048922135
 30
0.0
 41
1.0
 10
-0.692291141002684
 20
0.9182167382827301
 30
0.0
 41
0.9880338717091129
 10
-0.6878264474532423
 20
0.9192621398287095
 30
0.0
 41
1.0
 10
-0.6810077473981241
 20
0.9232018048927255
 30
0.0
 41
1.0
 10
-0.6778721800311922
 20
0.9265476336645444
 30
0.0
 41
0.9880338717091129
 10
-0.6765451775527687
 20
0.9309368724715837
 30
0.0
 41
1.0
 10
-0.6765464275532413
 20
0.934874372471859
 30
0.0
 41
1.0
  0
SPLINE
  5
1000013F
102
{ACAD_XDICTIONARY
360
10000140
102
}
330
1F
100
AcDbEntity
  8
VISIBLE
100
AcDbSpline
210
0.0
220
0.0
230
1.0
 70
    12
 71
     4
 72
    19
 73
    14
 74
     0
 42
0.0000000001
 43
0.00000001
 40
0.0
 40
0.0
 40
0.0
 40
0.0
 40
0.0
 40
0.516018005775155
 40
0.516018005775155
 40
0.516018005775155
 40
0.677345337183437
 40
0.677345337183437
 40
0.677345337183437
 40
0.838672668591719
 40
0.838672668591719
 40
0.838672668591719
 40
1.0
 40
1.0
 40
1.0
 40
1.0
 40
1.0
 10
1.858613572446759
 20
1.31449437247186
 30
0.0
 41
1.0
 10
1.858611072446758
 20
1.322366872471859
 30
0.0
 41
1.0
 10
1.858608572446759
 20
1.33023937247186
 30
0.0
 41
1.0
 10
1.858606072446759
 20
1.338111872471859
 30
0.0
 41
1.0
 10
1.858602790849357
 20
1.348445622665245
 30
0.0
 41
1.0
 10
1.857770576397229
 20
1.351188559761466
 30
0.0
 41
0.988033871710861
 10
1.855808872345027
 20
1.353278350104261
 30
0.0
 41
1.0
 10
1.85154461229479
 20
1.355737435040915
 30
0.0
 41
1.0
 10
1.848753285896211
 20
1.356388590477101
 30
0.0
 41
0.988033871710861
 10
1.845962622344673
 20
1.355734600104417
 30
0.0
 41
1.0
 10
1.841700862294476
 20
1.353271185040757
 30
0.0
 41
1.0
 10
1.839741281945738
 20
1.351179403187332
 30
0.0
 41
0.988033871710861
 10
1.838912322446602
 20
1.348435622471939
 30
0.0
 41
1.0
 10
1.838913572446759
 20
1.345974372471859
 30
0.0
 41
1.0
  0
SPLINE
  5
10000143
102
{ACAD_XDICTIONARY
360
10000144
102
}
330
1F
100
AcDbEntity
  8
VISIBLE
100
AcDbSpline
210
0.0
220
0.0
230
1.0
 70
    12
 71
     4
 72
    16
 73
    11
 74
     0
 42
0.0000000001
 43
0.00000001
 40
0.0
 40
0.0
 40
0.0
 40
0.0
 40
0.0
 40
0.530707672626065
 40
0.530707672626065
 40
0.530707672626065
 40
0.765353836313033
 40
0.765353836313033
 40
0.765353836313033
 40
1.0
 40
1.0
 40
1.0
 40
1.0
 40
1.0
 10
1.838913572446759
 20
1.345974372471859
 30
0.0
 41
1.0
 10
1.838917570669357
 20
1.338101873090206
 30
0.0
 41
1.0
 10
1.83891857244676
 20
1.330229372471859
 30
0.0
 41
1.0
 10
1.838921072446759
 20
1.322356872471859
 30
0.0
 41
1.0
 10
1.838924677792388
 20
1.311003639068316
 30
0.0
 41
1.0
 10
1.840668055129328
 20
1.306380622921634
 30
0.0
 41
0.94280904160117
 10
1.845292839316601
 20
1.304642604706269
 30
0.0
 41
1.0
 10
1.852254305576917
 20
1.304646140240167
 30
0.0
 41
1.0
 10
1.856877321997233
 20
1.30638885515465
 30
0.0
 41
0.94280904160117
 10
1.858615340213216
 20
1.311013639341701
 30
0.0
 41
1.0
 10
1.858613572446759
 20
1.31449437247186
 30
0.0
 41
1.0
  0
CIRCLE
  5
10000147
102
{ACAD_XDICTIONARY
360
10000148
102
}
330
1F
100
AcDbEntity
  8
VISIBLE
100
AcDbCircle
 10
-0.5341448408036732
 20
1.02112437247186
 30
0.0
 40
0.0452700000000154
  0
CIRCLE
  5
1000014D
102
{ACAD_XDICTIONARY
360
1000014E
102
}
330
1F
100
AcDbEntity
  8
VISIBLE
100
AcDbCircle
 10
-0.5341448408035748
 20
1.244744372471859
 30
0.0
 40
0.0452700000000154
  0
SPLINE
  5
10000153
102
{ACAD_XDICTIONARY
360
10000154
102
}
330
1F
100
AcDbEntity
  8
VISIBLE
100
AcDbSpline
210
0.0
220
0.0
230
1.0
 70
    12
 71
     4
 72
    19
 73
    14
 74
     0
 42
0.0000000001
 43
0.00000001
 40
0.0
 40
0.0
 40
0.0
 40
0.0
 40
0.0
 40
0.428519581271443
 40
0.428519581271443
 40
0.428519581271443
 40
0.619013054180962
 40
0.619013054180962
 40
0.619013054180962
 40
0.809506527090481
 40
0.809506527090481
 40
0.809506527090481
 40
1.0
 40
1.0
 40
1.0
 40
1.0
 40
1.0
 10
-1.326146427553241
 20
1.415184372471859
 30
0.0
 41
1.0
 10
-1.326146427553241
 20
1.424041872471859
 30
0.0
 41
1.0
 10
-1.326146427553241
 20
1.432899372471859
 30
0.0
 41
1.0
 10
-1.326146427553241
 20
1.441756872471859
 30
0.0
 41
1.0
 10
-1.326146427553241
 20
1.454551872670324
 30
0.0
 41
1.0
 10
-1.327477466582411
 20
1.458940267852601
 30
0.0
 41
0.988033871712099
 10
-1.330615157652769
 20
1.462284105113395
 30
0.0
 41
1.0
 10
-1.337436357707611
 20
1.46621944004997
 30
0.0
 41
1.0
 10
-1.341901714103785
 20
1.467262006659258
 30
0.0
 41
0.988033871712099
 10
-1.346366407652926
 20
1.466216605113474
 30
0.0
 41
1.0
 10
-1.353185107707769
 20
1.462276940049891
 30
0.0
 41
1.0
 10
-1.356320675074617
 20
1.458931111278466
 30
0.0
 41
0.988033871712099
 10
-1.357647677553319
 20
1.454541872471899
 30
0.0
 41
1.0
 10
-1.357646427553242
 20
1.45060437247186
 30
0.0
 41
1.0
  0
SPLINE
  5
10000157
102
{ACAD_XDICTIONARY
360
10000158
102
}
330
1F
100
AcDbEntity
  8
VISIBLE
100
AcDbSpline
210
0.0
220
0.0
230
1.0
 70
    12
 71
     4
 72
    19
 73
    14
 74
     0
 42
0.0000000001
 43
0.00000001
 40
0.0
 40
0.0
 40
0.0
 40
0.0
 40
0.0
 40
0.428519581272038
 40
0.428519581272038
 40
0.428519581272038
 40
0.619013054181359
 40
0.619013054181359
 40
0.619013054181359
 40
0.809506527090679
 40
0.809506527090679
 40
0.809506527090679
 40
1.0
 40
1.0
 40
1.0
 40
1.0
 40
1.0
 10
-1.357646427553242
 20
1.45060437247186
 30
0.0
 41
1.0
 10
-1.357643615648478
 20
1.441746872918198
 30
0.0
 41
1.0
 10
-1.357646427553242
 20
1.43288937247186
 30
0.0
 41
1.0
 10
-1.357646427553242
 20
1.424031872471859
 30
0.0
 41
1.0
 10
-1.357646427553242
 20
1.411236872273434
 30
0.0
 41
1.0
 10
-1.35631538852404
 20
1.406848477091158
 30
0.0
 41
0.9880338717122199
 10
-1.353177697453672
 20
1.403504639830363
 30
0.0
 41
1.0
 10
-1.346356497398872
 20
1.399569304893828
 30
0.0
 41
1.0
 10
-1.341891141002685
 20
1.3985267382845
 30
0.0
 41
0.9880338717122199
 10
-1.337426447453596
 20
1.399572139830324
 30
0.0
 41
1.0
 10
-1.330607747398753
 20
1.403511804893867
 30
0.0
 41
1.0
 10
-1.327472180031898
 20
1.406857633665293
 30
0.0
 41
0.9880338717122199
 10
-1.326145177553203
 20
1.41124687247182
 30
0.0
 41
1.0
 10
-1.326146427553241
 20
1.415184372471859
 30
0.0
 41
1.0
  0
CIRCLE
  5
1000015B
102
{ACAD_XDICTIONARY
360
1000015C
102
}
330
1F
100
AcDbEntity
  8
VISIBLE
100
AcDbCircle
 10
-1.322864832327157
 20
0.69703437247186
 30
0.0
 40
0.0216499999999874
  0
CIRCLE
  5
10000161
102
{ACAD_XDICTIONARY
360
10000162
102
}
330
1F
100
AcDbEntity
  8
VISIBLE
100
AcDbCircle
 10
1.877123572446759
 20
-1.20301562752814
 30
0.0
 40
0.0216499999999973
  0
LINE
  5
10000167
102
{ACAD_XDICTIONARY
360
10000168
102
}
330
1F
100
AcDbEntity
  8
VISIBLE
100
AcDbLine
 10
1.984603598706602
 20
1.534384372471859
 30
0.0
 11
1.984603598706602
 21
-1.528605653787983
 31
0.0
  0
ARC
  5
1000016B
102
{ACAD_XDICTIONARY
360
1000016C
102
}
330
1F
100
AcDbEntity
  8
VISIBLE
100
AcDbCircle
 10
1.960983598706602
 20
1.534384372471859
 30
0.0
 40
0.0236199999999982
100
AcDbArc
 50
0.0
 51
90.0
  0
LINE
  5
10000171
102
{ACAD_XDICTIONARY
360
10000172
102
}
330
1F
100
AcDbEntity
  8
VISIBLE
100
AcDbLine
 10
-1.952406427553241
 20
1.55800437247186
 30
0.0
 11
1.960983598706602
 21
1.55800437247186
 31
0.0
  0
LINE
  5
10000175
102
{ACAD_XDICTIONARY
360
10000176
102
}
330
1F
100
AcDbEntity
  8
VISIBLE
100
AcDbLine
 10
-1.952406427553241
 20
-1.528605653787983
 30
0.0
 11
-1.952406427553241
 21
1.55800437247186
 31
0.0
  0
ARC
  5
10000179
102
{ACAD_XDICTIONARY
360
1000017A
102
}
330
1F
100
AcDbEntity
  8
VISIBLE
100
AcDbCircle
 10
-1.92878642755324
 20
-1.528605653787983
 30
0.0
 40
0.0236199999999993
100
AcDbArc
 50
180.0
 51
270.0
  0
LINE
  5
1000017F
102
{ACAD_XDICTIONARY
360
10000180
102
}
330
1F
100
AcDbEntity
  8
VISIBLE
100
AcDbLine
 10
1.960983598706602
 20
-1.552225653787984
 30
0.0
 11
-1.92878642755324
 21
-1.552225653787984
 31
0.0
  0
ARC
  5
10000183
102
{ACAD_XDICTIONARY
360
10000184
102
}
330
1F
100
AcDbEntity
  8
VISIBLE
100
AcDbCircle
 10
1.960983598706602
 20
-1.528605653787983
 30
0.0
 40
0.0236200000000016
100
AcDbArc
 50
270.0
 51
0.0
  0
CIRCLE
  5
10000189
102
{ACAD_XDICTIONARY
360
1000018A
102
}
330
1F
100
AcDbEntity
  8
VISIBLE
100
AcDbCircle
 10
-1.416977202953476
 20
0.2391043724718588
 30
0.0
 40
0.0314999999999617
  0
CIRCLE
  5
1000018F
102
{ACAD_XDICTIONARY
360
10000190
102
}
330
1F
100
AcDbEntity
  8
VISIBLE
100
AcDbCircle
 10
-1.314636401293398
 20
-1.414425653787984
 30
0.0
 40
0.0830699737531492
  0
CIRCLE
  5
10000195
102
{ACAD_XDICTIONARY
360
10000196
102
}
330
1F
100
AcDbEntity
  8
VISIBLE
100
AcDbCircle
 10
-1.096496401293399
 20
-1.148685653787983
 30
0.0
 40
0.0199999999999993
  0
CIRCLE
  5
1000019B
102
{ACAD_XDICTIONARY
360
1000019C
102
}
330
1F
100
AcDbEntity
  8
VISIBLE
100
AcDbCircle
 10
-0.9964964012933994
 20
-1.148685653787983
 30
0.0
 40
0.0199999999999993
  0
CIRCLE
  5
100001A1
102
{ACAD_XDICTIONARY
360
100001A2
102
}
330
1F
100
AcDbEntity
  8
VISIBLE
100
AcDbCircle
 10
-0.8964964012934
 20
-1.148685653787983
 30
0.0
 40
0.0199999999999993
  0
CIRCLE
  5
100001A7
102
{ACAD_XDICTIONARY
360
100001A8
102
}
330
1F
100
AcDbEntity
  8
VISIBLE
100
AcDbCircle
 10
-0.7964964012933984
 20
-1.148685653787983
 30
0.0
 40
0.0199999999999993
  0
CIRCLE
  5
100001AD
102
{ACAD_XDICTIONARY
360
100001AE
102
}
330
1F
100
AcDbEntity
  8
VISIBLE
100
AcDbCircle
 10
-0.6964964012933988
 20
-1.148685653787983
 30
0.0
 40
0.0199999999999993
  0
CIRCLE
  5
100001B3
102
{ACAD_XDICTIONARY
360
100001B4
102
}
330
1F
100
AcDbEntity
  8
VISIBLE
100
AcDbCircle
 10
-0.5964964012933994
 20
-1.148685653787983
 30
0.0
 40
0.0199999999999993
  0
CIRCLE
  5
100001B9
102
{ACAD_XDICTIONARY
360
100001BA
102
}
330
1F
100
AcDbEntity
  8
VISIBLE
100
AcDbCircle
 10
-0.4964964012933999
 20
-1.148685653787983
 30
0.0
 40
0.0199999999999993
  0
CIRCLE
  5
100001BF
102
{ACAD_XDICTIONARY
360
100001C0
102
}
330
1F
100
AcDbEntity
  8
VISIBLE
100
AcDbCircle
 10
-0.3964964012933982
 20
-1.148685653787983
 30
0.0
 40
0.0199999999999993
  0
CIRCLE
  5
100001C5
102
{ACAD_XDICTIONARY
360
100001C6
102
}
330
1F
100
AcDbEntity
  8
VISIBLE
100
AcDbCircle
 10
-0.2964964012933988
 20
-1.148685653787983
 30
0.0
 40
0.0199999999999993
  0
CIRCLE
  5
100001CB
102
{ACAD_XDICTIONARY
360
100001CC
102
}
330
1F
100
AcDbEntity
  8
VISIBLE
100
AcDbCircle
 10
-0.1964964012933993
 20
-1.148685653787983
 30
0.0
 40
0.0199999999999993
  0
CIRCLE
  5
100001D1
102
{ACAD_XDICTIONARY
360
100001D2
102
}
330
1F
100
AcDbEntity
  8
VISIBLE
100
AcDbCircle
 10
-0.0964964012933998
 20
-1.148685653787983
 30
0.0
 40
0.0199999999999993
  0
CIRCLE
  5
100001D7
102
{ACAD_XDICTIONARY
360
100001D8
102
}
330
1F
100
AcDbEntity
  8
VISIBLE
100
AcDbCircle
 10
0.0035035987066019
 20
-1.148685653787983
 30
0.0
 40
0.0199999999999993
  0
CIRCLE
  5
100001DD
102
{ACAD_XDICTIONARY
360
100001DE
102
}
330
1F
100
AcDbEntity
  8
VISIBLE
100
AcDbCircle
 10
1.189303598706602
 20
-1.414425653787984
 30
0.0
 40
0.0830699737531492
  0
CIRCLE
  5
100001E3
102
{ACAD_XDICTIONARY
360
100001E4
102
}
330
1F
100
AcDbEntity
  8
VISIBLE
100
AcDbCircle
 10
1.291684390195833
 20
0.2391043724718588
 30
0.0
 40
0.0216499999999874
  0
CIRCLE
  5
100001E9
102
{ACAD_XDICTIONARY
360
100001EA
102
}
330
1F
100
AcDbEntity
  8
VISIBLE
100
AcDbCircle
 10
-1.794926427553241
 20
0.8887143462120166
 30
0.0
 40
0.055
  0
CIRCLE
  5
100001EF
102
{ACAD_XDICTIONARY
360
100001F0
102
}
330
1F
100
AcDbEntity
  8
VISIBLE
100
AcDbCircle
 10
-1.794926427553241
 20
-1.394745653787983
 30
0.0
 40
0.055
  0
CIRCLE
  5
100001F5
102
{ACAD_XDICTIONARY
360
100001F6
102
}
330
1F
100
AcDbEntity
  8
VISIBLE
100
AcDbCircle
 10
1.590903598706602
 20
0.8887143462120166
 30
0.0
 40
0.055
  0
CIRCLE
  5
100001FB
102
{ACAD_XDICTIONARY
360
100001FC
102
}
330
1F
100
AcDbEntity
  8
VISIBLE
100
AcDbCircle
 10
1.590903598706602
 20
-1.394745653787983
 30
0.0
 40
0.055
  0
CIRCLE
  5
10000201
102
{ACAD_XDICTIONARY
360
10000202
102
}
330
1F
100
AcDbEntity
  8
VISIBLE
100
AcDbCircle
 10
-1.422864832327157
 20
0.69703437247186
 30
0.0
 40
0.0216499999999874
  0
SPLINE
  5
10000207
102
{ACAD_XDICTIONARY
360
10000208
102
}
330
1F
100
AcDbEntity
  8
VISIBLE
100
AcDbSpline
210
0.0
220
0.0
230
1.0
 70
    12
 71
     4
 72
    19
 73
    14
 74
     0
 42
0.0000000001
 43
0.00000001
 40
0.0
 40
0.0
 40
0.0
 40
0.0
 40
0.0
 40
0.428519581271374
 40
0.428519581271374
 40
0.428519581271374
 40
0.6190130541809159
 40
0.6190130541809159
 40
0.6190130541809159
 40
0.809506527090458
 40
0.809506527090458
 40
0.809506527090458
 40
1.0
 40
1.0
 40
1.0
 40
1.0
 40
1.0
 10
-0.6765464275532413
 20
1.415184372471859
 30
0.0
 41
1.0
 10
-0.6765464275532413
 20
1.424041872471859
 30
0.0
 41
1.0
 10
-0.6765464275532413
 20
1.432899372471859
 30
0.0
 41
1.0
 10
-0.6765464275532413
 20
1.441756872471859
 30
0.0
 41
1.0
 10
-0.6765464275532413
 20
1.454551872670324
 30
0.0
 41
1.0
 10
-0.6778774665824164
 20
1.458940267852601
 30
0.0
 41
0.988033871712099
 10
-0.6810151576527693
 20
1.462284105113395
 30
0.0
 41
1.0
 10
-0.6878363577076114
 20
1.46621944004997
 30
0.0
 41
1.0
 10
-0.692301714103793
 20
1.467262006659258
 30
0.0
 41
0.988033871712099
 10
-0.6967664076529267
 20
1.466216605113474
 30
0.0
 41
1.0
 10
-0.7035851077077697
 20
1.462276940049891
 30
0.0
 41
1.0
 10
-0.7067206750746219
 20
1.458931111278466
 30
0.0
 41
0.988033871712099
 10
-0.7080476775533197
 20
1.454541872471899
 30
0.0
 41
1.0
 10
-0.7080464275532402
 20
1.45060437247186
 30
0.0
 41
1.0
  0
SPLINE
  5
1000020B
102
{ACAD_XDICTIONARY
360
1000020C
102
}
330
1F
100
AcDbEntity
  8
VISIBLE
100
AcDbSpline
210
0.0
220
0.0
230
1.0
 70
    12
 71
     4
 72
    19
 73
    14
 74
     0
 42
0.0000000001
 43
0.00000001
 40
0.0
 40
0.0
 40
0.0
 40
0.0
 40
0.0
 40
0.428519581272038
 40
0.428519581272038
 40
0.428519581272038
 40
0.619013054181359
 40
0.619013054181359
 40
0.619013054181359
 40
0.80950652709068
 40
0.80950652709068
 40
0.80950652709068
 40
1.0
 40
1.0
 40
1.0
 40
1.0
 40
1.0
 10
-0.7080464275532402
 20
1.45060437247186
 30
0.0
 41
1.0
 10
-0.7080436156484783
 20
1.441746872918198
 30
0.0
 41
1.0
 10
-0.7080464275532402
 20
1.43288937247186
 30
0.0
 41
1.0
 10
-0.7080464275532402
 20
1.424031872471859
 30
0.0
 41
1.0
 10
-0.7080464275532402
 20
1.411236872273434
 30
0.0
 41
1.0
 10
-0.706715388524065
 20
1.406848477091158
 30
0.0
 41
0.9880338717122199
 10
-0.7035776974537123
 20
1.403504639830363
 30
0.0
 41
1.0
 10
-0.6967564973988724
 20
1.399569304893828
 30
0.0
 41
1.0
 10
-0.6922911410026923
 20
1.3985267382845
 30
0.0
 41
0.9880338717122199
 10
-0.6878264474535963
 20
1.399572139830324
 30
0.0
 41
1.0
 10
-0.6810077473987535
 20
1.403511804893867
 30
0.0
 41
1.0
 10
-0.6778721800319029
 20
1.406857633665293
 30
0.0
 41
0.9880338717122199
 10
-0.6765451775532035
 20
1.41124687247182
 30
0.0
 41
1.0
 10
-0.6765464275532413
 20
1.415184372471859
 30
0.0
 41
1.0
  0
SPLINE
  5
1000020F
102
{ACAD_XDICTIONARY
360
10000210
102
}
330
1F
100
AcDbEntity
  8
VISIBLE
100
AcDbSpline
210
0.0
220
0.0
230
1.0
 70
    12
 71
     4
 72
    19
 73
    14
 74
     0
 42
0.0000000001
 43
0.00000001
 40
0.0
 40
0.0
 40
0.0
 40
0.0
 40
0.0
 40
0.5160180057752689
 40
0.5160180057752689
 40
0.5160180057752689
 40
0.677345337183513
 40
0.677345337183513
 40
0.677345337183513
 40
0.8386726685917559
 40
0.8386726685917559
 40
0.8386726685917559
 40
1.0
 40
1.0
 40
1.0
 40
1.0
 40
1.0
 10
1.520033572446758
 20
1.31449437247186
 30
0.0
 41
1.0
 10
1.520031072446758
 20
1.322366872471859
 30
0.0
 41
1.0
 10
1.520028572446759
 20
1.33023937247186
 30
0.0
 41
1.0
 10
1.520026072446759
 20
1.338111872471859
 30
0.0
 41
1.0
 10
1.520022790849357
 20
1.348445622665245
 30
0.0
 41
1.0
 10
1.519190576397234
 20
1.351188559761466
 30
0.0
 41
0.988033871710861
 10
1.517228872345028
 20
1.353278350104261
 30
0.0
 41
1.0
 10
1.51296461229479
 20
1.355737435040915
 30
0.0
 41
1.0
 10
1.510173285896216
 20
1.356388590477061
 30
0.0
 41
0.988033871710861
 10
1.507382622344673
 20
1.355734600104417
 30
0.0
 41
1.0
 10
1.503120862294476
 20
1.353271185040757
 30
0.0
 41
1.0
 10
1.501161281945743
 20
1.351179403187332
 30
0.0
 41
0.988033871710861
 10
1.500332322446602
 20
1.348435622471939
 30
0.0
 41
1.0
 10
1.500333572446759
 20
1.345974372471859
 30
0.0
 41
1.0
  0
SPLINE
  5
10000213
102
{ACAD_XDICTIONARY
360
10000214
102
}
330
1F
100
AcDbEntity
  8
VISIBLE
100
AcDbSpline
210
0.0
220
0.0
230
1.0
 70
    12
 71
     4
 72
    16
 73
    11
 74
     0
 42
0.0000000001
 43
0.00000001
 40
0.0
 40
0.0
 40
0.0
 40
0.0
 40
0.0
 40
0.5307076726259851
 40
0.5307076726259851
 40
0.5307076726259851
 40
0.7653538363129929
 40
0.7653538363129929
 40
0.7653538363129929
 40
1.0
 40
1.0
 40
1.0
 40
1.0
 40
1.0
 10
1.500333572446759
 20
1.345974372471859
 30
0.0
 41
1.0
 10
1.500337570669357
 20
1.338101873090206
 30
0.0
 41
1.0
 10
1.500338572446759
 20
1.330229372471859
 30
0.0
 41
1.0
 10
1.500341072446759
 20
1.322356872471859
 30
0.0
 41
1.0
 10
1.500344677792389
 20
1.311003639068316
 30
0.0
 41
1.0
 10
1.502088055129328
 20
1.306380622921624
 30
0.0
 41
0.942809041601169
 10
1.506712839316601
 20
1.304642604706269
 30
0.0
 41
1.0
 10
1.513674305576917
 20
1.304646140240167
 30
0.0
 41
1.0
 10
1.518297321997234
 20
1.30638885515466
 30
0.0
 41
0.942809041601169
 10
1.520035340213216
 20
1.311013639341701
 30
0.0
 41
1.0
 10
1.520033572446758
 20
1.31449437247186
 30
0.0
 41
1.0
  0
SPLINE
  5
10000217
102
{ACAD_XDICTIONARY
360
10000218
102
}
330
1F
100
AcDbEntity
  8
VISIBLE
100
AcDbSpline
210
0.0
220
0.0
230
1.0
 70
    12
 71
     4
 72
    19
 73
    14
 74
     0
 42
0.0000000001
 43
0.00000001
 40
0.0
 40
0.0
 40
0.0
 40
0.0
 40
0.0
 40
0.555503280121688
 40
0.555503280121688
 40
0.555503280121688
 40
0.7036688534144591
 40
0.7036688534144591
 40
0.7036688534144591
 40
0.8518344267072291
 40
0.8518344267072291
 40
0.8518344267072291
 40
1.0
 40
1.0
 40
1.0
 40
1.0
 40
1.0
 10
-1.326146427553241
 20
0.934874372471859
 30
0.0
 41
1.0
 10
-1.326146427553241
 20
0.9496368724718586
 30
0.0
 41
1.0
 10
-1.326146427553241
 20
0.9643993724718593
 30
0.0
 41
1.0
 10
-1.326146427553241
 20
0.9791618724718588
 30
0.0
 41
1.0
 10
-1.326146427553241
 20
0.9978618726703249
 30
0.0
 41
1.0
 10
-1.327477466582329
 20
1.002250267852689
 30
0.0
 41
0.98803387171175
 10
-1.33061515765269
 20
1.005594105113512
 30
0.0
 41
1.0
 10
-1.337436357707572
 20
1.009529440050128
 30
0.0
 41
1.0
 10
-1.341901714103788
 20
1.01057200665949
 30
0.0
 41
0.98803387171175
 10
-1.346366407652966
 20
1.00952660511367
 30
0.0
 41
1.0
 10
-1.353185107707809
 20
1.005586940050009
 30
0.0
 41
1.0
 10
-1.356320675074704
 20
1.002241111278555
 30
0.0
 41
0.98803387171175
 10
-1.357647677553359
 20
0.997851872471939
 30
0.0
 41
1.0
 10
-1.357646427553242
 20
0.9939143724718593
 30
0.0
 41
1.0
  0
SPLINE
  5
1000021B
102
{ACAD_XDICTIONARY
360
1000021C
102
}
330
1F
100
AcDbEntity
  8
VISIBLE
100
AcDbSpline
210
0.0
220
0.0
230
1.0
 70
    12
 71
     4
 72
    19
 73
    14
 74
     0
 42
0.0000000001
 43
0.00000001
 40
0.0
 40
0.0
 40
0.0
 40
0.0
 40
0.0
 40
0.555503280109186
 40
0.555503280109186
 40
0.555503280109186
 40
0.7036688534061241
 40
0.7036688534061241
 40
0.7036688534061241
 40
0.8518344267030621
 40
0.8518344267030621
 40
0.8518344267030621
 40
1.0
 40
1.0
 40
1.0
 40
1.0
 40
1.0
 10
-1.357646427553242
 20
0.9939143724718593
 30
0.0
 41
1.0
 10
-1.357641741045129
 20
0.9791518732157573
 30
0.0
 41
1.0
 10
-1.357646427553242
 20
0.9643893724718591
 30
0.0
 41
1.0
 10
-1.357646427553242
 20
0.9496268724718584
 30
0.0
 41
1.0
 10
-1.357646427553242
 20
0.9309268722731978
 30
0.0
 41
1.0
 10
-1.356315388524746
 20
0.9265384770904502
 30
0.0
 41
0.9880338717091129
 10
-1.353177697454304
 20
0.9231946398292212
 30
0.0
 41
1.0
 10
-1.346356497399187
 20
0.9192593048922135
 30
0.0
 41
1.0
 10
-1.341891141002689
 20
0.9182167382827301
 30
0.0
 41
0.9880338717091129
 10
-1.337426447453242
 20
0.9192621398287095
 30
0.0
 41
1.0
 10
-1.330607747398123
 20
0.9232018048927255
 30
0.0
 41
1.0
 10
-1.327472180031197
 20
0.9265476336645843
 30
0.0
 41
0.9880338717091129
 10
-1.326145177552768
 20
0.9309368724715837
 30
0.0
 41
1.0
 10
-1.326146427553241
 20
0.934874372471859
 30
0.0
 41
1.0
  0
SPLINE
  5
1000021F
102
{ACAD_XDICTIONARY
360
10000220
102
}
330
1F
100
AcDbEntity
  8
VISIBLE
100
AcDbSpline
210
0.0
220
0.0
230
1.0
 70
    12
 71
     4
 72
    19
 73
    14
 74
     0
 42
0.0000000001
 43
0.00000001
 40
0.0
 40
0.0
 40
0.0
 40
0.0
 40
0.0
 40
0.761014206078207
 40
0.761014206078207
 40
0.761014206078207
 40
0.840676137385471
 40
0.840676137385471
 40
0.840676137385471
 40
0.9203380686927359
 40
0.9203380686927359
 40
0.9203380686927359
 40
1.0
 40
1.0
 40
1.0
 40
1.0
 40
1.0
 10
-1.670166427553242
 20
1.339514372471859
 30
0.0
 41
1.0
 10
-1.691326427553241
 20
1.339514372471859
 30
0.0
 41
1.0
 10
-1.712486427553241
 20
1.339514372471859
 30
0.0
 41
1.0
 10
-1.73364642755324
 20
1.339514372471859
 30
0.0
 41
1.0
 10
-1.757021427553242
 20
1.339514372471859
 30
0.0
 41
1.0
 10
-1.759490311327772
 20
1.338767097146112
 30
0.0
 41
0.9880338717125849
 10
-1.761371912630759
 20
1.337002618741229
 30
0.0
 41
1.0
 10
-1.763586912630759
 20
1.333166126202489
 30
0.0
 41
1.0
 10
-1.764174195102337
 20
1.33065437247186
 30
0.0
 41
0.9880338717125849
 10
-1.763586912630759
 20
1.32814261874123
 30
0.0
 41
1.0
 10
-1.761371912630759
 20
1.324306126202489
 30
0.0
 41
1.0
 10
-1.759490311327772
 20
1.322541647797608
 30
0.0
 41
0.9880338717125849
 10
-1.757021427553242
 20
1.321794372471859
 30
0.0
 41
1.0
 10
-1.754806427553242
 20
1.321794372471859
 30
0.0
 41
1.0
  0
SPLINE
  5
10000223
102
{ACAD_XDICTIONARY
360
10000224
102
}
330
1F
100
AcDbEntity
  8
VISIBLE
100
AcDbSpline
210
0.0
220
0.0
230
1.0
 70
    12
 71
     4
 72
    19
 73
    14
 74
     0
 42
0.0000000001
 43
0.00000001
 40
0.0
 40
0.0
 40
0.0
 40
0.0
 40
0.0
 40
0.76101420607784
 40
0.76101420607784
 40
0.76101420607784
 40
0.840676137385227
 40
0.840676137385227
 40
0.840676137385227
 40
0.9203380686926129
 40
0.9203380686926129
 40
0.9203380686926129
 40
1.0
 40
1.0
 40
1.0
 40
1.0
 40
1.0
 10
-1.754806427553242
 20
1.321794372471859
 30
0.0
 41
1.0
 10
-1.73364642755324
 20
1.321794372471859
 30
0.0
 41
1.0
 10
-1.712486427553241
 20
1.321794372471859
 30
0.0
 41
1.0
 10
-1.691326427553241
 20
1.321794372471859
 30
0.0
 41
1.0
 10
-1.667951427553242
 20
1.321794372471859
 30
0.0
 41
1.0
 10
-1.665482543778709
 20
1.322541647797608
 30
0.0
 41
0.9880338717125849
 10
-1.66360094247572
 20
1.324306126202489
 30
0.0
 41
1.0
 10
-1.66138594247572
 20
1.32814261874123
 30
0.0
 41
1.0
 10
-1.660798660004145
 20
1.33065437247186
 30
0.0
 41
0.9880338717125849
 10
-1.66138594247572
 20
1.333166126202489
 30
0.0
 41
1.0
 10
-1.66360094247572
 20
1.337002618741229
 30
0.0
 41
1.0
 10
-1.665482543778709
 20
1.338767097146112
 30
0.0
 41
0.9880338717125849
 10
-1.667951427553242
 20
1.339514372471859
 30
0.0
 41
1.0
 10
-1.670166427553242
 20
1.339514372471859
 30
0.0
 41
1.0
  0
CIRCLE
  5
10000227
102
{ACAD_XDICTIONARY
360
10000228
102
}
330
1F
100
AcDbEntity
  8
VISIBLE
100
AcDbCircle
 10
-1.592758018560051
 20
0.6721743724718596
 30
0.0
 40
0.0314999999999617
  0
CIRCLE
  5
1000022D
102
{ACAD_XDICTIONARY
360
1000022E
102
}
330
1F
100
AcDbEntity
  8
VISIBLE
100
AcDbCircle
 10
-1.592756427553241
 20
-0.1152256275281398
 30
0.0
 40
0.0216499999999864
  0
CIRCLE
  5
10000233
102
{ACAD_XDICTIONARY
360
10000234
102
}
330
1F
100
AcDbEntity
  8
VISIBLE
100
AcDbCircle
 10
-1.578926427553241
 20
-0.4337856275281403
 30
0.0
 40
0.0300000000000081
  0
CIRCLE
  5
10000239
102
{ACAD_XDICTIONARY
360
1000023A
102
}
330
1F
100
AcDbEntity
  8
VISIBLE
100
AcDbCircle
 10
-1.578926427553241
 20
-0.7251256275281402
 30
0.0
 40
0.0299999999999754
  0
CIRCLE
  5
1000023F
102
{ACAD_XDICTIONARY
360
10000240
102
}
330
1F
100
AcDbEntity
  8
VISIBLE
100
AcDbCircle
 10
0.6523835724467594
 20
1.021324372471859
 30
0.0
 40
0.0452699999999957
  0
CIRCLE
  5
10000245
102
{ACAD_XDICTIONARY
360
10000246
102
}
330
1F
100
AcDbEntity
  8
VISIBLE
100
AcDbCircle
 10
0.6523835724467594
 20
1.244944372471859
 30
0.0
 40
0.0452700000000154
  0
CIRCLE
  5
1000024B
102
{ACAD_XDICTIONARY
360
1000024C
102
}
330
1F
100
AcDbEntity
  8
VISIBLE
100
AcDbCircle
 10
0.5512035724467581
 20
0.9811643724718598
 30
0.0
 40
0.0137799999999808
  0
CIRCLE
  5
10000251
102
{ACAD_XDICTIONARY
360
10000252
102
}
330
1F
100
AcDbEntity
  8
VISIBLE
100
AcDbCircle
 10
0.5512035724467996
 20
1.107144372471859
 30
0.0
 40
0.0137799999999698
  0
CIRCLE
  5
10000257
102
{ACAD_XDICTIONARY
360
10000258
102
}
330
1F
100
AcDbEntity
  8
VISIBLE
100
AcDbCircle
 10
0.5315235724467599
 20
1.04022437247186
 30
0.0
 40
0.013780000000007
  0
CIRCLE
  5
1000025D
102
{ACAD_XDICTIONARY
360
1000025E
102
}
330
1F
100
AcDbEntity
  8
VISIBLE
100
AcDbCircle
 10
0.5315235724467599
 20
1.16620437247186
 30
0.0
 40
0.0137800000000048
  0
CIRCLE
  5
10000263
102
{ACAD_XDICTIONARY
360
10000264
102
}
330
1F
100
AcDbEntity
  8
VISIBLE
100
AcDbCircle
 10
0.472463572446758
 20
0.9811643724718598
 30
0.0
 40
0.013780000000007
  0
CIRCLE
  5
10000269
102
{ACAD_XDICTIONARY
360
1000026A
102
}
330
1F
100
AcDbEntity
  8
VISIBLE
100
AcDbCircle
 10
0.472463572446758
 20
1.107144372471859
 30
0.0
 40
0.0137799999999982
  0
CIRCLE
  5
1000026F
102
{ACAD_XDICTIONARY
360
10000270
102
}
330
1F
100
AcDbEntity
  8
VISIBLE
100
AcDbCircle
 10
1.10212357244676
 20
0.9438343724718591
 30
0.0
 40
0.0177100000000124
  0
CIRCLE
  5
10000275
102
{ACAD_XDICTIONARY
360
10000276
102
}
330
1F
100
AcDbEntity
  8
VISIBLE
100
AcDbCircle
 10
1.052123572446759
 20
0.8438343724718596
 30
0.0
 40
0.0177099999999851
  0
CIRCLE
  5
1000027B
102
{ACAD_XDICTIONARY
360
1000027C
102
}
330
1F
100
AcDbEntity
  8
VISIBLE
100
AcDbCircle
 10
1.002123572446759
 20
0.9438343724718591
 30
0.0
 40
0.017709999999984
  0
CIRCLE
  5
10000281
102
{ACAD_XDICTIONARY
360
10000282
102
}
330
1F
100
AcDbEntity
  8
VISIBLE
100
AcDbCircle
 10
0.9521235724467592
 20
0.8438343724718596
 30
0.0
 40
0.0177099999999939
  0
CIRCLE
  5
10000287
102
{ACAD_XDICTIONARY
360
10000288
102
}
330
1F
100
AcDbEntity
  8
VISIBLE
100
AcDbCircle
 10
0.9161035724467201
 20
1.353674372471859
 30
0.0
 40
0.0204000000000335
  0
CIRCLE
  5
1000028D
102
{ACAD_XDICTIONARY
360
1000028E
102
}
330
1F
100
AcDbEntity
  8
VISIBLE
100
AcDbCircle
 10
0.90212357244672
 20
0.9438343724718591
 30
0.0
 40
0.0177100000000419
  0
CIRCLE
  5
10000293
102
{ACAD_XDICTIONARY
360
10000294
102
}
330
1F
100
AcDbEntity
  8
VISIBLE
100
AcDbCircle
 10
0.8521235724467585
 20
0.8438343724718596
 30
0.0
 40
0.017710000000008
  0
CIRCLE
  5
10000299
102
{ACAD_XDICTIONARY
360
1000029A
102
}
330
1F
100
AcDbEntity
  8
VISIBLE
100
AcDbCircle
 10
0.8161035724467195
 20
1.353674372471859
 30
0.0
 40
0.0204000000000247
  0
CIRCLE
  5
1000029F
102
{ACAD_XDICTIONARY
360
100002A0
102
}
330
1F
100
AcDbEntity
  8
VISIBLE
100
AcDbCircle
 10
1.77712357244672
 20
0.0969843724718599
 30
0.0
 40
0.0216500000000202
  0
CIRCLE
  5
100002A5
102
{ACAD_XDICTIONARY
360
100002A6
102
}
330
1F
100
AcDbEntity
  8
VISIBLE
100
AcDbCircle
 10
1.77712357244672
 20
0.1969843724718593
 30
0.0
 40
0.0216500000000213
  0
CIRCLE
  5
100002AB
102
{ACAD_XDICTIONARY
360
100002AC
102
}
330
1F
100
AcDbEntity
  8
VISIBLE
100
AcDbCircle
 10
1.777123572446759
 20
0.2969843724718599
 30
0.0
 40
0.0216499999999864
  0
CIRCLE
  5
100002B1
102
{ACAD_XDICTIONARY
360
100002B2
102
}
330
1F
100
AcDbEntity
  8
VISIBLE
100
AcDbCircle
 10
1.777123572446759
 20
0.3969843724718594
 30
0.0
 40
0.0216499999999842
  0
CIRCLE
  5
100002B7
102
{ACAD_XDICTIONARY
360
100002B8
102
}
330
1F
100
AcDbEntity
  8
VISIBLE
100
AcDbCircle
 10
1.777123572446759
 20
0.4969843724718589
 30
0.0
 40
0.0216500000000126
  0
CIRCLE
  5
100002BD
102
{ACAD_XDICTIONARY
360
100002BE
102
}
330
1F
100
AcDbEntity
  8
VISIBLE
100
AcDbCircle
 10
1.777123572446759
 20
0.5969843724718594
 30
0.0
 40
0.0216499999999809
  0
CIRCLE
  5
100002C3
102
{ACAD_XDICTIONARY
360
100002C4
102
}
330
1F
100
AcDbEntity
  8
VISIBLE
100
AcDbCircle
 10
1.777123572446759
 20
0.696984372471859
 30
0.0
 40
0.0216500000000071
  0
CIRCLE
  5
100002C9
102
{ACAD_XDICTIONARY
360
100002CA
102
}
330
1F
100
AcDbEntity
  8
VISIBLE
100
AcDbCircle
 10
1.377123572446759
 20
0.696984372471859
 30
0.0
 40
0.0216499999999995
  0
CIRCLE
  5
100002CF
102
{ACAD_XDICTIONARY
360
100002D0
102
}
330
1F
100
AcDbEntity
  8
VISIBLE
100
AcDbCircle
 10
1.152123572446759
 20
0.8438343724718596
 30
0.0
 40
0.0177099999999895
  0
CIRCLE
  5
100002D5
102
{ACAD_XDICTIONARY
360
100002D6
102
}
330
1F
100
AcDbEntity
  8
VISIBLE
100
AcDbCircle
 10
1.177123572446759
 20
0.696984372471859
 30
0.0
 40
0.0216499999999908
  0
CIRCLE
  5
100002DB
102
{ACAD_XDICTIONARY
360
100002DC
102
}
330
1F
100
AcDbEntity
  8
VISIBLE
100
AcDbCircle
 10
1.20212357244672
 20
0.9438343724718591
 30
0.0
 40
0.0177100000000376
  0
CIRCLE
  5
100002E1
102
{ACAD_XDICTIONARY
360
100002E2
102
}
330
1F
100
AcDbEntity
  8
VISIBLE
100
AcDbCircle
 10
1.238143572446759
 20
1.353674372471859
 30
0.0
 40
0.0204000000000182
  0
CIRCLE
  5
100002E7
102
{ACAD_XDICTIONARY
360
100002E8
102
}
330
1F
100
AcDbEntity
  8
VISIBLE
100
AcDbCircle
 10
1.252123572446759
 20
0.8438343724718596
 30
0.0
 40
0.0177099999999993
  0
CIRCLE
  5
100002ED
102
{ACAD_XDICTIONARY
360
100002EE
102
}
330
1F
100
AcDbEntity
  8
VISIBLE
100
AcDbCircle
 10
1.277123572446758
 20
0.696984372471859
 30
0.0
 40
0.0216500000000137
  0
CIRCLE
  5
100002F3
102
{ACAD_XDICTIONARY
360
100002F4
102
}
330
1F
100
AcDbEntity
  8
VISIBLE
100
AcDbCircle
 10
1.302123572446759
 20
0.9438343724718591
 30
0.0
 40
0.0177099999999993
  0
CIRCLE
  5
100002F9
102
{ACAD_XDICTIONARY
360
100002FA
102
}
330
1F
100
AcDbEntity
  8
VISIBLE
100
AcDbCircle
 10
1.33814357244672
 20
1.353674372471859
 30
0.0
 40
0.020400000000028
  0
CIRCLE
  5
100002FF
102
{ACAD_XDICTIONARY
360
10000300
102
}
330
1F
100
AcDbEntity
  8
VISIBLE
100
AcDbCircle
 10
1.877123572446759
 20
-1.10301562752814
 30
0.0
 40
0.0216499999999929
  0
CIRCLE
  5
10000305
102
{ACAD_XDICTIONARY
360
10000306
102
}
330
1F
100
AcDbEntity
  8
VISIBLE
100
AcDbCircle
 10
1.877123572446759
 20
-1.003015627528141
 30
0.0
 40
0.0216500000000082
  0
CIRCLE
  5
1000030B
102
{ACAD_XDICTIONARY
360
1000030C
102
}
330
1F
100
AcDbEntity
  8
VISIBLE
100
AcDbCircle
 10
1.877123572446798
 20
-0.9030156275281415
 30
0.0
 40
0.0216499999999416
  0
CIRCLE
  5
10000311
102
{ACAD_XDICTIONARY
360
10000312
102
}
330
1F
100
AcDbEntity
  8
VISIBLE
100
AcDbCircle
 10
1.877123572446798
 20
-0.8030156275281398
 30
0.0
 40
0.0216499999999787
  0
CIRCLE
  5
10000317
102
{ACAD_XDICTIONARY
360
10000318
102
}
330
1F
100
AcDbEntity
  8
VISIBLE
100
AcDbCircle
 10
1.877123572446798
 20
-0.7030156275281403
 30
0.0
 40
0.0216499999999798
  0
CIRCLE
  5
1000031D
102
{ACAD_XDICTIONARY
360
1000031E
102
}
330
1F
100
AcDbEntity
  8
VISIBLE
100
AcDbCircle
 10
1.877123572446798
 20
-0.6030156275281409
 30
0.0
 40
0.0216499999999678
  0
CIRCLE
  5
10000323
102
{ACAD_XDICTIONARY
360
10000324
102
}
330
1F
100
AcDbEntity
  8
VISIBLE
100
AcDbCircle
 10
1.877123572446719
 20
-0.5030156275281413
 30
0.0
 40
0.0216500000000213
  0
CIRCLE
  5
10000329
102
{ACAD_XDICTIONARY
360
1000032A
102
}
330
1F
100
AcDbEntity
  8
VISIBLE
100
AcDbCircle
 10
1.877123572446798
 20
-0.4030156275281397
 30
0.0
 40
0.0216499999999525
  0
CIRCLE
  5
1000032F
102
{ACAD_XDICTIONARY
360
10000330
102
}
330
1F
100
AcDbEntity
  8
VISIBLE
100
AcDbCircle
 10
1.877123572446798
 20
-0.3030156275281402
 30
0.0
 40
0.0216499999999678
  0
CIRCLE
  5
10000335
102
{ACAD_XDICTIONARY
360
10000336
102
}
330
1F
100
AcDbEntity
  8
VISIBLE
100
AcDbCircle
 10
1.877123572446759
 20
-0.2030156275281408
 30
0.0
 40
0.0216499999999853
  0
CIRCLE
  5
1000033B
102
{ACAD_XDICTIONARY
360
1000033C
102
}
330
1F
100
AcDbEntity
  8
VISIBLE
100
AcDbCircle
 10
1.877123572446759
 20
-0.1030156275281413
 30
0.0
 40
0.0216499999999896
  0
CIRCLE
  5
10000341
102
{ACAD_XDICTIONARY
360
10000342
102
}
330
1F
100
AcDbEntity
  8
VISIBLE
100
AcDbCircle
 10
1.877123572446759
 20
-0.0030156275281396
 30
0.0
 40
0.0216499999999896
  0
CIRCLE
  5
10000347
102
{ACAD_XDICTIONARY
360
10000348
102
}
330
1F
100
AcDbEntity
  8
VISIBLE
100
AcDbCircle
 10
1.877123572446759
 20
0.0969843724718599
 30
0.0
 40
0.0216500000000017
  0
CIRCLE
  5
1000034D
102
{ACAD_XDICTIONARY
360
1000034E
102
}
330
1F
100
AcDbEntity
  8
VISIBLE
100
AcDbCircle
 10
1.877123572446798
 20
0.1969843724718593
 30
0.0
 40
0.0216499999999798
  0
CIRCLE
  5
10000353
102
{ACAD_XDICTIONARY
360
10000354
102
}
330
1F
100
AcDbEntity
  8
VISIBLE
100
AcDbCircle
 10
1.877123572446798
 20
0.2969843724718599
 30
0.0
 40
0.0216499999999689
  0
CIRCLE
  5
10000359
102
{ACAD_XDICTIONARY
360
1000035A
102
}
330
1F
100
AcDbEntity
  8
VISIBLE
100
AcDbCircle
 10
1.877123572446798
 20
0.3969843724718594
 30
0.0
 40
0.0216499999999667
  0
CIRCLE
  5
1000035F
102
{ACAD_XDICTIONARY
360
10000360
102
}
330
1F
100
AcDbEntity
  8
VISIBLE
100
AcDbCircle
 10
1.77712357244672
 20
-0.0030156275281396
 30
0.0
 40
0.0216500000000246
  0
CIRCLE
  5
10000365
102
{ACAD_XDICTIONARY
360
10000366
102
}
330
1F
100
AcDbEntity
  8
VISIBLE
100
AcDbCircle
 10
1.777123572446799
 20
-0.1030156275281413
 30
0.0
 40
0.0216499999999776
  0
CIRCLE
  5
1000036B
102
{ACAD_XDICTIONARY
360
1000036C
102
}
330
1F
100
AcDbEntity
  8
VISIBLE
100
AcDbCircle
 10
1.77712357244672
 20
-0.2030156275281408
 30
0.0
 40
0.0216500000000279
  0
CIRCLE
  5
10000371
102
{ACAD_XDICTIONARY
360
10000372
102
}
330
1F
100
AcDbEntity
  8
VISIBLE
100
AcDbCircle
 10
1.777123572446759
 20
-0.3030156275281402
 30
0.0
 40
0.0216500000000039
  0
CIRCLE
  5
10000377
102
{ACAD_XDICTIONARY
360
10000378
102
}
330
1F
100
AcDbEntity
  8
VISIBLE
100
AcDbCircle
 10
1.77712357244672
 20
-0.4030156275281397
 30
0.0
 40
0.0216500000000213
  0
CIRCLE
  5
1000037D
102
{ACAD_XDICTIONARY
360
1000037E
102
}
330
1F
100
AcDbEntity
  8
VISIBLE
100
AcDbCircle
 10
1.777123572446759
 20
-0.5030156275281413
 30
0.0
 40
0.0216500000000039
  0
CIRCLE
  5
10000383
102
{ACAD_XDICTIONARY
360
10000384
102
}
330
1F
100
AcDbEntity
  8
VISIBLE
100
AcDbCircle
 10
1.777123572446759
 20
-0.6030156275281409
 30
0.0
 40
0.0216499999999962
  0
CIRCLE
  5
10000389
102
{ACAD_XDICTIONARY
360
1000038A
102
}
330
1F
100
AcDbEntity
  8
VISIBLE
100
AcDbCircle
 10
1.77712357244672
 20
-0.7030156275281403
 30
0.0
 40
0.0216500000000246
  0
CIRCLE
  5
1000038F
102
{ACAD_XDICTIONARY
360
10000390
102
}
330
1F
100
AcDbEntity
  8
VISIBLE
100
AcDbCircle
 10
1.77712357244672
 20
-1.20301562752814
 30
0.0
 40
0.021650000000041
  0
CIRCLE
  5
10000395
102
{ACAD_XDICTIONARY
360
10000396
102
}
330
1F
100
AcDbEntity
  8
VISIBLE
100
AcDbCircle
 10
1.877123572446759
 20
0.696984372471859
 30
0.0
 40
0.0216499999999874
  0
CIRCLE
  5
1000039B
102
{ACAD_XDICTIONARY
360
1000039C
102
}
330
1F
100
AcDbEntity
  8
VISIBLE
100
AcDbCircle
 10
1.877123572446759
 20
0.5969843724718594
 30
0.0
 40
0.021649999999982
  0
CIRCLE
  5
100003A1
102
{ACAD_XDICTIONARY
360
100003A2
102
}
330
1F
100
AcDbEntity
  8
VISIBLE
100
AcDbCircle
 10
1.877123572446798
 20
0.4969843724718589
 30
0.0
 40
0.0216499999999722
  0
CIRCLE
  5
100003A7
102
{ACAD_XDICTIONARY
360
100003A8
102
}
330
1F
100
AcDbEntity
  8
VISIBLE
100
AcDbCircle
 10
1.777123572446759
 20
-1.10301562752814
 30
0.0
 40
0.0216499999999929
  0
CIRCLE
  5
100003AD
102
{ACAD_XDICTIONARY
360
100003AE
102
}
330
1F
100
AcDbEntity
  8
VISIBLE
100
AcDbCircle
 10
1.777123572446759
 20
-1.003015627528141
 30
0.0
 40
0.021650000000005
  0
CIRCLE
  5
100003B3
102
{ACAD_XDICTIONARY
360
100003B4
102
}
330
1F
100
AcDbEntity
  8
VISIBLE
100
AcDbCircle
 10
1.777123572446799
 20
-0.9030156275281415
 30
0.0
 40
0.0216499999999689
  0
CIRCLE
  5
100003B9
102
{ACAD_XDICTIONARY
360
100003BA
102
}
330
1F
100
AcDbEntity
  8
VISIBLE
100
AcDbCircle
 10
1.777123572446759
 20
-0.8030156275281398
 30
0.0
 40
0.0216500000000115
  0
CIRCLE
  5
100003BF
102
{ACAD_XDICTIONARY
360
100003C0
102
}
330
1F
100
AcDbEntity
  8
VISIBLE
100
AcDbCircle
 10
-0.4132864275532417
 20
1.04002437247186
 30
0.0
 40
0.0137799999999939
  0
CIRCLE
  5
100003C5
102
{ACAD_XDICTIONARY
360
100003C6
102
}
330
1F
100
AcDbEntity
  8
VISIBLE
100
AcDbCircle
 10
-0.4132864275532417
 20
1.166004372471859
 30
0.0
 40
0.0137799999999939
  0
CIRCLE
  5
100003CB
102
{ACAD_XDICTIONARY
360
100003CC
102
}
330
1F
100
AcDbEntity
  8
VISIBLE
100
AcDbCircle
 10
-0.4329664275532401
 20
0.9809643724718591
 30
0.0
 40
0.013780000000007
  0
CIRCLE
  5
100003D1
102
{ACAD_XDICTIONARY
360
100003D2
102
}
330
1F
100
AcDbEntity
  8
VISIBLE
100
AcDbCircle
 10
-0.4329664275532401
 20
1.10694437247186
 30
0.0
 40
0.013779999999983
  0
CIRCLE
  5
100003D7
102
{ACAD_XDICTIONARY
360
100003D8
102
}
330
1F
100
AcDbEntity
  8
VISIBLE
100
AcDbCircle
 10
-0.3542264275532421
 20
1.10694437247186
 30
0.0
 40
0.0137799999999961
  0
CIRCLE
  5
100003DD
102
{ACAD_XDICTIONARY
360
100003DE
102
}
330
1F
100
AcDbEntity
  8
VISIBLE
100
AcDbCircle
 10
-0.3542264275532814
 20
0.9809643724718591
 30
0.0
 40
0.0137800000000223
  0
CIRCLE
  5
100003E3
102
{ACAD_XDICTIONARY
360
100003E4
102
}
330
1F
100
AcDbEntity
  8
VISIBLE
100
AcDbCircle
 10
-0.314856427553242
 20
1.166004372471859
 30
0.0
 40
0.0137799999999982
  0
CIRCLE
  5
100003E9
102
{ACAD_XDICTIONARY
360
100003EA
102
}
330
1F
100
AcDbEntity
  8
VISIBLE
100
AcDbCircle
 10
-0.314856427553242
 20
1.04002437247186
 30
0.0
 40
0.0137799999999961
  0
CIRCLE
  5
100003EF
102
{ACAD_XDICTIONARY
360
100003F0
102
}
330
1F
100
AcDbEntity
  8
VISIBLE
100
AcDbCircle
 10
-0.2754864275532419
 20
1.10694437247186
 30
0.0
 40
0.0137799999999873
  0
CIRCLE
  5
100003F5
102
{ACAD_XDICTIONARY
360
100003F6
102
}
330
1F
100
AcDbEntity
  8
VISIBLE
100
AcDbCircle
 10
-0.2754864275532419
 20
0.9809643724718591
 30
0.0
 40
0.013780000000007
  0
CIRCLE
  5
100003FB
102
{ACAD_XDICTIONARY
360
100003FC
102
}
330
1F
100
AcDbEntity
  8
VISIBLE
100
AcDbCircle
 10
-0.2361164275532419
 20
1.166004372471859
 30
0.0
 40
0.0137799999999873
  0
CIRCLE
  5
10000401
102
{ACAD_XDICTIONARY
360
10000402
102
}
330
1F
100
AcDbEntity
  8
VISIBLE
100
AcDbCircle
 10
-0.2361164275532003
 20
1.04002437247186
 30
0.0
 40
0.0137799999999786
  0
CIRCLE
  5
10000407
102
{ACAD_XDICTIONARY
360
10000408
102
}
330
1F
100
AcDbEntity
  8
VISIBLE
100
AcDbCircle
 10
-0.1967464275532418
 20
1.10694437247186
 30
0.0
 40
0.0137799999999895
  0
CIRCLE
  5
1000040D
102
{ACAD_XDICTIONARY
360
1000040E
102
}
330
1F
100
AcDbEntity
  8
VISIBLE
100
AcDbCircle
 10
-0.1967464275532418
 20
0.9809643724718591
 30
0.0
 40
0.0137800000000157
  0
CIRCLE
  5
10000413
102
{ACAD_XDICTIONARY
360
10000414
102
}
330
1F
100
AcDbEntity
  8
VISIBLE
100
AcDbCircle
 10
-0.1376864275532814
 20
1.166004372471859
 30
0.0
 40
0.013780000000031
  0
CIRCLE
  5
10000419
102
{ACAD_XDICTIONARY
360
1000041A
102
}
330
1F
100
AcDbEntity
  8
VISIBLE
100
AcDbCircle
 10
-0.1376864275532421
 20
1.04002437247186
 30
0.0
 40
0.0137800000000135
  0
CIRCLE
  5
1000041F
102
{ACAD_XDICTIONARY
360
10000420
102
}
330
1F
100
AcDbEntity
  8
VISIBLE
100
AcDbCircle
 10
-0.1180064275532416
 20
1.10694437247186
 30
0.0
 40
0.0137799999999873
  0
CIRCLE
  5
10000425
102
{ACAD_XDICTIONARY
360
10000426
102
}
330
1F
100
AcDbEntity
  8
VISIBLE
100
AcDbCircle
 10
-0.1180064275532416
 20
0.9809643724718591
 30
0.0
 40
0.0137800000000135
  0
CIRCLE
  5
1000042B
102
{ACAD_XDICTIONARY
360
1000042C
102
}
330
1F
100
AcDbEntity
  8
VISIBLE
100
AcDbCircle
 10
0.1350635724467584
 20
1.244944372471859
 30
0.0
 40
0.045269999999998
  0
CIRCLE
  5
10000431
102
{ACAD_XDICTIONARY
360
10000432
102
}
330
1F
100
AcDbEntity
  8
VISIBLE
100
AcDbCircle
 10
0.1350635724467584
 20
1.021324372471859
 30
0.0
 40
0.0452699999999803
  0
CIRCLE
  5
10000437
102
{ACAD_XDICTIONARY
360
10000438
102
}
330
1F
100
AcDbEntity
  8
VISIBLE
100
AcDbCircle
 10
0.255923572446758
 20
1.04022437247186
 30
0.0
 40
0.0137799999999982
  0
CIRCLE
  5
1000043D
102
{ACAD_XDICTIONARY
360
1000043E
102
}
330
1F
100
AcDbEntity
  8
VISIBLE
100
AcDbCircle
 10
0.255923572446758
 20
1.16620437247186
 30
0.0
 40
0.0137799999999961
  0
CIRCLE
  5
10000443
102
{ACAD_XDICTIONARY
360
10000444
102
}
330
1F
100
AcDbEntity
  8
VISIBLE
100
AcDbCircle
 10
0.2362435724467597
 20
0.9811643724718598
 30
0.0
 40
0.0137800000000026
  0
CIRCLE
  5
10000449
102
{ACAD_XDICTIONARY
360
1000044A
102
}
330
1F
100
AcDbEntity
  8
VISIBLE
100
AcDbCircle
 10
0.2362435724467597
 20
1.107144372471859
 30
0.0
 40
0.0137799999999895
  0
CIRCLE
  5
1000044F
102
{ACAD_XDICTIONARY
360
10000450
102
}
330
1F
100
AcDbEntity
  8
VISIBLE
100
AcDbCircle
 10
0.3149835724467598
 20
1.107144372471859
 30
0.0
 40
0.0137799999999939
  0
CIRCLE
  5
10000455
102
{ACAD_XDICTIONARY
360
10000456
102
}
330
1F
100
AcDbEntity
  8
VISIBLE
100
AcDbCircle
 10
0.3149835724467598
 20
0.9811643724718598
 30
0.0
 40
0.0137800000000048
  0
CIRCLE
  5
1000045B
102
{ACAD_XDICTIONARY
360
1000045C
102
}
330
1F
100
AcDbEntity
  8
VISIBLE
100
AcDbCircle
 10
0.3543535724467206
 20
1.16620437247186
 30
0.0
 40
0.0137800000000244
  0
CIRCLE
  5
10000461
102
{ACAD_XDICTIONARY
360
10000462
102
}
330
1F
100
AcDbEntity
  8
VISIBLE
100
AcDbCircle
 10
0.3543535724467206
 20
1.04022437247186
 30
0.0
 40
0.0137800000000288
  0
CIRCLE
  5
10000467
102
{ACAD_XDICTIONARY
360
10000468
102
}
330
1F
100
AcDbEntity
  8
VISIBLE
100
AcDbCircle
 10
0.39372357244676
 20
1.107144372471859
 30
0.0
 40
0.0137799999999851
  0
CIRCLE
  5
1000046D
102
{ACAD_XDICTIONARY
360
1000046E
102
}
330
1F
100
AcDbEntity
  8
VISIBLE
100
AcDbCircle
 10
0.39372357244676
 20
0.9811643724718598
 30
0.0
 40
0.0137799999999961
  0
CIRCLE
  5
10000473
102
{ACAD_XDICTIONARY
360
10000474
102
}
330
1F
100
AcDbEntity
  8
VISIBLE
100
AcDbCircle
 10
0.4330935724467601
 20
1.16620437247186
 30
0.0
 40
0.0137799999999961
  0
CIRCLE
  5
10000479
102
{ACAD_XDICTIONARY
360
1000047A
102
}
330
1F
100
AcDbEntity
  8
VISIBLE
100
AcDbCircle
 10
0.4330935724467601
 20
1.04022437247186
 30
0.0
 40
0.0137799999999961
  0
CIRCLE
  5
1000047F
102
{ACAD_XDICTIONARY
360
10000480
102
}
330
1F
100
AcDbEntity
  8
VISIBLE
100
AcDbCircle
 10
-0.9855980544669604
 20
0.9958943724718596
 30
0.0
 40
0.0078799999999938
  0
CIRCLE
  5
10000485
102
{ACAD_XDICTIONARY
360
10000486
102
}
330
1F
100
AcDbEntity
  8
VISIBLE
100
AcDbCircle
 10
-1.00134642755324
 20
1.051004372471859
 30
0.0
 40
0.0078800000000069
  0
CIRCLE
  5
1000048B
102
{ACAD_XDICTIONARY
360
1000048C
102
}
330
1F
100
AcDbEntity
  8
VISIBLE
100
AcDbCircle
 10
-1.007256427553241
 20
1.14943437247186
 30
0.0
 40
0.0108300000000168
  0
CIRCLE
  5
10000491
102
{ACAD_XDICTIONARY
360
10000492
102
}
330
1F
100
AcDbEntity
  8
VISIBLE
100
AcDbCircle
 10
-1.007256427553241
 20
1.267544372471859
 30
0.0
 40
0.0108299999999906
  0
CIRCLE
  5
10000497
102
{ACAD_XDICTIONARY
360
10000498
102
}
330
1F
100
AcDbEntity
  8
VISIBLE
100
AcDbCircle
 10
-1.036786427553241
 20
0.9958943724718596
 30
0.0
 40
0.0078800000000091
  0
CIRCLE
  5
1000049D
102
{ACAD_XDICTIONARY
360
1000049E
102
}
330
1F
100
AcDbEntity
  8
VISIBLE
100
AcDbCircle
 10
-1.036788041464344
 20
1.208484372471859
 30
0.0
 40
0.0108300000000124
  0
CIRCLE
  5
100004A3
102
{ACAD_XDICTIONARY
360
100004A4
102
}
330
1F
100
AcDbEntity
  8
VISIBLE
100
AcDbCircle
 10
-1.0564664275532
 20
1.051004372471859
 30
0.0
 40
0.0078799999999676
  0
CIRCLE
  5
100004A9
102
{ACAD_XDICTIONARY
360
100004AA
102
}
330
1F
100
AcDbEntity
  8
VISIBLE
100
AcDbCircle
 10
-1.066306427553242
 20
1.14943437247186
 30
0.0
 40
0.0108300000000037
  0
CIRCLE
  5
100004AF
102
{ACAD_XDICTIONARY
360
100004B0
102
}
330
1F
100
AcDbEntity
  8
VISIBLE
100
AcDbCircle
 10
-1.125368041465131
 20
1.14943437247186
 30
0.0
 40
0.0108300000000124
  0
CIRCLE
  5
100004B5
102
{ACAD_XDICTIONARY
360
100004B6
102
}
330
1F
100
AcDbEntity
  8
VISIBLE
100
AcDbCircle
 10
-1.125368041464167
 20
1.267544372471859
 30
0.0
 40
0.0108300000000124
  0
CIRCLE
  5
100004BB
102
{ACAD_XDICTIONARY
360
100004BC
102
}
330
1F
100
AcDbEntity
  8
VISIBLE
100
AcDbCircle
 10
-1.139146427553201
 20
0.9958943724718596
 30
0.0
 40
0.0078799999999676
  0
CIRCLE
  5
100004C1
102
{ACAD_XDICTIONARY
360
100004C2
102
}
330
1F
100
AcDbEntity
  8
VISIBLE
100
AcDbCircle
 10
-1.154896427553241
 20
1.208484372471859
 30
0.0
 40
0.0108300000000124
  0
CIRCLE
  5
100004C7
102
{ACAD_XDICTIONARY
360
100004C8
102
}
330
1F
100
AcDbEntity
  8
VISIBLE
100
AcDbCircle
 10
-1.0663064275532
 20
1.267544372471859
 30
0.0
 40
0.0108299999999774
  0
CIRCLE
  5
100004CD
102
{ACAD_XDICTIONARY
360
100004CE
102
}
330
1F
100
AcDbEntity
  8
VISIBLE
100
AcDbCircle
 10
-1.087966427553241
 20
0.9958943724718596
 30
0.0
 40
0.007879999999985
  0
CIRCLE
  5
100004D3
102
{ACAD_XDICTIONARY
360
100004D4
102
}
330
1F
100
AcDbEntity
  8
VISIBLE
100
AcDbCircle
 10
-1.095836427553242
 20
1.208484372471859
 30
0.0
 40
0.0108300000000037
  0
CIRCLE
  5
100004D9
102
{ACAD_XDICTIONARY
360
100004DA
102
}
330
1F
100
AcDbEntity
  8
VISIBLE
100
AcDbCircle
 10
-1.107646427553241
 20
1.051004372471859
 30
0.0
 40
0.0078800000000113
  0
CIRCLE
  5
100004DF
102
{ACAD_XDICTIONARY
360
100004E0
102
}
330
1F
100
AcDbEntity
  8
VISIBLE
100
AcDbCircle
 10
-0.8891464275532412
 20
1.14943437247186
 30
0.0
 40
0.0108300000000124
  0
CIRCLE
  5
100004E5
102
{ACAD_XDICTIONARY
360
100004E6
102
}
330
1F
100
AcDbEntity
  8
VISIBLE
100
AcDbCircle
 10
-0.8792980544679079
 20
0.9958943724718596
 30
0.0
 40
0.0078799999999938
  0
CIRCLE
  5
100004EB
102
{ACAD_XDICTIONARY
360
100004EC
102
}
330
1F
100
AcDbEntity
  8
VISIBLE
100
AcDbCircle
 10
-0.8596164275532414
 20
1.208484372471859
 30
0.0
 40
0.0108300000000015
  0
CIRCLE
  5
100004F1
102
{ACAD_XDICTIONARY
360
100004F2
102
}
330
1F
100
AcDbEntity
  8
VISIBLE
100
AcDbCircle
 10
-0.8438664275532419
 20
1.051004372471859
 30
0.0
 40
0.0078799999999916
  0
CIRCLE
  5
100004F7
102
{ACAD_XDICTIONARY
360
100004F8
102
}
330
1F
100
AcDbEntity
  8
VISIBLE
100
AcDbCircle
 10
-0.8300880414651306
 20
1.14943437247186
 30
0.0
 40
0.0108300000000124
  0
CIRCLE
  5
100004FD
102
{ACAD_XDICTIONARY
360
100004FE
102
}
330
1F
100
AcDbEntity
  8
VISIBLE
100
AcDbCircle
 10
-0.8281180544679063
 20
0.9958943724718596
 30
0.0
 40
0.0078799999999938
  0
CIRCLE
  5
10000503
102
{ACAD_XDICTIONARY
360
10000504
102
}
330
1F
100
AcDbEntity
  8
VISIBLE
100
AcDbCircle
 10
-0.7926864275532405
 20
1.051004372471859
 30
0.0
 40
0.0078799999999938
  0
CIRCLE
  5
10000509
102
{ACAD_XDICTIONARY
360
1000050A
102
}
330
1F
100
AcDbEntity
  8
VISIBLE
100
AcDbCircle
 10
-0.7730064275532006
 20
0.9958943724718596
 30
0.0
 40
0.0078799999999807
  0
CIRCLE
  5
1000050F
102
{ACAD_XDICTIONARY
360
10000510
102
}
330
1F
100
AcDbEntity
  8
VISIBLE
100
AcDbCircle
 10
-0.9777264275532416
 20
1.208484372471859
 30
0.0
 40
0.0108300000000059
  0
CIRCLE
  5
10000515
102
{ACAD_XDICTIONARY
360
10000516
102
}
330
1F
100
AcDbEntity
  8
VISIBLE
100
AcDbCircle
 10
-0.9481964275532002
 20
1.267544372471859
 30
0.0
 40
0.0108299999999752
  0
CIRCLE
  5
1000051B
102
{ACAD_XDICTIONARY
360
1000051C
102
}
330
1F
100
AcDbEntity
  8
VISIBLE
100
AcDbCircle
 10
-0.9481964275532417
 20
1.14943437247186
 30
0.0
 40
0.0108299999999928
  0
CIRCLE
  5
10000521
102
{ACAD_XDICTIONARY
360
10000522
102
}
330
1F
100
AcDbEntity
  8
VISIBLE
100
AcDbCircle
 10
-0.9501664275532408
 20
1.051004372471859
 30
0.0
 40
0.0078800000000091
  0
CIRCLE
  5
10000527
102
{ACAD_XDICTIONARY
360
10000528
102
}
330
1F
100
AcDbEntity
  8
VISIBLE
100
AcDbCircle
 10
-0.9304864275532009
 20
0.9958943724718596
 30
0.0
 40
0.0078799999999698
  0
CIRCLE
  5
1000052D
102
{ACAD_XDICTIONARY
360
1000052E
102
}
330
1F
100
AcDbEntity
  8
VISIBLE
100
AcDbCircle
 10
-0.918668041465131
 20
1.208484372471859
 30
0.0
 40
0.0108300000000124
  0
CIRCLE
  5
10000533
102
{ACAD_XDICTIONARY
360
10000534
102
}
330
1F
100
AcDbEntity
  8
VISIBLE
100
AcDbCircle
 10
-0.8989864275531999
 20
1.051004372471859
 30
0.0
 40
0.0078799999999719
  0
CIRCLE
  5
10000539
102
{ACAD_XDICTIONARY
360
1000053A
102
}
330
1F
100
AcDbEntity
  8
VISIBLE
100
AcDbCircle
 10
-0.8891464275532412
 20
1.267544372471859
 30
0.0
 40
0.0108300000000124
  0
CIRCLE
  5
1000053F
102
{ACAD_XDICTIONARY
360
10000540
102
}
330
1F
100
AcDbEntity
  8
VISIBLE
100
AcDbCircle
 10
0.9521235724467592
 20
1.09304437247186
 30
0.0
 40
0.0177099999999928
  0
CIRCLE
  5
10000545
102
{ACAD_XDICTIONARY
360
10000546
102
}
330
1F
100
AcDbEntity
  8
VISIBLE
100
AcDbCircle
 10
0.8521235724467585
 20
1.043044372471859
 30
0.0
 40
0.0177099999999993
  0
CIRCLE
  5
1000054B
102
{ACAD_XDICTIONARY
360
1000054C
102
}
330
1F
100
AcDbEntity
  8
VISIBLE
100
AcDbCircle
 10
0.8521235724467585
 20
1.19383437247186
 30
0.0
 40
0.0639700000000063
  0
CIRCLE
  5
10000551
102
{ACAD_XDICTIONARY
360
10000552
102
}
330
1F
100
AcDbEntity
  8
VISIBLE
100
AcDbCircle
 10
1.077123572446758
 20
0.696984372471859
 30
0.0
 40
0.0216499999999908
  0
CIRCLE
  5
10000557
102
{ACAD_XDICTIONARY
360
10000558
102
}
330
1F
100
AcDbEntity
  8
VISIBLE
100
AcDbCircle
 10
1.202123572446759
 20
1.09304437247186
 30
0.0
 40
0.0177100000000102
  0
CIRCLE
  5
1000055D
102
{ACAD_XDICTIONARY
360
1000055E
102
}
330
1F
100
AcDbEntity
  8
VISIBLE
100
AcDbCircle
 10
1.489323572446759
 20
0.2784743724718599
 30
0.0
 40
0.0826699999999913
  0
CIRCLE
  5
10000563
102
{ACAD_XDICTIONARY
360
10000564
102
}
330
1F
100
AcDbEntity
  8
VISIBLE
100
AcDbCircle
 10
1.489323572446798
 20
-0.6349056275281398
 30
0.0
 40
0.082669999999976
  0
CIRCLE
  5
10000569
102
{ACAD_XDICTIONARY
360
1000056A
102
}
330
1F
100
AcDbEntity
  8
VISIBLE
100
AcDbCircle
 10
1.429483572446759
 20
-1.14868562752814
 30
0.0
 40
0.0118099999999916
  0
CIRCLE
  5
1000056F
102
{ACAD_XDICTIONARY
360
10000570
102
}
330
1F
100
AcDbEntity
  8
VISIBLE
100
AcDbCircle
 10
1.565693572446759
 20
1.35189437247186
 30
0.0
 40
0.0118099999999993
  0
CIRCLE
  5
10000575
102
{ACAD_XDICTIONARY
360
10000576
102
}
330
1F
100
AcDbEntity
  8
VISIBLE
100
AcDbCircle
 10
1.527913572446759
 20
-1.14868562752814
 30
0.0
 40
0.0118099999999927
  0
SPLINE
  5
1000057B
102
{ACAD_XDICTIONARY
360
1000057C
102
}
330
1F
100
AcDbEntity
  8
VISIBLE
100
AcDbSpline
210
0.0
220
0.0
230
1.0
 70
    12
 71
     4
 72
    19
 73
    14
 74
     0
 42
0.0000000001
 43
0.00000001
 40
0.0
 40
0.0
 40
0.0
 40
0.0
 40
0.0
 40
0.5160180057739849
 40
0.5160180057739849
 40
0.5160180057739849
 40
0.677345337182657
 40
0.677345337182657
 40
0.677345337182657
 40
0.8386726685913279
 40
0.8386726685913279
 40
0.8386726685913279
 40
1.0
 40
1.0
 40
1.0
 40
1.0
 40
1.0
 10
1.520033572446758
 20
1.479854372471859
 30
0.0
 41
1.0
 10
1.520031072446758
 20
1.487726872471859
 30
0.0
 41
1.0
 10
1.520028572446759
 20
1.495599372471859
 30
0.0
 41
1.0
 10
1.520026072446759
 20
1.503471872471859
 30
0.0
 41
1.0
 10
1.520022790849357
 20
1.513805622665285
 30
0.0
 41
1.0
 10
1.51919057639728
 20
1.516548559761505
 30
0.0
 41
0.9880338717106
 10
1.517228872345067
 20
1.518638350104341
 30
0.0
 41
1.0
 10
1.51296461229479
 20
1.521097435040993
 30
0.0
 41
1.0
 10
1.510173285896199
 20
1.521748590477181
 30
0.0
 41
0.9880338717106
 10
1.507382622344673
 20
1.521094600104497
 30
0.0
 41
1.0
 10
1.503120862294437
 20
1.518631185040796
 30
0.0
 41
1.0
 10
1.501161281945704
 20
1.51653940318737
 30
0.0
 41
0.9880338717106
 10
1.500332322446602
 20
1.513795622471938
 30
0.0
 41
1.0
 10
1.500333572446759
 20
1.511334372471859
 30
0.0
 41
1.0
  0
SPLINE
  5
1000057F
102
{ACAD_XDICTIONARY
360
10000580
102
}
330
1F
100
AcDbEntity
  8
VISIBLE
100
AcDbSpline
210
0.0
220
0.0
230
1.0
 70
    12
 71
     4
 72
    16
 73
    11
 74
     0
 42
0.0000000001
 43
0.00000001
 40
0.0
 40
0.0
 40
0.0
 40
0.0
 40
0.0
 40
0.5307076726272291
 40
0.5307076726272291
 40
0.5307076726272291
 40
0.765353836313615
 40
0.765353836313615
 40
0.765353836313615
 40
1.0
 40
1.0
 40
1.0
 40
1.0
 40
1.0
 10
1.500333572446759
 20
1.511334372471859
 30
0.0
 41
1.0
 10
1.500337570669436
 20
1.503461873090206
 30
0.0
 41
1.0
 10
1.500338572446759
 20
1.495589372471859
 30
0.0
 41
1.0
 10
1.500341072446759
 20
1.487716872471859
 30
0.0
 41
1.0
 10
1.500344677792389
 20
1.476363639068317
 30
0.0
 41
1.0
 10
1.502088055129348
 20
1.471740622921704
 30
0.0
 41
0.942809041602378
 10
1.506712839316641
 20
1.470002604706348
 30
0.0
 41
1.0
 10
1.513674305576876
 20
1.470006140240245
 30
0.0
 41
1.0
 10
1.518297321997192
 20
1.47174885515474
 30
0.0
 41
0.942809041602378
 10
1.520035340213216
 20
1.476373639341741
 30
0.0
 41
1.0
 10
1.520033572446758
 20
1.479854372471859
 30
0.0
 41
1.0
  0
CIRCLE
  5
10000583
102
{ACAD_XDICTIONARY
360
10000584
102
}
330
1F
100
AcDbEntity
  8
VISIBLE
100
AcDbCircle
 10
1.793253572446759
 20
1.35189437247186
 30
0.0
 40
0.0118099999999949
  0
CIRCLE
  5
10000589
102
{ACAD_XDICTIONARY
360
1000058A
102
}
330
1F
100
AcDbEntity
  8
VISIBLE
100
AcDbCircle
 10
1.82712357244672
 20
-1.39474562752814
 30
0.0
 40
0.0550000000000374
  0
CIRCLE
  5
1000058F
102
{ACAD_XDICTIONARY
360
10000590
102
}
330
1F
100
AcDbEntity
  8
VISIBLE
100
AcDbCircle
 10
1.827123572446759
 20
0.8887143724718596
 30
0.0
 40
0.0550000000000134
  0
ENDSEC
  0
SECTION
  2
OBJECTS
  0
DICTIONARY
  5
C
330
0
100
AcDbDictionary
  3
ACAD_GROUP
350
D
  3
ACAD_LAYOUT
350
1A
  3
ACAD_MATERIAL
350
43
  3
ACAD_MLEADERSTYLE
350
5B
  3
ACAD_MLINESTYLE
350
17
  3
ACAD_PLOTSETTINGS
350
19
  3
ACAD_SCALELIST
350
47
  3
ACAD_VISUALSTYLE
350
2A
  3
ACDBHEADERROUNDTRIPXREC
350
10000597
  3
ACDBVARIABLEDICTIONARY
350
100005B8
  3
DWGPROPS
350
100005BF
  3
ONSHAPE_DATA
350
10000001
  0
DICTIONARY
  5
100005C0
330
8
100
AcDbDictionary
280
     1
  3
ACAD_XREC_ROUNDTRIP
360
100005C1
  0
DICTIONARY
  5
10000595
330
1F
100
AcDbDictionary
280
     1
  3
ACAD_SORTENTS
360
10000596
  0
DICTIONARY
  5
1000005A
330
10000059
100
AcDbDictionary
280
     1
  3
BTDETID
360
1000005B
  3
BTPARTID
360
1000005C
  0
DICTIONARY
  5
1000005E
330
1000005D
100
AcDbDictionary
280
     1
  3
BTDETID
360
1000005F
  3
BTPARTID
360
10000060
  0
DICTIONARY
  5
10000062
330
10000061
100
AcDbDictionary
280
     1
  3
BTARCONSURFACERADIUS
360
10000065
  3
BTDETID
360
10000063
  3
BTOWNERFACEID_
360
10000064
  3
BTPARTID
360
10000066
  0
DICTIONARY
  5
10000068
330
10000067
100
AcDbDictionary
280
     1
  3
BTARCONSURFACERADIUS
360
1000006B
  3
BTDETID
360
10000069
  3
BTOWNERFACEID_
360
1000006A
  3
BTPARTID
360
1000006C
  0
DICTIONARY
  5
1000006E
330
1000006D
100
AcDbDictionary
280
     1
  3
BTARCONSURFACERADIUS
360
10000071
  3
BTDETID
360
1000006F
  3
BTOWNERFACEID_
360
10000070
  3
BTPARTID
360
10000072
  0
DICTIONARY
  5
10000074
330
10000073
100
AcDbDictionary
280
     1
  3
BTARCONSURFACERADIUS
360
10000077
  3
BTDETID
360
10000075
  3
BTOWNERFACEID_
360
10000076
  3
BTPARTID
360
10000078
  0
DICTIONARY
  5
1000007A
330
10000079
100
AcDbDictionary
280
     1
  3
BTARCONSURFACERADIUS
360
1000007D
  3
BTDETID
360
1000007B
  3
BTOWNERFACEID_
360
1000007C
  3
BTPARTID
360
1000007E
  0
DICTIONARY
  5
10000080
330
1000007F
100
AcDbDictionary
280
     1
  3
BTARCONSURFACERADIUS
360
10000083
  3
BTDETID
360
10000081
  3
BTOWNERFACEID_
360
10000082
  3
BTPARTID
360
10000084
  0
DICTIONARY
  5
10000086
330
10000085
100
AcDbDictionary
280
     1
  3
BTARCONSURFACERADIUS
360
10000089
  3
BTDETID
360
10000087
  3
BTOWNERFACEID_
360
10000088
  3
BTPARTID
360
1000008A
  0
DICTIONARY
  5
1000008C
330
1000008B
100
AcDbDictionary
280
     1
  3
BTARCONSURFACERADIUS
360
1000008F
  3
BTDETID
360
1000008D
  3
BTOWNERFACEID_
360
1000008E
  3
BTPARTID
360
10000090
  0
DICTIONARY
  5
10000092
330
10000091
100
AcDbDictionary
280
     1
  3
BTARCONSURFACERADIUS
360
10000095
  3
BTDETID
360
10000093
  3
BTOWNERFACEID_
360
10000094
  3
BTPARTID
360
10000096
  0
DICTIONARY
  5
10000098
330
10000097
100
AcDbDictionary
280
     1
  3
BTARCONSURFACERADIUS
360
1000009B
  3
BTDETID
360
10000099
  3
BTOWNERFACEID_
360
1000009A
  3
BTPARTID
360
1000009C
  0
DICTIONARY
  5
1000009E
330
1000009D
100
AcDbDictionary
280
     1
  3
BTARCONSURFACERADIUS
360
100000A1
  3
BTDETID
360
1000009F
  3
BTOWNERFACEID_
360
100000A0
  3
BTPARTID
360
100000A2
  0
DICTIONARY
  5
100000A4
330
100000A3
100
AcDbDictionary
280
     1
  3
BTARCONSURFACERADIUS
360
100000A7
  3
BTDETID
360
100000A5
  3
BTOWNERFACEID_
360
100000A6
  3
BTPARTID
360
100000A8
  0
DICTIONARY
  5
100000AA
330
100000A9
100
AcDbDictionary
280
     1
  3
BTARCONSURFACERADIUS
360
100000AD
  3
BTDETID
360
100000AB
  3
BTOWNERFACEID_
360
100000AC
  3
BTPARTID
360
100000AE
  0
DICTIONARY
  5
100000B0
330
100000AF
100
AcDbDictionary
280
     1
  3
BTARCONSURFACERADIUS
360
100000B3
  3
BTDETID
360
100000B1
  3
BTOWNERFACEID_
360
100000B2
  3
BTPARTID
360
100000B4
  0
DICTIONARY
  5
100000B6
330
100000B5
100
AcDbDictionary
280
     1
  3
BTARCONSURFACERADIUS
360
100000B9
  3
BTDETID
360
100000B7
  3
BTOWNERFACEID_
360
100000B8
  3
BTPARTID
360
100000BA
  0
DICTIONARY
  5
100000BC
330
100000BB
100
AcDbDictionary
280
     1
  3
BTARCONSURFACERADIUS
360
100000BF
  3
BTDETID
360
100000BD
  3
BTOWNERFACEID_
360
100000BE
  3
BTPARTID
360
100000C0
  0
DICTIONARY
  5
100000C2
330
100000C1
100
AcDbDictionary
280
     1
  3
BTARCONSURFACERADIUS
360
100000C5
  3
BTDETID
360
100000C3
  3
BTOWNERFACEID_
360
100000C4
  3
BTPARTID
360
100000C6
  0
DICTIONARY
  5
100000C8
330
100000C7
100
AcDbDictionary
280
     1
  3
BTARCONSURFACERADIUS
360
100000CB
  3
BTDETID
360
100000C9
  3
BTOWNERFACEID_
360
100000CA
  3
BTPARTID
360
100000CC
  0
DICTIONARY
  5
100000CE
330
100000CD
100
AcDbDictionary
280
     1
  3
BTARCONSURFACERADIUS
360
100000D1
  3
BTDETID
360
100000CF
  3
BTOWNERFACEID_
360
100000D0
  3
BTPARTID
360
100000D2
  0
DICTIONARY
  5
100000D4
330
100000D3
100
AcDbDictionary
280
     1
  3
BTARCONSURFACERADIUS
360
100000D7
  3
BTDETID
360
100000D5
  3
BTOWNERFACEID_
360
100000D6
  3
BTPARTID
360
100000D8
  0
DICTIONARY
  5
100000DA
330
100000D9
100
AcDbDictionary
280
     1
  3
BTARCONSURFACERADIUS
360
100000DD
  3
BTDETID
360
100000DB
  3
BTOWNERFACEID_
360
100000DC
  3
BTPARTID
360
100000DE
  0
DICTIONARY
  5
100000E0
330
100000DF
100
AcDbDictionary
280
     1
  3
BTARCONSURFACERADIUS
360
100000E3
  3
BTDETID
360
100000E1
  3
BTOWNERFACEID_
360
100000E2
  3
BTPARTID
360
100000E4
  0
DICTIONARY
  5
100000E6
330
100000E5
100
AcDbDictionary
280
     1
  3
BTARCONSURFACERADIUS
360
100000E9
  3
BTDETID
360
100000E7
  3
BTOWNERFACEID_
360
100000E8
  3
BTPARTID
360
100000EA
  0
DICTIONARY
  5
100000EC
330
100000EB
100
AcDbDictionary
280
     1
  3
BTARCONSURFACERADIUS
360
100000EF
  3
BTDETID
360
100000ED
  3
BTOWNERFACEID_
360
100000EE
  3
BTPARTID
360
100000F0
  0
DICTIONARY
  5
100000F2
330
100000F1
100
AcDbDictionary
280
     1
  3
BTARCONSURFACERADIUS
360
100000F5
  3
BTDETID
360
100000F3
  3
BTOWNERFACEID_
360
100000F4
  3
BTPARTID
360
100000F6
  0
DICTIONARY
  5
100000F8
330
100000F7
100
AcDbDictionary
280
     1
  3
BTARCONSURFACERADIUS
360
100000FB
  3
BTDETID
360
100000F9
  3
BTOWNERFACEID_
360
100000FA
  3
BTPARTID
360
100000FC
  0
DICTIONARY
  5
100000FE
330
100000FD
100
AcDbDictionary
280
     1
  3
BTARCONSURFACERADIUS
360
10000101
  3
BTDETID
360
100000FF
  3
BTOWNERFACEID_
360
10000100
  3
BTPARTID
360
10000102
  0
DICTIONARY
  5
10000104
330
10000103
100
AcDbDictionary
280
     1
  3
BTARCONSURFACERADIUS
360
10000107
  3
BTDETID
360
10000105
  3
BTOWNERFACEID_
360
10000106
  3
BTPARTID
360
10000108
  0
DICTIONARY
  5
1000010A
330
10000109
100
AcDbDictionary
280
     1
  3
BTARCONSURFACERADIUS
360
1000010D
  3
BTDETID
360
1000010B
  3
BTOWNERFACEID_
360
1000010C
  3
BTPARTID
360
1000010E
  0
DICTIONARY
  5
10000110
330
1000010F
100
AcDbDictionary
280
     1
  3
BTARCONSURFACERADIUS
360
10000113
  3
BTDETID
360
10000111
  3
BTOWNERFACEID_
360
10000112
  3
BTPARTID
360
10000114
  0
DICTIONARY
  5
10000116
330
10000115
100
AcDbDictionary
280
     1
  3
BTARCONSURFACERADIUS
360
10000119
  3
BTDETID
360
10000117
  3
BTOWNERFACEID_
360
10000118
  3
BTPARTID
360
1000011A
  0
DICTIONARY
  5
1000011C
330
1000011B
100
AcDbDictionary
280
     1
  3
BTARCONSURFACERADIUS
360
1000011F
  3
BTDETID
360
1000011D
  3
BTOWNERFACEID_
360
1000011E
  3
BTPARTID
360
10000120
  0
DICTIONARY
  5
10000122
330
10000121
100
AcDbDictionary
280
     1
  3
BTARCONSURFACERADIUS
360
10000125
  3
BTDETID
360
10000123
  3
BTOWNERFACEID_
360
10000124
  3
BTPARTID
360
10000126
  0
DICTIONARY
  5
10000128
330
10000127
100
AcDbDictionary
280
     1
  3
BTDETID
360
10000129
  3
BTPARTID
360
1000012A
  0
DICTIONARY
  5
1000012C
330
1000012B
100
AcDbDictionary
280
     1
  3
BTDETID
360
1000012D
  3
BTPARTID
360
1000012E
  0
DICTIONARY
  5
10000130
330
1000012F
100
AcDbDictionary
280
     1
  3
BTDETID
360
10000131
  3
BTPARTID
360
10000132
  0
DICTIONARY
  5
10000134
330
10000133
100
AcDbDictionary
280
     1
  3
BTDETID
360
10000135
  3
BTPARTID
360
10000136
  0
DICTIONARY
  5
10000138
330
10000137
100
AcDbDictionary
280
     1
  3
BTDETID
360
10000139
  3
BTPARTID
360
1000013A
  0
DICTIONARY
  5
1000013C
330
1000013B
100
AcDbDictionary
280
     1
  3
BTDETID
360
1000013D
  3
BTPARTID
360
1000013E
  0
DICTIONARY
  5
10000140
330
1000013F
100
AcDbDictionary
280
     1
  3
BTDETID
360
10000141
  3
BTPARTID
360
10000142
  0
DICTIONARY
  5
10000144
330
10000143
100
AcDbDictionary
280
     1
  3
BTDETID
360
10000145
  3
BTPARTID
360
10000146
  0
DICTIONARY
  5
10000148
330
10000147
100
AcDbDictionary
280
     1
  3
BTARCONSURFACERADIUS
360
1000014B
  3
BTDETID
360
10000149
  3
BTOWNERFACEID_
360
1000014A
  3
BTPARTID
360
1000014C
  0
DICTIONARY
  5
1000014E
330
1000014D
100
AcDbDictionary
280
     1
  3
BTARCONSURFACERADIUS
360
10000151
  3
BTDETID
360
1000014F
  3
BTOWNERFACEID_
360
10000150
  3
BTPARTID
360
10000152
  0
DICTIONARY
  5
10000154
330
10000153
100
AcDbDictionary
280
     1
  3
BTDETID
360
10000155
  3
BTPARTID
360
10000156
  0
DICTIONARY
  5
10000158
330
10000157
100
AcDbDictionary
280
     1
  3
BTDETID
360
10000159
  3
BTPARTID
360
1000015A
  0
DICTIONARY
  5
1000015C
330
1000015B
100
AcDbDictionary
280
     1
  3
BTARCONSURFACERADIUS
360
1000015F
  3
BTDETID
360
1000015D
  3
BTOWNERFACEID_
360
1000015E
  3
BTPARTID
360
10000160
  0
DICTIONARY
  5
10000162
330
10000161
100
AcDbDictionary
280
     1
  3
BTARCONSURFACERADIUS
360
10000165
  3
BTDETID
360
10000163
  3
BTOWNERFACEID_
360
10000164
  3
BTPARTID
360
10000166
  0
DICTIONARY
  5
10000168
330
10000167
100
AcDbDictionary
280
     1
  3
BTDETID
360
10000169
  3
BTPARTID
360
1000016A
  0
DICTIONARY
  5
1000016C
330
1000016B
100
AcDbDictionary
280
     1
  3
BTARCONSURFACERADIUS
360
1000016F
  3
BTDETID
360
1000016D
  3
BTOWNERFACEID_
360
1000016E
  3
BTPARTID
360
10000170
  0
DICTIONARY
  5
10000172
330
10000171
100
AcDbDictionary
280
     1
  3
BTDETID
360
10000173
  3
BTPARTID
360
10000174
  0
DICTIONARY
  5
10000176
330
10000175
100
AcDbDictionary
280
     1
  3
BTDETID
360
10000177
  3
BTPARTID
360
10000178
  0
DICTIONARY
  5
1000017A
330
10000179
100
AcDbDictionary
280
     1
  3
BTARCONSURFACERADIUS
360
1000017D
  3
BTDETID
360
1000017B
  3
BTOWNERFACEID_
360
1000017C
  3
BTPARTID
360
1000017E
  0
DICTIONARY
  5
10000180
330
1000017F
100
AcDbDictionary
280
     1
  3
BTDETID
360
10000181
  3
BTPARTID
360
10000182
  0
DICTIONARY
  5
10000184
330
10000183
100
AcDbDictionary
280
     1
  3
BTARCONSURFACERADIUS
360
10000187
  3
BTDETID
360
10000185
  3
BTOWNERFACEID_
360
10000186
  3
BTPARTID
360
10000188
  0
DICTIONARY
  5
1000018A
330
10000189
100
AcDbDictionary
280
     1
  3
BTARCONSURFACERADIUS
360
1000018D
  3
BTDETID
360
1000018B
  3
BTOWNERFACEID_
360
1000018C
  3
BTPARTID
360
1000018E
  0
DICTIONARY
  5
10000190
330
1000018F
100
AcDbDictionary
280
     1
  3
BTARCONSURFACERADIUS
360
10000193
  3
BTDETID
360
10000191
  3
BTOWNERFACEID_
360
10000192
  3
BTPARTID
360
10000194
  0
DICTIONARY
  5
10000196
330
10000195
100
AcDbDictionary
280
     1
  3
BTARCONSURFACERADIUS
360
10000199
  3
BTDETID
360
10000197
  3
BTOWNERFACEID_
360
10000198
  3
BTPARTID
360
1000019A
  0
DICTIONARY
  5
1000019C
330
1000019B
100
AcDbDictionary
280
     1
  3
BTARCONSURFACERADIUS
360
1000019F
  3
BTDETID
360
1000019D
  3
BTOWNERFACEID_
360
1000019E
  3
BTPARTID
360
100001A0
  0
DICTIONARY
  5
100001A2
330
100001A1
100
AcDbDictionary
280
     1
  3
BTARCONSURFACERADIUS
360
100001A5
  3
BTDETID
360
100001A3
  3
BTOWNERFACEID_
360
100001A4
  3
BTPARTID
360
100001A6
  0
DICTIONARY
  5
100001A8
330
100001A7
100
AcDbDictionary
280
     1
  3
BTARCONSURFACERADIUS
360
100001AB
  3
BTDETID
360
100001A9
  3
BTOWNERFACEID_
360
100001AA
  3
BTPARTID
360
100001AC
  0
DICTIONARY
  5
100001AE
330
100001AD
100
AcDbDictionary
280
     1
  3
BTARCONSURFACERADIUS
360
100001B1
  3
BTDETID
360
100001AF
  3
BTOWNERFACEID_
360
100001B0
  3
BTPARTID
360
100001B2
  0
DICTIONARY
  5
100001B4
330
100001B3
100
AcDbDictionary
280
     1
  3
BTARCONSURFACERADIUS
360
100001B7
  3
BTDETID
360
100001B5
  3
BTOWNERFACEID_
360
100001B6
  3
BTPARTID
360
100001B8
  0
DICTIONARY
  5
100001BA
330
100001B9
100
AcDbDictionary
280
     1
  3
BTARCONSURFACERADIUS
360
100001BD
  3
BTDETID
360
100001BB
  3
BTOWNERFACEID_
360
100001BC
  3
BTPARTID
360
100001BE
  0
DICTIONARY
  5
100001C0
330
100001BF
100
AcDbDictionary
280
     1
  3
BTARCONSURFACERADIUS
360
100001C3
  3
BTDETID
360
100001C1
  3
BTOWNERFACEID_
360
100001C2
  3
BTPARTID
360
100001C4
  0
DICTIONARY
  5
100001C6
330
100001C5
100
AcDbDictionary
280
     1
  3
BTARCONSURFACERADIUS
360
100001C9
  3
BTDETID
360
100001C7
  3
BTOWNERFACEID_
360
100001C8
  3
BTPARTID
360
100001CA
  0
DICTIONARY
  5
100001CC
330
100001CB
100
AcDbDictionary
280
     1
  3
BTARCONSURFACERADIUS
360
100001CF
  3
BTDETID
360
100001CD
  3
BTOWNERFACEID_
360
100001CE
  3
BTPARTID
360
100001D0
  0
DICTIONARY
  5
100001D2
330
100001D1
100
AcDbDictionary
280
     1
  3
BTARCONSURFACERADIUS
360
100001D5
  3
BTDETID
360
100001D3
  3
BTOWNERFACEID_
360
100001D4
  3
BTPARTID
360
100001D6
  0
DICTIONARY
  5
100001D8
330
100001D7
100
AcDbDictionary
280
     1
  3
BTARCONSURFACERADIUS
360
100001DB
  3
BTDETID
360
100001D9
  3
BTOWNERFACEID_
360
100001DA
  3
BTPARTID
360
100001DC
  0
DICTIONARY
  5
100001DE
330
100001DD
100
AcDbDictionary
280
     1
  3
BTARCONSURFACERADIUS
360
100001E1
  3
BTDETID
360
100001DF
  3
BTOWNERFACEID_
360
100001E0
  3
BTPARTID
360
100001E2
  0
DICTIONARY
  5
100001E4
330
100001E3
100
AcDbDictionary
280
     1
  3
BTARCONSURFACERADIUS
360
100001E7
  3
BTDETID
360
100001E5
  3
BTOWNERFACEID_
360
100001E6
  3
BTPARTID
360
100001E8
  0
DICTIONARY
  5
100001EA
330
100001E9
100
AcDbDictionary
280
     1
  3
BTARCONSURFACERADIUS
360
100001ED
  3
BTDETID
360
100001EB
  3
BTOWNERFACEID_
360
100001EC
  3
BTPARTID
360
100001EE
  0
DICTIONARY
  5
100001F0
330
100001EF
100
AcDbDictionary
280
     1
  3
BTARCONSURFACERADIUS
360
100001F3
  3
BTDETID
360
100001F1
  3
BTOWNERFACEID_
360
100001F2
  3
BTPARTID
360
100001F4
  0
DICTIONARY
  5
100001F6
330
100001F5
100
AcDbDictionary
280
     1
  3
BTARCONSURFACERADIUS
360
100001F9
  3
BTDETID
360
100001F7
  3
BTOWNERFACEID_
360
100001F8
  3
BTPARTID
360
100001FA
  0
DICTIONARY
  5
100001FC
330
100001FB
100
AcDbDictionary
280
     1
  3
BTARCONSURFACERADIUS
360
100001FF
  3
BTDETID
360
100001FD
  3
BTOWNERFACEID_
360
100001FE
  3
BTPARTID
360
10000200
  0
DICTIONARY
  5
10000202
330
10000201
100
AcDbDictionary
280
     1
  3
BTARCONSURFACERADIUS
360
10000205
  3
BTDETID
360
10000203
  3
BTOWNERFACEID_
360
10000204
  3
BTPARTID
360
10000206
  0
DICTIONARY
  5
10000208
330
10000207
100
AcDbDictionary
280
     1
  3
BTDETID
360
10000209
  3
BTPARTID
360
1000020A
  0
DICTIONARY
  5
1000020C
330
1000020B
100
AcDbDictionary
280
     1
  3
BTDETID
360
1000020D
  3
BTPARTID
360
1000020E
  0
DICTIONARY
  5
10000210
330
1000020F
100
AcDbDictionary
280
     1
  3
BTDETID
360
10000211
  3
BTPARTID
360
10000212
  0
DICTIONARY
  5
10000214
330
10000213
100
AcDbDictionary
280
     1
  3
BTDETID
360
10000215
  3
BTPARTID
360
10000216
  0
DICTIONARY
  5
10000218
330
10000217
100
AcDbDictionary
280
     1
  3
BTDETID
360
10000219
  3
BTPARTID
360
1000021A
  0
DICTIONARY
  5
1000021C
330
1000021B
100
AcDbDictionary
280
     1
  3
BTDETID
360
1000021D
  3
BTPARTID
360
1000021E
  0
DICTIONARY
  5
10000220
330
1000021F
100
AcDbDictionary
280
     1
  3
BTDETID
360
10000221
  3
BTPARTID
360
10000222
  0
DICTIONARY
  5
10000224
330
10000223
100
AcDbDictionary
280
     1
  3
BTDETID
360
10000225
  3
BTPARTID
360
10000226
  0
DICTIONARY
  5
10000228
330
10000227
100
AcDbDictionary
280
     1
  3
BTARCONSURFACERADIUS
360
1000022B
  3
BTDETID
360
10000229
  3
BTOWNERFACEID_
360
1000022A
  3
BTPARTID
360
1000022C
  0
DICTIONARY
  5
1000022E
330
1000022D
100
AcDbDictionary
280
     1
  3
BTARCONSURFACERADIUS
360
10000231
  3
BTDETID
360
1000022F
  3
BTOWNERFACEID_
360
10000230
  3
BTPARTID
360
10000232
  0
DICTIONARY
  5
10000234
330
10000233
100
AcDbDictionary
280
     1
  3
BTARCONSURFACERADIUS
360
10000237
  3
BTDETID
360
10000235
  3
BTOWNERFACEID_
360
10000236
  3
BTPARTID
360
10000238
  0
DICTIONARY
  5
1000023A
330
10000239
100
AcDbDictionary
280
     1
  3
BTARCONSURFACERADIUS
360
1000023D
  3
BTDETID
360
1000023B
  3
BTOWNERFACEID_
360
1000023C
  3
BTPARTID
360
1000023E
  0
DICTIONARY
  5
10000240
330
1000023F
100
AcDbDictionary
280
     1
  3
BTARCONSURFACERADIUS
360
10000243
  3
BTDETID
360
10000241
  3
BTOWNERFACEID_
360
10000242
  3
BTPARTID
360
10000244
  0
DICTIONARY
  5
10000246
330
10000245
100
AcDbDictionary
280
     1
  3
BTARCONSURFACERADIUS
360
10000249
  3
BTDETID
360
10000247
  3
BTOWNERFACEID_
360
10000248
  3
BTPARTID
360
1000024A
  0
DICTIONARY
  5
1000024C
330
1000024B
100
AcDbDictionary
280
     1
  3
BTARCONSURFACERADIUS
360
1000024F
  3
BTDETID
360
1000024D
  3
BTOWNERFACEID_
360
1000024E
  3
BTPARTID
360
10000250
  0
DICTIONARY
  5
10000252
330
10000251
100
AcDbDictionary
280
     1
  3
BTARCONSURFACERADIUS
360
10000255
  3
BTDETID
360
10000253
  3
BTOWNERFACEID_
360
10000254
  3
BTPARTID
360
10000256
  0
DICTIONARY
  5
10000258
330
10000257
100
AcDbDictionary
280
     1
  3
BTARCONSURFACERADIUS
360
1000025B
  3
BTDETID
360
10000259
  3
BTOWNERFACEID_
360
1000025A
  3
BTPARTID
360
1000025C
  0
DICTIONARY
  5
1000025E
330
1000025D
100
AcDbDictionary
280
     1
  3
BTARCONSURFACERADIUS
360
10000261
  3
BTDETID
360
1000025F
  3
BTOWNERFACEID_
360
10000260
  3
BTPARTID
360
10000262
  0
DICTIONARY
  5
10000264
330
10000263
100
AcDbDictionary
280
     1
  3
BTARCONSURFACERADIUS
360
10000267
  3
BTDETID
360
10000265
  3
BTOWNERFACEID_
360
10000266
  3
BTPARTID
360
10000268
  0
DICTIONARY
  5
1000026A
330
10000269
100
AcDbDictionary
280
     1
  3
BTARCONSURFACERADIUS
360
1000026D
  3
BTDETID
360
1000026B
  3
BTOWNERFACEID_
360
1000026C
  3
BTPARTID
360
1000026E
  0
DICTIONARY
  5
10000270
330
1000026F
100
AcDbDictionary
280
     1
  3
BTARCONSURFACERADIUS
360
10000273
  3
BTDETID
360
10000271
  3
BTOWNERFACEID_
360
10000272
  3
BTPARTID
360
10000274
  0
DICTIONARY
  5
10000276
330
10000275
100
AcDbDictionary
280
     1
  3
BTARCONSURFACERADIUS
360
10000279
  3
BTDETID
360
10000277
  3
BTOWNERFACEID_
360
10000278
  3
BTPARTID
360
1000027A
  0
DICTIONARY
  5
1000027C
330
1000027B
100
AcDbDictionary
280
     1
  3
BTARCONSURFACERADIUS
360
1000027F
  3
BTDETID
360
1000027D
  3
BTOWNERFACEID_
360
1000027E
  3
BTPARTID
360
10000280
  0
DICTIONARY
  5
10000282
330
10000281
100
AcDbDictionary
280
     1
  3
BTARCONSURFACERADIUS
360
10000285
  3
BTDETID
360
10000283
  3
BTOWNERFACEID_
360
10000284
  3
BTPARTID
360
10000286
  0
DICTIONARY
  5
10000288
330
10000287
100
AcDbDictionary
280
     1
  3
BTARCONSURFACERADIUS
360
1000028B
  3
BTDETID
360
10000289
  3
BTOWNERFACEID_
360
1000028A
  3
BTPARTID
360
1000028C
  0
DICTIONARY
  5
1000028E
330
1000028D
100
AcDbDictionary
280
     1
  3
BTARCONSURFACERADIUS
360
10000291
  3
BTDETID
360
1000028F
  3
BTOWNERFACEID_
360
10000290
  3
BTPARTID
360
10000292
  0
DICTIONARY
  5
10000294
330
10000293
100
AcDbDictionary
280
     1
  3
BTARCONSURFACERADIUS
360
10000297
  3
BTDETID
360
10000295
  3
BTOWNERFACEID_
360
10000296
  3
BTPARTID
360
10000298
  0
DICTIONARY
  5
1000029A
330
10000299
100
AcDbDictionary
280
     1
  3
BTARCONSURFACERADIUS
360
1000029D
  3
BTDETID
360
1000029B
  3
BTOWNERFACEID_
360
1000029C
  3
BTPARTID
360
1000029E
  0
DICTIONARY
  5
100002A0
330
1000029F
100
AcDbDictionary
280
     1
  3
BTARCONSURFACERADIUS
360
100002A3
  3
BTDETID
360
100002A1
  3
BTOWNERFACEID_
360
100002A2
  3
BTPARTID
360
100002A4
  0
DICTIONARY
  5
100002A6
330
100002A5
100
AcDbDictionary
280
     1
  3
BTARCONSURFACERADIUS
360
100002A9
  3
BTDETID
360
100002A7
  3
BTOWNERFACEID_
360
100002A8
  3
BTPARTID
360
100002AA
  0
DICTIONARY
  5
100002AC
330
100002AB
100
AcDbDictionary
280
     1
  3
BTARCONSURFACERADIUS
360
100002AF
  3
BTDETID
360
100002AD
  3
BTOWNERFACEID_
360
100002AE
  3
BTPARTID
360
100002B0
  0
DICTIONARY
  5
100002B2
330
100002B1
100
AcDbDictionary
280
     1
  3
BTARCONSURFACERADIUS
360
100002B5
  3
BTDETID
360
100002B3
  3
BTOWNERFACEID_
360
100002B4
  3
BTPARTID
360
100002B6
  0
DICTIONARY
  5
100002B8
330
100002B7
100
AcDbDictionary
280
     1
  3
BTARCONSURFACERADIUS
360
100002BB
  3
BTDETID
360
100002B9
  3
BTOWNERFACEID_
360
100002BA
  3
BTPARTID
360
100002BC
  0
DICTIONARY
  5
100002BE
330
100002BD
100
AcDbDictionary
280
     1
  3
BTARCONSURFACERADIUS
360
100002C1
  3
BTDETID
360
100002BF
  3
BTOWNERFACEID_
360
100002C0
  3
BTPARTID
360
100002C2
  0
DICTIONARY
  5
100002C4
330
100002C3
100
AcDbDictionary
280
     1
  3
BTARCONSURFACERADIUS
360
100002C7
  3
BTDETID
360
100002C5
  3
BTOWNERFACEID_
360
100002C6
  3
BTPARTID
360
100002C8
  0
DICTIONARY
  5
100002CA
330
100002C9
100
AcDbDictionary
280
     1
  3
BTARCONSURFACERADIUS
360
100002CD
  3
BTDETID
360
100002CB
  3
BTOWNERFACEID_
360
100002CC
  3
BTPARTID
360
100002CE
  0
DICTIONARY
  5
100002D0
330
100002CF
100
AcDbDictionary
280
     1
  3
BTARCONSURFACERADIUS
360
100002D3
  3
BTDETID
360
100002D1
  3
BTOWNERFACEID_
360
100002D2
  3
BTPARTID
360
100002D4
  0
DICTIONARY
  5
100002D6
330
100002D5
100
AcDbDictionary
280
     1
  3
BTARCONSURFACERADIUS
360
100002D9
  3
BTDETID
360
100002D7
  3
BTOWNERFACEID_
360
100002D8
  3
BTPARTID
360
100002DA
  0
DICTIONARY
  5
100002DC
330
100002DB
100
AcDbDictionary
280
     1
  3
BTARCONSURFACERADIUS
360
100002DF
  3
BTDETID
360
100002DD
  3
BTOWNERFACEID_
360
100002DE
  3
BTPARTID
360
100002E0
  0
DICTIONARY
  5
100002E2
330
100002E1
100
AcDbDictionary
280
     1
  3
BTARCONSURFACERADIUS
360
100002E5
  3
BTDETID
360
100002E3
  3
BTOWNERFACEID_
360
100002E4
  3
BTPARTID
360
100002E6
  0
DICTIONARY
  5
100002E8
330
100002E7
100
AcDbDictionary
280
     1
  3
BTARCONSURFACERADIUS
360
100002EB
  3
BTDETID
360
100002E9
  3
BTOWNERFACEID_
360
100002EA
  3
BTPARTID
360
100002EC
  0
DICTIONARY
  5
100002EE
330
100002ED
100
AcDbDictionary
280
     1
  3
BTARCONSURFACERADIUS
360
100002F1
  3
BTDETID
360
100002EF
  3
BTOWNERFACEID_
360
100002F0
  3
BTPARTID
360
100002F2
  0
DICTIONARY
  5
100002F4
330
100002F3
100
AcDbDictionary
280
     1
  3
BTARCONSURFACERADIUS
360
100002F7
  3
BTDETID
360
100002F5
  3
BTOWNERFACEID_
360
100002F6
  3
BTPARTID
360
100002F8
  0
DICTIONARY
  5
100002FA
330
100002F9
100
AcDbDictionary
280
     1
  3
BTARCONSURFACERADIUS
360
100002FD
  3
BTDETID
360
100002FB
  3
BTOWNERFACEID_
360
100002FC
  3
BTPARTID
360
100002FE
  0
DICTIONARY
  5
10000300
330
100002FF
100
AcDbDictionary
280
     1
  3
BTARCONSURFACERADIUS
360
10000303
  3
BTDETID
360
10000301
  3
BTOWNERFACEID_
360
10000302
  3
BTPARTID
360
10000304
  0
DICTIONARY
  5
10000306
330
10000305
100
AcDbDictionary
280
     1
  3
BTARCONSURFACERADIUS
360
10000309
  3
BTDETID
360
10000307
  3
BTOWNERFACEID_
360
10000308
  3
BTPARTID
360
1000030A
  0
DICTIONARY
  5
1000030C
330
1000030B
100
AcDbDictionary
280
     1
  3
BTARCONSURFACERADIUS
360
1000030F
  3
BTDETID
360
1000030D
  3
BTOWNERFACEID_
360
1000030E
  3
BTPARTID
360
10000310
  0
DICTIONARY
  5
10000312
330
10000311
100
AcDbDictionary
280
     1
  3
BTARCONSURFACERADIUS
360
10000315
  3
BTDETID
360
10000313
  3
BTOWNERFACEID_
360
10000314
  3
BTPARTID
360
10000316
  0
DICTIONARY
  5
10000318
330
10000317
100
AcDbDictionary
280
     1
  3
BTARCONSURFACERADIUS
360
1000031B
  3
BTDETID
360
10000319
  3
BTOWNERFACEID_
360
1000031A
  3
BTPARTID
360
1000031C
  0
DICTIONARY
  5
1000031E
330
1000031D
100
AcDbDictionary
280
     1
  3
BTARCONSURFACERADIUS
360
10000321
  3
BTDETID
360
1000031F
  3
BTOWNERFACEID_
360
10000320
  3
BTPARTID
360
10000322
  0
DICTIONARY
  5
10000324
330
10000323
100
AcDbDictionary
280
     1
  3
BTARCONSURFACERADIUS
360
10000327
  3
BTDETID
360
10000325
  3
BTOWNERFACEID_
360
10000326
  3
BTPARTID
360
10000328
  0
DICTIONARY
  5
1000032A
330
10000329
100
AcDbDictionary
280
     1
  3
BTARCONSURFACERADIUS
360
1000032D
  3
BTDETID
360
1000032B
  3
BTOWNERFACEID_
360
1000032C
  3
BTPARTID
360
1000032E
  0
DICTIONARY
  5
10000330
330
1000032F
100
AcDbDictionary
280
     1
  3
BTARCONSURFACERADIUS
360
10000333
  3
BTDETID
360
10000331
  3
BTOWNERFACEID_
360
10000332
  3
BTPARTID
360
10000334
  0
DICTIONARY
  5
10000336
330
10000335
100
AcDbDictionary
280
     1
  3
BTARCONSURFACERADIUS
360
10000339
  3
BTDETID
360
10000337
  3
BTOWNERFACEID_
360
10000338
  3
BTPARTID
360
1000033A
  0
DICTIONARY
  5
1000033C
330
1000033B
100
AcDbDictionary
280
     1
  3
BTARCONSURFACERADIUS
360
1000033F
  3
BTDETID
360
1000033D
  3
BTOWNERFACEID_
360
1000033E
  3
BTPARTID
360
10000340
  0
DICTIONARY
  5
10000342
330
10000341
100
AcDbDictionary
280
     1
  3
BTARCONSURFACERADIUS
360
10000345
  3
BTDETID
360
10000343
  3
BTOWNERFACEID_
360
10000344
  3
BTPARTID
360
10000346
  0
DICTIONARY
  5
10000348
330
10000347
100
AcDbDictionary
280
     1
  3
BTARCONSURFACERADIUS
360
1000034B
  3
BTDETID
360
10000349
  3
BTOWNERFACEID_
360
1000034A
  3
BTPARTID
360
1000034C
  0
DICTIONARY
  5
1000034E
330
1000034D
100
AcDbDictionary
280
     1
  3
BTARCONSURFACERADIUS
360
10000351
  3
BTDETID
360
1000034F
  3
BTOWNERFACEID_
360
10000350
  3
BTPARTID
360
10000352
  0
DICTIONARY
  5
10000354
330
10000353
100
AcDbDictionary
280
     1
  3
BTARCONSURFACERADIUS
360
10000357
  3
BTDETID
360
10000355
  3
BTOWNERFACEID_
360
10000356
  3
BTPARTID
360
10000358
  0
DICTIONARY
  5
1000035A
330
10000359
100
AcDbDictionary
280
     1
  3
BTARCONSURFACERADIUS
360
1000035D
  3
BTDETID
360
1000035B
  3
BTOWNERFACEID_
360
1000035C
  3
BTPARTID
360
1000035E
  0
DICTIONARY
  5
10000360
330
1000035F
100
AcDbDictionary
280
     1
  3
BTARCONSURFACERADIUS
360
10000363
  3
BTDETID
360
10000361
  3
BTOWNERFACEID_
360
10000362
  3
BTPARTID
360
10000364
  0
DICTIONARY
  5
10000366
330
10000365
100
AcDbDictionary
280
     1
  3
BTARCONSURFACERADIUS
360
10000369
  3
BTDETID
360
10000367
  3
BTOWNERFACEID_
360
10000368
  3
BTPARTID
360
1000036A
  0
DICTIONARY
  5
1000036C
330
1000036B
100
AcDbDictionary
280
     1
  3
BTARCONSURFACERADIUS
360
1000036F
  3
BTDETID
360
1000036D
  3
BTOWNERFACEID_
360
1000036E
  3
BTPARTID
360
10000370
  0
DICTIONARY
  5
10000372
330
10000371
100
AcDbDictionary
280
     1
  3
BTARCONSURFACERADIUS
360
10000375
  3
BTDETID
360
10000373
  3
BTOWNERFACEID_
360
10000374
  3
BTPARTID
360
10000376
  0
DICTIONARY
  5
10000378
330
10000377
100
AcDbDictionary
280
     1
  3
BTARCONSURFACERADIUS
360
1000037B
  3
BTDETID
360
10000379
  3
BTOWNERFACEID_
360
1000037A
  3
BTPARTID
360
1000037C
  0
DICTIONARY
  5
1000037E
330
1000037D
100
AcDbDictionary
280
     1
  3
BTARCONSURFACERADIUS
360
10000381
  3
BTDETID
360
1000037F
  3
BTOWNERFACEID_
360
10000380
  3
BTPARTID
360
10000382
  0
DICTIONARY
  5
10000384
330
10000383
100
AcDbDictionary
280
     1
  3
BTARCONSURFACERADIUS
360
10000387
  3
BTDETID
360
10000385
  3
BTOWNERFACEID_
360
10000386
  3
BTPARTID
360
10000388
  0
DICTIONARY
  5
1000038A
330
10000389
100
AcDbDictionary
280
     1
  3
BTARCONSURFACERADIUS
360
1000038D
  3
BTDETID
360
1000038B
  3
BTOWNERFACEID_
360
1000038C
  3
BTPARTID
360
1000038E
  0
DICTIONARY
  5
10000390
330
1000038F
100
AcDbDictionary
280
     1
  3
BTARCONSURFACERADIUS
360
10000393
  3
BTDETID
360
10000391
  3
BTOWNERFACEID_
360
10000392
  3
BTPARTID
360
10000394
  0
DICTIONARY
  5
10000396
330
10000395
100
AcDbDictionary
280
     1
  3
BTARCONSURFACERADIUS
360
10000399
  3
BTDETID
360
10000397
  3
BTOWNERFACEID_
360
10000398
  3
BTPARTID
360
1000039A
  0
DICTIONARY
  5
1000039C
330
1000039B
100
AcDbDictionary
280
     1
  3
BTARCONSURFACERADIUS
360
1000039F
  3
BTDETID
360
1000039D
  3
BTOWNERFACEID_
360
1000039E
  3
BTPARTID
360
100003A0
  0
DICTIONARY
  5
100003A2
330
100003A1
100
AcDbDictionary
280
     1
  3
BTARCONSURFACERADIUS
360
100003A5
  3
BTDETID
360
100003A3
  3
BTOWNERFACEID_
360
100003A4
  3
BTPARTID
360
100003A6
  0
DICTIONARY
  5
100003A8
330
100003A7
100
AcDbDictionary
280
     1
  3
BTARCONSURFACERADIUS
360
100003AB
  3
BTDETID
360
100003A9
  3
BTOWNERFACEID_
360
100003AA
  3
BTPARTID
360
100003AC
  0
DICTIONARY
  5
100003AE
330
100003AD
100
AcDbDictionary
280
     1
  3
BTARCONSURFACERADIUS
360
100003B1
  3
BTDETID
360
100003AF
  3
BTOWNERFACEID_
360
100003B0
  3
BTPARTID
360
100003B2
  0
DICTIONARY
  5
100003B4
330
100003B3
100
AcDbDictionary
280
     1
  3
BTARCONSURFACERADIUS
360
100003B7
  3
BTDETID
360
100003B5
  3
BTOWNERFACEID_
360
100003B6
  3
BTPARTID
360
100003B8
  0
DICTIONARY
  5
100003BA
330
100003B9
100
AcDbDictionary
280
     1
  3
BTARCONSURFACERADIUS
360
100003BD
  3
BTDETID
360
100003BB
  3
BTOWNERFACEID_
360
100003BC
  3
BTPARTID
360
100003BE
  0
DICTIONARY
  5
100003C0
330
100003BF
100
AcDbDictionary
280
     1
  3
BTARCONSURFACERADIUS
360
100003C3
  3
BTDETID
360
100003C1
  3
BTOWNERFACEID_
360
100003C2
  3
BTPARTID
360
100003C4
  0
DICTIONARY
  5
100003C6
330
100003C5
100
AcDbDictionary
280
     1
  3
BTARCONSURFACERADIUS
360
100003C9
  3
BTDETID
360
100003C7
  3
BTOWNERFACEID_
360
100003C8
  3
BTPARTID
360
100003CA
  0
DICTIONARY
  5
100003CC
330
100003CB
100
AcDbDictionary
280
     1
  3
BTARCONSURFACERADIUS
360
100003CF
  3
BTDETID
360
100003CD
  3
BTOWNERFACEID_
360
100003CE
  3
BTPARTID
360
100003D0
  0
DICTIONARY
  5
100003D2
330
100003D1
100
AcDbDictionary
280
     1
  3
BTARCONSURFACERADIUS
360
100003D5
  3
BTDETID
360
100003D3
  3
BTOWNERFACEID_
360
100003D4
  3
BTPARTID
360
100003D6
  0
DICTIONARY
  5
100003D8
330
100003D7
100
AcDbDictionary
280
     1
  3
BTARCONSURFACERADIUS
360
100003DB
  3
BTDETID
360
100003D9
  3
BTOWNERFACEID_
360
100003DA
  3
BTPARTID
360
100003DC
  0
DICTIONARY
  5
100003DE
330
100003DD
100
AcDbDictionary
280
     1
  3
BTARCONSURFACERADIUS
360
100003E1
  3
BTDETID
360
100003DF
  3
BTOWNERFACEID_
360
100003E0
  3
BTPARTID
360
100003E2
  0
DICTIONARY
  5
100003E4
330
100003E3
100
AcDbDictionary
280
     1
  3
BTARCONSURFACERADIUS
360
100003E7
  3
BTDETID
360
100003E5
  3
BTOWNERFACEID_
360
100003E6
  3
BTPARTID
360
100003E8
  0
DICTIONARY
  5
100003EA
330
100003E9
100
AcDbDictionary
280
     1
  3
BTARCONSURFACERADIUS
360
100003ED
  3
BTDETID
360
100003EB
  3
BTOWNERFACEID_
360
100003EC
  3
BTPARTID
360
100003EE
  0
DICTIONARY
  5
100003F0
330
100003EF
100
AcDbDictionary
280
     1
  3
BTARCONSURFACERADIUS
360
100003F3
  3
BTDETID
360
100003F1
  3
BTOWNERFACEID_
360
100003F2
  3
BTPARTID
360
100003F4
  0
DICTIONARY
  5
100003F6
330
100003F5
100
AcDbDictionary
280
     1
  3
BTARCONSURFACERADIUS
360
100003F9
  3
BTDETID
360
100003F7
  3
BTOWNERFACEID_
360
100003F8
  3
BTPARTID
360
100003FA
  0
DICTIONARY
  5
100003FC
330
100003FB
100
AcDbDictionary
280
     1
  3
BTARCONSURFACERADIUS
360
100003FF
  3
BTDETID
360
100003FD
  3
BTOWNERFACEID_
360
100003FE
  3
BTPARTID
360
10000400
  0
DICTIONARY
  5
10000402
330
10000401
100
AcDbDictionary
280
     1
  3
BTARCONSURFACERADIUS
360
10000405
  3
BTDETID
360
10000403
  3
BTOWNERFACEID_
360
10000404
  3
BTPARTID
360
10000406
  0
DICTIONARY
  5
10000408
330
10000407
100
AcDbDictionary
280
     1
  3
BTARCONSURFACERADIUS
360
1000040B
  3
BTDETID
360
10000409
  3
BTOWNERFACEID_
360
1000040A
  3
BTPARTID
360
1000040C
  0
DICTIONARY
  5
1000040E
330
1000040D
100
AcDbDictionary
280
     1
  3
BTARCONSURFACERADIUS
360
10000411
  3
BTDETID
360
1000040F
  3
BTOWNERFACEID_
360
10000410
  3
BTPARTID
360
10000412
  0
DICTIONARY
  5
10000414
330
10000413
100
AcDbDictionary
280
     1
  3
BTARCONSURFACERADIUS
360
10000417
  3
BTDETID
360
10000415
  3
BTOWNERFACEID_
360
10000416
  3
BTPARTID
360
10000418
  0
DICTIONARY
  5
1000041A
330
10000419
100
AcDbDictionary
280
     1
  3
BTARCONSURFACERADIUS
360
1000041D
  3
BTDETID
360
1000041B
  3
BTOWNERFACEID_
360
1000041C
  3
BTPARTID
360
1000041E
  0
DICTIONARY
  5
10000420
330
1000041F
100
AcDbDictionary
280
     1
  3
BTARCONSURFACERADIUS
360
10000423
  3
BTDETID
360
10000421
  3
BTOWNERFACEID_
360
10000422
  3
BTPARTID
360
10000424
  0
DICTIONARY
  5
10000426
330
10000425
100
AcDbDictionary
280
     1
  3
BTARCONSURFACERADIUS
360
10000429
  3
BTDETID
360
10000427
  3
BTOWNERFACEID_
360
10000428
  3
BTPARTID
360
1000042A
  0
DICTIONARY
  5
1000042C
330
1000042B
100
AcDbDictionary
280
     1
  3
BTARCONSURFACERADIUS
360
1000042F
  3
BTDETID
360
1000042D
  3
BTOWNERFACEID_
360
1000042E
  3
BTPARTID
360
10000430
  0
DICTIONARY
  5
10000432
330
10000431
100
AcDbDictionary
280
     1
  3
BTARCONSURFACERADIUS
360
10000435
  3
BTDETID
360
10000433
  3
BTOWNERFACEID_
360
10000434
  3
BTPARTID
360
10000436
  0
DICTIONARY
  5
10000438
330
10000437
100
AcDbDictionary
280
     1
  3
BTARCONSURFACERADIUS
360
1000043B
  3
BTDETID
360
10000439
  3
BTOWNERFACEID_
360
1000043A
  3
BTPARTID
360
1000043C
  0
DICTIONARY
  5
1000043E
330
1000043D
100
AcDbDictionary
280
     1
  3
BTARCONSURFACERADIUS
360
10000441
  3
BTDETID
360
1000043F
  3
BTOWNERFACEID_
360
10000440
  3
BTPARTID
360
10000442
  0
DICTIONARY
  5
10000444
330
10000443
100
AcDbDictionary
280
     1
  3
BTARCONSURFACERADIUS
360
10000447
  3
BTDETID
360
10000445
  3
BTOWNERFACEID_
360
10000446
  3
BTPARTID
360
10000448
  0
DICTIONARY
  5
1000044A
330
10000449
100
AcDbDictionary
280
     1
  3
BTARCONSURFACERADIUS
360
1000044D
  3
BTDETID
360
1000044B
  3
BTOWNERFACEID_
360
1000044C
  3
BTPARTID
360
1000044E
  0
DICTIONARY
  5
10000450
330
1000044F
100
AcDbDictionary
280
     1
  3
BTARCONSURFACERADIUS
360
10000453
  3
BTDETID
360
10000451
  3
BTOWNERFACEID_
360
10000452
  3
BTPARTID
360
10000454
  0
DICTIONARY
  5
10000456
330
10000455
100
AcDbDictionary
280
     1
  3
BTARCONSURFACERADIUS
360
10000459
  3
BTDETID
360
10000457
  3
BTOWNERFACEID_
360
10000458
  3
BTPARTID
360
1000045A
  0
DICTIONARY
  5
1000045C
330
1000045B
100
AcDbDictionary
280
     1
  3
BTARCONSURFACERADIUS
360
1000045F
  3
BTDETID
360
1000045D
  3
BTOWNERFACEID_
360
1000045E
  3
BTPARTID
360
10000460
  0
DICTIONARY
  5
10000462
330
10000461
100
AcDbDictionary
280
     1
  3
BTARCONSURFACERADIUS
360
10000465
  3
BTDETID
360
10000463
  3
BTOWNERFACEID_
360
10000464
  3
BTPARTID
360
10000466
  0
DICTIONARY
  5
10000468
330
10000467
100
AcDbDictionary
280
     1
  3
BTARCONSURFACERADIUS
360
1000046B
  3
BTDETID
360
10000469
  3
BTOWNERFACEID_
360
1000046A
  3
BTPARTID
360
1000046C
  0
DICTIONARY
  5
1000046E
330
1000046D
100
AcDbDictionary
280
     1
  3
BTARCONSURFACERADIUS
360
10000471
  3
BTDETID
360
1000046F
  3
BTOWNERFACEID_
360
10000470
  3
BTPARTID
360
10000472
  0
DICTIONARY
  5
10000474
330
10000473
100
AcDbDictionary
280
     1
  3
BTARCONSURFACERADIUS
360
10000477
  3
BTDETID
360
10000475
  3
BTOWNERFACEID_
360
10000476
  3
BTPARTID
360
10000478
  0
DICTIONARY
  5
1000047A
330
10000479
100
AcDbDictionary
280
     1
  3
BTARCONSURFACERADIUS
360
1000047D
  3
BTDETID
360
1000047B
  3
BTOWNERFACEID_
360
1000047C
  3
BTPARTID
360
1000047E
  0
DICTIONARY
  5
10000480
330
1000047F
100
AcDbDictionary
280
     1
  3
BTARCONSURFACERADIUS
360
10000483
  3
BTDETID
360
10000481
  3
BTOWNERFACEID_
360
10000482
  3
BTPARTID
360
10000484
  0
DICTIONARY
  5
10000486
330
10000485
100
AcDbDictionary
280
     1
  3
BTARCONSURFACERADIUS
360
10000489
  3
BTDETID
360
10000487
  3
BTOWNERFACEID_
360
10000488
  3
BTPARTID
360
1000048A
  0
DICTIONARY
  5
1000048C
330
1000048B
100
AcDbDictionary
280
     1
  3
BTARCONSURFACERADIUS
360
1000048F
  3
BTDETID
360
1000048D
  3
BTOWNERFACEID_
360
1000048E
  3
BTPARTID
360
10000490
  0
DICTIONARY
  5
10000492
330
10000491
100
AcDbDictionary
280
     1
  3
BTARCONSURFACERADIUS
360
10000495
  3
BTDETID
360
10000493
  3
BTOWNERFACEID_
360
10000494
  3
BTPARTID
360
10000496
  0
DICTIONARY
  5
10000498
330
10000497
100
AcDbDictionary
280
     1
  3
BTARCONSURFACERADIUS
360
1000049B
  3
BTDETID
360
10000499
  3
BTOWNERFACEID_
360
1000049A
  3
BTPARTID
360
1000049C
  0
DICTIONARY
  5
1000049E
330
1000049D
100
AcDbDictionary
280
     1
  3
BTARCONSURFACERADIUS
360
100004A1
  3
BTDETID
360
1000049F
  3
BTOWNERFACEID_
360
100004A0
  3
BTPARTID
360
100004A2
  0
DICTIONARY
  5
100004A4
330
100004A3
100
AcDbDictionary
280
     1
  3
BTARCONSURFACERADIUS
360
100004A7
  3
BTDETID
360
100004A5
  3
BTOWNERFACEID_
360
100004A6
  3
BTPARTID
360
100004A8
  0
DICTIONARY
  5
100004AA
330
100004A9
100
AcDbDictionary
280
     1
  3
BTARCONSURFACERADIUS
360
100004AD
  3
BTDETID
360
100004AB
  3
BTOWNERFACEID_
360
100004AC
  3
BTPARTID
360
100004AE
  0
DICTIONARY
  5
100004B0
330
100004AF
100
AcDbDictionary
280
     1
  3
BTARCONSURFACERADIUS
360
100004B3
  3
BTDETID
360
100004B1
  3
BTOWNERFACEID_
360
100004B2
  3
BTPARTID
360
100004B4
  0
DICTIONARY
  5
100004B6
330
100004B5
100
AcDbDictionary
280
     1
  3
BTARCONSURFACERADIUS
360
100004B9
  3
BTDETID
360
100004B7
  3
BTOWNERFACEID_
360
100004B8
  3
BTPARTID
360
100004BA
  0
DICTIONARY
  5
100004BC
330
100004BB
100
AcDbDictionary
280
     1
  3
BTARCONSURFACERADIUS
360
100004BF
  3
BTDETID
360
100004BD
  3
BTOWNERFACEID_
360
100004BE
  3
BTPARTID
360
100004C0
  0
DICTIONARY
  5
100004C2
330
100004C1
100
AcDbDictionary
280
     1
  3
BTARCONSURFACERADIUS
360
100004C5
  3
BTDETID
360
100004C3
  3
BTOWNERFACEID_
360
100004C4
  3
BTPARTID
360
100004C6
  0
DICTIONARY
  5
100004C8
330
100004C7
100
AcDbDictionary
280
     1
  3
BTARCONSURFACERADIUS
360
100004CB
  3
BTDETID
360
100004C9
  3
BTOWNERFACEID_
360
100004CA
  3
BTPARTID
360
100004CC
  0
DICTIONARY
  5
100004CE
330
100004CD
100
AcDbDictionary
280
     1
  3
BTARCONSURFACERADIUS
360
100004D1
  3
BTDETID
360
100004CF
  3
BTOWNERFACEID_
360
100004D0
  3
BTPARTID
360
100004D2
  0
DICTIONARY
  5
100004D4
330
100004D3
100
AcDbDictionary
280
     1
  3
BTARCONSURFACERADIUS
360
100004D7
  3
BTDETID
360
100004D5
  3
BTOWNERFACEID_
360
100004D6
  3
BTPARTID
360
100004D8
  0
DICTIONARY
  5
100004DA
330
100004D9
100
AcDbDictionary
280
     1
  3
BTARCONSURFACERADIUS
360
100004DD
  3
BTDETID
360
100004DB
  3
BTOWNERFACEID_
360
100004DC
  3
BTPARTID
360
100004DE
  0
DICTIONARY
  5
100004E0
330
100004DF
100
AcDbDictionary
280
     1
  3
BTARCONSURFACERADIUS
360
100004E3
  3
BTDETID
360
100004E1
  3
BTOWNERFACEID_
360
100004E2
  3
BTPARTID
360
100004E4
  0
DICTIONARY
  5
100004E6
330
100004E5
100
AcDbDictionary
280
     1
  3
BTARCONSURFACERADIUS
360
100004E9
  3
BTDETID
360
100004E7
  3
BTOWNERFACEID_
360
100004E8
  3
BTPARTID
360
100004EA
  0
DICTIONARY
  5
100004EC
330
100004EB
100
AcDbDictionary
280
     1
  3
BTARCONSURFACERADIUS
360
100004EF
  3
BTDETID
360
100004ED
  3
BTOWNERFACEID_
360
100004EE
  3
BTPARTID
360
100004F0
  0
DICTIONARY
  5
100004F2
330
100004F1
100
AcDbDictionary
280
     1
  3
BTARCONSURFACERADIUS
360
100004F5
  3
BTDETID
360
100004F3
  3
BTOWNERFACEID_
360
100004F4
  3
BTPARTID
360
100004F6
  0
DICTIONARY
  5
100004F8
330
100004F7
100
AcDbDictionary
280
     1
  3
BTARCONSURFACERADIUS
360
100004FB
  3
BTDETID
360
100004F9
  3
BTOWNERFACEID_
360
100004FA
  3
BTPARTID
360
100004FC
  0
DICTIONARY
  5
100004FE
330
100004FD
100
AcDbDictionary
280
     1
  3
BTARCONSURFACERADIUS
360
10000501
  3
BTDETID
360
100004FF
  3
BTOWNERFACEID_
360
10000500
  3
BTPARTID
360
10000502
  0
DICTIONARY
  5
10000504
330
10000503
100
AcDbDictionary
280
     1
  3
BTARCONSURFACERADIUS
360
10000507
  3
BTDETID
360
10000505
  3
BTOWNERFACEID_
360
10000506
  3
BTPARTID
360
10000508
  0
DICTIONARY
  5
1000050A
330
10000509
100
AcDbDictionary
280
     1
  3
BTARCONSURFACERADIUS
360
1000050D
  3
BTDETID
360
1000050B
  3
BTOWNERFACEID_
360
1000050C
  3
BTPARTID
360
1000050E
  0
DICTIONARY
  5
10000510
330
1000050F
100
AcDbDictionary
280
     1
  3
BTARCONSURFACERADIUS
360
10000513
  3
BTDETID
360
10000511
  3
BTOWNERFACEID_
360
10000512
  3
BTPARTID
360
10000514
  0
DICTIONARY
  5
10000516
330
10000515
100
AcDbDictionary
280
     1
  3
BTARCONSURFACERADIUS
360
10000519
  3
BTDETID
360
10000517
  3
BTOWNERFACEID_
360
10000518
  3
BTPARTID
360
1000051A
  0
DICTIONARY
  5
1000051C
330
1000051B
100
AcDbDictionary
280
     1
  3
BTARCONSURFACERADIUS
360
1000051F
  3
BTDETID
360
1000051D
  3
BTOWNERFACEID_
360
1000051E
  3
BTPARTID
360
10000520
  0
DICTIONARY
  5
10000522
330
10000521
100
AcDbDictionary
280
     1
  3
BTARCONSURFACERADIUS
360
10000525
  3
BTDETID
360
10000523
  3
BTOWNERFACEID_
360
10000524
  3
BTPARTID
360
10000526
  0
DICTIONARY
  5
10000528
330
10000527
100
AcDbDictionary
280
     1
  3
BTARCONSURFACERADIUS
360
1000052B
  3
BTDETID
360
10000529
  3
BTOWNERFACEID_
360
1000052A
  3
BTPARTID
360
1000052C
  0
DICTIONARY
  5
1000052E
330
1000052D
100
AcDbDictionary
280
     1
  3
BTARCONSURFACERADIUS
360
10000531
  3
BTDETID
360
1000052F
  3
BTOWNERFACEID_
360
10000530
  3
BTPARTID
360
10000532
  0
DICTIONARY
  5
10000534
330
10000533
100
AcDbDictionary
280
     1
  3
BTARCONSURFACERADIUS
360
10000537
  3
BTDETID
360
10000535
  3
BTOWNERFACEID_
360
10000536
  3
BTPARTID
360
10000538
  0
DICTIONARY
  5
1000053A
330
10000539
100
AcDbDictionary
280
     1
  3
BTARCONSURFACERADIUS
360
1000053D
  3
BTDETID
360
1000053B
  3
BTOWNERFACEID_
360
1000053C
  3
BTPARTID
360
1000053E
  0
DICTIONARY
  5
10000540
330
1000053F
100
AcDbDictionary
280
     1
  3
BTARCONSURFACERADIUS
360
10000543
  3
BTDETID
360
10000541
  3
BTOWNERFACEID_
360
10000542
  3
BTPARTID
360
10000544
  0
DICTIONARY
  5
10000546
330
10000545
100
AcDbDictionary
280
     1
  3
BTARCONSURFACERADIUS
360
10000549
  3
BTDETID
360
10000547
  3
BTOWNERFACEID_
360
10000548
  3
BTPARTID
360
1000054A
  0
DICTIONARY
  5
1000054C
330
1000054B
100
AcDbDictionary
280
     1
  3
BTARCONSURFACERADIUS
360
1000054F
  3
BTDETID
360
1000054D
  3
BTOWNERFACEID_
360
1000054E
  3
BTPARTID
360
10000550
  0
DICTIONARY
  5
10000552
330
10000551
100
AcDbDictionary
280
     1
  3
BTARCONSURFACERADIUS
360
10000555
  3
BTDETID
360
10000553
  3
BTOWNERFACEID_
360
10000554
  3
BTPARTID
360
10000556
  0
DICTIONARY
  5
10000558
330
10000557
100
AcDbDictionary
280
     1
  3
BTARCONSURFACERADIUS
360
1000055B
  3
BTDETID
360
10000559
  3
BTOWNERFACEID_
360
1000055A
  3
BTPARTID
360
1000055C
  0
DICTIONARY
  5
1000055E
330
1000055D
100
AcDbDictionary
280
     1
  3
BTARCONSURFACERADIUS
360
10000561
  3
BTDETID
360
1000055F
  3
BTOWNERFACEID_
360
10000560
  3
BTPARTID
360
10000562
  0
DICTIONARY
  5
10000564
330
10000563
100
AcDbDictionary
280
     1
  3
BTARCONSURFACERADIUS
360
10000567
  3
BTDETID
360
10000565
  3
BTOWNERFACEID_
360
10000566
  3
BTPARTID
360
10000568
  0
DICTIONARY
  5
1000056A
330
10000569
100
AcDbDictionary
280
     1
  3
BTARCONSURFACERADIUS
360
1000056D
  3
BTDETID
360
1000056B
  3
BTOWNERFACEID_
360
1000056C
  3
BTPARTID
360
1000056E
  0
DICTIONARY
  5
10000570
330
1000056F
100
AcDbDictionary
280
     1
  3
BTARCONSURFACERADIUS
360
10000573
  3
BTDETID
360
10000571
  3
BTOWNERFACEID_
360
10000572
  3
BTPARTID
360
10000574
  0
DICTIONARY
  5
10000576
330
10000575
100
AcDbDictionary
280
     1
  3
BTARCONSURFACERADIUS
360
10000579
  3
BTDETID
360
10000577
  3
BTOWNERFACEID_
360
10000578
  3
BTPARTID
360
1000057A
  0
DICTIONARY
  5
1000057C
330
1000057B
100
AcDbDictionary
280
     1
  3
BTDETID
360
1000057D
  3
BTPARTID
360
1000057E
  0
DICTIONARY
  5
10000580
330
1000057F
100
AcDbDictionary
280
     1
  3
BTDETID
360
10000581
  3
BTPARTID
360
10000582
  0
DICTIONARY
  5
10000584
330
10000583
100
AcDbDictionary
280
     1
  3
BTARCONSURFACERADIUS
360
10000587
  3
BTDETID
360
10000585
  3
BTOWNERFACEID_
360
10000586
  3
BTPARTID
360
10000588
  0
DICTIONARY
  5
1000058A
330
10000589
100
AcDbDictionary
280
     1
  3
BTARCONSURFACERADIUS
360
1000058D
  3
BTDETID
360
1000058B
  3
BTOWNERFACEID_
360
1000058C
  3
BTPARTID
360
1000058E
  0
DICTIONARY
  5
10000590
330
1000058F
100
AcDbDictionary
280
     1
  3
BTARCONSURFACERADIUS
360
10000593
  3
BTDETID
360
10000591
  3
BTOWNERFACEID_
360
10000592
  3
BTPARTID
360
10000594
  0
DICTIONARY
  5
D
102
{ACAD_REACTORS
330
C
102
}
330
C
100
AcDbDictionary
  0
DICTIONARY
  5
1A
102
{ACAD_REACTORS
330
C
102
}
330
C
100
AcDbDictionary
  0
DICTIONARY
  5
43
102
{ACAD_REACTORS
330
C
102
}
330
C
100
AcDbDictionary
  3
BYBLOCK
350
45
  3
BYLAYER
350
44
  3
GLOBAL
350
46
  0
DICTIONARY
  5
5B
102
{ACAD_REACTORS
330
C
102
}
330
C
100
AcDbDictionary
  3
STANDARD
350
5C
  0
DICTIONARY
  5
17
102
{ACAD_REACTORS
330
C
102
}
330
C
100
AcDbDictionary
  3
STANDARD
350
18
  0
DICTIONARY
  5
19
102
{ACAD_REACTORS
330
C
102
}
330
C
100
AcDbDictionary
  0
DICTIONARY
  5
47
102
{ACAD_REACTORS
330
C
102
}
330
C
100
AcDbDictionary
  3
SCALE100_1
350
10000023
  3
SCALE10_1
350
1000001D
  3
SCALE12_1
350
1000001E
  3
SCALE16_1
350
1000001F
  3
SCALE1_1
350
10000006
  3
SCALE1_10
350
1000000D
  3
SCALE1_100
350
10000016
  3
SCALE1_12
350
1000000E
  3
SCALE1_16
350
1000000F
  3
SCALE1_2
350
10000007
  3
SCALE1_20
350
10000010
  3
SCALE1_25
350
10000011
  3
SCALE1_3
350
10000008
  3
SCALE1_32
350
10000012
  3
SCALE1_4
350
10000009
  3
SCALE1_40
350
10000013
  3
SCALE1_5
350
1000000A
  3
SCALE1_50
350
10000014
  3
SCALE1_6
350
1000000B
  3
SCALE1_8
350
1000000C
  3
SCALE1_80
350
10000015
  3
SCALE20_1
350
10000020
  3
SCALE2_1
350
10000017
  3
SCALE32_1
350
10000021
  3
SCALE3_1
350
10000018
  3
SCALE4_1
350
10000019
  3
SCALE50_1
350
10000022
  3
SCALE5_1
350
1000001A
  3
SCALE6_1
350
1000001B
  3
SCALE8_1
350
1000001C
  0
DICTIONARY
  5
2A
102
{ACAD_REACTORS
330
C
102
}
330
C
100
AcDbDictionary
  3
2DWIREFRAME
350
2F
  3
BASIC
350
32
  3
BRIGHTEN
350
36
  3
COLORCHANGE
350
3A
  3
CONCEPTUAL
350
34
  3
DIM
350
35
  3
EDGECOLOROFF
350
3D
  3
FACEPATTERN
350
39
  3
FLAT
350
2B
  3
FLATWITHEDGES
350
2C
  3
GOURAUD
350
2D
  3
GOURAUDWITHEDGES
350
2E
  3
HIDDEN
350
31
  3
JITTEROFF
350
3B
  3
LINEPATTERN
350
38
  3
OVERHANGOFF
350
3C
  3
REALISTIC
350
33
  3
SHADED
350
42
  3
SHADED_WITH_EDGES
350
41
  3
SHADES_OF_GRAY
350
3E
  3
SKETCHY
350
3F
  3
THICKEN
350
37
  3
WIREFRAME
350
30
  3
X-RAY
350
40
  0
DICTIONARY
  5
10000597
102
{ACAD_REACTORS
330
C
102
}
330
C
100
AcDbDictionary
  3
CEPSNID
350
100005A1
  3
CEPSNTYPE
350
100005A0
  3
DIMSTYLEDATA
350
100005B7
  3
FINGERPRINTGUID
350
100005A2
  3
HYPERLINKBASE
350
1000059A
  3
INSUNITS
350
1000059F
  3
LAYOUTDICT
350
1000059C
  3
LWETCUNION
350
1000059E
  3
PLOTSETDICT
350
1000059D
  3
PSVPSCALE
350
100005A4
  3
PUCSBASE
350
100005A7
  3
PUCSORGBACK
350
100005AD
  3
PUCSORGBOTTOM
350
100005A9
  3
PUCSORGFRONT
350
100005AC
  3
PUCSORGLEFT
350
100005AA
  3
PUCSORGRIGHT
350
100005AB
  3
PUCSORGTOP
350
100005A8
  3
PUCSORTHOREF
350
100005A5
  3
PUCSORTHOVIEW
350
100005A6
  3
STYLESHEET
350
1000059B
  3
TSTACKALIGN
350
10000598
  3
TSTACKSIZE
350
10000599
  3
UCSBASE
350
100005B0
  3
UCSORGBACK
350
100005B6
  3
UCSORGBOTTOM
350
100005B2
  3
UCSORGFRONT
350
100005B5
  3
UCSORGLEFT
350
100005B3
  3
UCSORGRIGHT
350
100005B4
  3
UCSORGTOP
350
100005B1
  3
UCSORTHOREF
350
100005AE
  3
UCSORTHOVIEW
350
100005AF
  3
VERSIONGUID
350
100005A3
  0
DICTIONARY
  5
100005B8
102
{ACAD_REACTORS
330
C
102
}
330
C
100
AcDbDictionary
  3
CANNOSCALE
350
100005C2
  3
CMLEADERSTYLE
350
100005BA
  3
CTABLESTYLE
350
100005B9
  3
DIMASSOC
350
100005BD
  3
HIDETEXT
350
100005BE
  3
MSLTSCALE
350
100005C3
  0
XRECORD
  5
100005BF
102
{ACAD_REACTORS
330
C
102
}
330
C
100
AcDbXrecord
  1
DWGPROPS COOKIE
  2

  3

  4

  6
File was created by BTDwgCreate
  7

  8
onshape
  9

300
=
301
=
302
=
303
=
304
=
305
=
306
=
307
=
308
=
309
=
 40
0.0
 41
2461183.106880463
 42
2461183.106880567
  1

 90
        0
  0
DICTIONARY
  5
10000001
102
{ACAD_REACTORS
330
C
102
}
330
C
100
AcDbDictionary
280
     1
  3
DIM_UNITS
360
10000003
  3
DWGGEN_VERSION
360
10000002
  3
FIRST_ANGLE
360
10000005
  0
XRECORD
  5
100005C1
102
{ACAD_REACTORS
330
100005C0
102
}
330
100005C0
100
AcDbXrecord
102
VTR_0.000_0.000_1.000_1.000_VISUALSTYLE
340
2F
102
VTR_0.000_0.000_1.000_1.000_GRIDDISPLAY
 70
     3
102
VTR_0.000_0.000_1.000_1.000_GRIDMAJOR
 70
     5
102
VTR_0.000_0.000_1.000_1.000_DEFAULTLIGHTING
280
     1
102
VTR_0.000_0.000_1.000_1.000_DEFAULTLIGHTINGTYPE
 70
     1
102
VTR_0.000_0.000_1.000_1.000_BRIGHTNESS
141
0.0
102
VTR_0.000_0.000_1.000_1.000_CONTRAST
142
0.0
  0
SORTENTSTABLE
  5
10000596
102
{ACAD_REACTORS
330
10000595
102
}
330
10000595
100
AcDbSortentsTable
330
1F
  0
XRECORD
  5
1000005B
102
{ACAD_REACTORS
330
1000005A
102
}
330
1000005A
100
AcDbXrecord
1000
KIpp
  0
XRECORD
  5
1000005C
102
{ACAD_REACTORS
330
1000005A
102
}
330
1000005A
100
AcDbXrecord
1000
JF/
  0
XRECORD
  5
1000005F
102
{ACAD_REACTORS
330
1000005E
102
}
330
1000005E
100
AcDbXrecord
1000
KItp
  0
XRECORD
  5
10000060
102
{ACAD_REACTORS
330
1000005E
102
}
330
1000005E
100
AcDbXrecord
1000
JF/
  0
XRECORD
  5
10000065
102
{ACAD_REACTORS
330
10000062
102
}
330
10000062
100
AcDbXrecord
 40
0.0118099999999883
  0
XRECORD
  5
10000063
102
{ACAD_REACTORS
330
10000062
102
}
330
10000062
100
AcDbXrecord
1000
KIlp
  0
XRECORD
  5
10000064
102
{ACAD_REACTORS
330
10000062
102
}
330
10000062
100
AcDbXrecord
1000
KIOG
  0
XRECORD
  5
10000066
102
{ACAD_REACTORS
330
10000062
102
}
330
10000062
100
AcDbXrecord
1000
JF/
  0
XRECORD
  5
1000006B
102
{ACAD_REACTORS
330
10000068
102
}
330
10000068
100
AcDbXrecord
 40
0.0216499999999874
  0
XRECORD
  5
10000069
102
{ACAD_REACTORS
330
10000068
102
}
330
10000068
100
AcDbXrecord
1000
KIhp
  0
XRECORD
  5
1000006A
102
{ACAD_REACTORS
330
10000068
102
}
330
10000068
100
AcDbXrecord
1000
KIOG
  0
XRECORD
  5
1000006C
102
{ACAD_REACTORS
330
10000068
102
}
330
10000068
100
AcDbXrecord
1000
JF/
  0
XRECORD
  5
10000071
102
{ACAD_REACTORS
330
1000006E
102
}
330
1000006E
100
AcDbXrecord
 40
0.0216499999999874
  0
XRECORD
  5
1000006F
102
{ACAD_REACTORS
330
1000006E
102
}
330
1000006E
100
AcDbXrecord
1000
KIdp
  0
XRECORD
  5
10000070
102
{ACAD_REACTORS
330
1000006E
102
}
330
1000006E
100
AcDbXrecord
1000
KIOG
  0
XRECORD
  5
10000072
102
{ACAD_REACTORS
330
1000006E
102
}
330
1000006E
100
AcDbXrecord
1000
JF/
  0
XRECORD
  5
10000077
102
{ACAD_REACTORS
330
10000074
102
}
330
10000074
100
AcDbXrecord
 40
0.0216499999999874
  0
XRECORD
  5
10000075
102
{ACAD_REACTORS
330
10000074
102
}
330
10000074
100
AcDbXrecord
1000
KIZp
  0
XRECORD
  5
10000076
102
{ACAD_REACTORS
330
10000074
102
}
330
10000074
100
AcDbXrecord
1000
KIOG
  0
XRECORD
  5
10000078
102
{ACAD_REACTORS
330
10000074
102
}
330
10000074
100
AcDbXrecord
1000
JF/
  0
XRECORD
  5
1000007D
102
{ACAD_REACTORS
330
1000007A
102
}
330
1000007A
100
AcDbXrecord
 40
0.0216499999999874
  0
XRECORD
  5
1000007B
102
{ACAD_REACTORS
330
1000007A
102
}
330
1000007A
100
AcDbXrecord
1000
KIVp
  0
XRECORD
  5
1000007C
102
{ACAD_REACTORS
330
1000007A
102
}
330
1000007A
100
AcDbXrecord
1000
KIOG
  0
XRECORD
  5
1000007E
102
{ACAD_REACTORS
330
1000007A
102
}
330
1000007A
100
AcDbXrecord
1000
JF/
  0
XRECORD
  5
10000083
102
{ACAD_REACTORS
330
10000080
102
}
330
10000080
100
AcDbXrecord
 40
0.0216499999999874
  0
XRECORD
  5
10000081
102
{ACAD_REACTORS
330
10000080
102
}
330
10000080
100
AcDbXrecord
1000
KIRp
  0
XRECORD
  5
10000082
102
{ACAD_REACTORS
330
10000080
102
}
330
10000080
100
AcDbXrecord
1000
KIOG
  0
XRECORD
  5
10000084
102
{ACAD_REACTORS
330
10000080
102
}
330
10000080
100
AcDbXrecord
1000
JF/
  0
XRECORD
  5
10000089
102
{ACAD_REACTORS
330
10000086
102
}
330
10000086
100
AcDbXrecord
 40
0.0216499999999874
  0
XRECORD
  5
10000087
102
{ACAD_REACTORS
330
10000086
102
}
330
10000086
100
AcDbXrecord
1000
KINp
  0
XRECORD
  5
10000088
102
{ACAD_REACTORS
330
10000086
102
}
330
10000086
100
AcDbXrecord
1000
KIOG
  0
XRECORD
  5
1000008A
102
{ACAD_REACTORS
330
10000086
102
}
330
10000086
100
AcDbXrecord
1000
JF/
  0
XRECORD
  5
1000008F
102
{ACAD_REACTORS
330
1000008C
102
}
330
1000008C
100
AcDbXrecord
 40
0.0216499999999874
  0
XRECORD
  5
1000008D
102
{ACAD_REACTORS
330
1000008C
102
}
330
1000008C
100
AcDbXrecord
1000
KIJp
  0
XRECORD
  5
1000008E
102
{ACAD_REACTORS
330
1000008C
102
}
330
1000008C
100
AcDbXrecord
1000
KIOG
  0
XRECORD
  5
10000090
102
{ACAD_REACTORS
330
1000008C
102
}
330
1000008C
100
AcDbXrecord
1000
JF/
  0
XRECORD
  5
10000095
102
{ACAD_REACTORS
330
10000092
102
}
330
10000092
100
AcDbXrecord
 40
0.0216499999999874
  0
XRECORD
  5
10000093
102
{ACAD_REACTORS
330
10000092
102
}
330
10000092
100
AcDbXrecord
1000
KIFp
  0
XRECORD
  5
10000094
102
{ACAD_REACTORS
330
10000092
102
}
330
10000092
100
AcDbXrecord
1000
KIOG
  0
XRECORD
  5
10000096
102
{ACAD_REACTORS
330
10000092
102
}
330
10000092
100
AcDbXrecord
1000
JF/
  0
XRECORD
  5
1000009B
102
{ACAD_REACTORS
330
10000098
102
}
330
10000098
100
AcDbXrecord
 40
0.0078799999999785
  0
XRECORD
  5
10000099
102
{ACAD_REACTORS
330
10000098
102
}
330
10000098
100
AcDbXrecord
1000
KIBp
  0
XRECORD
  5
1000009A
102
{ACAD_REACTORS
330
10000098
102
}
330
10000098
100
AcDbXrecord
1000
KIOG
  0
XRECORD
  5
1000009C
102
{ACAD_REACTORS
330
10000098
102
}
330
10000098
100
AcDbXrecord
1000
JF/
  0
XRECORD
  5
100000A1
102
{ACAD_REACTORS
330
1000009E
102
}
330
1000009E
100
AcDbXrecord
 40
0.0108299999999818
  0
XRECORD
  5
1000009F
102
{ACAD_REACTORS
330
1000009E
102
}
330
1000009E
100
AcDbXrecord
1000
KI9o
  0
XRECORD
  5
100000A0
102
{ACAD_REACTORS
330
1000009E
102
}
330
1000009E
100
AcDbXrecord
1000
KIOG
  0
XRECORD
  5
100000A2
102
{ACAD_REACTORS
330
1000009E
102
}
330
1000009E
100
AcDbXrecord
1000
JF/
  0
XRECORD
  5
100000A7
102
{ACAD_REACTORS
330
100000A4
102
}
330
100000A4
100
AcDbXrecord
 40
0.010830000000008
  0
XRECORD
  5
100000A5
102
{ACAD_REACTORS
330
100000A4
102
}
330
100000A4
100
AcDbXrecord
1000
KI5o
  0
XRECORD
  5
100000A6
102
{ACAD_REACTORS
330
100000A4
102
}
330
100000A4
100
AcDbXrecord
1000
KIOG
  0
XRECORD
  5
100000A8
102
{ACAD_REACTORS
330
100000A4
102
}
330
100000A4
100
AcDbXrecord
1000
JF/
  0
XRECORD
  5
100000AD
102
{ACAD_REACTORS
330
100000AA
102
}
330
100000AA
100
AcDbXrecord
 40
0.0078799999999894
  0
XRECORD
  5
100000AB
102
{ACAD_REACTORS
330
100000AA
102
}
330
100000AA
100
AcDbXrecord
1000
KI1o
  0
XRECORD
  5
100000AC
102
{ACAD_REACTORS
330
100000AA
102
}
330
100000AA
100
AcDbXrecord
1000
KIOG
  0
XRECORD
  5
100000AE
102
{ACAD_REACTORS
330
100000AA
102
}
330
100000AA
100
AcDbXrecord
1000
JF/
  0
XRECORD
  5
100000B3
102
{ACAD_REACTORS
330
100000B0
102
}
330
100000B0
100
AcDbXrecord
 40
0.0216499999999874
  0
XRECORD
  5
100000B1
102
{ACAD_REACTORS
330
100000B0
102
}
330
100000B0
100
AcDbXrecord
1000
KIxo
  0
XRECORD
  5
100000B2
102
{ACAD_REACTORS
330
100000B0
102
}
330
100000B0
100
AcDbXrecord
1000
KIOG
  0
XRECORD
  5
100000B4
102
{ACAD_REACTORS
330
100000B0
102
}
330
100000B0
100
AcDbXrecord
1000
JF/
  0
XRECORD
  5
100000B9
102
{ACAD_REACTORS
330
100000B6
102
}
330
100000B6
100
AcDbXrecord
 40
0.007879999999996
  0
XRECORD
  5
100000B7
102
{ACAD_REACTORS
330
100000B6
102
}
330
100000B6
100
AcDbXrecord
1000
KIto
  0
XRECORD
  5
100000B8
102
{ACAD_REACTORS
330
100000B6
102
}
330
100000B6
100
AcDbXrecord
1000
KIOG
  0
XRECORD
  5
100000BA
102
{ACAD_REACTORS
330
100000B6
102
}
330
100000B6
100
AcDbXrecord
1000
JF/
  0
XRECORD
  5
100000BF
102
{ACAD_REACTORS
330
100000BC
102
}
330
100000BC
100
AcDbXrecord
 40
0.007879999999996
  0
XRECORD
  5
100000BD
102
{ACAD_REACTORS
330
100000BC
102
}
330
100000BC
100
AcDbXrecord
1000
KIpo
  0
XRECORD
  5
100000BE
102
{ACAD_REACTORS
330
100000BC
102
}
330
100000BC
100
AcDbXrecord
1000
KIOG
  0
XRECORD
  5
100000C0
102
{ACAD_REACTORS
330
100000BC
102
}
330
100000BC
100
AcDbXrecord
1000
JF/
  0
XRECORD
  5
100000C5
102
{ACAD_REACTORS
330
100000C2
102
}
330
100000C2
100
AcDbXrecord
 40
0.0078799999999938
  0
XRECORD
  5
100000C3
102
{ACAD_REACTORS
330
100000C2
102
}
330
100000C2
100
AcDbXrecord
1000
KIlo
  0
XRECORD
  5
100000C4
102
{ACAD_REACTORS
330
100000C2
102
}
330
100000C2
100
AcDbXrecord
1000
KIOG
  0
XRECORD
  5
100000C6
102
{ACAD_REACTORS
330
100000C2
102
}
330
100000C2
100
AcDbXrecord
1000
JF/
  0
XRECORD
  5
100000CB
102
{ACAD_REACTORS
330
100000C8
102
}
330
100000C8
100
AcDbXrecord
 40
0.0216499999999874
  0
XRECORD
  5
100000C9
102
{ACAD_REACTORS
330
100000C8
102
}
330
100000C8
100
AcDbXrecord
1000
KIho
  0
XRECORD
  5
100000CA
102
{ACAD_REACTORS
330
100000C8
102
}
330
100000C8
100
AcDbXrecord
1000
KIOG
  0
XRECORD
  5
100000CC
102
{ACAD_REACTORS
330
100000C8
102
}
330
100000C8
100
AcDbXrecord
1000
JF/
  0
XRECORD
  5
100000D1
102
{ACAD_REACTORS
330
100000CE
102
}
330
100000CE
100
AcDbXrecord
 40
0.0108300000000365
  0
XRECORD
  5
100000CF
102
{ACAD_REACTORS
330
100000CE
102
}
330
100000CE
100
AcDbXrecord
1000
KIdo
  0
XRECORD
  5
100000D0
102
{ACAD_REACTORS
330
100000CE
102
}
330
100000CE
100
AcDbXrecord
1000
KIOG
  0
XRECORD
  5
100000D2
102
{ACAD_REACTORS
330
100000CE
102
}
330
100000CE
100
AcDbXrecord
1000
JF/
  0
XRECORD
  5
100000D7
102
{ACAD_REACTORS
330
100000D4
102
}
330
100000D4
100
AcDbXrecord
 40
0.0108300000000168
  0
XRECORD
  5
100000D5
102
{ACAD_REACTORS
330
100000D4
102
}
330
100000D4
100
AcDbXrecord
1000
KIZo
  0
XRECORD
  5
100000D6
102
{ACAD_REACTORS
330
100000D4
102
}
330
100000D4
100
AcDbXrecord
1000
KIOG
  0
XRECORD
  5
100000D8
102
{ACAD_REACTORS
330
100000D4
102
}
330
100000D4
100
AcDbXrecord
1000
JF/
  0
XRECORD
  5
100000DD
102
{ACAD_REACTORS
330
100000DA
102
}
330
100000DA
100
AcDbXrecord
 40
0.0199999999999588
  0
XRECORD
  5
100000DB
102
{ACAD_REACTORS
330
100000DA
102
}
330
100000DA
100
AcDbXrecord
1000
KIVo
  0
XRECORD
  5
100000DC
102
{ACAD_REACTORS
330
100000DA
102
}
330
100000DA
100
AcDbXrecord
1000
KIOG
  0
XRECORD
  5
100000DE
102
{ACAD_REACTORS
330
100000DA
102
}
330
100000DA
100
AcDbXrecord
1000
JF/
  0
XRECORD
  5
100000E3
102
{ACAD_REACTORS
330
100000E0
102
}
330
100000E0
100
AcDbXrecord
 40
0.0199999999999697
  0
XRECORD
  5
100000E1
102
{ACAD_REACTORS
330
100000E0
102
}
330
100000E0
100
AcDbXrecord
1000
KIRo
  0
XRECORD
  5
100000E2
102
{ACAD_REACTORS
330
100000E0
102
}
330
100000E0
100
AcDbXrecord
1000
KIOG
  0
XRECORD
  5
100000E4
102
{ACAD_REACTORS
330
100000E0
102
}
330
100000E0
100
AcDbXrecord
1000
JF/
  0
XRECORD
  5
100000E9
102
{ACAD_REACTORS
330
100000E6
102
}
330
100000E6
100
AcDbXrecord
 40
0.0334699999999935
  0
XRECORD
  5
100000E7
102
{ACAD_REACTORS
330
100000E6
102
}
330
100000E6
100
AcDbXrecord
1000
KINo
  0
XRECORD
  5
100000E8
102
{ACAD_REACTORS
330
100000E6
102
}
330
100000E6
100
AcDbXrecord
1000
KIOG
  0
XRECORD
  5
100000EA
102
{ACAD_REACTORS
330
100000E6
102
}
330
100000E6
100
AcDbXrecord
1000
JF/
  0
XRECORD
  5
100000EF
102
{ACAD_REACTORS
330
100000EC
102
}
330
100000EC
100
AcDbXrecord
 40
0.0199999999999697
  0
XRECORD
  5
100000ED
102
{ACAD_REACTORS
330
100000EC
102
}
330
100000EC
100
AcDbXrecord
1000
KIJo
  0
XRECORD
  5
100000EE
102
{ACAD_REACTORS
330
100000EC
102
}
330
100000EC
100
AcDbXrecord
1000
KIOG
  0
XRECORD
  5
100000F0
102
{ACAD_REACTORS
330
100000EC
102
}
330
100000EC
100
AcDbXrecord
1000
JF/
  0
XRECORD
  5
100000F5
102
{ACAD_REACTORS
330
100000F2
102
}
330
100000F2
100
AcDbXrecord
 40
0.0452700000000154
  0
XRECORD
  5
100000F3
102
{ACAD_REACTORS
330
100000F2
102
}
330
100000F2
100
AcDbXrecord
1000
KIFo
  0
XRECORD
  5
100000F4
102
{ACAD_REACTORS
330
100000F2
102
}
330
100000F2
100
AcDbXrecord
1000
KIOG
  0
XRECORD
  5
100000F6
102
{ACAD_REACTORS
330
100000F2
102
}
330
100000F2
100
AcDbXrecord
1000
JF/
  0
XRECORD
  5
100000FB
102
{ACAD_REACTORS
330
100000F8
102
}
330
100000F8
100
AcDbXrecord
 40
0.0452700000000154
  0
XRECORD
  5
100000F9
102
{ACAD_REACTORS
330
100000F8
102
}
330
100000F8
100
AcDbXrecord
1000
KIBo
  0
XRECORD
  5
100000FA
102
{ACAD_REACTORS
330
100000F8
102
}
330
100000F8
100
AcDbXrecord
1000
KIOG
  0
XRECORD
  5
100000FC
102
{ACAD_REACTORS
330
100000F8
102
}
330
100000F8
100
AcDbXrecord
1000
JF/
  0
XRECORD
  5
10000101
102
{ACAD_REACTORS
330
100000FE
102
}
330
100000FE
100
AcDbXrecord
 40
0.0199999999999632
  0
XRECORD
  5
100000FF
102
{ACAD_REACTORS
330
100000FE
102
}
330
100000FE
100
AcDbXrecord
1000
KI9n
  0
XRECORD
  5
10000100
102
{ACAD_REACTORS
330
100000FE
102
}
330
100000FE
100
AcDbXrecord
1000
KIOG
  0
XRECORD
  5
10000102
102
{ACAD_REACTORS
330
100000FE
102
}
330
100000FE
100
AcDbXrecord
1000
JF/
  0
XRECORD
  5
10000107
102
{ACAD_REACTORS
330
10000104
102
}
330
10000104
100
AcDbXrecord
 40
0.0314999999999617
  0
XRECORD
  5
10000105
102
{ACAD_REACTORS
330
10000104
102
}
330
10000104
100
AcDbXrecord
1000
KI5n
  0
XRECORD
  5
10000106
102
{ACAD_REACTORS
330
10000104
102
}
330
10000104
100
AcDbXrecord
1000
KIOG
  0
XRECORD
  5
10000108
102
{ACAD_REACTORS
330
10000104
102
}
330
10000104
100
AcDbXrecord
1000
JF/
  0
XRECORD
  5
1000010D
102
{ACAD_REACTORS
330
1000010A
102
}
330
1000010A
100
AcDbXrecord
 40
0.0216499999999874
  0
XRECORD
  5
1000010B
102
{ACAD_REACTORS
330
1000010A
102
}
330
1000010A
100
AcDbXrecord
1000
KI1n
  0
XRECORD
  5
1000010C
102
{ACAD_REACTORS
330
1000010A
102
}
330
1000010A
100
AcDbXrecord
1000
KIOG
  0
XRECORD
  5
1000010E
102
{ACAD_REACTORS
330
1000010A
102
}
330
1000010A
100
AcDbXrecord
1000
JF/
  0
XRECORD
  5
10000113
102
{ACAD_REACTORS
330
10000110
102
}
330
10000110
100
AcDbXrecord
 40
0.0177099999999939
  0
XRECORD
  5
10000111
102
{ACAD_REACTORS
330
10000110
102
}
330
10000110
100
AcDbXrecord
1000
KIxn
  0
XRECORD
  5
10000112
102
{ACAD_REACTORS
330
10000110
102
}
330
10000110
100
AcDbXrecord
1000
KIOG
  0
XRECORD
  5
10000114
102
{ACAD_REACTORS
330
10000110
102
}
330
10000110
100
AcDbXrecord
1000
JF/
  0
XRECORD
  5
10000119
102
{ACAD_REACTORS
330
10000116
102
}
330
10000116
100
AcDbXrecord
 40
0.0334699999999978
  0
XRECORD
  5
10000117
102
{ACAD_REACTORS
330
10000116
102
}
330
10000116
100
AcDbXrecord
1000
KItn
  0
XRECORD
  5
10000118
102
{ACAD_REACTORS
330
10000116
102
}
330
10000116
100
AcDbXrecord
1000
KIOG
  0
XRECORD
  5
1000011A
102
{ACAD_REACTORS
330
10000116
102
}
330
10000116
100
AcDbXrecord
1000
JF/
  0
XRECORD
  5
1000011F
102
{ACAD_REACTORS
330
1000011C
102
}
330
1000011C
100
AcDbXrecord
 40
0.0639699999999965
  0
XRECORD
  5
1000011D
102
{ACAD_REACTORS
330
1000011C
102
}
330
1000011C
100
AcDbXrecord
1000
KIpn
  0
XRECORD
  5
1000011E
102
{ACAD_REACTORS
330
1000011C
102
}
330
1000011C
100
AcDbXrecord
1000
KIOG
  0
XRECORD
  5
10000120
102
{ACAD_REACTORS
330
1000011C
102
}
330
1000011C
100
AcDbXrecord
1000
JF/
  0
XRECORD
  5
10000125
102
{ACAD_REACTORS
330
10000122
102
}
330
10000122
100
AcDbXrecord
 40
0.0118099999999894
  0
XRECORD
  5
10000123
102
{ACAD_REACTORS
330
10000122
102
}
330
10000122
100
AcDbXrecord
1000
KIln
  0
XRECORD
  5
10000124
102
{ACAD_REACTORS
330
10000122
102
}
330
10000122
100
AcDbXrecord
1000
KIOG
  0
XRECORD
  5
10000126
102
{ACAD_REACTORS
330
10000122
102
}
330
10000122
100
AcDbXrecord
1000
JF/
  0
XRECORD
  5
10000129
102
{ACAD_REACTORS
330
10000128
102
}
330
10000128
100
AcDbXrecord
1000
KIdn
  0
XRECORD
  5
1000012A
102
{ACAD_REACTORS
330
10000128
102
}
330
10000128
100
AcDbXrecord
1000
JF/
  0
XRECORD
  5
1000012D
102
{ACAD_REACTORS
330
1000012C
102
}
330
1000012C
100
AcDbXrecord
1000
KIhn
  0
XRECORD
  5
1000012E
102
{ACAD_REACTORS
330
1000012C
102
}
330
1000012C
100
AcDbXrecord
1000
JF/
  0
XRECORD
  5
10000131
102
{ACAD_REACTORS
330
10000130
102
}
330
10000130
100
AcDbXrecord
1000
KIVn
  0
XRECORD
  5
10000132
102
{ACAD_REACTORS
330
10000130
102
}
330
10000130
100
AcDbXrecord
1000
JF/
  0
XRECORD
  5
10000135
102
{ACAD_REACTORS
330
10000134
102
}
330
10000134
100
AcDbXrecord
1000
KIZn
  0
XRECORD
  5
10000136
102
{ACAD_REACTORS
330
10000134
102
}
330
10000134
100
AcDbXrecord
1000
JF/
  0
XRECORD
  5
10000139
102
{ACAD_REACTORS
330
10000138
102
}
330
10000138
100
AcDbXrecord
1000
KINn
  0
XRECORD
  5
1000013A
102
{ACAD_REACTORS
330
10000138
102
}
330
10000138
100
AcDbXrecord
1000
JF/
  0
XRECORD
  5
1000013D
102
{ACAD_REACTORS
330
1000013C
102
}
330
1000013C
100
AcDbXrecord
1000
KIRn
  0
XRECORD
  5
1000013E
102
{ACAD_REACTORS
330
1000013C
102
}
330
1000013C
100
AcDbXrecord
1000
JF/
  0
XRECORD
  5
10000141
102
{ACAD_REACTORS
330
10000140
102
}
330
10000140
100
AcDbXrecord
1000
KIFn
  0
XRECORD
  5
10000142
102
{ACAD_REACTORS
330
10000140
102
}
330
10000140
100
AcDbXrecord
1000
JF/
  0
XRECORD
  5
10000145
102
{ACAD_REACTORS
330
10000144
102
}
330
10000144
100
AcDbXrecord
1000
KIJn
  0
XRECORD
  5
10000146
102
{ACAD_REACTORS
330
10000144
102
}
330
10000144
100
AcDbXrecord
1000
JF/
  0
XRECORD
  5
1000014B
102
{ACAD_REACTORS
330
10000148
102
}
330
10000148
100
AcDbXrecord
 40
0.0452700000000154
  0
XRECORD
  5
10000149
102
{ACAD_REACTORS
330
10000148
102
}
330
10000148
100
AcDbXrecord
1000
KIBn
  0
XRECORD
  5
1000014A
102
{ACAD_REACTORS
330
10000148
102
}
330
10000148
100
AcDbXrecord
1000
KIOG
  0
XRECORD
  5
1000014C
102
{ACAD_REACTORS
330
10000148
102
}
330
10000148
100
AcDbXrecord
1000
JF/
  0
XRECORD
  5
10000151
102
{ACAD_REACTORS
330
1000014E
102
}
330
1000014E
100
AcDbXrecord
 40
0.0452700000000154
  0
XRECORD
  5
1000014F
102
{ACAD_REACTORS
330
1000014E
102
}
330
1000014E
100
AcDbXrecord
1000
KI9m
  0
XRECORD
  5
10000150
102
{ACAD_REACTORS
330
1000014E
102
}
330
1000014E
100
AcDbXrecord
1000
KIOG
  0
XRECORD
  5
10000152
102
{ACAD_REACTORS
330
1000014E
102
}
330
1000014E
100
AcDbXrecord
1000
JF/
  0
XRECORD
  5
10000155
102
{ACAD_REACTORS
330
10000154
102
}
330
10000154
100
AcDbXrecord
1000
KI1m
  0
XRECORD
  5
10000156
102
{ACAD_REACTORS
330
10000154
102
}
330
10000154
100
AcDbXrecord
1000
JF/
  0
XRECORD
  5
10000159
102
{ACAD_REACTORS
330
10000158
102
}
330
10000158
100
AcDbXrecord
1000
KI5m
  0
XRECORD
  5
1000015A
102
{ACAD_REACTORS
330
10000158
102
}
330
10000158
100
AcDbXrecord
1000
JF/
  0
XRECORD
  5
1000015F
102
{ACAD_REACTORS
330
1000015C
102
}
330
1000015C
100
AcDbXrecord
 40
0.0216499999999874
  0
XRECORD
  5
1000015D
102
{ACAD_REACTORS
330
1000015C
102
}
330
1000015C
100
AcDbXrecord
1000
KIxm
  0
XRECORD
  5
1000015E
102
{ACAD_REACTORS
330
1000015C
102
}
330
1000015C
100
AcDbXrecord
1000
KIOG
  0
XRECORD
  5
10000160
102
{ACAD_REACTORS
330
1000015C
102
}
330
1000015C
100
AcDbXrecord
1000
JF/
  0
XRECORD
  5
10000165
102
{ACAD_REACTORS
330
10000162
102
}
330
10000162
100
AcDbXrecord
 40
0.0216499999999973
  0
XRECORD
  5
10000163
102
{ACAD_REACTORS
330
10000162
102
}
330
10000162
100
AcDbXrecord
1000
KItm
  0
XRECORD
  5
10000164
102
{ACAD_REACTORS
330
10000162
102
}
330
10000162
100
AcDbXrecord
1000
KIOG
  0
XRECORD
  5
10000166
102
{ACAD_REACTORS
330
10000162
102
}
330
10000162
100
AcDbXrecord
1000
JF/
  0
XRECORD
  5
10000169
102
{ACAD_REACTORS
330
10000168
102
}
330
10000168
100
AcDbXrecord
1000
KIRm
  0
XRECORD
  5
1000016A
102
{ACAD_REACTORS
330
10000168
102
}
330
10000168
100
AcDbXrecord
1000
JF/
  0
XRECORD
  5
1000016F
102
{ACAD_REACTORS
330
1000016C
102
}
330
1000016C
100
AcDbXrecord
 40
0.0236199999999982
  0
XRECORD
  5
1000016D
102
{ACAD_REACTORS
330
1000016C
102
}
330
1000016C
100
AcDbXrecord
1000
KIVm
  0
XRECORD
  5
1000016E
102
{ACAD_REACTORS
330
1000016C
102
}
330
1000016C
100
AcDbXrecord
1000
KIOG
  0
XRECORD
  5
10000170
102
{ACAD_REACTORS
330
1000016C
102
}
330
1000016C
100
AcDbXrecord
1000
JF/
  0
XRECORD
  5
10000173
102
{ACAD_REACTORS
330
10000172
102
}
330
10000172
100
AcDbXrecord
1000
KIZm
  0
XRECORD
  5
10000174
102
{ACAD_REACTORS
330
10000172
102
}
330
10000172
100
AcDbXrecord
1000
JF/
  0
XRECORD
  5
10000177
102
{ACAD_REACTORS
330
10000176
102
}
330
10000176
100
AcDbXrecord
1000
KIdm
  0
XRECORD
  5
10000178
102
{ACAD_REACTORS
330
10000176
102
}
330
10000176
100
AcDbXrecord
1000
JF/
  0
XRECORD
  5
1000017D
102
{ACAD_REACTORS
330
1000017A
102
}
330
1000017A
100
AcDbXrecord
 40
0.0236199999999993
  0
XRECORD
  5
1000017B
102
{ACAD_REACTORS
330
1000017A
102
}
330
1000017A
100
AcDbXrecord
1000
KIhm
  0
XRECORD
  5
1000017C
102
{ACAD_REACTORS
330
1000017A
102
}
330
1000017A
100
AcDbXrecord
1000
KIOG
  0
XRECORD
  5
1000017E
102
{ACAD_REACTORS
330
1000017A
102
}
330
1000017A
100
AcDbXrecord
1000
JF/
  0
XRECORD
  5
10000181
102
{ACAD_REACTORS
330
10000180
102
}
330
10000180
100
AcDbXrecord
1000
KIlm
  0
XRECORD
  5
10000182
102
{ACAD_REACTORS
330
10000180
102
}
330
10000180
100
AcDbXrecord
1000
JF/
  0
XRECORD
  5
10000187
102
{ACAD_REACTORS
330
10000184
102
}
330
10000184
100
AcDbXrecord
 40
0.0236200000000016
  0
XRECORD
  5
10000185
102
{ACAD_REACTORS
330
10000184
102
}
330
10000184
100
AcDbXrecord
1000
KIpm
  0
XRECORD
  5
10000186
102
{ACAD_REACTORS
330
10000184
102
}
330
10000184
100
AcDbXrecord
1000
KIOG
  0
XRECORD
  5
10000188
102
{ACAD_REACTORS
330
10000184
102
}
330
10000184
100
AcDbXrecord
1000
JF/
  0
XRECORD
  5
1000018D
102
{ACAD_REACTORS
330
1000018A
102
}
330
1000018A
100
AcDbXrecord
 40
0.0314999999999617
  0
XRECORD
  5
1000018B
102
{ACAD_REACTORS
330
1000018A
102
}
330
1000018A
100
AcDbXrecord
1000
KINm
  0
XRECORD
  5
1000018C
102
{ACAD_REACTORS
330
1000018A
102
}
330
1000018A
100
AcDbXrecord
1000
KIOG
  0
XRECORD
  5
1000018E
102
{ACAD_REACTORS
330
1000018A
102
}
330
1000018A
100
AcDbXrecord
1000
JF/
  0
XRECORD
  5
10000193
102
{ACAD_REACTORS
330
10000190
102
}
330
10000190
100
AcDbXrecord
 40
0.0830699737531492
  0
XRECORD
  5
10000191
102
{ACAD_REACTORS
330
10000190
102
}
330
10000190
100
AcDbXrecord
1000
KIJm
  0
XRECORD
  5
10000192
102
{ACAD_REACTORS
330
10000190
102
}
330
10000190
100
AcDbXrecord
1000
KIOG
  0
XRECORD
  5
10000194
102
{ACAD_REACTORS
330
10000190
102
}
330
10000190
100
AcDbXrecord
1000
JF/
  0
XRECORD
  5
10000199
102
{ACAD_REACTORS
330
10000196
102
}
330
10000196
100
AcDbXrecord
 40
0.0199999999999993
  0
XRECORD
  5
10000197
102
{ACAD_REACTORS
330
10000196
102
}
330
10000196
100
AcDbXrecord
1000
KIFm
  0
XRECORD
  5
10000198
102
{ACAD_REACTORS
330
10000196
102
}
330
10000196
100
AcDbXrecord
1000
KIOG
  0
XRECORD
  5
1000019A
102
{ACAD_REACTORS
330
10000196
102
}
330
10000196
100
AcDbXrecord
1000
JF/
  0
XRECORD
  5
1000019F
102
{ACAD_REACTORS
330
1000019C
102
}
330
1000019C
100
AcDbXrecord
 40
0.0199999999999993
  0
XRECORD
  5
1000019D
102
{ACAD_REACTORS
330
1000019C
102
}
330
1000019C
100
AcDbXrecord
1000
KIBm
  0
XRECORD
  5
1000019E
102
{ACAD_REACTORS
330
1000019C
102
}
330
1000019C
100
AcDbXrecord
1000
KIOG
  0
XRECORD
  5
100001A0
102
{ACAD_REACTORS
330
1000019C
102
}
330
1000019C
100
AcDbXrecord
1000
JF/
  0
XRECORD
  5
100001A5
102
{ACAD_REACTORS
330
100001A2
102
}
330
100001A2
100
AcDbXrecord
 40
0.0199999999999993
  0
XRECORD
  5
100001A3
102
{ACAD_REACTORS
330
100001A2
102
}
330
100001A2
100
AcDbXrecord
1000
KI9l
  0
XRECORD
  5
100001A4
102
{ACAD_REACTORS
330
100001A2
102
}
330
100001A2
100
AcDbXrecord
1000
KIOG
  0
XRECORD
  5
100001A6
102
{ACAD_REACTORS
330
100001A2
102
}
330
100001A2
100
AcDbXrecord
1000
JF/
  0
XRECORD
  5
100001AB
102
{ACAD_REACTORS
330
100001A8
102
}
330
100001A8
100
AcDbXrecord
 40
0.0199999999999993
  0
XRECORD
  5
100001A9
102
{ACAD_REACTORS
330
100001A8
102
}
330
100001A8
100
AcDbXrecord
1000
KI5l
  0
XRECORD
  5
100001AA
102
{ACAD_REACTORS
330
100001A8
102
}
330
100001A8
100
AcDbXrecord
1000
KIOG
  0
XRECORD
  5
100001AC
102
{ACAD_REACTORS
330
100001A8
102
}
330
100001A8
100
AcDbXrecord
1000
JF/
  0
XRECORD
  5
100001B1
102
{ACAD_REACTORS
330
100001AE
102
}
330
100001AE
100
AcDbXrecord
 40
0.0199999999999993
  0
XRECORD
  5
100001AF
102
{ACAD_REACTORS
330
100001AE
102
}
330
100001AE
100
AcDbXrecord
1000
KI1l
  0
XRECORD
  5
100001B0
102
{ACAD_REACTORS
330
100001AE
102
}
330
100001AE
100
AcDbXrecord
1000
KIOG
  0
XRECORD
  5
100001B2
102
{ACAD_REACTORS
330
100001AE
102
}
330
100001AE
100
AcDbXrecord
1000
JF/
  0
XRECORD
  5
100001B7
102
{ACAD_REACTORS
330
100001B4
102
}
330
100001B4
100
AcDbXrecord
 40
0.0199999999999993
  0
XRECORD
  5
100001B5
102
{ACAD_REACTORS
330
100001B4
102
}
330
100001B4
100
AcDbXrecord
1000
KIxl
  0
XRECORD
  5
100001B6
102
{ACAD_REACTORS
330
100001B4
102
}
330
100001B4
100
AcDbXrecord
1000
KIOG
  0
XRECORD
  5
100001B8
102
{ACAD_REACTORS
330
100001B4
102
}
330
100001B4
100
AcDbXrecord
1000
JF/
  0
XRECORD
  5
100001BD
102
{ACAD_REACTORS
330
100001BA
102
}
330
100001BA
100
AcDbXrecord
 40
0.0199999999999993
  0
XRECORD
  5
100001BB
102
{ACAD_REACTORS
330
100001BA
102
}
330
100001BA
100
AcDbXrecord
1000
KItl
  0
XRECORD
  5
100001BC
102
{ACAD_REACTORS
330
100001BA
102
}
330
100001BA
100
AcDbXrecord
1000
KIOG
  0
XRECORD
  5
100001BE
102
{ACAD_REACTORS
330
100001BA
102
}
330
100001BA
100
AcDbXrecord
1000
JF/
  0
XRECORD
  5
100001C3
102
{ACAD_REACTORS
330
100001C0
102
}
330
100001C0
100
AcDbXrecord
 40
0.0199999999999993
  0
XRECORD
  5
100001C1
102
{ACAD_REACTORS
330
100001C0
102
}
330
100001C0
100
AcDbXrecord
1000
KIpl
  0
XRECORD
  5
100001C2
102
{ACAD_REACTORS
330
100001C0
102
}
330
100001C0
100
AcDbXrecord
1000
KIOG
  0
XRECORD
  5
100001C4
102
{ACAD_REACTORS
330
100001C0
102
}
330
100001C0
100
AcDbXrecord
1000
JF/
  0
XRECORD
  5
100001C9
102
{ACAD_REACTORS
330
100001C6
102
}
330
100001C6
100
AcDbXrecord
 40
0.0199999999999993
  0
XRECORD
  5
100001C7
102
{ACAD_REACTORS
330
100001C6
102
}
330
100001C6
100
AcDbXrecord
1000
KIll
  0
XRECORD
  5
100001C8
102
{ACAD_REACTORS
330
100001C6
102
}
330
100001C6
100
AcDbXrecord
1000
KIOG
  0
XRECORD
  5
100001CA
102
{ACAD_REACTORS
330
100001C6
102
}
330
100001C6
100
AcDbXrecord
1000
JF/
  0
XRECORD
  5
100001CF
102
{ACAD_REACTORS
330
100001CC
102
}
330
100001CC
100
AcDbXrecord
 40
0.0199999999999993
  0
XRECORD
  5
100001CD
102
{ACAD_REACTORS
330
100001CC
102
}
330
100001CC
100
AcDbXrecord
1000
KIhl
  0
XRECORD
  5
100001CE
102
{ACAD_REACTORS
330
100001CC
102
}
330
100001CC
100
AcDbXrecord
1000
KIOG
  0
XRECORD
  5
100001D0
102
{ACAD_REACTORS
330
100001CC
102
}
330
100001CC
100
AcDbXrecord
1000
JF/
  0
XRECORD
  5
100001D5
102
{ACAD_REACTORS
330
100001D2
102
}
330
100001D2
100
AcDbXrecord
 40
0.0199999999999993
  0
XRECORD
  5
100001D3
102
{ACAD_REACTORS
330
100001D2
102
}
330
100001D2
100
AcDbXrecord
1000
KIdl
  0
XRECORD
  5
100001D4
102
{ACAD_REACTORS
330
100001D2
102
}
330
100001D2
100
AcDbXrecord
1000
KIOG
  0
XRECORD
  5
100001D6
102
{ACAD_REACTORS
330
100001D2
102
}
330
100001D2
100
AcDbXrecord
1000
JF/
  0
XRECORD
  5
100001DB
102
{ACAD_REACTORS
330
100001D8
102
}
330
100001D8
100
AcDbXrecord
 40
0.0199999999999993
  0
XRECORD
  5
100001D9
102
{ACAD_REACTORS
330
100001D8
102
}
330
100001D8
100
AcDbXrecord
1000
KIZl
  0
XRECORD
  5
100001DA
102
{ACAD_REACTORS
330
100001D8
102
}
330
100001D8
100
AcDbXrecord
1000
KIOG
  0
XRECORD
  5
100001DC
102
{ACAD_REACTORS
330
100001D8
102
}
330
100001D8
100
AcDbXrecord
1000
JF/
  0
XRECORD
  5
100001E1
102
{ACAD_REACTORS
330
100001DE
102
}
330
100001DE
100
AcDbXrecord
 40
0.0830699737531492
  0
XRECORD
  5
100001DF
102
{ACAD_REACTORS
330
100001DE
102
}
330
100001DE
100
AcDbXrecord
1000
KIVl
  0
XRECORD
  5
100001E0
102
{ACAD_REACTORS
330
100001DE
102
}
330
100001DE
100
AcDbXrecord
1000
KIOG
  0
XRECORD
  5
100001E2
102
{ACAD_REACTORS
330
100001DE
102
}
330
100001DE
100
AcDbXrecord
1000
JF/
  0
XRECORD
  5
100001E7
102
{ACAD_REACTORS
330
100001E4
102
}
330
100001E4
100
AcDbXrecord
 40
0.0216499999999874
  0
XRECORD
  5
100001E5
102
{ACAD_REACTORS
330
100001E4
102
}
330
100001E4
100
AcDbXrecord
1000
KIRl
  0
XRECORD
  5
100001E6
102
{ACAD_REACTORS
330
100001E4
102
}
330
100001E4
100
AcDbXrecord
1000
KIOG
  0
XRECORD
  5
100001E8
102
{ACAD_REACTORS
330
100001E4
102
}
330
100001E4
100
AcDbXrecord
1000
JF/
  0
XRECORD
  5
100001ED
102
{ACAD_REACTORS
330
100001EA
102
}
330
100001EA
100
AcDbXrecord
 40
0.055
  0
XRECORD
  5
100001EB
102
{ACAD_REACTORS
330
100001EA
102
}
330
100001EA
100
AcDbXrecord
1000
KINl
  0
XRECORD
  5
100001EC
102
{ACAD_REACTORS
330
100001EA
102
}
330
100001EA
100
AcDbXrecord
1000
KIOG
  0
XRECORD
  5
100001EE
102
{ACAD_REACTORS
330
100001EA
102
}
330
100001EA
100
AcDbXrecord
1000
JF/
  0
XRECORD
  5
100001F3
102
{ACAD_REACTORS
330
100001F0
102
}
330
100001F0
100
AcDbXrecord
 40
0.055
  0
XRECORD
  5
100001F1
102
{ACAD_REACTORS
330
100001F0
102
}
330
100001F0
100
AcDbXrecord
1000
KIJl
  0
XRECORD
  5
100001F2
102
{ACAD_REACTORS
330
100001F0
102
}
330
100001F0
100
AcDbXrecord
1000
KIOG
  0
XRECORD
  5
100001F4
102
{ACAD_REACTORS
330
100001F0
102
}
330
100001F0
100
AcDbXrecord
1000
JF/
  0
XRECORD
  5
100001F9
102
{ACAD_REACTORS
330
100001F6
102
}
330
100001F6
100
AcDbXrecord
 40
0.055
  0
XRECORD
  5
100001F7
102
{ACAD_REACTORS
330
100001F6
102
}
330
100001F6
100
AcDbXrecord
1000
KIFl
  0
XRECORD
  5
100001F8
102
{ACAD_REACTORS
330
100001F6
102
}
330
100001F6
100
AcDbXrecord
1000
KIOG
  0
XRECORD
  5
100001FA
102
{ACAD_REACTORS
330
100001F6
102
}
330
100001F6
100
AcDbXrecord
1000
JF/
  0
XRECORD
  5
100001FF
102
{ACAD_REACTORS
330
100001FC
102
}
330
100001FC
100
AcDbXrecord
 40
0.055
  0
XRECORD
  5
100001FD
102
{ACAD_REACTORS
330
100001FC
102
}
330
100001FC
100
AcDbXrecord
1000
KIBl
  0
XRECORD
  5
100001FE
102
{ACAD_REACTORS
330
100001FC
102
}
330
100001FC
100
AcDbXrecord
1000
KIOG
  0
XRECORD
  5
10000200
102
{ACAD_REACTORS
330
100001FC
102
}
330
100001FC
100
AcDbXrecord
1000
JF/
  0
XRECORD
  5
10000205
102
{ACAD_REACTORS
330
10000202
102
}
330
10000202
100
AcDbXrecord
 40
0.0216499999999874
  0
XRECORD
  5
10000203
102
{ACAD_REACTORS
330
10000202
102
}
330
10000202
100
AcDbXrecord
1000
KI9k
  0
XRECORD
  5
10000204
102
{ACAD_REACTORS
330
10000202
102
}
330
10000202
100
AcDbXrecord
1000
KIOG
  0
XRECORD
  5
10000206
102
{ACAD_REACTORS
330
10000202
102
}
330
10000202
100
AcDbXrecord
1000
JF/
  0
XRECORD
  5
10000209
102
{ACAD_REACTORS
330
10000208
102
}
330
10000208
100
AcDbXrecord
1000
KI1k
  0
XRECORD
  5
1000020A
102
{ACAD_REACTORS
330
10000208
102
}
330
10000208
100
AcDbXrecord
1000
JF/
  0
XRECORD
  5
1000020D
102
{ACAD_REACTORS
330
1000020C
102
}
330
1000020C
100
AcDbXrecord
1000
KI5k
  0
XRECORD
  5
1000020E
102
{ACAD_REACTORS
330
1000020C
102
}
330
1000020C
100
AcDbXrecord
1000
JF/
  0
XRECORD
  5
10000211
102
{ACAD_REACTORS
330
10000210
102
}
330
10000210
100
AcDbXrecord
1000
KItk
  0
XRECORD
  5
10000212
102
{ACAD_REACTORS
330
10000210
102
}
330
10000210
100
AcDbXrecord
1000
JF/
  0
XRECORD
  5
10000215
102
{ACAD_REACTORS
330
10000214
102
}
330
10000214
100
AcDbXrecord
1000
KIxk
  0
XRECORD
  5
10000216
102
{ACAD_REACTORS
330
10000214
102
}
330
10000214
100
AcDbXrecord
1000
JF/
  0
XRECORD
  5
10000219
102
{ACAD_REACTORS
330
10000218
102
}
330
10000218
100
AcDbXrecord
1000
KIlk
  0
XRECORD
  5
1000021A
102
{ACAD_REACTORS
330
10000218
102
}
330
10000218
100
AcDbXrecord
1000
JF/
  0
XRECORD
  5
1000021D
102
{ACAD_REACTORS
330
1000021C
102
}
330
1000021C
100
AcDbXrecord
1000
KIpk
  0
XRECORD
  5
1000021E
102
{ACAD_REACTORS
330
1000021C
102
}
330
1000021C
100
AcDbXrecord
1000
JF/
  0
XRECORD
  5
10000221
102
{ACAD_REACTORS
330
10000220
102
}
330
10000220
100
AcDbXrecord
1000
KIdk
  0
XRECORD
  5
10000222
102
{ACAD_REACTORS
330
10000220
102
}
330
10000220
100
AcDbXrecord
1000
JF/
  0
XRECORD
  5
10000225
102
{ACAD_REACTORS
330
10000224
102
}
330
10000224
100
AcDbXrecord
1000
KIhk
  0
XRECORD
  5
10000226
102
{ACAD_REACTORS
330
10000224
102
}
330
10000224
100
AcDbXrecord
1000
JF/
  0
XRECORD
  5
1000022B
102
{ACAD_REACTORS
330
10000228
102
}
330
10000228
100
AcDbXrecord
 40
0.0314999999999617
  0
XRECORD
  5
10000229
102
{ACAD_REACTORS
330
10000228
102
}
330
10000228
100
AcDbXrecord
1000
KIZk
  0
XRECORD
  5
1000022A
102
{ACAD_REACTORS
330
10000228
102
}
330
10000228
100
AcDbXrecord
1000
KIOG
  0
XRECORD
  5
1000022C
102
{ACAD_REACTORS
330
10000228
102
}
330
10000228
100
AcDbXrecord
1000
JF/
  0
XRECORD
  5
10000231
102
{ACAD_REACTORS
330
1000022E
102
}
330
1000022E
100
AcDbXrecord
 40
0.0216499999999864
  0
XRECORD
  5
1000022F
102
{ACAD_REACTORS
330
1000022E
102
}
330
1000022E
100
AcDbXrecord
1000
KIVk
  0
XRECORD
  5
10000230
102
{ACAD_REACTORS
330
1000022E
102
}
330
1000022E
100
AcDbXrecord
1000
KIOG
  0
XRECORD
  5
10000232
102
{ACAD_REACTORS
330
1000022E
102
}
330
1000022E
100
AcDbXrecord
1000
JF/
  0
XRECORD
  5
10000237
102
{ACAD_REACTORS
330
10000234
102
}
330
10000234
100
AcDbXrecord
 40
0.0300000000000081
  0
XRECORD
  5
10000235
102
{ACAD_REACTORS
330
10000234
102
}
330
10000234
100
AcDbXrecord
1000
KIRk
  0
XRECORD
  5
10000236
102
{ACAD_REACTORS
330
10000234
102
}
330
10000234
100
AcDbXrecord
1000
KIOG
  0
XRECORD
  5
10000238
102
{ACAD_REACTORS
330
10000234
102
}
330
10000234
100
AcDbXrecord
1000
JF/
  0
XRECORD
  5
1000023D
102
{ACAD_REACTORS
330
1000023A
102
}
330
1000023A
100
AcDbXrecord
 40
0.0299999999999754
  0
XRECORD
  5
1000023B
102
{ACAD_REACTORS
330
1000023A
102
}
330
1000023A
100
AcDbXrecord
1000
KINk
  0
XRECORD
  5
1000023C
102
{ACAD_REACTORS
330
1000023A
102
}
330
1000023A
100
AcDbXrecord
1000
KIOG
  0
XRECORD
  5
1000023E
102
{ACAD_REACTORS
330
1000023A
102
}
330
1000023A
100
AcDbXrecord
1000
JF/
  0
XRECORD
  5
10000243
102
{ACAD_REACTORS
330
10000240
102
}
330
10000240
100
AcDbXrecord
 40
0.0452699999999957
  0
XRECORD
  5
10000241
102
{ACAD_REACTORS
330
10000240
102
}
330
10000240
100
AcDbXrecord
1000
KIJk
  0
XRECORD
  5
10000242
102
{ACAD_REACTORS
330
10000240
102
}
330
10000240
100
AcDbXrecord
1000
KIOG
  0
XRECORD
  5
10000244
102
{ACAD_REACTORS
330
10000240
102
}
330
10000240
100
AcDbXrecord
1000
JF/
  0
XRECORD
  5
10000249
102
{ACAD_REACTORS
330
10000246
102
}
330
10000246
100
AcDbXrecord
 40
0.0452700000000154
  0
XRECORD
  5
10000247
102
{ACAD_REACTORS
330
10000246
102
}
330
10000246
100
AcDbXrecord
1000
KIFk
  0
XRECORD
  5
10000248
102
{ACAD_REACTORS
330
10000246
102
}
330
10000246
100
AcDbXrecord
1000
KIOG
  0
XRECORD
  5
1000024A
102
{ACAD_REACTORS
330
10000246
102
}
330
10000246
100
AcDbXrecord
1000
JF/
  0
XRECORD
  5
1000024F
102
{ACAD_REACTORS
330
1000024C
102
}
330
1000024C
100
AcDbXrecord
 40
0.0137799999999808
  0
XRECORD
  5
1000024D
102
{ACAD_REACTORS
330
1000024C
102
}
330
1000024C
100
AcDbXrecord
1000
KIBk
  0
XRECORD
  5
1000024E
102
{ACAD_REACTORS
330
1000024C
102
}
330
1000024C
100
AcDbXrecord
1000
KIOG
  0
XRECORD
  5
10000250
102
{ACAD_REACTORS
330
1000024C
102
}
330
1000024C
100
AcDbXrecord
1000
JF/
  0
XRECORD
  5
10000255
102
{ACAD_REACTORS
330
10000252
102
}
330
10000252
100
AcDbXrecord
 40
0.0137799999999698
  0
XRECORD
  5
10000253
102
{ACAD_REACTORS
330
10000252
102
}
330
10000252
100
AcDbXrecord
1000
KI9j
  0
XRECORD
  5
10000254
102
{ACAD_REACTORS
330
10000252
102
}
330
10000252
100
AcDbXrecord
1000
KIOG
  0
XRECORD
  5
10000256
102
{ACAD_REACTORS
330
10000252
102
}
330
10000252
100
AcDbXrecord
1000
JF/
  0
XRECORD
  5
1000025B
102
{ACAD_REACTORS
330
10000258
102
}
330
10000258
100
AcDbXrecord
 40
0.013780000000007
  0
XRECORD
  5
10000259
102
{ACAD_REACTORS
330
10000258
102
}
330
10000258
100
AcDbXrecord
1000
KI5j
  0
XRECORD
  5
1000025A
102
{ACAD_REACTORS
330
10000258
102
}
330
10000258
100
AcDbXrecord
1000
KIOG
  0
XRECORD
  5
1000025C
102
{ACAD_REACTORS
330
10000258
102
}
330
10000258
100
AcDbXrecord
1000
JF/
  0
XRECORD
  5
10000261
102
{ACAD_REACTORS
330
1000025E
102
}
330
1000025E
100
AcDbXrecord
 40
0.0137800000000048
  0
XRECORD
  5
1000025F
102
{ACAD_REACTORS
330
1000025E
102
}
330
1000025E
100
AcDbXrecord
1000
KI1j
  0
XRECORD
  5
10000260
102
{ACAD_REACTORS
330
1000025E
102
}
330
1000025E
100
AcDbXrecord
1000
KIOG
  0
XRECORD
  5
10000262
102
{ACAD_REACTORS
330
1000025E
102
}
330
1000025E
100
AcDbXrecord
1000
JF/
  0
XRECORD
  5
10000267
102
{ACAD_REACTORS
330
10000264
102
}
330
10000264
100
AcDbXrecord
 40
0.013780000000007
  0
XRECORD
  5
10000265
102
{ACAD_REACTORS
330
10000264
102
}
330
10000264
100
AcDbXrecord
1000
KIxj
  0
XRECORD
  5
10000266
102
{ACAD_REACTORS
330
10000264
102
}
330
10000264
100
AcDbXrecord
1000
KIOG
  0
XRECORD
  5
10000268
102
{ACAD_REACTORS
330
10000264
102
}
330
10000264
100
AcDbXrecord
1000
JF/
  0
XRECORD
  5
1000026D
102
{ACAD_REACTORS
330
1000026A
102
}
330
1000026A
100
AcDbXrecord
 40
0.0137799999999982
  0
XRECORD
  5
1000026B
102
{ACAD_REACTORS
330
1000026A
102
}
330
1000026A
100
AcDbXrecord
1000
KItj
  0
XRECORD
  5
1000026C
102
{ACAD_REACTORS
330
1000026A
102
}
330
1000026A
100
AcDbXrecord
1000
KIOG
  0
XRECORD
  5
1000026E
102
{ACAD_REACTORS
330
1000026A
102
}
330
1000026A
100
AcDbXrecord
1000
JF/
  0
XRECORD
  5
10000273
102
{ACAD_REACTORS
330
10000270
102
}
330
10000270
100
AcDbXrecord
 40
0.0177100000000124
  0
XRECORD
  5
10000271
102
{ACAD_REACTORS
330
10000270
102
}
330
10000270
100
AcDbXrecord
1000
KIpj
  0
XRECORD
  5
10000272
102
{ACAD_REACTORS
330
10000270
102
}
330
10000270
100
AcDbXrecord
1000
KIOG
  0
XRECORD
  5
10000274
102
{ACAD_REACTORS
330
10000270
102
}
330
10000270
100
AcDbXrecord
1000
JF/
  0
XRECORD
  5
10000279
102
{ACAD_REACTORS
330
10000276
102
}
330
10000276
100
AcDbXrecord
 40
0.0177099999999851
  0
XRECORD
  5
10000277
102
{ACAD_REACTORS
330
10000276
102
}
330
10000276
100
AcDbXrecord
1000
KIlj
  0
XRECORD
  5
10000278
102
{ACAD_REACTORS
330
10000276
102
}
330
10000276
100
AcDbXrecord
1000
KIOG
  0
XRECORD
  5
1000027A
102
{ACAD_REACTORS
330
10000276
102
}
330
10000276
100
AcDbXrecord
1000
JF/
  0
XRECORD
  5
1000027F
102
{ACAD_REACTORS
330
1000027C
102
}
330
1000027C
100
AcDbXrecord
 40
0.017709999999984
  0
XRECORD
  5
1000027D
102
{ACAD_REACTORS
330
1000027C
102
}
330
1000027C
100
AcDbXrecord
1000
KIhj
  0
XRECORD
  5
1000027E
102
{ACAD_REACTORS
330
1000027C
102
}
330
1000027C
100
AcDbXrecord
1000
KIOG
  0
XRECORD
  5
10000280
102
{ACAD_REACTORS
330
1000027C
102
}
330
1000027C
100
AcDbXrecord
1000
JF/
  0
XRECORD
  5
10000285
102
{ACAD_REACTORS
330
10000282
102
}
330
10000282
100
AcDbXrecord
 40
0.0177099999999939
  0
XRECORD
  5
10000283
102
{ACAD_REACTORS
330
10000282
102
}
330
10000282
100
AcDbXrecord
1000
KIdj
  0
XRECORD
  5
10000284
102
{ACAD_REACTORS
330
10000282
102
}
330
10000282
100
AcDbXrecord
1000
KIOG
  0
XRECORD
  5
10000286
102
{ACAD_REACTORS
330
10000282
102
}
330
10000282
100
AcDbXrecord
1000
JF/
  0
XRECORD
  5
1000028B
102
{ACAD_REACTORS
330
10000288
102
}
330
10000288
100
AcDbXrecord
 40
0.0204000000000335
  0
XRECORD
  5
10000289
102
{ACAD_REACTORS
330
10000288
102
}
330
10000288
100
AcDbXrecord
1000
KIZj
  0
XRECORD
  5
1000028A
102
{ACAD_REACTORS
330
10000288
102
}
330
10000288
100
AcDbXrecord
1000
KIOG
  0
XRECORD
  5
1000028C
102
{ACAD_REACTORS
330
10000288
102
}
330
10000288
100
AcDbXrecord
1000
JF/
  0
XRECORD
  5
10000291
102
{ACAD_REACTORS
330
1000028E
102
}
330
1000028E
100
AcDbXrecord
 40
0.0177100000000419
  0
XRECORD
  5
1000028F
102
{ACAD_REACTORS
330
1000028E
102
}
330
1000028E
100
AcDbXrecord
1000
KIVj
  0
XRECORD
  5
10000290
102
{ACAD_REACTORS
330
1000028E
102
}
330
1000028E
100
AcDbXrecord
1000
KIOG
  0
XRECORD
  5
10000292
102
{ACAD_REACTORS
330
1000028E
102
}
330
1000028E
100
AcDbXrecord
1000
JF/
  0
XRECORD
  5
10000297
102
{ACAD_REACTORS
330
10000294
102
}
330
10000294
100
AcDbXrecord
 40
0.017710000000008
  0
XRECORD
  5
10000295
102
{ACAD_REACTORS
330
10000294
102
}
330
10000294
100
AcDbXrecord
1000
KIRj
  0
XRECORD
  5
10000296
102
{ACAD_REACTORS
330
10000294
102
}
330
10000294
100
AcDbXrecord
1000
KIOG
  0
XRECORD
  5
10000298
102
{ACAD_REACTORS
330
10000294
102
}
330
10000294
100
AcDbXrecord
1000
JF/
  0
XRECORD
  5
1000029D
102
{ACAD_REACTORS
330
1000029A
102
}
330
1000029A
100
AcDbXrecord
 40
0.0204000000000247
  0
XRECORD
  5
1000029B
102
{ACAD_REACTORS
330
1000029A
102
}
330
1000029A
100
AcDbXrecord
1000
KINj
  0
XRECORD
  5
1000029C
102
{ACAD_REACTORS
330
1000029A
102
}
330
1000029A
100
AcDbXrecord
1000
KIOG
  0
XRECORD
  5
1000029E
102
{ACAD_REACTORS
330
1000029A
102
}
330
1000029A
100
AcDbXrecord
1000
JF/
  0
XRECORD
  5
100002A3
102
{ACAD_REACTORS
330
100002A0
102
}
330
100002A0
100
AcDbXrecord
 40
0.0216500000000202
  0
XRECORD
  5
100002A1
102
{ACAD_REACTORS
330
100002A0
102
}
330
100002A0
100
AcDbXrecord
1000
KIJj
  0
XRECORD
  5
100002A2
102
{ACAD_REACTORS
330
100002A0
102
}
330
100002A0
100
AcDbXrecord
1000
KIOG
  0
XRECORD
  5
100002A4
102
{ACAD_REACTORS
330
100002A0
102
}
330
100002A0
100
AcDbXrecord
1000
JF/
  0
XRECORD
  5
100002A9
102
{ACAD_REACTORS
330
100002A6
102
}
330
100002A6
100
AcDbXrecord
 40
0.0216500000000213
  0
XRECORD
  5
100002A7
102
{ACAD_REACTORS
330
100002A6
102
}
330
100002A6
100
AcDbXrecord
1000
KIFj
  0
XRECORD
  5
100002A8
102
{ACAD_REACTORS
330
100002A6
102
}
330
100002A6
100
AcDbXrecord
1000
KIOG
  0
XRECORD
  5
100002AA
102
{ACAD_REACTORS
330
100002A6
102
}
330
100002A6
100
AcDbXrecord
1000
JF/
  0
XRECORD
  5
100002AF
102
{ACAD_REACTORS
330
100002AC
102
}
330
100002AC
100
AcDbXrecord
 40
0.0216499999999864
  0
XRECORD
  5
100002AD
102
{ACAD_REACTORS
330
100002AC
102
}
330
100002AC
100
AcDbXrecord
1000
KIBj
  0
XRECORD
  5
100002AE
102
{ACAD_REACTORS
330
100002AC
102
}
330
100002AC
100
AcDbXrecord
1000
KIOG
  0
XRECORD
  5
100002B0
102
{ACAD_REACTORS
330
100002AC
102
}
330
100002AC
100
AcDbXrecord
1000
JF/
  0
XRECORD
  5
100002B5
102
{ACAD_REACTORS
330
100002B2
102
}
330
100002B2
100
AcDbXrecord
 40
0.0216499999999842
  0
XRECORD
  5
100002B3
102
{ACAD_REACTORS
330
100002B2
102
}
330
100002B2
100
AcDbXrecord
1000
KI9i
  0
XRECORD
  5
100002B4
102
{ACAD_REACTORS
330
100002B2
102
}
330
100002B2
100
AcDbXrecord
1000
KIOG
  0
XRECORD
  5
100002B6
102
{ACAD_REACTORS
330
100002B2
102
}
330
100002B2
100
AcDbXrecord
1000
JF/
  0
XRECORD
  5
100002BB
102
{ACAD_REACTORS
330
100002B8
102
}
330
100002B8
100
AcDbXrecord
 40
0.0216500000000126
  0
XRECORD
  5
100002B9
102
{ACAD_REACTORS
330
100002B8
102
}
330
100002B8
100
AcDbXrecord
1000
KI5i
  0
XRECORD
  5
100002BA
102
{ACAD_REACTORS
330
100002B8
102
}
330
100002B8
100
AcDbXrecord
1000
KIOG
  0
XRECORD
  5
100002BC
102
{ACAD_REACTORS
330
100002B8
102
}
330
100002B8
100
AcDbXrecord
1000
JF/
  0
XRECORD
  5
100002C1
102
{ACAD_REACTORS
330
100002BE
102
}
330
100002BE
100
AcDbXrecord
 40
0.0216499999999809
  0
XRECORD
  5
100002BF
102
{ACAD_REACTORS
330
100002BE
102
}
330
100002BE
100
AcDbXrecord
1000
KI1i
  0
XRECORD
  5
100002C0
102
{ACAD_REACTORS
330
100002BE
102
}
330
100002BE
100
AcDbXrecord
1000
KIOG
  0
XRECORD
  5
100002C2
102
{ACAD_REACTORS
330
100002BE
102
}
330
100002BE
100
AcDbXrecord
1000
JF/
  0
XRECORD
  5
100002C7
102
{ACAD_REACTORS
330
100002C4
102
}
330
100002C4
100
AcDbXrecord
 40
0.0216500000000071
  0
XRECORD
  5
100002C5
102
{ACAD_REACTORS
330
100002C4
102
}
330
100002C4
100
AcDbXrecord
1000
KIxi
  0
XRECORD
  5
100002C6
102
{ACAD_REACTORS
330
100002C4
102
}
330
100002C4
100
AcDbXrecord
1000
KIOG
  0
XRECORD
  5
100002C8
102
{ACAD_REACTORS
330
100002C4
102
}
330
100002C4
100
AcDbXrecord
1000
JF/
  0
XRECORD
  5
100002CD
102
{ACAD_REACTORS
330
100002CA
102
}
330
100002CA
100
AcDbXrecord
 40
0.0216499999999995
  0
XRECORD
  5
100002CB
102
{ACAD_REACTORS
330
100002CA
102
}
330
100002CA
100
AcDbXrecord
1000
KIti
  0
XRECORD
  5
100002CC
102
{ACAD_REACTORS
330
100002CA
102
}
330
100002CA
100
AcDbXrecord
1000
KIOG
  0
XRECORD
  5
100002CE
102
{ACAD_REACTORS
330
100002CA
102
}
330
100002CA
100
AcDbXrecord
1000
JF/
  0
XRECORD
  5
100002D3
102
{ACAD_REACTORS
330
100002D0
102
}
330
100002D0
100
AcDbXrecord
 40
0.0177099999999895
  0
XRECORD
  5
100002D1
102
{ACAD_REACTORS
330
100002D0
102
}
330
100002D0
100
AcDbXrecord
1000
KIpi
  0
XRECORD
  5
100002D2
102
{ACAD_REACTORS
330
100002D0
102
}
330
100002D0
100
AcDbXrecord
1000
KIOG
  0
XRECORD
  5
100002D4
102
{ACAD_REACTORS
330
100002D0
102
}
330
100002D0
100
AcDbXrecord
1000
JF/
  0
XRECORD
  5
100002D9
102
{ACAD_REACTORS
330
100002D6
102
}
330
100002D6
100
AcDbXrecord
 40
0.0216499999999908
  0
XRECORD
  5
100002D7
102
{ACAD_REACTORS
330
100002D6
102
}
330
100002D6
100
AcDbXrecord
1000
KIli
  0
XRECORD
  5
100002D8
102
{ACAD_REACTORS
330
100002D6
102
}
330
100002D6
100
AcDbXrecord
1000
KIOG
  0
XRECORD
  5
100002DA
102
{ACAD_REACTORS
330
100002D6
102
}
330
100002D6
100
AcDbXrecord
1000
JF/
  0
XRECORD
  5
100002DF
102
{ACAD_REACTORS
330
100002DC
102
}
330
100002DC
100
AcDbXrecord
 40
0.0177100000000376
  0
XRECORD
  5
100002DD
102
{ACAD_REACTORS
330
100002DC
102
}
330
100002DC
100
AcDbXrecord
1000
KIhi
  0
XRECORD
  5
100002DE
102
{ACAD_REACTORS
330
100002DC
102
}
330
100002DC
100
AcDbXrecord
1000
KIOG
  0
XRECORD
  5
100002E0
102
{ACAD_REACTORS
330
100002DC
102
}
330
100002DC
100
AcDbXrecord
1000
JF/
  0
XRECORD
  5
100002E5
102
{ACAD_REACTORS
330
100002E2
102
}
330
100002E2
100
AcDbXrecord
 40
0.0204000000000182
  0
XRECORD
  5
100002E3
102
{ACAD_REACTORS
330
100002E2
102
}
330
100002E2
100
AcDbXrecord
1000
KIdi
  0
XRECORD
  5
100002E4
102
{ACAD_REACTORS
330
100002E2
102
}
330
100002E2
100
AcDbXrecord
1000
KIOG
  0
XRECORD
  5
100002E6
102
{ACAD_REACTORS
330
100002E2
102
}
330
100002E2
100
AcDbXrecord
1000
JF/
  0
XRECORD
  5
100002EB
102
{ACAD_REACTORS
330
100002E8
102
}
330
100002E8
100
AcDbXrecord
 40
0.0177099999999993
  0
XRECORD
  5
100002E9
102
{ACAD_REACTORS
330
100002E8
102
}
330
100002E8
100
AcDbXrecord
1000
KIZi
  0
XRECORD
  5
100002EA
102
{ACAD_REACTORS
330
100002E8
102
}
330
100002E8
100
AcDbXrecord
1000
KIOG
  0
XRECORD
  5
100002EC
102
{ACAD_REACTORS
330
100002E8
102
}
330
100002E8
100
AcDbXrecord
1000
JF/
  0
XRECORD
  5
100002F1
102
{ACAD_REACTORS
330
100002EE
102
}
330
100002EE
100
AcDbXrecord
 40
0.0216500000000137
  0
XRECORD
  5
100002EF
102
{ACAD_REACTORS
330
100002EE
102
}
330
100002EE
100
AcDbXrecord
1000
KIVi
  0
XRECORD
  5
100002F0
102
{ACAD_REACTORS
330
100002EE
102
}
330
100002EE
100
AcDbXrecord
1000
KIOG
  0
XRECORD
  5
100002F2
102
{ACAD_REACTORS
330
100002EE
102
}
330
100002EE
100
AcDbXrecord
1000
JF/
  0
XRECORD
  5
100002F7
102
{ACAD_REACTORS
330
100002F4
102
}
330
100002F4
100
AcDbXrecord
 40
0.0177099999999993
  0
XRECORD
  5
100002F5
102
{ACAD_REACTORS
330
100002F4
102
}
330
100002F4
100
AcDbXrecord
1000
KIRi
  0
XRECORD
  5
100002F6
102
{ACAD_REACTORS
330
100002F4
102
}
330
100002F4
100
AcDbXrecord
1000
KIOG
  0
XRECORD
  5
100002F8
102
{ACAD_REACTORS
330
100002F4
102
}
330
100002F4
100
AcDbXrecord
1000
JF/
  0
XRECORD
  5
100002FD
102
{ACAD_REACTORS
330
100002FA
102
}
330
100002FA
100
AcDbXrecord
 40
0.020400000000028
  0
XRECORD
  5
100002FB
102
{ACAD_REACTORS
330
100002FA
102
}
330
100002FA
100
AcDbXrecord
1000
KINi
  0
XRECORD
  5
100002FC
102
{ACAD_REACTORS
330
100002FA
102
}
330
100002FA
100
AcDbXrecord
1000
KIOG
  0
XRECORD
  5
100002FE
102
{ACAD_REACTORS
330
100002FA
102
}
330
100002FA
100
AcDbXrecord
1000
JF/
  0
XRECORD
  5
10000303
102
{ACAD_REACTORS
330
10000300
102
}
330
10000300
100
AcDbXrecord
 40
0.0216499999999929
  0
XRECORD
  5
10000301
102
{ACAD_REACTORS
330
10000300
102
}
330
10000300
100
AcDbXrecord
1000
KIJi
  0
XRECORD
  5
10000302
102
{ACAD_REACTORS
330
10000300
102
}
330
10000300
100
AcDbXrecord
1000
KIOG
  0
XRECORD
  5
10000304
102
{ACAD_REACTORS
330
10000300
102
}
330
10000300
100
AcDbXrecord
1000
JF/
  0
XRECORD
  5
10000309
102
{ACAD_REACTORS
330
10000306
102
}
330
10000306
100
AcDbXrecord
 40
0.0216500000000082
  0
XRECORD
  5
10000307
102
{ACAD_REACTORS
330
10000306
102
}
330
10000306
100
AcDbXrecord
1000
KIFi
  0
XRECORD
  5
10000308
102
{ACAD_REACTORS
330
10000306
102
}
330
10000306
100
AcDbXrecord
1000
KIOG
  0
XRECORD
  5
1000030A
102
{ACAD_REACTORS
330
10000306
102
}
330
10000306
100
AcDbXrecord
1000
JF/
  0
XRECORD
  5
1000030F
102
{ACAD_REACTORS
330
1000030C
102
}
330
1000030C
100
AcDbXrecord
 40
0.0216499999999416
  0
XRECORD
  5
1000030D
102
{ACAD_REACTORS
330
1000030C
102
}
330
1000030C
100
AcDbXrecord
1000
KIBi
  0
XRECORD
  5
1000030E
102
{ACAD_REACTORS
330
1000030C
102
}
330
1000030C
100
AcDbXrecord
1000
KIOG
  0
XRECORD
  5
10000310
102
{ACAD_REACTORS
330
1000030C
102
}
330
1000030C
100
AcDbXrecord
1000
JF/
  0
XRECORD
  5
10000315
102
{ACAD_REACTORS
330
10000312
102
}
330
10000312
100
AcDbXrecord
 40
0.0216499999999787
  0
XRECORD
  5
10000313
102
{ACAD_REACTORS
330
10000312
102
}
330
10000312
100
AcDbXrecord
1000
KI9h
  0
XRECORD
  5
10000314
102
{ACAD_REACTORS
330
10000312
102
}
330
10000312
100
AcDbXrecord
1000
KIOG
  0
XRECORD
  5
10000316
102
{ACAD_REACTORS
330
10000312
102
}
330
10000312
100
AcDbXrecord
1000
JF/
  0
XRECORD
  5
1000031B
102
{ACAD_REACTORS
330
10000318
102
}
330
10000318
100
AcDbXrecord
 40
0.0216499999999798
  0
XRECORD
  5
10000319
102
{ACAD_REACTORS
330
10000318
102
}
330
10000318
100
AcDbXrecord
1000
KI5h
  0
XRECORD
  5
1000031A
102
{ACAD_REACTORS
330
10000318
102
}
330
10000318
100
AcDbXrecord
1000
KIOG
  0
XRECORD
  5
1000031C
102
{ACAD_REACTORS
330
10000318
102
}
330
10000318
100
AcDbXrecord
1000
JF/
  0
XRECORD
  5
10000321
102
{ACAD_REACTORS
330
1000031E
102
}
330
1000031E
100
AcDbXrecord
 40
0.0216499999999678
  0
XRECORD
  5
1000031F
102
{ACAD_REACTORS
330
1000031E
102
}
330
1000031E
100
AcDbXrecord
1000
KI1h
  0
XRECORD
  5
10000320
102
{ACAD_REACTORS
330
1000031E
102
}
330
1000031E
100
AcDbXrecord
1000
KIOG
  0
XRECORD
  5
10000322
102
{ACAD_REACTORS
330
1000031E
102
}
330
1000031E
100
AcDbXrecord
1000
JF/
  0
XRECORD
  5
10000327
102
{ACAD_REACTORS
330
10000324
102
}
330
10000324
100
AcDbXrecord
 40
0.0216500000000213
  0
XRECORD
  5
10000325
102
{ACAD_REACTORS
330
10000324
102
}
330
10000324
100
AcDbXrecord
1000
KIxh
  0
XRECORD
  5
10000326
102
{ACAD_REACTORS
330
10000324
102
}
330
10000324
100
AcDbXrecord
1000
KIOG
  0
XRECORD
  5
10000328
102
{ACAD_REACTORS
330
10000324
102
}
330
10000324
100
AcDbXrecord
1000
JF/
  0
XRECORD
  5
1000032D
102
{ACAD_REACTORS
330
1000032A
102
}
330
1000032A
100
AcDbXrecord
 40
0.0216499999999525
  0
XRECORD
  5
1000032B
102
{ACAD_REACTORS
330
1000032A
102
}
330
1000032A
100
AcDbXrecord
1000
KIth
  0
XRECORD
  5
1000032C
102
{ACAD_REACTORS
330
1000032A
102
}
330
1000032A
100
AcDbXrecord
1000
KIOG
  0
XRECORD
  5
1000032E
102
{ACAD_REACTORS
330
1000032A
102
}
330
1000032A
100
AcDbXrecord
1000
JF/
  0
XRECORD
  5
10000333
102
{ACAD_REACTORS
330
10000330
102
}
330
10000330
100
AcDbXrecord
 40
0.0216499999999678
  0
XRECORD
  5
10000331
102
{ACAD_REACTORS
330
10000330
102
}
330
10000330
100
AcDbXrecord
1000
KIph
  0
XRECORD
  5
10000332
102
{ACAD_REACTORS
330
10000330
102
}
330
10000330
100
AcDbXrecord
1000
KIOG
  0
XRECORD
  5
10000334
102
{ACAD_REACTORS
330
10000330
102
}
330
10000330
100
AcDbXrecord
1000
JF/
  0
XRECORD
  5
10000339
102
{ACAD_REACTORS
330
10000336
102
}
330
10000336
100
AcDbXrecord
 40
0.0216499999999853
  0
XRECORD
  5
10000337
102
{ACAD_REACTORS
330
10000336
102
}
330
10000336
100
AcDbXrecord
1000
KIlh
  0
XRECORD
  5
10000338
102
{ACAD_REACTORS
330
10000336
102
}
330
10000336
100
AcDbXrecord
1000
KIOG
  0
XRECORD
  5
1000033A
102
{ACAD_REACTORS
330
10000336
102
}
330
10000336
100
AcDbXrecord
1000
JF/
  0
XRECORD
  5
1000033F
102
{ACAD_REACTORS
330
1000033C
102
}
330
1000033C
100
AcDbXrecord
 40
0.0216499999999896
  0
XRECORD
  5
1000033D
102
{ACAD_REACTORS
330
1000033C
102
}
330
1000033C
100
AcDbXrecord
1000
KIhh
  0
XRECORD
  5
1000033E
102
{ACAD_REACTORS
330
1000033C
102
}
330
1000033C
100
AcDbXrecord
1000
KIOG
  0
XRECORD
  5
10000340
102
{ACAD_REACTORS
330
1000033C
102
}
330
1000033C
100
AcDbXrecord
1000
JF/
  0
XRECORD
  5
10000345
102
{ACAD_REACTORS
330
10000342
102
}
330
10000342
100
AcDbXrecord
 40
0.0216499999999896
  0
XRECORD
  5
10000343
102
{ACAD_REACTORS
330
10000342
102
}
330
10000342
100
AcDbXrecord
1000
KIdh
  0
XRECORD
  5
10000344
102
{ACAD_REACTORS
330
10000342
102
}
330
10000342
100
AcDbXrecord
1000
KIOG
  0
XRECORD
  5
10000346
102
{ACAD_REACTORS
330
10000342
102
}
330
10000342
100
AcDbXrecord
1000
JF/
  0
XRECORD
  5
1000034B
102
{ACAD_REACTORS
330
10000348
102
}
330
10000348
100
AcDbXrecord
 40
0.0216500000000017
  0
XRECORD
  5
10000349
102
{ACAD_REACTORS
330
10000348
102
}
330
10000348
100
AcDbXrecord
1000
KIZh
  0
XRECORD
  5
1000034A
102
{ACAD_REACTORS
330
10000348
102
}
330
10000348
100
AcDbXrecord
1000
KIOG
  0
XRECORD
  5
1000034C
102
{ACAD_REACTORS
330
10000348
102
}
330
10000348
100
AcDbXrecord
1000
JF/
  0
XRECORD
  5
10000351
102
{ACAD_REACTORS
330
1000034E
102
}
330
1000034E
100
AcDbXrecord
 40
0.0216499999999798
  0
XRECORD
  5
1000034F
102
{ACAD_REACTORS
330
1000034E
102
}
330
1000034E
100
AcDbXrecord
1000
KIVh
  0
XRECORD
  5
10000350
102
{ACAD_REACTORS
330
1000034E
102
}
330
1000034E
100
AcDbXrecord
1000
KIOG
  0
XRECORD
  5
10000352
102
{ACAD_REACTORS
330
1000034E
102
}
330
1000034E
100
AcDbXrecord
1000
JF/
  0
XRECORD
  5
10000357
102
{ACAD_REACTORS
330
10000354
102
}
330
10000354
100
AcDbXrecord
 40
0.0216499999999689
  0
XRECORD
  5
10000355
102
{ACAD_REACTORS
330
10000354
102
}
330
10000354
100
AcDbXrecord
1000
KIRh
  0
XRECORD
  5
10000356
102
{ACAD_REACTORS
330
10000354
102
}
330
10000354
100
AcDbXrecord
1000
KIOG
  0
XRECORD
  5
10000358
102
{ACAD_REACTORS
330
10000354
102
}
330
10000354
100
AcDbXrecord
1000
JF/
  0
XRECORD
  5
1000035D
102
{ACAD_REACTORS
330
1000035A
102
}
330
1000035A
100
AcDbXrecord
 40
0.0216499999999667
  0
XRECORD
  5
1000035B
102
{ACAD_REACTORS
330
1000035A
102
}
330
1000035A
100
AcDbXrecord
1000
KINh
  0
XRECORD
  5
1000035C
102
{ACAD_REACTORS
330
1000035A
102
}
330
1000035A
100
AcDbXrecord
1000
KIOG
  0
XRECORD
  5
1000035E
102
{ACAD_REACTORS
330
1000035A
102
}
330
1000035A
100
AcDbXrecord
1000
JF/
  0
XRECORD
  5
10000363
102
{ACAD_REACTORS
330
10000360
102
}
330
10000360
100
AcDbXrecord
 40
0.0216500000000246
  0
XRECORD
  5
10000361
102
{ACAD_REACTORS
330
10000360
102
}
330
10000360
100
AcDbXrecord
1000
KIJh
  0
XRECORD
  5
10000362
102
{ACAD_REACTORS
330
10000360
102
}
330
10000360
100
AcDbXrecord
1000
KIOG
  0
XRECORD
  5
10000364
102
{ACAD_REACTORS
330
10000360
102
}
330
10000360
100
AcDbXrecord
1000
JF/
  0
XRECORD
  5
10000369
102
{ACAD_REACTORS
330
10000366
102
}
330
10000366
100
AcDbXrecord
 40
0.0216499999999776
  0
XRECORD
  5
10000367
102
{ACAD_REACTORS
330
10000366
102
}
330
10000366
100
AcDbXrecord
1000
KIFh
  0
XRECORD
  5
10000368
102
{ACAD_REACTORS
330
10000366
102
}
330
10000366
100
AcDbXrecord
1000
KIOG
  0
XRECORD
  5
1000036A
102
{ACAD_REACTORS
330
10000366
102
}
330
10000366
100
AcDbXrecord
1000
JF/
  0
XRECORD
  5
1000036F
102
{ACAD_REACTORS
330
1000036C
102
}
330
1000036C
100
AcDbXrecord
 40
0.0216500000000279
  0
XRECORD
  5
1000036D
102
{ACAD_REACTORS
330
1000036C
102
}
330
1000036C
100
AcDbXrecord
1000
KIBh
  0
XRECORD
  5
1000036E
102
{ACAD_REACTORS
330
1000036C
102
}
330
1000036C
100
AcDbXrecord
1000
KIOG
  0
XRECORD
  5
10000370
102
{ACAD_REACTORS
330
1000036C
102
}
330
1000036C
100
AcDbXrecord
1000
JF/
  0
XRECORD
  5
10000375
102
{ACAD_REACTORS
330
10000372
102
}
330
10000372
100
AcDbXrecord
 40
0.0216500000000039
  0
XRECORD
  5
10000373
102
{ACAD_REACTORS
330
10000372
102
}
330
10000372
100
AcDbXrecord
1000
KI9g
  0
XRECORD
  5
10000374
102
{ACAD_REACTORS
330
10000372
102
}
330
10000372
100
AcDbXrecord
1000
KIOG
  0
XRECORD
  5
10000376
102
{ACAD_REACTORS
330
10000372
102
}
330
10000372
100
AcDbXrecord
1000
JF/
  0
XRECORD
  5
1000037B
102
{ACAD_REACTORS
330
10000378
102
}
330
10000378
100
AcDbXrecord
 40
0.0216500000000213
  0
XRECORD
  5
10000379
102
{ACAD_REACTORS
330
10000378
102
}
330
10000378
100
AcDbXrecord
1000
KI5g
  0
XRECORD
  5
1000037A
102
{ACAD_REACTORS
330
10000378
102
}
330
10000378
100
AcDbXrecord
1000
KIOG
  0
XRECORD
  5
1000037C
102
{ACAD_REACTORS
330
10000378
102
}
330
10000378
100
AcDbXrecord
1000
JF/
  0
XRECORD
  5
10000381
102
{ACAD_REACTORS
330
1000037E
102
}
330
1000037E
100
AcDbXrecord
 40
0.0216500000000039
  0
XRECORD
  5
1000037F
102
{ACAD_REACTORS
330
1000037E
102
}
330
1000037E
100
AcDbXrecord
1000
KI1g
  0
XRECORD
  5
10000380
102
{ACAD_REACTORS
330
1000037E
102
}
330
1000037E
100
AcDbXrecord
1000
KIOG
  0
XRECORD
  5
10000382
102
{ACAD_REACTORS
330
1000037E
102
}
330
1000037E
100
AcDbXrecord
1000
JF/
  0
XRECORD
  5
10000387
102
{ACAD_REACTORS
330
10000384
102
}
330
10000384
100
AcDbXrecord
 40
0.0216499999999962
  0
XRECORD
  5
10000385
102
{ACAD_REACTORS
330
10000384
102
}
330
10000384
100
AcDbXrecord
1000
KIxg
  0
XRECORD
  5
10000386
102
{ACAD_REACTORS
330
10000384
102
}
330
10000384
100
AcDbXrecord
1000
KIOG
  0
XRECORD
  5
10000388
102
{ACAD_REACTORS
330
10000384
102
}
330
10000384
100
AcDbXrecord
1000
JF/
  0
XRECORD
  5
1000038D
102
{ACAD_REACTORS
330
1000038A
102
}
330
1000038A
100
AcDbXrecord
 40
0.0216500000000246
  0
XRECORD
  5
1000038B
102
{ACAD_REACTORS
330
1000038A
102
}
330
1000038A
100
AcDbXrecord
1000
KItg
  0
XRECORD
  5
1000038C
102
{ACAD_REACTORS
330
1000038A
102
}
330
1000038A
100
AcDbXrecord
1000
KIOG
  0
XRECORD
  5
1000038E
102
{ACAD_REACTORS
330
1000038A
102
}
330
1000038A
100
AcDbXrecord
1000
JF/
  0
XRECORD
  5
10000393
102
{ACAD_REACTORS
330
10000390
102
}
330
10000390
100
AcDbXrecord
 40
0.021650000000041
  0
XRECORD
  5
10000391
102
{ACAD_REACTORS
330
10000390
102
}
330
10000390
100
AcDbXrecord
1000
KIpg
  0
XRECORD
  5
10000392
102
{ACAD_REACTORS
330
10000390
102
}
330
10000390
100
AcDbXrecord
1000
KIOG
  0
XRECORD
  5
10000394
102
{ACAD_REACTORS
330
10000390
102
}
330
10000390
100
AcDbXrecord
1000
JF/
  0
XRECORD
  5
10000399
102
{ACAD_REACTORS
330
10000396
102
}
330
10000396
100
AcDbXrecord
 40
0.0216499999999874
  0
XRECORD
  5
10000397
102
{ACAD_REACTORS
330
10000396
102
}
330
10000396
100
AcDbXrecord
1000
KIlg
  0
XRECORD
  5
10000398
102
{ACAD_REACTORS
330
10000396
102
}
330
10000396
100
AcDbXrecord
1000
KIOG
  0
XRECORD
  5
1000039A
102
{ACAD_REACTORS
330
10000396
102
}
330
10000396
100
AcDbXrecord
1000
JF/
  0
XRECORD
  5
1000039F
102
{ACAD_REACTORS
330
1000039C
102
}
330
1000039C
100
AcDbXrecord
 40
0.021649999999982
  0
XRECORD
  5
1000039D
102
{ACAD_REACTORS
330
1000039C
102
}
330
1000039C
100
AcDbXrecord
1000
KIhg
  0
XRECORD
  5
1000039E
102
{ACAD_REACTORS
330
1000039C
102
}
330
1000039C
100
AcDbXrecord
1000
KIOG
  0
XRECORD
  5
100003A0
102
{ACAD_REACTORS
330
1000039C
102
}
330
1000039C
100
AcDbXrecord
1000
JF/
  0
XRECORD
  5
100003A5
102
{ACAD_REACTORS
330
100003A2
102
}
330
100003A2
100
AcDbXrecord
 40
0.0216499999999722
  0
XRECORD
  5
100003A3
102
{ACAD_REACTORS
330
100003A2
102
}
330
100003A2
100
AcDbXrecord
1000
KIdg
  0
XRECORD
  5
100003A4
102
{ACAD_REACTORS
330
100003A2
102
}
330
100003A2
100
AcDbXrecord
1000
KIOG
  0
XRECORD
  5
100003A6
102
{ACAD_REACTORS
330
100003A2
102
}
330
100003A2
100
AcDbXrecord
1000
JF/
  0
XRECORD
  5
100003AB
102
{ACAD_REACTORS
330
100003A8
102
}
330
100003A8
100
AcDbXrecord
 40
0.0216499999999929
  0
XRECORD
  5
100003A9
102
{ACAD_REACTORS
330
100003A8
102
}
330
100003A8
100
AcDbXrecord
1000
KIZg
  0
XRECORD
  5
100003AA
102
{ACAD_REACTORS
330
100003A8
102
}
330
100003A8
100
AcDbXrecord
1000
KIOG
  0
XRECORD
  5
100003AC
102
{ACAD_REACTORS
330
100003A8
102
}
330
100003A8
100
AcDbXrecord
1000
JF/
  0
XRECORD
  5
100003B1
102
{ACAD_REACTORS
330
100003AE
102
}
330
100003AE
100
AcDbXrecord
 40
0.021650000000005
  0
XRECORD
  5
100003AF
102
{ACAD_REACTORS
330
100003AE
102
}
330
100003AE
100
AcDbXrecord
1000
KIVg
  0
XRECORD
  5
100003B0
102
{ACAD_REACTORS
330
100003AE
102
}
330
100003AE
100
AcDbXrecord
1000
KIOG
  0
XRECORD
  5
100003B2
102
{ACAD_REACTORS
330
100003AE
102
}
330
100003AE
100
AcDbXrecord
1000
JF/
  0
XRECORD
  5
100003B7
102
{ACAD_REACTORS
330
100003B4
102
}
330
100003B4
100
AcDbXrecord
 40
0.0216499999999689
  0
XRECORD
  5
100003B5
102
{ACAD_REACTORS
330
100003B4
102
}
330
100003B4
100
AcDbXrecord
1000
KIRg
  0
XRECORD
  5
100003B6
102
{ACAD_REACTORS
330
100003B4
102
}
330
100003B4
100
AcDbXrecord
1000
KIOG
  0
XRECORD
  5
100003B8
102
{ACAD_REACTORS
330
100003B4
102
}
330
100003B4
100
AcDbXrecord
1000
JF/
  0
XRECORD
  5
100003BD
102
{ACAD_REACTORS
330
100003BA
102
}
330
100003BA
100
AcDbXrecord
 40
0.0216500000000115
  0
XRECORD
  5
100003BB
102
{ACAD_REACTORS
330
100003BA
102
}
330
100003BA
100
AcDbXrecord
1000
KINg
  0
XRECORD
  5
100003BC
102
{ACAD_REACTORS
330
100003BA
102
}
330
100003BA
100
AcDbXrecord
1000
KIOG
  0
XRECORD
  5
100003BE
102
{ACAD_REACTORS
330
100003BA
102
}
330
100003BA
100
AcDbXrecord
1000
JF/
  0
XRECORD
  5
100003C3
102
{ACAD_REACTORS
330
100003C0
102
}
330
100003C0
100
AcDbXrecord
 40
0.0137799999999939
  0
XRECORD
  5
100003C1
102
{ACAD_REACTORS
330
100003C0
102
}
330
100003C0
100
AcDbXrecord
1000
KIJg
  0
XRECORD
  5
100003C2
102
{ACAD_REACTORS
330
100003C0
102
}
330
100003C0
100
AcDbXrecord
1000
KIOG
  0
XRECORD
  5
100003C4
102
{ACAD_REACTORS
330
100003C0
102
}
330
100003C0
100
AcDbXrecord
1000
JF/
  0
XRECORD
  5
100003C9
102
{ACAD_REACTORS
330
100003C6
102
}
330
100003C6
100
AcDbXrecord
 40
0.0137799999999939
  0
XRECORD
  5
100003C7
102
{ACAD_REACTORS
330
100003C6
102
}
330
100003C6
100
AcDbXrecord
1000
KIFg
  0
XRECORD
  5
100003C8
102
{ACAD_REACTORS
330
100003C6
102
}
330
100003C6
100
AcDbXrecord
1000
KIOG
  0
XRECORD
  5
100003CA
102
{ACAD_REACTORS
330
100003C6
102
}
330
100003C6
100
AcDbXrecord
1000
JF/
  0
XRECORD
  5
100003CF
102
{ACAD_REACTORS
330
100003CC
102
}
330
100003CC
100
AcDbXrecord
 40
0.013780000000007
  0
XRECORD
  5
100003CD
102
{ACAD_REACTORS
330
100003CC
102
}
330
100003CC
100
AcDbXrecord
1000
KIBg
  0
XRECORD
  5
100003CE
102
{ACAD_REACTORS
330
100003CC
102
}
330
100003CC
100
AcDbXrecord
1000
KIOG
  0
XRECORD
  5
100003D0
102
{ACAD_REACTORS
330
100003CC
102
}
330
100003CC
100
AcDbXrecord
1000
JF/
  0
XRECORD
  5
100003D5
102
{ACAD_REACTORS
330
100003D2
102
}
330
100003D2
100
AcDbXrecord
 40
0.013779999999983
  0
XRECORD
  5
100003D3
102
{ACAD_REACTORS
330
100003D2
102
}
330
100003D2
100
AcDbXrecord
1000
KI9f
  0
XRECORD
  5
100003D4
102
{ACAD_REACTORS
330
100003D2
102
}
330
100003D2
100
AcDbXrecord
1000
KIOG
  0
XRECORD
  5
100003D6
102
{ACAD_REACTORS
330
100003D2
102
}
330
100003D2
100
AcDbXrecord
1000
JF/
  0
XRECORD
  5
100003DB
102
{ACAD_REACTORS
330
100003D8
102
}
330
100003D8
100
AcDbXrecord
 40
0.0137799999999961
  0
XRECORD
  5
100003D9
102
{ACAD_REACTORS
330
100003D8
102
}
330
100003D8
100
AcDbXrecord
1000
KI5f
  0
XRECORD
  5
100003DA
102
{ACAD_REACTORS
330
100003D8
102
}
330
100003D8
100
AcDbXrecord
1000
KIOG
  0
XRECORD
  5
100003DC
102
{ACAD_REACTORS
330
100003D8
102
}
330
100003D8
100
AcDbXrecord
1000
JF/
  0
XRECORD
  5
100003E1
102
{ACAD_REACTORS
330
100003DE
102
}
330
100003DE
100
AcDbXrecord
 40
0.0137800000000223
  0
XRECORD
  5
100003DF
102
{ACAD_REACTORS
330
100003DE
102
}
330
100003DE
100
AcDbXrecord
1000
KI1f
  0
XRECORD
  5
100003E0
102
{ACAD_REACTORS
330
100003DE
102
}
330
100003DE
100
AcDbXrecord
1000
KIOG
  0
XRECORD
  5
100003E2
102
{ACAD_REACTORS
330
100003DE
102
}
330
100003DE
100
AcDbXrecord
1000
JF/
  0
XRECORD
  5
100003E7
102
{ACAD_REACTORS
330
100003E4
102
}
330
100003E4
100
AcDbXrecord
 40
0.0137799999999982
  0
XRECORD
  5
100003E5
102
{ACAD_REACTORS
330
100003E4
102
}
330
100003E4
100
AcDbXrecord
1000
KIxf
  0
XRECORD
  5
100003E6
102
{ACAD_REACTORS
330
100003E4
102
}
330
100003E4
100
AcDbXrecord
1000
KIOG
  0
XRECORD
  5
100003E8
102
{ACAD_REACTORS
330
100003E4
102
}
330
100003E4
100
AcDbXrecord
1000
JF/
  0
XRECORD
  5
100003ED
102
{ACAD_REACTORS
330
100003EA
102
}
330
100003EA
100
AcDbXrecord
 40
0.0137799999999961
  0
XRECORD
  5
100003EB
102
{ACAD_REACTORS
330
100003EA
102
}
330
100003EA
100
AcDbXrecord
1000
KItf
  0
XRECORD
  5
100003EC
102
{ACAD_REACTORS
330
100003EA
102
}
330
100003EA
100
AcDbXrecord
1000
KIOG
  0
XRECORD
  5
100003EE
102
{ACAD_REACTORS
330
100003EA
102
}
330
100003EA
100
AcDbXrecord
1000
JF/
  0
XRECORD
  5
100003F3
102
{ACAD_REACTORS
330
100003F0
102
}
330
100003F0
100
AcDbXrecord
 40
0.0137799999999873
  0
XRECORD
  5
100003F1
102
{ACAD_REACTORS
330
100003F0
102
}
330
100003F0
100
AcDbXrecord
1000
KIpf
  0
XRECORD
  5
100003F2
102
{ACAD_REACTORS
330
100003F0
102
}
330
100003F0
100
AcDbXrecord
1000
KIOG
  0
XRECORD
  5
100003F4
102
{ACAD_REACTORS
330
100003F0
102
}
330
100003F0
100
AcDbXrecord
1000
JF/
  0
XRECORD
  5
100003F9
102
{ACAD_REACTORS
330
100003F6
102
}
330
100003F6
100
AcDbXrecord
 40
0.013780000000007
  0
XRECORD
  5
100003F7
102
{ACAD_REACTORS
330
100003F6
102
}
330
100003F6
100
AcDbXrecord
1000
KIlf
  0
XRECORD
  5
100003F8
102
{ACAD_REACTORS
330
100003F6
102
}
330
100003F6
100
AcDbXrecord
1000
KIOG
  0
XRECORD
  5
100003FA
102
{ACAD_REACTORS
330
100003F6
102
}
330
100003F6
100
AcDbXrecord
1000
JF/
  0
XRECORD
  5
100003FF
102
{ACAD_REACTORS
330
100003FC
102
}
330
100003FC
100
AcDbXrecord
 40
0.0137799999999873
  0
XRECORD
  5
100003FD
102
{ACAD_REACTORS
330
100003FC
102
}
330
100003FC
100
AcDbXrecord
1000
KIhf
  0
XRECORD
  5
100003FE
102
{ACAD_REACTORS
330
100003FC
102
}
330
100003FC
100
AcDbXrecord
1000
KIOG
  0
XRECORD
  5
10000400
102
{ACAD_REACTORS
330
100003FC
102
}
330
100003FC
100
AcDbXrecord
1000
JF/
  0
XRECORD
  5
10000405
102
{ACAD_REACTORS
330
10000402
102
}
330
10000402
100
AcDbXrecord
 40
0.0137799999999786
  0
XRECORD
  5
10000403
102
{ACAD_REACTORS
330
10000402
102
}
330
10000402
100
AcDbXrecord
1000
KIdf
  0
XRECORD
  5
10000404
102
{ACAD_REACTORS
330
10000402
102
}
330
10000402
100
AcDbXrecord
1000
KIOG
  0
XRECORD
  5
10000406
102
{ACAD_REACTORS
330
10000402
102
}
330
10000402
100
AcDbXrecord
1000
JF/
  0
XRECORD
  5
1000040B
102
{ACAD_REACTORS
330
10000408
102
}
330
10000408
100
AcDbXrecord
 40
0.0137799999999895
  0
XRECORD
  5
10000409
102
{ACAD_REACTORS
330
10000408
102
}
330
10000408
100
AcDbXrecord
1000
KIZf
  0
XRECORD
  5
1000040A
102
{ACAD_REACTORS
330
10000408
102
}
330
10000408
100
AcDbXrecord
1000
KIOG
  0
XRECORD
  5
1000040C
102
{ACAD_REACTORS
330
10000408
102
}
330
10000408
100
AcDbXrecord
1000
JF/
  0
XRECORD
  5
10000411
102
{ACAD_REACTORS
330
1000040E
102
}
330
1000040E
100
AcDbXrecord
 40
0.0137800000000157
  0
XRECORD
  5
1000040F
102
{ACAD_REACTORS
330
1000040E
102
}
330
1000040E
100
AcDbXrecord
1000
KIVf
  0
XRECORD
  5
10000410
102
{ACAD_REACTORS
330
1000040E
102
}
330
1000040E
100
AcDbXrecord
1000
KIOG
  0
XRECORD
  5
10000412
102
{ACAD_REACTORS
330
1000040E
102
}
330
1000040E
100
AcDbXrecord
1000
JF/
  0
XRECORD
  5
10000417
102
{ACAD_REACTORS
330
10000414
102
}
330
10000414
100
AcDbXrecord
 40
0.013780000000031
  0
XRECORD
  5
10000415
102
{ACAD_REACTORS
330
10000414
102
}
330
10000414
100
AcDbXrecord
1000
KIRf
  0
XRECORD
  5
10000416
102
{ACAD_REACTORS
330
10000414
102
}
330
10000414
100
AcDbXrecord
1000
KIOG
  0
XRECORD
  5
10000418
102
{ACAD_REACTORS
330
10000414
102
}
330
10000414
100
AcDbXrecord
1000
JF/
  0
XRECORD
  5
1000041D
102
{ACAD_REACTORS
330
1000041A
102
}
330
1000041A
100
AcDbXrecord
 40
0.0137800000000135
  0
XRECORD
  5
1000041B
102
{ACAD_REACTORS
330
1000041A
102
}
330
1000041A
100
AcDbXrecord
1000
KINf
  0
XRECORD
  5
1000041C
102
{ACAD_REACTORS
330
1000041A
102
}
330
1000041A
100
AcDbXrecord
1000
KIOG
  0
XRECORD
  5
1000041E
102
{ACAD_REACTORS
330
1000041A
102
}
330
1000041A
100
AcDbXrecord
1000
JF/
  0
XRECORD
  5
10000423
102
{ACAD_REACTORS
330
10000420
102
}
330
10000420
100
AcDbXrecord
 40
0.0137799999999873
  0
XRECORD
  5
10000421
102
{ACAD_REACTORS
330
10000420
102
}
330
10000420
100
AcDbXrecord
1000
KIJf
  0
XRECORD
  5
10000422
102
{ACAD_REACTORS
330
10000420
102
}
330
10000420
100
AcDbXrecord
1000
KIOG
  0
XRECORD
  5
10000424
102
{ACAD_REACTORS
330
10000420
102
}
330
10000420
100
AcDbXrecord
1000
JF/
  0
XRECORD
  5
10000429
102
{ACAD_REACTORS
330
10000426
102
}
330
10000426
100
AcDbXrecord
 40
0.0137800000000135
  0
XRECORD
  5
10000427
102
{ACAD_REACTORS
330
10000426
102
}
330
10000426
100
AcDbXrecord
1000
KIFf
  0
XRECORD
  5
10000428
102
{ACAD_REACTORS
330
10000426
102
}
330
10000426
100
AcDbXrecord
1000
KIOG
  0
XRECORD
  5
1000042A
102
{ACAD_REACTORS
330
10000426
102
}
330
10000426
100
AcDbXrecord
1000
JF/
  0
XRECORD
  5
1000042F
102
{ACAD_REACTORS
330
1000042C
102
}
330
1000042C
100
AcDbXrecord
 40
0.045269999999998
  0
XRECORD
  5
1000042D
102
{ACAD_REACTORS
330
1000042C
102
}
330
1000042C
100
AcDbXrecord
1000
KIBf
  0
XRECORD
  5
1000042E
102
{ACAD_REACTORS
330
1000042C
102
}
330
1000042C
100
AcDbXrecord
1000
KIOG
  0
XRECORD
  5
10000430
102
{ACAD_REACTORS
330
1000042C
102
}
330
1000042C
100
AcDbXrecord
1000
JF/
  0
XRECORD
  5
10000435
102
{ACAD_REACTORS
330
10000432
102
}
330
10000432
100
AcDbXrecord
 40
0.0452699999999803
  0
XRECORD
  5
10000433
102
{ACAD_REACTORS
330
10000432
102
}
330
10000432
100
AcDbXrecord
1000
KI9e
  0
XRECORD
  5
10000434
102
{ACAD_REACTORS
330
10000432
102
}
330
10000432
100
AcDbXrecord
1000
KIOG
  0
XRECORD
  5
10000436
102
{ACAD_REACTORS
330
10000432
102
}
330
10000432
100
AcDbXrecord
1000
JF/
  0
XRECORD
  5
1000043B
102
{ACAD_REACTORS
330
10000438
102
}
330
10000438
100
AcDbXrecord
 40
0.0137799999999982
  0
XRECORD
  5
10000439
102
{ACAD_REACTORS
330
10000438
102
}
330
10000438
100
AcDbXrecord
1000
KI5e
  0
XRECORD
  5
1000043A
102
{ACAD_REACTORS
330
10000438
102
}
330
10000438
100
AcDbXrecord
1000
KIOG
  0
XRECORD
  5
1000043C
102
{ACAD_REACTORS
330
10000438
102
}
330
10000438
100
AcDbXrecord
1000
JF/
  0
XRECORD
  5
10000441
102
{ACAD_REACTORS
330
1000043E
102
}
330
1000043E
100
AcDbXrecord
 40
0.0137799999999961
  0
XRECORD
  5
1000043F
102
{ACAD_REACTORS
330
1000043E
102
}
330
1000043E
100
AcDbXrecord
1000
KI1e
  0
XRECORD
  5
10000440
102
{ACAD_REACTORS
330
1000043E
102
}
330
1000043E
100
AcDbXrecord
1000
KIOG
  0
XRECORD
  5
10000442
102
{ACAD_REACTORS
330
1000043E
102
}
330
1000043E
100
AcDbXrecord
1000
JF/
  0
XRECORD
  5
10000447
102
{ACAD_REACTORS
330
10000444
102
}
330
10000444
100
AcDbXrecord
 40
0.0137800000000026
  0
XRECORD
  5
10000445
102
{ACAD_REACTORS
330
10000444
102
}
330
10000444
100
AcDbXrecord
1000
KIxe
  0
XRECORD
  5
10000446
102
{ACAD_REACTORS
330
10000444
102
}
330
10000444
100
AcDbXrecord
1000
KIOG
  0
XRECORD
  5
10000448
102
{ACAD_REACTORS
330
10000444
102
}
330
10000444
100
AcDbXrecord
1000
JF/
  0
XRECORD
  5
1000044D
102
{ACAD_REACTORS
330
1000044A
102
}
330
1000044A
100
AcDbXrecord
 40
0.0137799999999895
  0
XRECORD
  5
1000044B
102
{ACAD_REACTORS
330
1000044A
102
}
330
1000044A
100
AcDbXrecord
1000
KIte
  0
XRECORD
  5
1000044C
102
{ACAD_REACTORS
330
1000044A
102
}
330
1000044A
100
AcDbXrecord
1000
KIOG
  0
XRECORD
  5
1000044E
102
{ACAD_REACTORS
330
1000044A
102
}
330
1000044A
100
AcDbXrecord
1000
JF/
  0
XRECORD
  5
10000453
102
{ACAD_REACTORS
330
10000450
102
}
330
10000450
100
AcDbXrecord
 40
0.0137799999999939
  0
XRECORD
  5
10000451
102
{ACAD_REACTORS
330
10000450
102
}
330
10000450
100
AcDbXrecord
1000
KIpe
  0
XRECORD
  5
10000452
102
{ACAD_REACTORS
330
10000450
102
}
330
10000450
100
AcDbXrecord
1000
KIOG
  0
XRECORD
  5
10000454
102
{ACAD_REACTORS
330
10000450
102
}
330
10000450
100
AcDbXrecord
1000
JF/
  0
XRECORD
  5
10000459
102
{ACAD_REACTORS
330
10000456
102
}
330
10000456
100
AcDbXrecord
 40
0.0137800000000048
  0
XRECORD
  5
10000457
102
{ACAD_REACTORS
330
10000456
102
}
330
10000456
100
AcDbXrecord
1000
KIle
  0
XRECORD
  5
10000458
102
{ACAD_REACTORS
330
10000456
102
}
330
10000456
100
AcDbXrecord
1000
KIOG
  0
XRECORD
  5
1000045A
102
{ACAD_REACTORS
330
10000456
102
}
330
10000456
100
AcDbXrecord
1000
JF/
  0
XRECORD
  5
1000045F
102
{ACAD_REACTORS
330
1000045C
102
}
330
1000045C
100
AcDbXrecord
 40
0.0137800000000244
  0
XRECORD
  5
1000045D
102
{ACAD_REACTORS
330
1000045C
102
}
330
1000045C
100
AcDbXrecord
1000
KIhe
  0
XRECORD
  5
1000045E
102
{ACAD_REACTORS
330
1000045C
102
}
330
1000045C
100
AcDbXrecord
1000
KIOG
  0
XRECORD
  5
10000460
102
{ACAD_REACTORS
330
1000045C
102
}
330
1000045C
100
AcDbXrecord
1000
JF/
  0
XRECORD
  5
10000465
102
{ACAD_REACTORS
330
10000462
102
}
330
10000462
100
AcDbXrecord
 40
0.0137800000000288
  0
XRECORD
  5
10000463
102
{ACAD_REACTORS
330
10000462
102
}
330
10000462
100
AcDbXrecord
1000
KIde
  0
XRECORD
  5
10000464
102
{ACAD_REACTORS
330
10000462
102
}
330
10000462
100
AcDbXrecord
1000
KIOG
  0
XRECORD
  5
10000466
102
{ACAD_REACTORS
330
10000462
102
}
330
10000462
100
AcDbXrecord
1000
JF/
  0
XRECORD
  5
1000046B
102
{ACAD_REACTORS
330
10000468
102
}
330
10000468
100
AcDbXrecord
 40
0.0137799999999851
  0
XRECORD
  5
10000469
102
{ACAD_REACTORS
330
10000468
102
}
330
10000468
100
AcDbXrecord
1000
KIZe
  0
XRECORD
  5
1000046A
102
{ACAD_REACTORS
330
10000468
102
}
330
10000468
100
AcDbXrecord
1000
KIOG
  0
XRECORD
  5
1000046C
102
{ACAD_REACTORS
330
10000468
102
}
330
10000468
100
AcDbXrecord
1000
JF/
  0
XRECORD
  5
10000471
102
{ACAD_REACTORS
330
1000046E
102
}
330
1000046E
100
AcDbXrecord
 40
0.0137799999999961
  0
XRECORD
  5
1000046F
102
{ACAD_REACTORS
330
1000046E
102
}
330
1000046E
100
AcDbXrecord
1000
KIVe
  0
XRECORD
  5
10000470
102
{ACAD_REACTORS
330
1000046E
102
}
330
1000046E
100
AcDbXrecord
1000
KIOG
  0
XRECORD
  5
10000472
102
{ACAD_REACTORS
330
1000046E
102
}
330
1000046E
100
AcDbXrecord
1000
JF/
  0
XRECORD
  5
10000477
102
{ACAD_REACTORS
330
10000474
102
}
330
10000474
100
AcDbXrecord
 40
0.0137799999999961
  0
XRECORD
  5
10000475
102
{ACAD_REACTORS
330
10000474
102
}
330
10000474
100
AcDbXrecord
1000
KIRe
  0
XRECORD
  5
10000476
102
{ACAD_REACTORS
330
10000474
102
}
330
10000474
100
AcDbXrecord
1000
KIOG
  0
XRECORD
  5
10000478
102
{ACAD_REACTORS
330
10000474
102
}
330
10000474
100
AcDbXrecord
1000
JF/
  0
XRECORD
  5
1000047D
102
{ACAD_REACTORS
330
1000047A
102
}
330
1000047A
100
AcDbXrecord
 40
0.0137799999999961
  0
XRECORD
  5
1000047B
102
{ACAD_REACTORS
330
1000047A
102
}
330
1000047A
100
AcDbXrecord
1000
KINe
  0
XRECORD
  5
1000047C
102
{ACAD_REACTORS
330
1000047A
102
}
330
1000047A
100
AcDbXrecord
1000
KIOG
  0
XRECORD
  5
1000047E
102
{ACAD_REACTORS
330
1000047A
102
}
330
1000047A
100
AcDbXrecord
1000
JF/
  0
XRECORD
  5
10000483
102
{ACAD_REACTORS
330
10000480
102
}
330
10000480
100
AcDbXrecord
 40
0.0078799999999938
  0
XRECORD
  5
10000481
102
{ACAD_REACTORS
330
10000480
102
}
330
10000480
100
AcDbXrecord
1000
KIJe
  0
XRECORD
  5
10000482
102
{ACAD_REACTORS
330
10000480
102
}
330
10000480
100
AcDbXrecord
1000
KIOG
  0
XRECORD
  5
10000484
102
{ACAD_REACTORS
330
10000480
102
}
330
10000480
100
AcDbXrecord
1000
JF/
  0
XRECORD
  5
10000489
102
{ACAD_REACTORS
330
10000486
102
}
330
10000486
100
AcDbXrecord
 40
0.0078800000000069
  0
XRECORD
  5
10000487
102
{ACAD_REACTORS
330
10000486
102
}
330
10000486
100
AcDbXrecord
1000
KIFe
  0
XRECORD
  5
10000488
102
{ACAD_REACTORS
330
10000486
102
}
330
10000486
100
AcDbXrecord
1000
KIOG
  0
XRECORD
  5
1000048A
102
{ACAD_REACTORS
330
10000486
102
}
330
10000486
100
AcDbXrecord
1000
JF/
  0
XRECORD
  5
1000048F
102
{ACAD_REACTORS
330
1000048C
102
}
330
1000048C
100
AcDbXrecord
 40
0.0108300000000168
  0
XRECORD
  5
1000048D
102
{ACAD_REACTORS
330
1000048C
102
}
330
1000048C
100
AcDbXrecord
1000
KIBe
  0
XRECORD
  5
1000048E
102
{ACAD_REACTORS
330
1000048C
102
}
330
1000048C
100
AcDbXrecord
1000
KIOG
  0
XRECORD
  5
10000490
102
{ACAD_REACTORS
330
1000048C
102
}
330
1000048C
100
AcDbXrecord
1000
JF/
  0
XRECORD
  5
10000495
102
{ACAD_REACTORS
330
10000492
102
}
330
10000492
100
AcDbXrecord
 40
0.0108299999999906
  0
XRECORD
  5
10000493
102
{ACAD_REACTORS
330
10000492
102
}
330
10000492
100
AcDbXrecord
1000
KI9d
  0
XRECORD
  5
10000494
102
{ACAD_REACTORS
330
10000492
102
}
330
10000492
100
AcDbXrecord
1000
KIOG
  0
XRECORD
  5
10000496
102
{ACAD_REACTORS
330
10000492
102
}
330
10000492
100
AcDbXrecord
1000
JF/
  0
XRECORD
  5
1000049B
102
{ACAD_REACTORS
330
10000498
102
}
330
10000498
100
AcDbXrecord
 40
0.0078800000000091
  0
XRECORD
  5
10000499
102
{ACAD_REACTORS
330
10000498
102
}
330
10000498
100
AcDbXrecord
1000
KI5d
  0
XRECORD
  5
1000049A
102
{ACAD_REACTORS
330
10000498
102
}
330
10000498
100
AcDbXrecord
1000
KIOG
  0
XRECORD
  5
1000049C
102
{ACAD_REACTORS
330
10000498
102
}
330
10000498
100
AcDbXrecord
1000
JF/
  0
XRECORD
  5
100004A1
102
{ACAD_REACTORS
330
1000049E
102
}
330
1000049E
100
AcDbXrecord
 40
0.0108300000000124
  0
XRECORD
  5
1000049F
102
{ACAD_REACTORS
330
1000049E
102
}
330
1000049E
100
AcDbXrecord
1000
KI1d
  0
XRECORD
  5
100004A0
102
{ACAD_REACTORS
330
1000049E
102
}
330
1000049E
100
AcDbXrecord
1000
KIOG
  0
XRECORD
  5
100004A2
102
{ACAD_REACTORS
330
1000049E
102
}
330
1000049E
100
AcDbXrecord
1000
JF/
  0
XRECORD
  5
100004A7
102
{ACAD_REACTORS
330
100004A4
102
}
330
100004A4
100
AcDbXrecord
 40
0.0078799999999676
  0
XRECORD
  5
100004A5
102
{ACAD_REACTORS
330
100004A4
102
}
330
100004A4
100
AcDbXrecord
1000
KIxd
  0
XRECORD
  5
100004A6
102
{ACAD_REACTORS
330
100004A4
102
}
330
100004A4
100
AcDbXrecord
1000
KIOG
  0
XRECORD
  5
100004A8
102
{ACAD_REACTORS
330
100004A4
102
}
330
100004A4
100
AcDbXrecord
1000
JF/
  0
XRECORD
  5
100004AD
102
{ACAD_REACTORS
330
100004AA
102
}
330
100004AA
100
AcDbXrecord
 40
0.0108300000000037
  0
XRECORD
  5
100004AB
102
{ACAD_REACTORS
330
100004AA
102
}
330
100004AA
100
AcDbXrecord
1000
KItd
  0
XRECORD
  5
100004AC
102
{ACAD_REACTORS
330
100004AA
102
}
330
100004AA
100
AcDbXrecord
1000
KIOG
  0
XRECORD
  5
100004AE
102
{ACAD_REACTORS
330
100004AA
102
}
330
100004AA
100
AcDbXrecord
1000
JF/
  0
XRECORD
  5
100004B3
102
{ACAD_REACTORS
330
100004B0
102
}
330
100004B0
100
AcDbXrecord
 40
0.0108300000000124
  0
XRECORD
  5
100004B1
102
{ACAD_REACTORS
330
100004B0
102
}
330
100004B0
100
AcDbXrecord
1000
KIpd
  0
XRECORD
  5
100004B2
102
{ACAD_REACTORS
330
100004B0
102
}
330
100004B0
100
AcDbXrecord
1000
KIOG
  0
XRECORD
  5
100004B4
102
{ACAD_REACTORS
330
100004B0
102
}
330
100004B0
100
AcDbXrecord
1000
JF/
  0
XRECORD
  5
100004B9
102
{ACAD_REACTORS
330
100004B6
102
}
330
100004B6
100
AcDbXrecord
 40
0.0108300000000124
  0
XRECORD
  5
100004B7
102
{ACAD_REACTORS
330
100004B6
102
}
330
100004B6
100
AcDbXrecord
1000
KIld
  0
XRECORD
  5
100004B8
102
{ACAD_REACTORS
330
100004B6
102
}
330
100004B6
100
AcDbXrecord
1000
KIOG
  0
XRECORD
  5
100004BA
102
{ACAD_REACTORS
330
100004B6
102
}
330
100004B6
100
AcDbXrecord
1000
JF/
  0
XRECORD
  5
100004BF
102
{ACAD_REACTORS
330
100004BC
102
}
330
100004BC
100
AcDbXrecord
 40
0.0078799999999676
  0
XRECORD
  5
100004BD
102
{ACAD_REACTORS
330
100004BC
102
}
330
100004BC
100
AcDbXrecord
1000
KIhd
  0
XRECORD
  5
100004BE
102
{ACAD_REACTORS
330
100004BC
102
}
330
100004BC
100
AcDbXrecord
1000
KIOG
  0
XRECORD
  5
100004C0
102
{ACAD_REACTORS
330
100004BC
102
}
330
100004BC
100
AcDbXrecord
1000
JF/
  0
XRECORD
  5
100004C5
102
{ACAD_REACTORS
330
100004C2
102
}
330
100004C2
100
AcDbXrecord
 40
0.0108300000000124
  0
XRECORD
  5
100004C3
102
{ACAD_REACTORS
330
100004C2
102
}
330
100004C2
100
AcDbXrecord
1000
KIdd
  0
XRECORD
  5
100004C4
102
{ACAD_REACTORS
330
100004C2
102
}
330
100004C2
100
AcDbXrecord
1000
KIOG
  0
XRECORD
  5
100004C6
102
{ACAD_REACTORS
330
100004C2
102
}
330
100004C2
100
AcDbXrecord
1000
JF/
  0
XRECORD
  5
100004CB
102
{ACAD_REACTORS
330
100004C8
102
}
330
100004C8
100
AcDbXrecord
 40
0.0108299999999774
  0
XRECORD
  5
100004C9
102
{ACAD_REACTORS
330
100004C8
102
}
330
100004C8
100
AcDbXrecord
1000
KIZd
  0
XRECORD
  5
100004CA
102
{ACAD_REACTORS
330
100004C8
102
}
330
100004C8
100
AcDbXrecord
1000
KIOG
  0
XRECORD
  5
100004CC
102
{ACAD_REACTORS
330
100004C8
102
}
330
100004C8
100
AcDbXrecord
1000
JF/
  0
XRECORD
  5
100004D1
102
{ACAD_REACTORS
330
100004CE
102
}
330
100004CE
100
AcDbXrecord
 40
0.007879999999985
  0
XRECORD
  5
100004CF
102
{ACAD_REACTORS
330
100004CE
102
}
330
100004CE
100
AcDbXrecord
1000
KIVd
  0
XRECORD
  5
100004D0
102
{ACAD_REACTORS
330
100004CE
102
}
330
100004CE
100
AcDbXrecord
1000
KIOG
  0
XRECORD
  5
100004D2
102
{ACAD_REACTORS
330
100004CE
102
}
330
100004CE
100
AcDbXrecord
1000
JF/
  0
XRECORD
  5
100004D7
102
{ACAD_REACTORS
330
100004D4
102
}
330
100004D4
100
AcDbXrecord
 40
0.0108300000000037
  0
XRECORD
  5
100004D5
102
{ACAD_REACTORS
330
100004D4
102
}
330
100004D4
100
AcDbXrecord
1000
KIRd
  0
XRECORD
  5
100004D6
102
{ACAD_REACTORS
330
100004D4
102
}
330
100004D4
100
AcDbXrecord
1000
KIOG
  0
XRECORD
  5
100004D8
102
{ACAD_REACTORS
330
100004D4
102
}
330
100004D4
100
AcDbXrecord
1000
JF/
  0
XRECORD
  5
100004DD
102
{ACAD_REACTORS
330
100004DA
102
}
330
100004DA
100
AcDbXrecord
 40
0.0078800000000113
  0
XRECORD
  5
100004DB
102
{ACAD_REACTORS
330
100004DA
102
}
330
100004DA
100
AcDbXrecord
1000
KINd
  0
XRECORD
  5
100004DC
102
{ACAD_REACTORS
330
100004DA
102
}
330
100004DA
100
AcDbXrecord
1000
KIOG
  0
XRECORD
  5
100004DE
102
{ACAD_REACTORS
330
100004DA
102
}
330
100004DA
100
AcDbXrecord
1000
JF/
  0
XRECORD
  5
100004E3
102
{ACAD_REACTORS
330
100004E0
102
}
330
100004E0
100
AcDbXrecord
 40
0.0108300000000124
  0
XRECORD
  5
100004E1
102
{ACAD_REACTORS
330
100004E0
102
}
330
100004E0
100
AcDbXrecord
1000
KIJd
  0
XRECORD
  5
100004E2
102
{ACAD_REACTORS
330
100004E0
102
}
330
100004E0
100
AcDbXrecord
1000
KIOG
  0
XRECORD
  5
100004E4
102
{ACAD_REACTORS
330
100004E0
102
}
330
100004E0
100
AcDbXrecord
1000
JF/
  0
XRECORD
  5
100004E9
102
{ACAD_REACTORS
330
100004E6
102
}
330
100004E6
100
AcDbXrecord
 40
0.0078799999999938
  0
XRECORD
  5
100004E7
102
{ACAD_REACTORS
330
100004E6
102
}
330
100004E6
100
AcDbXrecord
1000
KIFd
  0
XRECORD
  5
100004E8
102
{ACAD_REACTORS
330
100004E6
102
}
330
100004E6
100
AcDbXrecord
1000
KIOG
  0
XRECORD
  5
100004EA
102
{ACAD_REACTORS
330
100004E6
102
}
330
100004E6
100
AcDbXrecord
1000
JF/
  0
XRECORD
  5
100004EF
102
{ACAD_REACTORS
330
100004EC
102
}
330
100004EC
100
AcDbXrecord
 40
0.0108300000000015
  0
XRECORD
  5
100004ED
102
{ACAD_REACTORS
330
100004EC
102
}
330
100004EC
100
AcDbXrecord
1000
KIBd
  0
XRECORD
  5
100004EE
102
{ACAD_REACTORS
330
100004EC
102
}
330
100004EC
100
AcDbXrecord
1000
KIOG
  0
XRECORD
  5
100004F0
102
{ACAD_REACTORS
330
100004EC
102
}
330
100004EC
100
AcDbXrecord
1000
JF/
  0
XRECORD
  5
100004F5
102
{ACAD_REACTORS
330
100004F2
102
}
330
100004F2
100
AcDbXrecord
 40
0.0078799999999916
  0
XRECORD
  5
100004F3
102
{ACAD_REACTORS
330
100004F2
102
}
330
100004F2
100
AcDbXrecord
1000
KI9c
  0
XRECORD
  5
100004F4
102
{ACAD_REACTORS
330
100004F2
102
}
330
100004F2
100
AcDbXrecord
1000
KIOG
  0
XRECORD
  5
100004F6
102
{ACAD_REACTORS
330
100004F2
102
}
330
100004F2
100
AcDbXrecord
1000
JF/
  0
XRECORD
  5
100004FB
102
{ACAD_REACTORS
330
100004F8
102
}
330
100004F8
100
AcDbXrecord
 40
0.0108300000000124
  0
XRECORD
  5
100004F9
102
{ACAD_REACTORS
330
100004F8
102
}
330
100004F8
100
AcDbXrecord
1000
KI5c
  0
XRECORD
  5
100004FA
102
{ACAD_REACTORS
330
100004F8
102
}
330
100004F8
100
AcDbXrecord
1000
KIOG
  0
XRECORD
  5
100004FC
102
{ACAD_REACTORS
330
100004F8
102
}
330
100004F8
100
AcDbXrecord
1000
JF/
  0
XRECORD
  5
10000501
102
{ACAD_REACTORS
330
100004FE
102
}
330
100004FE
100
AcDbXrecord
 40
0.0078799999999938
  0
XRECORD
  5
100004FF
102
{ACAD_REACTORS
330
100004FE
102
}
330
100004FE
100
AcDbXrecord
1000
KI1c
  0
XRECORD
  5
10000500
102
{ACAD_REACTORS
330
100004FE
102
}
330
100004FE
100
AcDbXrecord
1000
KIOG
  0
XRECORD
  5
10000502
102
{ACAD_REACTORS
330
100004FE
102
}
330
100004FE
100
AcDbXrecord
1000
JF/
  0
XRECORD
  5
10000507
102
{ACAD_REACTORS
330
10000504
102
}
330
10000504
100
AcDbXrecord
 40
0.0078799999999938
  0
XRECORD
  5
10000505
102
{ACAD_REACTORS
330
10000504
102
}
330
10000504
100
AcDbXrecord
1000
KIxc
  0
XRECORD
  5
10000506
102
{ACAD_REACTORS
330
10000504
102
}
330
10000504
100
AcDbXrecord
1000
KIOG
  0
XRECORD
  5
10000508
102
{ACAD_REACTORS
330
10000504
102
}
330
10000504
100
AcDbXrecord
1000
JF/
  0
XRECORD
  5
1000050D
102
{ACAD_REACTORS
330
1000050A
102
}
330
1000050A
100
AcDbXrecord
 40
0.0078799999999807
  0
XRECORD
  5
1000050B
102
{ACAD_REACTORS
330
1000050A
102
}
330
1000050A
100
AcDbXrecord
1000
KItc
  0
XRECORD
  5
1000050C
102
{ACAD_REACTORS
330
1000050A
102
}
330
1000050A
100
AcDbXrecord
1000
KIOG
  0
XRECORD
  5
1000050E
102
{ACAD_REACTORS
330
1000050A
102
}
330
1000050A
100
AcDbXrecord
1000
JF/
  0
XRECORD
  5
10000513
102
{ACAD_REACTORS
330
10000510
102
}
330
10000510
100
AcDbXrecord
 40
0.0108300000000059
  0
XRECORD
  5
10000511
102
{ACAD_REACTORS
330
10000510
102
}
330
10000510
100
AcDbXrecord
1000
KIpc
  0
XRECORD
  5
10000512
102
{ACAD_REACTORS
330
10000510
102
}
330
10000510
100
AcDbXrecord
1000
KIOG
  0
XRECORD
  5
10000514
102
{ACAD_REACTORS
330
10000510
102
}
330
10000510
100
AcDbXrecord
1000
JF/
  0
XRECORD
  5
10000519
102
{ACAD_REACTORS
330
10000516
102
}
330
10000516
100
AcDbXrecord
 40
0.0108299999999752
  0
XRECORD
  5
10000517
102
{ACAD_REACTORS
330
10000516
102
}
330
10000516
100
AcDbXrecord
1000
KIlc
  0
XRECORD
  5
10000518
102
{ACAD_REACTORS
330
10000516
102
}
330
10000516
100
AcDbXrecord
1000
KIOG
  0
XRECORD
  5
1000051A
102
{ACAD_REACTORS
330
10000516
102
}
330
10000516
100
AcDbXrecord
1000
JF/
  0
XRECORD
  5
1000051F
102
{ACAD_REACTORS
330
1000051C
102
}
330
1000051C
100
AcDbXrecord
 40
0.0108299999999928
  0
XRECORD
  5
1000051D
102
{ACAD_REACTORS
330
1000051C
102
}
330
1000051C
100
AcDbXrecord
1000
KIhc
  0
XRECORD
  5
1000051E
102
{ACAD_REACTORS
330
1000051C
102
}
330
1000051C
100
AcDbXrecord
1000
KIOG
  0
XRECORD
  5
10000520
102
{ACAD_REACTORS
330
1000051C
102
}
330
1000051C
100
AcDbXrecord
1000
JF/
  0
XRECORD
  5
10000525
102
{ACAD_REACTORS
330
10000522
102
}
330
10000522
100
AcDbXrecord
 40
0.0078800000000091
  0
XRECORD
  5
10000523
102
{ACAD_REACTORS
330
10000522
102
}
330
10000522
100
AcDbXrecord
1000
KIdc
  0
XRECORD
  5
10000524
102
{ACAD_REACTORS
330
10000522
102
}
330
10000522
100
AcDbXrecord
1000
KIOG
  0
XRECORD
  5
10000526
102
{ACAD_REACTORS
330
10000522
102
}
330
10000522
100
AcDbXrecord
1000
JF/
  0
XRECORD
  5
1000052B
102
{ACAD_REACTORS
330
10000528
102
}
330
10000528
100
AcDbXrecord
 40
0.0078799999999698
  0
XRECORD
  5
10000529
102
{ACAD_REACTORS
330
10000528
102
}
330
10000528
100
AcDbXrecord
1000
KIZc
  0
XRECORD
  5
1000052A
102
{ACAD_REACTORS
330
10000528
102
}
330
10000528
100
AcDbXrecord
1000
KIOG
  0
XRECORD
  5
1000052C
102
{ACAD_REACTORS
330
10000528
102
}
330
10000528
100
AcDbXrecord
1000
JF/
  0
XRECORD
  5
10000531
102
{ACAD_REACTORS
330
1000052E
102
}
330
1000052E
100
AcDbXrecord
 40
0.0108300000000124
  0
XRECORD
  5
1000052F
102
{ACAD_REACTORS
330
1000052E
102
}
330
1000052E
100
AcDbXrecord
1000
KIVc
  0
XRECORD
  5
10000530
102
{ACAD_REACTORS
330
1000052E
102
}
330
1000052E
100
AcDbXrecord
1000
KIOG
  0
XRECORD
  5
10000532
102
{ACAD_REACTORS
330
1000052E
102
}
330
1000052E
100
AcDbXrecord
1000
JF/
  0
XRECORD
  5
10000537
102
{ACAD_REACTORS
330
10000534
102
}
330
10000534
100
AcDbXrecord
 40
0.0078799999999719
  0
XRECORD
  5
10000535
102
{ACAD_REACTORS
330
10000534
102
}
330
10000534
100
AcDbXrecord
1000
KIRc
  0
XRECORD
  5
10000536
102
{ACAD_REACTORS
330
10000534
102
}
330
10000534
100
AcDbXrecord
1000
KIOG
  0
XRECORD
  5
10000538
102
{ACAD_REACTORS
330
10000534
102
}
330
10000534
100
AcDbXrecord
1000
JF/
  0
XRECORD
  5
1000053D
102
{ACAD_REACTORS
330
1000053A
102
}
330
1000053A
100
AcDbXrecord
 40
0.0108300000000124
  0
XRECORD
  5
1000053B
102
{ACAD_REACTORS
330
1000053A
102
}
330
1000053A
100
AcDbXrecord
1000
KINc
  0
XRECORD
  5
1000053C
102
{ACAD_REACTORS
330
1000053A
102
}
330
1000053A
100
AcDbXrecord
1000
KIOG
  0
XRECORD
  5
1000053E
102
{ACAD_REACTORS
330
1000053A
102
}
330
1000053A
100
AcDbXrecord
1000
JF/
  0
XRECORD
  5
10000543
102
{ACAD_REACTORS
330
10000540
102
}
330
10000540
100
AcDbXrecord
 40
0.0177099999999928
  0
XRECORD
  5
10000541
102
{ACAD_REACTORS
330
10000540
102
}
330
10000540
100
AcDbXrecord
1000
KIJc
  0
XRECORD
  5
10000542
102
{ACAD_REACTORS
330
10000540
102
}
330
10000540
100
AcDbXrecord
1000
KIOG
  0
XRECORD
  5
10000544
102
{ACAD_REACTORS
330
10000540
102
}
330
10000540
100
AcDbXrecord
1000
JF/
  0
XRECORD
  5
10000549
102
{ACAD_REACTORS
330
10000546
102
}
330
10000546
100
AcDbXrecord
 40
0.0177099999999993
  0
XRECORD
  5
10000547
102
{ACAD_REACTORS
330
10000546
102
}
330
10000546
100
AcDbXrecord
1000
KIFc
  0
XRECORD
  5
10000548
102
{ACAD_REACTORS
330
10000546
102
}
330
10000546
100
AcDbXrecord
1000
KIOG
  0
XRECORD
  5
1000054A
102
{ACAD_REACTORS
330
10000546
102
}
330
10000546
100
AcDbXrecord
1000
JF/
  0
XRECORD
  5
1000054F
102
{ACAD_REACTORS
330
1000054C
102
}
330
1000054C
100
AcDbXrecord
 40
0.0639700000000063
  0
XRECORD
  5
1000054D
102
{ACAD_REACTORS
330
1000054C
102
}
330
1000054C
100
AcDbXrecord
1000
KIBc
  0
XRECORD
  5
1000054E
102
{ACAD_REACTORS
330
1000054C
102
}
330
1000054C
100
AcDbXrecord
1000
KIOG
  0
XRECORD
  5
10000550
102
{ACAD_REACTORS
330
1000054C
102
}
330
1000054C
100
AcDbXrecord
1000
JF/
  0
XRECORD
  5
10000555
102
{ACAD_REACTORS
330
10000552
102
}
330
10000552
100
AcDbXrecord
 40
0.0216499999999908
  0
XRECORD
  5
10000553
102
{ACAD_REACTORS
330
10000552
102
}
330
10000552
100
AcDbXrecord
1000
KI9b
  0
XRECORD
  5
10000554
102
{ACAD_REACTORS
330
10000552
102
}
330
10000552
100
AcDbXrecord
1000
KIOG
  0
XRECORD
  5
10000556
102
{ACAD_REACTORS
330
10000552
102
}
330
10000552
100
AcDbXrecord
1000
JF/
  0
XRECORD
  5
1000055B
102
{ACAD_REACTORS
330
10000558
102
}
330
10000558
100
AcDbXrecord
 40
0.0177100000000102
  0
XRECORD
  5
10000559
102
{ACAD_REACTORS
330
10000558
102
}
330
10000558
100
AcDbXrecord
1000
KI5b
  0
XRECORD
  5
1000055A
102
{ACAD_REACTORS
330
10000558
102
}
330
10000558
100
AcDbXrecord
1000
KIOG
  0
XRECORD
  5
1000055C
102
{ACAD_REACTORS
330
10000558
102
}
330
10000558
100
AcDbXrecord
1000
JF/
  0
XRECORD
  5
10000561
102
{ACAD_REACTORS
330
1000055E
102
}
330
1000055E
100
AcDbXrecord
 40
0.0826699999999913
  0
XRECORD
  5
1000055F
102
{ACAD_REACTORS
330
1000055E
102
}
330
1000055E
100
AcDbXrecord
1000
KI1b
  0
XRECORD
  5
10000560
102
{ACAD_REACTORS
330
1000055E
102
}
330
1000055E
100
AcDbXrecord
1000
KIOG
  0
XRECORD
  5
10000562
102
{ACAD_REACTORS
330
1000055E
102
}
330
1000055E
100
AcDbXrecord
1000
JF/
  0
XRECORD
  5
10000567
102
{ACAD_REACTORS
330
10000564
102
}
330
10000564
100
AcDbXrecord
 40
0.082669999999976
  0
XRECORD
  5
10000565
102
{ACAD_REACTORS
330
10000564
102
}
330
10000564
100
AcDbXrecord
1000
KIxb
  0
XRECORD
  5
10000566
102
{ACAD_REACTORS
330
10000564
102
}
330
10000564
100
AcDbXrecord
1000
KIOG
  0
XRECORD
  5
10000568
102
{ACAD_REACTORS
330
10000564
102
}
330
10000564
100
AcDbXrecord
1000
JF/
  0
XRECORD
  5
1000056D
102
{ACAD_REACTORS
330
1000056A
102
}
330
1000056A
100
AcDbXrecord
 40
0.0118099999999916
  0
XRECORD
  5
1000056B
102
{ACAD_REACTORS
330
1000056A
102
}
330
1000056A
100
AcDbXrecord
1000
KItb
  0
XRECORD
  5
1000056C
102
{ACAD_REACTORS
330
1000056A
102
}
330
1000056A
100
AcDbXrecord
1000
KIOG
  0
XRECORD
  5
1000056E
102
{ACAD_REACTORS
330
1000056A
102
}
330
1000056A
100
AcDbXrecord
1000
JF/
  0
XRECORD
  5
10000573
102
{ACAD_REACTORS
330
10000570
102
}
330
10000570
100
AcDbXrecord
 40
0.0118099999999993
  0
XRECORD
  5
10000571
102
{ACAD_REACTORS
330
10000570
102
}
330
10000570
100
AcDbXrecord
1000
KIpb
  0
XRECORD
  5
10000572
102
{ACAD_REACTORS
330
10000570
102
}
330
10000570
100
AcDbXrecord
1000
KIOG
  0
XRECORD
  5
10000574
102
{ACAD_REACTORS
330
10000570
102
}
330
10000570
100
AcDbXrecord
1000
JF/
  0
XRECORD
  5
10000579
102
{ACAD_REACTORS
330
10000576
102
}
330
10000576
100
AcDbXrecord
 40
0.0118099999999927
  0
XRECORD
  5
10000577
102
{ACAD_REACTORS
330
10000576
102
}
330
10000576
100
AcDbXrecord
1000
KIlb
  0
XRECORD
  5
10000578
102
{ACAD_REACTORS
330
10000576
102
}
330
10000576
100
AcDbXrecord
1000
KIOG
  0
XRECORD
  5
1000057A
102
{ACAD_REACTORS
330
10000576
102
}
330
10000576
100
AcDbXrecord
1000
JF/
  0
XRECORD
  5
1000057D
102
{ACAD_REACTORS
330
1000057C
102
}
330
1000057C
100
AcDbXrecord
1000
KIdb
  0
XRECORD
  5
1000057E
102
{ACAD_REACTORS
330
1000057C
102
}
330
1000057C
100
AcDbXrecord
1000
JF/
  0
XRECORD
  5
10000581
102
{ACAD_REACTORS
330
10000580
102
}
330
10000580
100
AcDbXrecord
1000
KIhb
  0
XRECORD
  5
10000582
102
{ACAD_REACTORS
330
10000580
102
}
330
10000580
100
AcDbXrecord
1000
JF/
  0
XRECORD
  5
10000587
102
{ACAD_REACTORS
330
10000584
102
}
330
10000584
100
AcDbXrecord
 40
0.0118099999999949
  0
XRECORD
  5
10000585
102
{ACAD_REACTORS
330
10000584
102
}
330
10000584
100
AcDbXrecord
1000
KIZb
  0
XRECORD
  5
10000586
102
{ACAD_REACTORS
330
10000584
102
}
330
10000584
100
AcDbXrecord
1000
KIOG
  0
XRECORD
  5
10000588
102
{ACAD_REACTORS
330
10000584
102
}
330
10000584
100
AcDbXrecord
1000
JF/
  0
XRECORD
  5
1000058D
102
{ACAD_REACTORS
330
1000058A
102
}
330
1000058A
100
AcDbXrecord
 40
0.0550000000000374
  0
XRECORD
  5
1000058B
102
{ACAD_REACTORS
330
1000058A
102
}
330
1000058A
100
AcDbXrecord
1000
KIVb
  0
XRECORD
  5
1000058C
102
{ACAD_REACTORS
330
1000058A
102
}
330
1000058A
100
AcDbXrecord
1000
KIOG
  0
XRECORD
  5
1000058E
102
{ACAD_REACTORS
330
1000058A
102
}
330
1000058A
100
AcDbXrecord
1000
JF/
  0
XRECORD
  5
10000593
102
{ACAD_REACTORS
330
10000590
102
}
330
10000590
100
AcDbXrecord
 40
0.0550000000000134
  0
XRECORD
  5
10000591
102
{ACAD_REACTORS
330
10000590
102
}
330
10000590
100
AcDbXrecord
1000
KIRb
  0
XRECORD
  5
10000592
102
{ACAD_REACTORS
330
10000590
102
}
330
10000590
100
AcDbXrecord
1000
KIOG
  0
XRECORD
  5
10000594
102
{ACAD_REACTORS
330
10000590
102
}
330
10000590
100
AcDbXrecord
1000
JF/
  0
MATERIAL
  5
45
102
{ACAD_REACTORS
330
43
102
}
102
{ACAD_XDICTIONARY
360
100005C6
102
}
330
43
100
AcDbMaterial
  1
BYBLOCK
  0
MATERIAL
  5
44
102
{ACAD_REACTORS
330
43
102
}
102
{ACAD_XDICTIONARY
360
100005C4
102
}
330
43
100
AcDbMaterial
  1
BYLAYER
  0
MATERIAL
  5
46
102
{ACAD_REACTORS
330
43
102
}
102
{ACAD_XDICTIONARY
360
100005C8
102
}
330
43
100
AcDbMaterial
  1
GLOBAL
  0
ACAD_PROXY_OBJECT
  5
5C
102
{ACAD_REACTORS
330
5B
102
}
330
5B
100
AcDbProxyObject
 90
      499
 91
      505
 93
      610
310
40901902A4063FBFFFFFE056BD1B81E855B9FC0AD7A3703D0AD73F4214DD185B99185C9900AD7A3703D0AC73F90141901A02B5E8DC0F42B1CFC02B5E8DC0F42B1CFE5764000000000000300FC0
340
14
340
0
340
11
340
0
 94
        0
1001
ACAD_MLEADERVER
1070
     2
  0
MLINESTYLE
  5
18
102
{ACAD_REACTORS
330
17
102
}
330
17
100
AcDbMlineStyle
  2
Standard
 70
     0
  3

 62
   256
 51
90.0
 52
90.0
 71
     2
 49
0.5
 62
   256
  6
BYLAYER
 49
-0.5
 62
   256
  6
BYLAYER
  0
ACAD_PROXY_OBJECT
  5
10000023
102
{ACAD_REACTORS
330
47
102
}
330
47
100
AcDbProxyObject
 90
      499
 91
      503
 93
      121
310
9053130303A310000000000001650100
  0
ACAD_PROXY_OBJECT
  5
1000001D
102
{ACAD_REACTORS
330
47
102
}
330
47
100
AcDbProxyObject
 90
      499
 91
      503
 93
      113
310
90431303A310000000000000910100
  0
ACAD_PROXY_OBJECT
  5
1000001E
102
{ACAD_REACTORS
330
47
102
}
330
47
100
AcDbProxyObject
 90
      499
 91
      503
 93
      113
310
90431323A310000000000000A10100
  0
ACAD_PROXY_OBJECT
  5
1000001F
102
{ACAD_REACTORS
330
47
102
}
330
47
100
AcDbProxyObject
 90
      499
 91
      503
 93
      113
310
90431363A310000000000000C10100
  0
ACAD_PROXY_OBJECT
  5
10000006
102
{ACAD_REACTORS
330
47
102
}
330
47
100
AcDbProxyObject
 90
      499
 91
      503
 93
       41
310
903313A31500
  0
ACAD_PROXY_OBJECT
  5
1000000D
102
{ACAD_REACTORS
330
47
102
}
330
47
100
AcDbProxyObject
 90
      499
 91
      503
 93
      113
310
904313A31304000000000000244000
  0
ACAD_PROXY_OBJECT
  5
10000016
102
{ACAD_REACTORS
330
47
102
}
330
47
100
AcDbProxyObject
 90
      499
 91
      503
 93
      121
310
905313A3130304000000000000594000
  0
ACAD_PROXY_OBJECT
  5
1000000E
102
{ACAD_REACTORS
330
47
102
}
330
47
100
AcDbProxyObject
 90
      499
 91
      503
 93
      113
310
904313A31324000000000000284000
  0
ACAD_PROXY_OBJECT
  5
1000000F
102
{ACAD_REACTORS
330
47
102
}
330
47
100
AcDbProxyObject
 90
      499
 91
      503
 93
      113
310
904313A31364000000000000304000
  0
ACAD_PROXY_OBJECT
  5
10000007
102
{ACAD_REACTORS
330
47
102
}
330
47
100
AcDbProxyObject
 90
      499
 91
      503
 93
      105
310
903313A324000000000000004000
  0
ACAD_PROXY_OBJECT
  5
10000010
102
{ACAD_REACTORS
330
47
102
}
330
47
100
AcDbProxyObject
 90
      499
 91
      503
 93
      113
310
904313A32304000000000000344000
  0
ACAD_PROXY_OBJECT
  5
10000011
102
{ACAD_REACTORS
330
47
102
}
330
47
100
AcDbProxyObject
 90
      499
 91
      503
 93
      113
310
904313A32354000000000000394000
  0
ACAD_PROXY_OBJECT
  5
10000008
102
{ACAD_REACTORS
330
47
102
}
330
47
100
AcDbProxyObject
 90
      499
 91
      503
 93
      105
310
903313A334000000000000084000
  0
ACAD_PROXY_OBJECT
  5
10000012
102
{ACAD_REACTORS
330
47
102
}
330
47
100
AcDbProxyObject
 90
      499
 91
      503
 93
      113
310
904313A33324000000000000404000
  0
ACAD_PROXY_OBJECT
  5
10000009
102
{ACAD_REACTORS
330
47
102
}
330
47
100
AcDbProxyObject
 90
      499
 91
      503
 93
      105
310
903313A344000000000000104000
  0
ACAD_PROXY_OBJECT
  5
10000013
102
{ACAD_REACTORS
330
47
102
}
330
47
100
AcDbProxyObject
 90
      499
 91
      503
 93
      113
310
904313A34304000000000000444000
  0
ACAD_PROXY_OBJECT
  5
1000000A
102
{ACAD_REACTORS
330
47
102
}
330
47
100
AcDbProxyObject
 90
      499
 91
      503
 93
      105
310
903313A354000000000000144000
  0
ACAD_PROXY_OBJECT
  5
10000014
102
{ACAD_REACTORS
330
47
102
}
330
47
100
AcDbProxyObject
 90
      499
 91
      503
 93
      113
310
904313A35304000000000000494000
  0
ACAD_PROXY_OBJECT
  5
1000000B
102
{ACAD_REACTORS
330
47
102
}
330
47
100
AcDbProxyObject
 90
      499
 91
      503
 93
      105
310
903313A364000000000000184000
  0
ACAD_PROXY_OBJECT
  5
1000000C
102
{ACAD_REACTORS
330
47
102
}
330
47
100
AcDbProxyObject
 90
      499
 91
      503
 93
      105
310
903313A384000000000000204000
  0
ACAD_PROXY_OBJECT
  5
10000015
102
{ACAD_REACTORS
330
47
102
}
330
47
100
AcDbProxyObject
 90
      499
 91
      503
 93
      113
310
904313A38304000000000000544000
  0
ACAD_PROXY_OBJECT
  5
10000020
102
{ACAD_REACTORS
330
47
102
}
330
47
100
AcDbProxyObject
 90
      499
 91
      503
 93
      113
310
90432303A310000000000000D10100
  0
ACAD_PROXY_OBJECT
  5
10000017
102
{ACAD_REACTORS
330
47
102
}
330
47
100
AcDbProxyObject
 90
      499
 91
      503
 93
      105
310
903323A310000000000000010100
  0
ACAD_PROXY_OBJECT
  5
10000021
102
{ACAD_REACTORS
330
47
102
}
330
47
100
AcDbProxyObject
 90
      499
 91
      503
 93
      113
310
90433323A310000000000001010100
  0
ACAD_PROXY_OBJECT
  5
10000018
102
{ACAD_REACTORS
330
47
102
}
330
47
100
AcDbProxyObject
 90
      499
 91
      503
 93
      105
310
903333A310000000000000210100
  0
ACAD_PROXY_OBJECT
  5
10000019
102
{ACAD_REACTORS
330
47
102
}
330
47
100
AcDbProxyObject
 90
      499
 91
      503
 93
      105
310
903343A310000000000000410100
  0
ACAD_PROXY_OBJECT
  5
10000022
102
{ACAD_REACTORS
330
47
102
}
330
47
100
AcDbProxyObject
 90
      499
 91
      503
 93
      113
310
90435303A310000000000001250100
  0
ACAD_PROXY_OBJECT
  5
1000001A
102
{ACAD_REACTORS
330
47
102
}
330
47
100
AcDbProxyObject
 90
      499
 91
      503
 93
      105
310
903353A310000000000000510100
  0
ACAD_PROXY_OBJECT
  5
1000001B
102
{ACAD_REACTORS
330
47
102
}
330
47
100
AcDbProxyObject
 90
      499
 91
      503
 93
      105
310
903363A310000000000000610100
  0
ACAD_PROXY_OBJECT
  5
1000001C
102
{ACAD_REACTORS
330
47
102
}
330
47
100
AcDbProxyObject
 90
      499
 91
      503
 93
      105
310
903383A310000000000000810100
  0
ACAD_PROXY_OBJECT
  5
2F
102
{ACAD_REACTORS
330
2A
102
}
330
2A
100
AcDbProxyObject
 90
      499
 91
      501
 93
      436
310
42CC9915DA5C99599C985B595049028333333333333E33F0000000000000F90107901411070040501600405405064090741402480A0340
1001
ACAD
1000
AcDbSavedByObjectVersion
1070
     0
  0
ACAD_PROXY_OBJECT
  5
32
102
{ACAD_REACTORS
330
2A
102
}
330
2A
100
AcDbProxyObject
 90
      499
 91
      501
 93
      388
310
4150985CDA58D07406404333333333333E33F0000000000000F90107A41107004050150841D405064090741402480A0350
1001
ACAD
1000
AcDbSavedByObjectVersion
1070
     0
  0
ACAD_PROXY_OBJECT
  5
36
102
{ACAD_REACTORS
330
2A
102
}
330
2A
100
AcDbProxyObject
 90
      499
 91
      501
 93
      428
310
42109C9A59DA1D195B90C409028333333333333E33F0000000000000F9010790141107004050150841D405064090741402480A029950
1001
ACAD
1000
AcDbSavedByObjectVersion
1070
     0
  0
ACAD_PROXY_OBJECT
  5
3A
102
{ACAD_REACTORS
330
2A
102
}
330
2A
100
AcDbProxyObject
 90
      499
 91
      501
 93
      452
310
42D0DBDB1BDC90DA185B99D95104090240C333333333333E33F0000000000000F90108901411070040501508421405064090741402480A0350
1001
ACAD
1000
AcDbSavedByObjectVersion
1070
     0
  0
ACAD_PROXY_OBJECT
  5
34
102
{ACAD_REACTORS
330
2A
102
}
330
2A
100
AcDbProxyObject
 90
      499
 91
      501
 93
      500
310
4290DBDB98D95C1D1D585B10940D028333333333333E33F0000000000000F90107902409070040501000000000018199010841D405064090740C02480A0340
1001
ACAD
1000
AcDbSavedByObjectVersion
1070
     0
  0
ACAD_PROXY_OBJECT
  5
35
102
{ACAD_REACTORS
330
2A
102
}
330
2A
100
AcDbProxyObject
 90
      499
 91
      501
 93
      412
310
40D11A5B50B409028333333333333E33F0000000000000F9010790141107004050150841D405064090741402480A02677FFFFFD0
1001
ACAD
1000
AcDbSavedByObjectVersion
1070
     0
  0
ACAD_PROXY_OBJECT
  5
3D
102
{ACAD_REACTORS
330
2A
102
}
330
2A
100
AcDbProxyObject
 90
      499
 91
      501
 93
      452
310
43115919D950DBDB1BDC93D999916409028333333333333E33F0000000000000F9010790141107004050150841D405064090741402480A0350
1001
ACAD
1000
AcDbSavedByObjectVersion
1070
     0
  0
ACAD_PROXY_OBJECT
  5
39
102
{ACAD_REACTORS
330
2A
102
}
330
2A
100
AcDbProxyObject
 90
      499
 91
      501
 93
      444
310
42D19858D95C185D1D195C9B90F409028333333333333E33F0000000000000F9010790141107004050150841D405064090741402480A0350
1001
ACAD
1000
AcDbSavedByObjectVersion
1070
     0
  0
ACAD_PROXY_OBJECT
  5
2B
102
{ACAD_REACTORS
330
2A
102
}
330
2A
100
AcDbProxyObject
 90
      499
 91
      501
 93
      380
310
41119B185D240901404333333333333E33F0000000000000F9010740A907004050150841D405064090741402480A1B50
1001
ACAD
1000
AcDbSavedByObjectVersion
1070
     0
  0
ACAD_PROXY_OBJECT
  5
2C
102
{ACAD_REACTORS
330
2A
102
}
330
2A
100
AcDbProxyObject
 90
      499
 91
      501
 93
      468
310
43519B185D15DA5D1A115919D95CD0140901404333333333333E33F0000000000000F90107409019070040501600405405064090741402480A1B50
1001
ACAD
1000
AcDbSavedByObjectVersion
1070
     0
  0
ACAD_PROXY_OBJECT
  5
2D
102
{ACAD_REACTORS
330
2A
102
}
330
2A
100
AcDbProxyObject
 90
      499
 91
      501
 93
      404
310
41D1DBDD5C985D5910240902404333333333333E33F0000000000000F9010740A9070040501641D405064090741402480A1B50
1001
ACAD
1000
AcDbSavedByObjectVersion
1070
     0
  0
ACAD_PROXY_OBJECT
  5
2E
102
{ACAD_REACTORS
330
2A
102
}
330
2A
100
AcDbProxyObject
 90
      499
 91
      501
 93
      492
310
4411DBDD5C985D5915DA5D1A115919D95CD0340902404333333333333E33F0000000000000F90107409019070040501600405405064090741402480A1B50
1001
ACAD
1000
AcDbSavedByObjectVersion
1070
     0
  0
ACAD_PROXY_OBJECT
  5
31
102
{ACAD_REACTORS
330
2A
102
}
330
2A
100
AcDbProxyObject
 90
      499
 91
      501
 93
      476
310
41921A5919195B90640502408333333333333E33F0000000000000F901079024090700405020000000000001110200405405064090740C02480A0340
1001
ACAD
1000
AcDbSavedByObjectVersion
1070
     0
  0
ACAD_PROXY_OBJECT
  5
3B
102
{ACAD_REACTORS
330
2A
102
}
330
2A
100
AcDbProxyObject
 90
      499
 91
      501
 93
      428
310
42529A5D1D195C93D999914409028333333333333E33F0000000000000F9010790141107004050150A41D405064090741402480A0350
1001
ACAD
1000
AcDbSavedByObjectVersion
1070
     0
  0
ACAD_PROXY_OBJECT
  5
38
102
{ACAD_REACTORS
330
2A
102
}
330
2A
100
AcDbProxyObject
 90
      499
 91
      501
 93
      444
310
42D31A5B995C185D1D195C9B90E409028333333333333E33F0000000000000F9010790141107004050750841D405064090741402483A0350
1001
ACAD
1000
AcDbSavedByObjectVersion
1070
     0
  0
ACAD_PROXY_OBJECT
  5
3C
102
{ACAD_REACTORS
330
2A
102
}
330
2A
100
AcDbProxyObject
 90
      499
 91
      501
 93
      444
310
42D3DD995C9A185B99D3D999915409028333333333333E33F0000000000000F9010790141107004050150941D405064090741402480A0350
1001
ACAD
1000
AcDbSavedByObjectVersion
1070
     0
  0
ACAD_PROXY_OBJECT
  5
33
102
{ACAD_REACTORS
330
2A
102
}
330
2A
100
AcDbProxyObject
 90
      499
 91
      501
 93
      428
310
425499585B1A5CDD1A58D08409038333333333333E33F0000000000000F9010740A907004050150800405405064090740C02480A1B40
1001
ACAD
1000
AcDbSavedByObjectVersion
1070
     0
  0
ACAD_PROXY_OBJECT
  5
42
102
{ACAD_REACTORS
330
2A
102
}
330
2A
100
AcDbProxyObject
 90
      499
 91
      501
 93
      420
310
4194DA1859195911B40902404333333333333E33F0000000000000F9010740A41107004050150800405405064090840C02480A0B40
1001
ACAD
1000
AcDbSavedByObjectVersion
1070
     0
  0
ACAD_PROXY_OBJECT
  5
41
102
{ACAD_REACTORS
330
2A
102
}
330
2A
100
AcDbProxyObject
 90
      499
 91
      501
 93
      516
310
4454DA18591959081DDA5D1A08195919D95CD1A40902404333333333333E33F0000000000000F901074090142907004050250800405405064090740C02480A0B40
1001
ACAD
1000
AcDbSavedByObjectVersion
1070
     0
  0
ACAD_PROXY_OBJECT
  5
3E
102
{ACAD_REACTORS
330
2A
102
}
330
2A
100
AcDbProxyObject
 90
      499
 91
      501
 93
      532
310
4394DA1859195CC81BD98811DC985E5174090240C333333333333E33F0000000000000F901079024090741D01000000000000111010841D405064090740C02480A0340
1001
ACAD
1000
AcDbSavedByObjectVersion
1070
     0
  0
ACAD_PROXY_OBJECT
  5
3F
102
{ACAD_REACTORS
330
2A
102
}
330
2A
100
AcDbProxyObject
 90
      499
 91
      501
 93
      476
310
41D4DAD95D18DA1E51840502408333333333333E33F0000000000000F901079024090741D01000000000000111010B41D405064090741802480A0340
1001
ACAD
1000
AcDbSavedByObjectVersion
1070
     0
  0
ACAD_PROXY_OBJECT
  5
37
102
{ACAD_REACTORS
330
2A
102
}
330
2A
100
AcDbProxyObject
 90
      499
 91
      501
 93
      412
310
41D51A1A58DAD95B90D409028333333333333E33F0000000000000F9010790141107004050150C41D405064090741402480A0350
1001
ACAD
1000
AcDbSavedByObjectVersion
1070
     0
  0
ACAD_PROXY_OBJECT
  5
30
102
{ACAD_REACTORS
330
2A
102
}
330
2A
100
AcDbProxyObject
 90
      499
 91
      501
 93
      420
310
4255DA5C99599C985B595059028333333333333E33F0000000000000F90107901411070040501600405405064090740C02480A0340
1001
ACAD
1000
AcDbSavedByObjectVersion
1070
     0
  0
ACAD_PROXY_OBJECT
  5
40
102
{ACAD_REACTORS
330
2A
102
}
330
2A
100
AcDbProxyObject
 90
      499
 91
      501
 93
      404
310
41560B54985E51940902404000000000000E03F0000000000000F9010740501907004050150841D405064090740C02480A1B40
1001
ACAD
1000
AcDbSavedByObjectVersion
1070
     0
  0
XRECORD
  5
100005A1
102
{ACAD_REACTORS
330
10000597
102
}
330
10000597
100
AcDbXrecord
340
0
  0
XRECORD
  5
100005A0
102
{ACAD_REACTORS
330
10000597
102
}
330
10000597
100
AcDbXrecord
 90
        0
  0
XRECORD
  5
100005B7
102
{ACAD_REACTORS
330
10000597
102
}
330
10000597
100
AcDbXrecord
1000
DSTYLE
1002
{
1070
   340
340
11
1002
}
  0
XRECORD
  5
100005A2
102
{ACAD_REACTORS
330
10000597
102
}
330
10000597
100
AcDbXrecord
  1
{76736566-e435-3577-b178-316276753937}
  0
XRECORD
  5
1000059A
102
{ACAD_REACTORS
330
10000597
102
}
330
10000597
100
AcDbXrecord
  1

  0
XRECORD
  5
1000059F
102
{ACAD_REACTORS
330
10000597
102
}
330
10000597
100
AcDbXrecord
 90
        1
  0
XRECORD
  5
1000059C
102
{ACAD_REACTORS
330
10000597
102
}
330
10000597
100
AcDbXrecord
340
1A
  0
XRECORD
  5
1000059E
102
{ACAD_REACTORS
330
10000597
102
}
330
10000597
100
AcDbXrecord
 90
    10781
  0
XRECORD
  5
1000059D
102
{ACAD_REACTORS
330
10000597
102
}
330
10000597
100
AcDbXrecord
340
19
  0
XRECORD
  5
100005A4
102
{ACAD_REACTORS
330
10000597
102
}
330
10000597
100
AcDbXrecord
 40
0.0
  0
XRECORD
  5
100005A7
102
{ACAD_REACTORS
330
10000597
102
}
330
10000597
100
AcDbXrecord
340
0
  0
XRECORD
  5
100005AD
102
{ACAD_REACTORS
330
10000597
102
}
330
10000597
100
AcDbXrecord
 10
0.0
 20
0.0
 30
0.0
  0
XRECORD
  5
100005A9
102
{ACAD_REACTORS
330
10000597
102
}
330
10000597
100
AcDbXrecord
 10
0.0
 20
0.0
 30
0.0
  0
XRECORD
  5
100005AC
102
{ACAD_REACTORS
330
10000597
102
}
330
10000597
100
AcDbXrecord
 10
0.0
 20
0.0
 30
0.0
  0
XRECORD
  5
100005AA
102
{ACAD_REACTORS
330
10000597
102
}
330
10000597
100
AcDbXrecord
 10
0.0
 20
0.0
 30
0.0
  0
XRECORD
  5
100005AB
102
{ACAD_REACTORS
330
10000597
102
}
330
10000597
100
AcDbXrecord
 10
0.0
 20
0.0
 30
0.0
  0
XRECORD
  5
100005A8
102
{ACAD_REACTORS
330
10000597
102
}
330
10000597
100
AcDbXrecord
 10
0.0
 20
0.0
 30
0.0
  0
XRECORD
  5
100005A5
102
{ACAD_REACTORS
330
10000597
102
}
330
10000597
100
AcDbXrecord
340
0
  0
XRECORD
  5
100005A6
102
{ACAD_REACTORS
330
10000597
102
}
330
10000597
100
AcDbXrecord
 70
     0
  0
XRECORD
  5
1000059B
102
{ACAD_REACTORS
330
10000597
102
}
330
10000597
100
AcDbXrecord
  1

  0
XRECORD
  5
10000598
102
{ACAD_REACTORS
330
10000597
102
}
330
10000597
100
AcDbXrecord
 90
        1
  0
XRECORD
  5
10000599
102
{ACAD_REACTORS
330
10000597
102
}
330
10000597
100
AcDbXrecord
 90
       70
  0
XRECORD
  5
100005B0
102
{ACAD_REACTORS
330
10000597
102
}
330
10000597
100
AcDbXrecord
340
0
  0
XRECORD
  5
100005B6
102
{ACAD_REACTORS
330
10000597
102
}
330
10000597
100
AcDbXrecord
 10
0.0
 20
0.0
 30
0.0
  0
XRECORD
  5
100005B2
102
{ACAD_REACTORS
330
10000597
102
}
330
10000597
100
AcDbXrecord
 10
0.0
 20
0.0
 30
0.0
  0
XRECORD
  5
100005B5
102
{ACAD_REACTORS
330
10000597
102
}
330
10000597
100
AcDbXrecord
 10
0.0
 20
0.0
 30
0.0
  0
XRECORD
  5
100005B3
102
{ACAD_REACTORS
330
10000597
102
}
330
10000597
100
AcDbXrecord
 10
0.0
 20
0.0
 30
0.0
  0
XRECORD
  5
100005B4
102
{ACAD_REACTORS
330
10000597
102
}
330
10000597
100
AcDbXrecord
 10
0.0
 20
0.0
 30
0.0
  0
XRECORD
  5
100005B1
102
{ACAD_REACTORS
330
10000597
102
}
330
10000597
100
AcDbXrecord
 10
0.0
 20
0.0
 30
0.0
  0
XRECORD
  5
100005AE
102
{ACAD_REACTORS
330
10000597
102
}
330
10000597
100
AcDbXrecord
340
0
  0
XRECORD
  5
100005AF
102
{ACAD_REACTORS
330
10000597
102
}
330
10000597
100
AcDbXrecord
 70
     0
  0
XRECORD
  5
100005A3
102
{ACAD_REACTORS
330
10000597
102
}
330
10000597
100
AcDbXrecord
  1
{FAEB1C32-E019-11D5-929B-00C0DF256EC4}
  0
DICTIONARYVAR
  5
100005C2
102
{ACAD_REACTORS
330
100005B8
102
}
330
100005B8
100
DictionaryVariables
280
     0
  1
1:1
  0
DICTIONARYVAR
  5
100005BA
102
{ACAD_REACTORS
330
100005B8
102
}
330
100005B8
100
DictionaryVariables
280
     0
  1
Standard
  0
DICTIONARYVAR
  5
100005B9
102
{ACAD_REACTORS
330
100005B8
102
}
330
100005B8
100
DictionaryVariables
280
     0
  1
Standard
  0
DICTIONARYVAR
  5
100005BD
102
{ACAD_REACTORS
330
100005B8
102
}
330
100005B8
100
DictionaryVariables
280
     0
  1
2
  0
DICTIONARYVAR
  5
100005BE
102
{ACAD_REACTORS
330
100005B8
102
}
330
100005B8
100
DictionaryVariables
280
     0
  1
1
  0
DICTIONARYVAR
  5
100005C3
102
{ACAD_REACTORS
330
100005B8
102
}
330
100005B8
100
DictionaryVariables
280
     0
  1
1
  0
XRECORD
  5
10000003
102
{ACAD_REACTORS
330
10000001
102
}
330
10000001
100
AcDbXrecord
 70
     1
  0
XRECORD
  5
10000002
102
{ACAD_REACTORS
330
10000001
102
}
330
10000001
100
AcDbXrecord
1040
89.0
  0
ACAD_PROXY_OBJECT
  5
10000005
102
{ACAD_REACTORS
330
10000001
102
}
330
10000001
100
AcDbProxyObject
 90
      499
 91
      509
 93
       34
310
40C8804000
  0
DICTIONARY
  5
100005C6
330
45
100
AcDbDictionary
280
     1
  3
ACAD_XREC_ROUNDTRIP
360
100005C7
  0
DICTIONARY
  5
100005C4
330
44
100
AcDbDictionary
280
     1
  3
ACAD_XREC_ROUNDTRIP
360
100005C5
  0
DICTIONARY
  5
100005C8
330
46
100
AcDbDictionary
280
     1
  3
ACAD_XREC_ROUNDTRIP
360
100005C9
  0
XRECORD
  5
100005C7
102
{ACAD_REACTORS
330
100005C6
102
}
330
100005C6
100
AcDbXrecord
102
MATERIAL
148
0.0
149
0.0
149
0.0
 93
        0
 94
      127
282
     0
 72
     1
 77
     1
171
     1
175
     1
179
     1
273
     0
  0
XRECORD
  5
100005C5
102
{ACAD_REACTORS
330
100005C4
102
}
330
100005C4
100
AcDbXrecord
102
MATERIAL
148
0.0
149
0.0
149
0.0
 93
        0
 94
      127
282
     0
 72
     1
 77
     1
171
     1
175
     1
179
     1
273
     0
  0
XRECORD
  5
100005C9
102
{ACAD_REACTORS
330
100005C8
102
}
330
100005C8
100
AcDbXrecord
102
MATERIAL
148
0.0
149
0.0
149
0.0
 93
        0
 94
      127
282
     0
 72
     1
 77
     1
171
     1
175
     1
179
     1
273
     0
  0
ENDSEC
  0
EOF
