ISO-10303-21;
HEADER;
FILE_DESCRIPTION(('OpenCascade Model'),'2;1');
FILE_NAME('Open CASCADE Shape Model','2026-07-11T17:26:30',(''),(''),
  'Open CASCADE STEP processor 7.9','Open CASCADE 7.9','Unknown');
FILE_SCHEMA(('AUTOMOTIVE_DESIGN { 1 0 10303 214 1 1 1 1 }'));
ENDSEC;
DATA;
#1 = APPLICATION_PROTOCOL_DEFINITION('international standard',
  'automotive_design',2000,#2);
#2 = APPLICATION_CONTEXT(
  'core data for automotive mechanical design processes');
#3 = SHAPE_DEFINITION_REPRESENTATION(#4,#10);
#4 = PRODUCT_DEFINITION_SHAPE('','',#5);
#5 = PRODUCT_DEFINITION('design','',#6,#9);
#6 = PRODUCT_DEFINITION_FORMATION('','',#7);
#7 = PRODUCT('FACE','FACE','',(#8));
#8 = PRODUCT_CONTEXT('',#2,'mechanical');
#9 = PRODUCT_DEFINITION_CONTEXT('part definition',#2,'design');
#10 = MANIFOLD_SURFACE_SHAPE_REPRESENTATION('',(#11,#15),#95);
#11 = AXIS2_PLACEMENT_3D('',#12,#13,#14);
#12 = CARTESIAN_POINT('',(0.,0.,0.));
#13 = DIRECTION('',(0.,0.,1.));
#14 = DIRECTION('',(1.,0.,-0.));
#15 = SHELL_BASED_SURFACE_MODEL('',(#16));
#16 = OPEN_SHELL('',(#17));
#17 = ADVANCED_FACE('',(#18),#34,.T.);
#18 = FACE_BOUND('',#19,.T.);
#19 = EDGE_LOOP('',(#20,#48,#66,#81));
#20 = ORIENTED_EDGE('',*,*,#21,.F.);
#21 = EDGE_CURVE('',#22,#24,#26,.T.);
#22 = VERTEX_POINT('',#23);
#23 = CARTESIAN_POINT('',(0.50799999684,-1.046008761953,0.800099999259)
  );
#24 = VERTEX_POINT('',#25);
#25 = CARTESIAN_POINT('',(0.672071396039,-1.4732,0.800100000074));
#26 = SURFACE_CURVE('',#27,(#33),.PCURVE_S1.);
#27 = B_SPLINE_CURVE_WITH_KNOTS('',4,(#28,#29,#30,#31,#32),
  .UNSPECIFIED.,.F.,.F.,(5,5),(0.,1.),.PIECEWISE_BEZIER_KNOTS.);
#28 = CARTESIAN_POINT('',(0.50799999684,-1.046008761953,0.800099999259)
  );
#29 = CARTESIAN_POINT('',(0.554242882437,-1.168114451796,0.800099999276)
  );
#30 = CARTESIAN_POINT('',(0.597006277214,-1.280014888084,0.800054874948)
  );
#31 = CARTESIAN_POINT('',(0.63627183444,-1.381710070819,0.800099999771)
  );
#32 = CARTESIAN_POINT('',(0.672071396009,-1.4732,0.800100000149));
#33 = PCURVE('',#34,#42);
#34 = SURFACE_OF_REVOLUTION('',#35,#39);
#35 = LINE('',#36,#37);
#36 = CARTESIAN_POINT('',(0.635,-1.4732,0.9906));
#37 = VECTOR('',#38,1.);
#38 = DIRECTION('',(-0.340998954621,0.940063674943,1.211471650539E-15));
#39 = AXIS1_PLACEMENT('',#40,#41);
#40 = CARTESIAN_POINT('',(1.143,-1.001042528518E+03,0.9906));
#41 = DIRECTION('',(0.,-1.,0.));
#42 = DEFINITIONAL_REPRESENTATION('',(#43),#47);
#43 = B_SPLINE_CURVE_WITH_KNOTS('',2,(#44,#45,#46),.UNSPECIFIED.,.F.,.F.
  ,(3,3),(0.,1.),.PIECEWISE_BEZIER_KNOTS.);
#44 = CARTESIAN_POINT('',(0.29145679418,0.454427981246));
#45 = CARTESIAN_POINT('',(0.33154309218,0.194646238589));
#46 = CARTESIAN_POINT('',(0.38439677418,-3.901961732376E-17));
#47 = ( GEOMETRIC_REPRESENTATION_CONTEXT(2) 
PARAMETRIC_REPRESENTATION_CONTEXT() REPRESENTATION_CONTEXT('2D SPACE',''
  ) );
#48 = ORIENTED_EDGE('',*,*,#49,.F.);
#49 = EDGE_CURVE('',#50,#22,#52,.T.);
#50 = VERTEX_POINT('',#51);
#51 = CARTESIAN_POINT('',(0.507999998625,-1.123087233024,0.990599999943)
  );
#52 = SURFACE_CURVE('',#53,(#59),.PCURVE_S1.);
#53 = B_SPLINE_CURVE_WITH_KNOTS('',4,(#54,#55,#56,#57,#58),
  .UNSPECIFIED.,.F.,.F.,(5,5),(0.,1.),.PIECEWISE_BEZIER_KNOTS.);
#54 = CARTESIAN_POINT('',(0.507999997249,-1.123087227848,0.990599999886)
  );
#55 = CARTESIAN_POINT('',(0.507999997258,-1.123087227848,0.942696315641)
  );
#56 = CARTESIAN_POINT('',(0.508152252229,-1.110240816865,0.89589061454)
  );
#57 = CARTESIAN_POINT('',(0.507999997049,-1.0845479949,0.848750893937));
#58 = CARTESIAN_POINT('',(0.50799999684,-1.046008761953,0.800099999259)
  );
#59 = PCURVE('',#34,#60);
#60 = DEFINITIONAL_REPRESENTATION('',(#61),#65);
#61 = B_SPLINE_CURVE_WITH_KNOTS('',2,(#62,#63,#64),.UNSPECIFIED.,.F.,.F.
  ,(3,3),(0.,1.),.PIECEWISE_BEZIER_KNOTS.);
#62 = CARTESIAN_POINT('',(1.795893853062E-10,0.372435167409));
#63 = CARTESIAN_POINT('',(0.15087774518,0.372435167409));
#64 = CARTESIAN_POINT('',(0.29145679418,0.454427981246));
#65 = ( GEOMETRIC_REPRESENTATION_CONTEXT(2) 
PARAMETRIC_REPRESENTATION_CONTEXT() REPRESENTATION_CONTEXT('2D SPACE',''
  ) );
#66 = ORIENTED_EDGE('',*,*,#67,.F.);
#67 = EDGE_CURVE('',#68,#50,#70,.T.);
#68 = VERTEX_POINT('',#69);
#69 = CARTESIAN_POINT('',(0.635,-1.4732,0.990600001037));
#70 = SURFACE_CURVE('',#71,(#75),.PCURVE_S1.);
#71 = LINE('',#72,#73);
#72 = CARTESIAN_POINT('',(0.635,-1.4732,0.9906));
#73 = VECTOR('',#74,1.);
#74 = DIRECTION('',(-0.340998957005,0.940063674078,0.));
#75 = PCURVE('',#34,#76);
#76 = DEFINITIONAL_REPRESENTATION('',(#77),#80);
#77 = B_SPLINE_CURVE_WITH_KNOTS('',1,(#78,#79),.UNSPECIFIED.,.F.,.F.,(2,
    2),(0.,0.372435156739),.PIECEWISE_BEZIER_KNOTS.);
#78 = CARTESIAN_POINT('',(1.795893853062E-10,-1.822958944353E-26));
#79 = CARTESIAN_POINT('',(1.795893853062E-10,0.372435167409));
#80 = ( GEOMETRIC_REPRESENTATION_CONTEXT(2) 
PARAMETRIC_REPRESENTATION_CONTEXT() REPRESENTATION_CONTEXT('2D SPACE',''
  ) );
#81 = ORIENTED_EDGE('',*,*,#82,.F.);
#82 = EDGE_CURVE('',#24,#68,#83,.T.);
#83 = SURFACE_CURVE('',#84,(#89),.PCURVE_S1.);
#84 = CIRCLE('',#85,0.508);
#85 = AXIS2_PLACEMENT_3D('',#86,#87,#88);
#86 = CARTESIAN_POINT('',(1.143,-1.4732,0.9906));
#87 = DIRECTION('',(1.330436532548E-16,1.,6.123031769112E-17));
#88 = DIRECTION('',(-0.927024810887,1.462961366324E-16,-0.375));
#89 = PCURVE('',#34,#90);
#90 = DEFINITIONAL_REPRESENTATION('',(#91),#94);
#91 = B_SPLINE_CURVE_WITH_KNOTS('',1,(#92,#93),.UNSPECIFIED.,.F.,.F.,(2,
    2),(2.775557561563E-16,0.384396778578),.PIECEWISE_BEZIER_KNOTS.);
#92 = CARTESIAN_POINT('',(0.38439677418,-3.901961732376E-17));
#93 = CARTESIAN_POINT('',(1.795893853062E-10,-1.822958944353E-26));
#94 = ( GEOMETRIC_REPRESENTATION_CONTEXT(2) 
PARAMETRIC_REPRESENTATION_CONTEXT() REPRESENTATION_CONTEXT('2D SPACE',''
  ) );
#95 = ( GEOMETRIC_REPRESENTATION_CONTEXT(3) 
GLOBAL_UNCERTAINTY_ASSIGNED_CONTEXT((#99)) GLOBAL_UNIT_ASSIGNED_CONTEXT(
(#96,#97,#98)) REPRESENTATION_CONTEXT('Context #1',
  '3D Context with UNIT and UNCERTAINTY') );
#96 = ( LENGTH_UNIT() NAMED_UNIT(*) SI_UNIT(.MILLI.,.METRE.) );
#97 = ( NAMED_UNIT(*) PLANE_ANGLE_UNIT() SI_UNIT($,.RADIAN.) );
#98 = ( NAMED_UNIT(*) SI_UNIT($,.STERADIAN.) SOLID_ANGLE_UNIT() );
#99 = UNCERTAINTY_MEASURE_WITH_UNIT(LENGTH_MEASURE(5.E-06),#96,
  'distance_accuracy_value','confusion accuracy');
#100 = PRODUCT_RELATED_PRODUCT_CATEGORY('part',$,(#7));
#101 = SHAPE_DEFINITION_REPRESENTATION(#102,#108);
#102 = PRODUCT_DEFINITION_SHAPE('','',#103);
#103 = PRODUCT_DEFINITION('design','',#104,#107);
#104 = PRODUCT_DEFINITION_FORMATION('','',#105);
#105 = PRODUCT('FACE','FACE','',(#106));
#106 = PRODUCT_CONTEXT('',#2,'mechanical');
#107 = PRODUCT_DEFINITION_CONTEXT('part definition',#2,'design');
#108 = MANIFOLD_SURFACE_SHAPE_REPRESENTATION('',(#11,#109),#189);
#109 = SHELL_BASED_SURFACE_MODEL('',(#110));
#110 = OPEN_SHELL('',(#111));
#111 = ADVANCED_FACE('',(#112),#128,.T.);
#112 = FACE_BOUND('',#113,.T.);
#113 = EDGE_LOOP('',(#114,#142,#160,#175));
#114 = ORIENTED_EDGE('',*,*,#115,.F.);
#115 = EDGE_CURVE('',#116,#118,#120,.T.);
#116 = VERTEX_POINT('',#117);
#117 = CARTESIAN_POINT('',(0.50799999684,-1.046008761953,3.340099999259)
  );
#118 = VERTEX_POINT('',#119);
#119 = CARTESIAN_POINT('',(0.672071396039,-1.4732,3.340100000074));
#120 = SURFACE_CURVE('',#121,(#127),.PCURVE_S1.);
#121 = B_SPLINE_CURVE_WITH_KNOTS('',4,(#122,#123,#124,#125,#126),
  .UNSPECIFIED.,.F.,.F.,(5,5),(0.,1.),.PIECEWISE_BEZIER_KNOTS.);
#122 = CARTESIAN_POINT('',(0.50799999684,-1.046008761953,3.340099999259)
  );
#123 = CARTESIAN_POINT('',(0.554242882437,-1.168114451796,3.340099999276
    ));
#124 = CARTESIAN_POINT('',(0.597006277214,-1.280014888084,3.340054874948
    ));
#125 = CARTESIAN_POINT('',(0.63627183444,-1.381710070819,3.340099999771)
  );
#126 = CARTESIAN_POINT('',(0.672071396009,-1.4732,3.340100000149));
#127 = PCURVE('',#128,#136);
#128 = SURFACE_OF_REVOLUTION('',#129,#133);
#129 = LINE('',#130,#131);
#130 = CARTESIAN_POINT('',(0.635,-1.4732,3.5306));
#131 = VECTOR('',#132,1.);
#132 = DIRECTION('',(-0.340998954621,0.940063674943,1.211471650539E-15)
  );
#133 = AXIS1_PLACEMENT('',#134,#135);
#134 = CARTESIAN_POINT('',(1.143,-1.001042528518E+03,3.5306));
#135 = DIRECTION('',(0.,-1.,0.));
#136 = DEFINITIONAL_REPRESENTATION('',(#137),#141);
#137 = B_SPLINE_CURVE_WITH_KNOTS('',2,(#138,#139,#140),.UNSPECIFIED.,.F.
  ,.F.,(3,3),(0.,1.),.PIECEWISE_BEZIER_KNOTS.);
#138 = CARTESIAN_POINT('',(0.29145679418,0.454427981246));
#139 = CARTESIAN_POINT('',(0.33154309218,0.194646238589));
#140 = CARTESIAN_POINT('',(0.38439677418,-3.901961732376E-17));
#141 = ( GEOMETRIC_REPRESENTATION_CONTEXT(2) 
PARAMETRIC_REPRESENTATION_CONTEXT() REPRESENTATION_CONTEXT('2D SPACE',''
  ) );
#142 = ORIENTED_EDGE('',*,*,#143,.F.);
#143 = EDGE_CURVE('',#144,#116,#146,.T.);
#144 = VERTEX_POINT('',#145);
#145 = CARTESIAN_POINT('',(0.507999998625,-1.123087233024,3.530599999943
    ));
#146 = SURFACE_CURVE('',#147,(#153),.PCURVE_S1.);
#147 = B_SPLINE_CURVE_WITH_KNOTS('',4,(#148,#149,#150,#151,#152),
  .UNSPECIFIED.,.F.,.F.,(5,5),(0.,1.),.PIECEWISE_BEZIER_KNOTS.);
#148 = CARTESIAN_POINT('',(0.507999997249,-1.123087227848,3.530599999886
    ));
#149 = CARTESIAN_POINT('',(0.507999997258,-1.123087227848,3.482696315641
    ));
#150 = CARTESIAN_POINT('',(0.508152252229,-1.110240816865,3.43589061454)
  );
#151 = CARTESIAN_POINT('',(0.507999997049,-1.0845479949,3.388750893937)
  );
#152 = CARTESIAN_POINT('',(0.50799999684,-1.046008761953,3.340099999259)
  );
#153 = PCURVE('',#128,#154);
#154 = DEFINITIONAL_REPRESENTATION('',(#155),#159);
#155 = B_SPLINE_CURVE_WITH_KNOTS('',2,(#156,#157,#158),.UNSPECIFIED.,.F.
  ,.F.,(3,3),(0.,1.),.PIECEWISE_BEZIER_KNOTS.);
#156 = CARTESIAN_POINT('',(1.795893853062E-10,0.372435167409));
#157 = CARTESIAN_POINT('',(0.15087774518,0.372435167409));
#158 = CARTESIAN_POINT('',(0.29145679418,0.454427981246));
#159 = ( GEOMETRIC_REPRESENTATION_CONTEXT(2) 
PARAMETRIC_REPRESENTATION_CONTEXT() REPRESENTATION_CONTEXT('2D SPACE',''
  ) );
#160 = ORIENTED_EDGE('',*,*,#161,.F.);
#161 = EDGE_CURVE('',#162,#144,#164,.T.);
#162 = VERTEX_POINT('',#163);
#163 = CARTESIAN_POINT('',(0.635,-1.4732,3.530600001037));
#164 = SURFACE_CURVE('',#165,(#169),.PCURVE_S1.);
#165 = LINE('',#166,#167);
#166 = CARTESIAN_POINT('',(0.635,-1.4732,3.5306));
#167 = VECTOR('',#168,1.);
#168 = DIRECTION('',(-0.340998957005,0.940063674078,0.));
#169 = PCURVE('',#128,#170);
#170 = DEFINITIONAL_REPRESENTATION('',(#171),#174);
#171 = B_SPLINE_CURVE_WITH_KNOTS('',1,(#172,#173),.UNSPECIFIED.,.F.,.F.,
  (2,2),(0.,0.372435156739),.PIECEWISE_BEZIER_KNOTS.);
#172 = CARTESIAN_POINT('',(1.795893853062E-10,-1.822958944353E-26));
#173 = CARTESIAN_POINT('',(1.795893853062E-10,0.372435167409));
#174 = ( GEOMETRIC_REPRESENTATION_CONTEXT(2) 
PARAMETRIC_REPRESENTATION_CONTEXT() REPRESENTATION_CONTEXT('2D SPACE',''
  ) );
#175 = ORIENTED_EDGE('',*,*,#176,.F.);
#176 = EDGE_CURVE('',#118,#162,#177,.T.);
#177 = SURFACE_CURVE('',#178,(#183),.PCURVE_S1.);
#178 = CIRCLE('',#179,0.508);
#179 = AXIS2_PLACEMENT_3D('',#180,#181,#182);
#180 = CARTESIAN_POINT('',(1.143,-1.4732,3.5306));
#181 = DIRECTION('',(1.330436532548E-16,1.,6.123031769112E-17));
#182 = DIRECTION('',(-0.927024810887,1.462961366324E-16,-0.375));
#183 = PCURVE('',#128,#184);
#184 = DEFINITIONAL_REPRESENTATION('',(#185),#188);
#185 = B_SPLINE_CURVE_WITH_KNOTS('',1,(#186,#187),.UNSPECIFIED.,.F.,.F.,
  (2,2),(0.,0.384396778578),.PIECEWISE_BEZIER_KNOTS.);
#186 = CARTESIAN_POINT('',(0.38439677418,-3.901961732376E-17));
#187 = CARTESIAN_POINT('',(1.795893853062E-10,-1.822958944353E-26));
#188 = ( GEOMETRIC_REPRESENTATION_CONTEXT(2) 
PARAMETRIC_REPRESENTATION_CONTEXT() REPRESENTATION_CONTEXT('2D SPACE',''
  ) );
#189 = ( GEOMETRIC_REPRESENTATION_CONTEXT(3) 
GLOBAL_UNCERTAINTY_ASSIGNED_CONTEXT((#193)) GLOBAL_UNIT_ASSIGNED_CONTEXT
((#190,#191,#192)) REPRESENTATION_CONTEXT('Context #1',
  '3D Context with UNIT and UNCERTAINTY') );
#190 = ( LENGTH_UNIT() NAMED_UNIT(*) SI_UNIT(.MILLI.,.METRE.) );
#191 = ( NAMED_UNIT(*) PLANE_ANGLE_UNIT() SI_UNIT($,.RADIAN.) );
#192 = ( NAMED_UNIT(*) SI_UNIT($,.STERADIAN.) SOLID_ANGLE_UNIT() );
#193 = UNCERTAINTY_MEASURE_WITH_UNIT(LENGTH_MEASURE(5.E-06),#190,
  'distance_accuracy_value','confusion accuracy');
#194 = PRODUCT_RELATED_PRODUCT_CATEGORY('part',$,(#105));
#195 = SHAPE_DEFINITION_REPRESENTATION(#196,#202);
#196 = PRODUCT_DEFINITION_SHAPE('','',#197);
#197 = PRODUCT_DEFINITION('design','',#198,#201);
#198 = PRODUCT_DEFINITION_FORMATION('','',#199);
#199 = PRODUCT('FACE','FACE','',(#200));
#200 = PRODUCT_CONTEXT('',#2,'mechanical');
#201 = PRODUCT_DEFINITION_CONTEXT('part definition',#2,'design');
#202 = MANIFOLD_SURFACE_SHAPE_REPRESENTATION('',(#11,#203),#342);
#203 = SHELL_BASED_SURFACE_MODEL('',(#204));
#204 = OPEN_SHELL('',(#205));
#205 = ADVANCED_FACE('',(#206),#220,.T.);
#206 = FACE_BOUND('',#207,.T.);
#207 = EDGE_LOOP('',(#208,#233,#249,#265,#281,#297,#313,#328));
#208 = ORIENTED_EDGE('',*,*,#209,.F.);
#209 = EDGE_CURVE('',#210,#212,#214,.T.);
#210 = VERTEX_POINT('',#211);
#211 = CARTESIAN_POINT('',(1.142999998963,-1.4732,4.0386));
#212 = VERTEX_POINT('',#213);
#213 = CARTESIAN_POINT('',(1.143,-1.6002,3.9116));
#214 = SURFACE_CURVE('',#215,(#219),.PCURVE_S1.);
#215 = LINE('',#216,#217);
#216 = CARTESIAN_POINT('',(1.143,-1.4732,4.0386));
#217 = VECTOR('',#218,1.);
#218 = DIRECTION('',(0.,-0.707106781187,-0.707106781187));
#219 = PCURVE('',#220,#228);
#220 = SURFACE_OF_REVOLUTION('',#221,#225);
#221 = LINE('',#222,#223);
#222 = CARTESIAN_POINT('',(1.143,-1.6002,3.9116));
#223 = VECTOR('',#224,1.);
#224 = DIRECTION('',(2.512147933894E-15,0.707106781187,0.707106781187));
#225 = AXIS1_PLACEMENT('',#226,#227);
#226 = CARTESIAN_POINT('',(1.143,-1.001600199996E+03,3.5306));
#227 = DIRECTION('',(0.,-1.,0.));
#228 = DEFINITIONAL_REPRESENTATION('',(#229),#232);
#229 = B_SPLINE_CURVE_WITH_KNOTS('',1,(#230,#231),.UNSPECIFIED.,.F.,.F.,
  (2,2),(0.,0.179605122421),.PIECEWISE_BEZIER_KNOTS.);
#230 = CARTESIAN_POINT('',(6.28318530718,0.179605122421));
#231 = CARTESIAN_POINT('',(6.28318530718,-2.505756194298E-16));
#232 = ( GEOMETRIC_REPRESENTATION_CONTEXT(2) 
PARAMETRIC_REPRESENTATION_CONTEXT() REPRESENTATION_CONTEXT('2D SPACE',''
  ) );
#233 = ORIENTED_EDGE('',*,*,#234,.F.);
#234 = EDGE_CURVE('',#235,#210,#237,.T.);
#235 = VERTEX_POINT('',#236);
#236 = CARTESIAN_POINT('',(1.333499998618,-1.4732,4.00152860449));
#237 = SURFACE_CURVE('',#238,(#243),.PCURVE_S1.);
#238 = CIRCLE('',#239,0.508);
#239 = AXIS2_PLACEMENT_3D('',#240,#241,#242);
#240 = CARTESIAN_POINT('',(1.143,-1.4732,3.5306));
#241 = DIRECTION('',(-1.330436532548E-16,-1.,6.123031769112E-17));
#242 = DIRECTION('',(0.375,6.870653707617E-18,0.927024810887));
#243 = PCURVE('',#220,#244);
#244 = DEFINITIONAL_REPRESENTATION('',(#245),#248);
#245 = B_SPLINE_CURVE_WITH_KNOTS('',1,(#246,#247),.UNSPECIFIED.,.F.,.F.,
  (2,2),(0.,0.384396778578),.PIECEWISE_BEZIER_KNOTS.);
#246 = CARTESIAN_POINT('',(5.89878853318,0.179605122421));
#247 = CARTESIAN_POINT('',(6.28318530718,0.179605122421));
#248 = ( GEOMETRIC_REPRESENTATION_CONTEXT(2) 
PARAMETRIC_REPRESENTATION_CONTEXT() REPRESENTATION_CONTEXT('2D SPACE',''
  ) );
#249 = ORIENTED_EDGE('',*,*,#250,.F.);
#250 = EDGE_CURVE('',#251,#235,#253,.T.);
#251 = VERTEX_POINT('',#252);
#252 = CARTESIAN_POINT('',(1.61392860449,-1.4732,3.721099998618));
#253 = SURFACE_CURVE('',#254,(#259),.PCURVE_S1.);
#254 = CIRCLE('',#255,0.508);
#255 = AXIS2_PLACEMENT_3D('',#256,#257,#258);
#256 = CARTESIAN_POINT('',(1.143,-1.4732,3.5306));
#257 = DIRECTION('',(-3.08148791102E-33,-1.,6.123031769112E-17));
#258 = DIRECTION('',(0.927024810887,2.296136913417E-17,0.375));
#259 = PCURVE('',#220,#260);
#260 = DEFINITIONAL_REPRESENTATION('',(#261),#264);
#261 = B_SPLINE_CURVE_WITH_KNOTS('',1,(#262,#263),.UNSPECIFIED.,.F.,.F.,
  (2,2),(-8.881784197001E-16,0.802002783672),.PIECEWISE_BEZIER_KNOTS.);
#262 = CARTESIAN_POINT('',(5.09678575518,0.179605122421));
#263 = CARTESIAN_POINT('',(5.89878853318,0.179605122421));
#264 = ( GEOMETRIC_REPRESENTATION_CONTEXT(2) 
PARAMETRIC_REPRESENTATION_CONTEXT() REPRESENTATION_CONTEXT('2D SPACE',''
  ) );
#265 = ORIENTED_EDGE('',*,*,#266,.F.);
#266 = EDGE_CURVE('',#267,#251,#269,.T.);
#267 = VERTEX_POINT('',#268);
#268 = CARTESIAN_POINT('',(1.61392860449,-1.4732,3.340100001382));
#269 = SURFACE_CURVE('',#270,(#275),.PCURVE_S1.);
#270 = CIRCLE('',#271,0.508);
#271 = AXIS2_PLACEMENT_3D('',#272,#273,#274);
#272 = CARTESIAN_POINT('',(1.143,-1.4732,3.5306));
#273 = DIRECTION('',(-1.330436532548E-16,-1.,6.123031769112E-17));
#274 = DIRECTION('',(0.927024810887,-1.462961366324E-16,-0.375));
#275 = PCURVE('',#220,#276);
#276 = DEFINITIONAL_REPRESENTATION('',(#277),#280);
#277 = B_SPLINE_CURVE_WITH_KNOTS('',1,(#278,#279),.UNSPECIFIED.,.F.,.F.,
  (2,2),(-8.881784197001E-16,0.768793543123),.PIECEWISE_BEZIER_KNOTS.);
#278 = CARTESIAN_POINT('',(4.32799220618,0.179605122421));
#279 = CARTESIAN_POINT('',(5.09678575518,0.179605122421));
#280 = ( GEOMETRIC_REPRESENTATION_CONTEXT(2) 
PARAMETRIC_REPRESENTATION_CONTEXT() REPRESENTATION_CONTEXT('2D SPACE',''
  ) );
#281 = ORIENTED_EDGE('',*,*,#282,.F.);
#282 = EDGE_CURVE('',#283,#267,#285,.T.);
#283 = VERTEX_POINT('',#284);
#284 = CARTESIAN_POINT('',(1.333500000961,-1.4732,3.059671396458));
#285 = SURFACE_CURVE('',#286,(#291),.PCURVE_S1.);
#286 = CIRCLE('',#287,0.508);
#287 = AXIS2_PLACEMENT_3D('',#288,#289,#290);
#288 = CARTESIAN_POINT('',(1.143,-1.4732,3.5306));
#289 = DIRECTION('',(-3.08148791102E-33,-1.,6.123031769112E-17));
#290 = DIRECTION('',(0.375,-5.676202367816E-17,-0.927024810887));
#291 = PCURVE('',#220,#292);
#292 = DEFINITIONAL_REPRESENTATION('',(#293),#296);
#293 = B_SPLINE_CURVE_WITH_KNOTS('',1,(#294,#295),.UNSPECIFIED.,.F.,.F.,
  (2,2),(1.110223024625E-16,0.802002783672),.PIECEWISE_BEZIER_KNOTS.);
#294 = CARTESIAN_POINT('',(3.52598942818,0.179605122421));
#295 = CARTESIAN_POINT('',(4.32799220618,0.179605122421));
#296 = ( GEOMETRIC_REPRESENTATION_CONTEXT(2) 
PARAMETRIC_REPRESENTATION_CONTEXT() REPRESENTATION_CONTEXT('2D SPACE',''
  ) );
#297 = ORIENTED_EDGE('',*,*,#298,.F.);
#298 = EDGE_CURVE('',#299,#283,#301,.T.);
#299 = VERTEX_POINT('',#300);
#300 = CARTESIAN_POINT('',(1.143,-1.4732,3.0226));
#301 = SURFACE_CURVE('',#302,(#307),.PCURVE_S1.);
#302 = CIRCLE('',#303,0.508);
#303 = AXIS2_PLACEMENT_3D('',#304,#305,#306);
#304 = CARTESIAN_POINT('',(1.143,-1.4732,3.5306));
#305 = DIRECTION('',(-1.330436532548E-16,-1.,6.123031769112E-17));
#306 = DIRECTION('',(1.416020741538E-14,-6.123031769112E-17,-1.));
#307 = PCURVE('',#220,#308);
#308 = DEFINITIONAL_REPRESENTATION('',(#309),#312);
#309 = B_SPLINE_CURVE_WITH_KNOTS('',1,(#310,#311),.UNSPECIFIED.,.F.,.F.,
  (2,2),(6.452508762642E-17,0.384396778578),.PIECEWISE_BEZIER_KNOTS.);
#310 = CARTESIAN_POINT('',(3.14159265318,0.179605122421));
#311 = CARTESIAN_POINT('',(3.52598942818,0.179605122421));
#312 = ( GEOMETRIC_REPRESENTATION_CONTEXT(2) 
PARAMETRIC_REPRESENTATION_CONTEXT() REPRESENTATION_CONTEXT('2D SPACE',''
  ) );
#313 = ORIENTED_EDGE('',*,*,#314,.F.);
#314 = EDGE_CURVE('',#315,#299,#317,.T.);
#315 = VERTEX_POINT('',#316);
#316 = CARTESIAN_POINT('',(1.143,-1.6002,3.1496));
#317 = SURFACE_CURVE('',#318,(#322),.PCURVE_S1.);
#318 = LINE('',#319,#320);
#319 = CARTESIAN_POINT('',(1.143,-1.6002,3.1496));
#320 = VECTOR('',#321,1.);
#321 = DIRECTION('',(0.,0.707106781187,-0.707106781187));
#322 = PCURVE('',#220,#323);
#323 = DEFINITIONAL_REPRESENTATION('',(#324),#327);
#324 = B_SPLINE_CURVE_WITH_KNOTS('',1,(#325,#326),.UNSPECIFIED.,.F.,.F.,
  (2,2),(0.,0.179605122421),.PIECEWISE_BEZIER_KNOTS.);
#325 = CARTESIAN_POINT('',(3.14159265318,-1.252878096985E-16));
#326 = CARTESIAN_POINT('',(3.14159265318,0.179605122421));
#327 = ( GEOMETRIC_REPRESENTATION_CONTEXT(2) 
PARAMETRIC_REPRESENTATION_CONTEXT() REPRESENTATION_CONTEXT('2D SPACE',''
  ) );
#328 = ORIENTED_EDGE('',*,*,#329,.F.);
#329 = EDGE_CURVE('',#212,#315,#330,.T.);
#330 = SURFACE_CURVE('',#331,(#336),.PCURVE_S1.);
#331 = CIRCLE('',#332,0.381);
#332 = AXIS2_PLACEMENT_3D('',#333,#334,#335);
#333 = CARTESIAN_POINT('',(1.143,-1.6002,3.5306));
#334 = DIRECTION('',(1.330436532548E-16,1.,6.123031769112E-17));
#335 = DIRECTION('',(1.416020741538E-14,-6.123031769112E-17,1.));
#336 = PCURVE('',#220,#337);
#337 = DEFINITIONAL_REPRESENTATION('',(#338),#341);
#338 = B_SPLINE_CURVE_WITH_KNOTS('',1,(#339,#340),.UNSPECIFIED.,.F.,.F.,
  (2,2),(0.,3.14159265359),.PIECEWISE_BEZIER_KNOTS.);
#339 = CARTESIAN_POINT('',(6.28318530718,-2.505756194298E-16));
#340 = CARTESIAN_POINT('',(3.14159265318,-1.252878096985E-16));
#341 = ( GEOMETRIC_REPRESENTATION_CONTEXT(2) 
PARAMETRIC_REPRESENTATION_CONTEXT() REPRESENTATION_CONTEXT('2D SPACE',''
  ) );
#342 = ( GEOMETRIC_REPRESENTATION_CONTEXT(3) 
GLOBAL_UNCERTAINTY_ASSIGNED_CONTEXT((#346)) GLOBAL_UNIT_ASSIGNED_CONTEXT
((#343,#344,#345)) REPRESENTATION_CONTEXT('Context #1',
  '3D Context with UNIT and UNCERTAINTY') );
#343 = ( LENGTH_UNIT() NAMED_UNIT(*) SI_UNIT(.MILLI.,.METRE.) );
#344 = ( NAMED_UNIT(*) PLANE_ANGLE_UNIT() SI_UNIT($,.RADIAN.) );
#345 = ( NAMED_UNIT(*) SI_UNIT($,.STERADIAN.) SOLID_ANGLE_UNIT() );
#346 = UNCERTAINTY_MEASURE_WITH_UNIT(LENGTH_MEASURE(1.E-07),#343,
  'distance_accuracy_value','confusion accuracy');
#347 = PRODUCT_RELATED_PRODUCT_CATEGORY('part',$,(#199));
#348 = SHAPE_DEFINITION_REPRESENTATION(#349,#355);
#349 = PRODUCT_DEFINITION_SHAPE('','',#350);
#350 = PRODUCT_DEFINITION('design','',#351,#354);
#351 = PRODUCT_DEFINITION_FORMATION('','',#352);
#352 = PRODUCT('FACE','FACE','',(#353));
#353 = PRODUCT_CONTEXT('',#2,'mechanical');
#354 = PRODUCT_DEFINITION_CONTEXT('part definition',#2,'design');
#355 = MANIFOLD_SURFACE_SHAPE_REPRESENTATION('',(#11,#356),#495);
#356 = SHELL_BASED_SURFACE_MODEL('',(#357));
#357 = OPEN_SHELL('',(#358));
#358 = ADVANCED_FACE('',(#359),#373,.T.);
#359 = FACE_BOUND('',#360,.T.);
#360 = EDGE_LOOP('',(#361,#386,#402,#418,#434,#450,#466,#481));
#361 = ORIENTED_EDGE('',*,*,#362,.F.);
#362 = EDGE_CURVE('',#363,#365,#367,.T.);
#363 = VERTEX_POINT('',#364);
#364 = CARTESIAN_POINT('',(1.142999998963,-1.4732,1.4986));
#365 = VERTEX_POINT('',#366);
#366 = CARTESIAN_POINT('',(1.143,-1.6002,1.3716));
#367 = SURFACE_CURVE('',#368,(#372),.PCURVE_S1.);
#368 = LINE('',#369,#370);
#369 = CARTESIAN_POINT('',(1.143,-1.4732,1.4986));
#370 = VECTOR('',#371,1.);
#371 = DIRECTION('',(0.,-0.707106781187,-0.707106781187));
#372 = PCURVE('',#373,#381);
#373 = SURFACE_OF_REVOLUTION('',#374,#378);
#374 = LINE('',#375,#376);
#375 = CARTESIAN_POINT('',(1.143,-1.6002,1.3716));
#376 = VECTOR('',#377,1.);
#377 = DIRECTION('',(2.512147933894E-15,0.707106781187,0.707106781187));
#378 = AXIS1_PLACEMENT('',#379,#380);
#379 = CARTESIAN_POINT('',(1.143,-1.001600199996E+03,0.9906));
#380 = DIRECTION('',(0.,-1.,0.));
#381 = DEFINITIONAL_REPRESENTATION('',(#382),#385);
#382 = B_SPLINE_CURVE_WITH_KNOTS('',1,(#383,#384),.UNSPECIFIED.,.F.,.F.,
  (2,2),(0.,0.179605122421),.PIECEWISE_BEZIER_KNOTS.);
#383 = CARTESIAN_POINT('',(6.28318530718,0.179605122421));
#384 = CARTESIAN_POINT('',(6.28318530718,-2.505756194298E-16));
#385 = ( GEOMETRIC_REPRESENTATION_CONTEXT(2) 
PARAMETRIC_REPRESENTATION_CONTEXT() REPRESENTATION_CONTEXT('2D SPACE',''
  ) );
#386 = ORIENTED_EDGE('',*,*,#387,.F.);
#387 = EDGE_CURVE('',#388,#363,#390,.T.);
#388 = VERTEX_POINT('',#389);
#389 = CARTESIAN_POINT('',(1.333499998618,-1.4732,1.46152860449));
#390 = SURFACE_CURVE('',#391,(#396),.PCURVE_S1.);
#391 = CIRCLE('',#392,0.508);
#392 = AXIS2_PLACEMENT_3D('',#393,#394,#395);
#393 = CARTESIAN_POINT('',(1.143,-1.4732,0.9906));
#394 = DIRECTION('',(-1.330436532548E-16,-1.,6.123031769112E-17));
#395 = DIRECTION('',(0.375,6.870653707616E-18,0.927024810887));
#396 = PCURVE('',#373,#397);
#397 = DEFINITIONAL_REPRESENTATION('',(#398),#401);
#398 = B_SPLINE_CURVE_WITH_KNOTS('',1,(#399,#400),.UNSPECIFIED.,.F.,.F.,
  (2,2),(4.440892098501E-16,0.384396778578),.PIECEWISE_BEZIER_KNOTS.);
#399 = CARTESIAN_POINT('',(5.89878853318,0.179605122421));
#400 = CARTESIAN_POINT('',(6.28318530718,0.179605122421));
#401 = ( GEOMETRIC_REPRESENTATION_CONTEXT(2) 
PARAMETRIC_REPRESENTATION_CONTEXT() REPRESENTATION_CONTEXT('2D SPACE',''
  ) );
#402 = ORIENTED_EDGE('',*,*,#403,.F.);
#403 = EDGE_CURVE('',#404,#388,#406,.T.);
#404 = VERTEX_POINT('',#405);
#405 = CARTESIAN_POINT('',(1.61392860449,-1.4732,1.181099998618));
#406 = SURFACE_CURVE('',#407,(#412),.PCURVE_S1.);
#407 = CIRCLE('',#408,0.508);
#408 = AXIS2_PLACEMENT_3D('',#409,#410,#411);
#409 = CARTESIAN_POINT('',(1.143,-1.4732,0.9906));
#410 = DIRECTION('',(3.08148791102E-33,-1.,6.123031769112E-17));
#411 = DIRECTION('',(0.927024810887,2.296136913417E-17,0.375));
#412 = PCURVE('',#373,#413);
#413 = DEFINITIONAL_REPRESENTATION('',(#414),#417);
#414 = B_SPLINE_CURVE_WITH_KNOTS('',1,(#415,#416),.UNSPECIFIED.,.F.,.F.,
  (2,2),(0.,0.802002783672),.PIECEWISE_BEZIER_KNOTS.);
#415 = CARTESIAN_POINT('',(5.09678575518,0.179605122421));
#416 = CARTESIAN_POINT('',(5.89878853318,0.179605122421));
#417 = ( GEOMETRIC_REPRESENTATION_CONTEXT(2) 
PARAMETRIC_REPRESENTATION_CONTEXT() REPRESENTATION_CONTEXT('2D SPACE',''
  ) );
#418 = ORIENTED_EDGE('',*,*,#419,.F.);
#419 = EDGE_CURVE('',#420,#404,#422,.T.);
#420 = VERTEX_POINT('',#421);
#421 = CARTESIAN_POINT('',(1.61392860449,-1.4732,0.800100001382));
#422 = SURFACE_CURVE('',#423,(#428),.PCURVE_S1.);
#423 = CIRCLE('',#424,0.508);
#424 = AXIS2_PLACEMENT_3D('',#425,#426,#427);
#425 = CARTESIAN_POINT('',(1.143,-1.4732,0.9906));
#426 = DIRECTION('',(-1.330436532548E-16,-1.,6.123031769112E-17));
#427 = DIRECTION('',(0.927024810887,-1.462961366324E-16,-0.375));
#428 = PCURVE('',#373,#429);
#429 = DEFINITIONAL_REPRESENTATION('',(#430),#433);
#430 = B_SPLINE_CURVE_WITH_KNOTS('',1,(#431,#432),.UNSPECIFIED.,.F.,.F.,
  (2,2),(3.885780586188E-16,0.768793543123),.PIECEWISE_BEZIER_KNOTS.);
#431 = CARTESIAN_POINT('',(4.32799220618,0.179605122421));
#432 = CARTESIAN_POINT('',(5.09678575518,0.179605122421));
#433 = ( GEOMETRIC_REPRESENTATION_CONTEXT(2) 
PARAMETRIC_REPRESENTATION_CONTEXT() REPRESENTATION_CONTEXT('2D SPACE',''
  ) );
#434 = ORIENTED_EDGE('',*,*,#435,.F.);
#435 = EDGE_CURVE('',#436,#420,#438,.T.);
#436 = VERTEX_POINT('',#437);
#437 = CARTESIAN_POINT('',(1.333500000961,-1.4732,0.519671396458));
#438 = SURFACE_CURVE('',#439,(#444),.PCURVE_S1.);
#439 = CIRCLE('',#440,0.508);
#440 = AXIS2_PLACEMENT_3D('',#441,#442,#443);
#441 = CARTESIAN_POINT('',(1.143,-1.4732,0.9906));
#442 = DIRECTION('',(-3.08148791102E-33,-1.,6.123031769112E-17));
#443 = DIRECTION('',(0.375,-5.676202367816E-17,-0.927024810887));
#444 = PCURVE('',#373,#445);
#445 = DEFINITIONAL_REPRESENTATION('',(#446),#449);
#446 = B_SPLINE_CURVE_WITH_KNOTS('',1,(#447,#448),.UNSPECIFIED.,.F.,.F.,
  (2,2),(1.110223024625E-16,0.802002783672),.PIECEWISE_BEZIER_KNOTS.);
#447 = CARTESIAN_POINT('',(3.52598942818,0.179605122421));
#448 = CARTESIAN_POINT('',(4.32799220618,0.179605122421));
#449 = ( GEOMETRIC_REPRESENTATION_CONTEXT(2) 
PARAMETRIC_REPRESENTATION_CONTEXT() REPRESENTATION_CONTEXT('2D SPACE',''
  ) );
#450 = ORIENTED_EDGE('',*,*,#451,.F.);
#451 = EDGE_CURVE('',#452,#436,#454,.T.);
#452 = VERTEX_POINT('',#453);
#453 = CARTESIAN_POINT('',(1.143,-1.4732,0.4826));
#454 = SURFACE_CURVE('',#455,(#460),.PCURVE_S1.);
#455 = CIRCLE('',#456,0.508);
#456 = AXIS2_PLACEMENT_3D('',#457,#458,#459);
#457 = CARTESIAN_POINT('',(1.143,-1.4732,0.9906));
#458 = DIRECTION('',(-1.330436532548E-16,-1.,6.123031769112E-17));
#459 = DIRECTION('',(1.416020741538E-14,-6.123031769112E-17,-1.));
#460 = PCURVE('',#373,#461);
#461 = DEFINITIONAL_REPRESENTATION('',(#462),#465);
#462 = B_SPLINE_CURVE_WITH_KNOTS('',1,(#463,#464),.UNSPECIFIED.,.F.,.F.,
  (2,2),(6.452508762641E-17,0.384396778578),.PIECEWISE_BEZIER_KNOTS.);
#463 = CARTESIAN_POINT('',(3.14159265318,0.179605122421));
#464 = CARTESIAN_POINT('',(3.52598942818,0.179605122421));
#465 = ( GEOMETRIC_REPRESENTATION_CONTEXT(2) 
PARAMETRIC_REPRESENTATION_CONTEXT() REPRESENTATION_CONTEXT('2D SPACE',''
  ) );
#466 = ORIENTED_EDGE('',*,*,#467,.F.);
#467 = EDGE_CURVE('',#468,#452,#470,.T.);
#468 = VERTEX_POINT('',#469);
#469 = CARTESIAN_POINT('',(1.143,-1.6002,0.6096));
#470 = SURFACE_CURVE('',#471,(#475),.PCURVE_S1.);
#471 = LINE('',#472,#473);
#472 = CARTESIAN_POINT('',(1.143,-1.6002,0.6096));
#473 = VECTOR('',#474,1.);
#474 = DIRECTION('',(0.,0.707106781187,-0.707106781187));
#475 = PCURVE('',#373,#476);
#476 = DEFINITIONAL_REPRESENTATION('',(#477),#480);
#477 = B_SPLINE_CURVE_WITH_KNOTS('',1,(#478,#479),.UNSPECIFIED.,.F.,.F.,
  (2,2),(0.,0.179605122421),.PIECEWISE_BEZIER_KNOTS.);
#478 = CARTESIAN_POINT('',(3.14159265318,-1.252878096985E-16));
#479 = CARTESIAN_POINT('',(3.14159265318,0.179605122421));
#480 = ( GEOMETRIC_REPRESENTATION_CONTEXT(2) 
PARAMETRIC_REPRESENTATION_CONTEXT() REPRESENTATION_CONTEXT('2D SPACE',''
  ) );
#481 = ORIENTED_EDGE('',*,*,#482,.F.);
#482 = EDGE_CURVE('',#365,#468,#483,.T.);
#483 = SURFACE_CURVE('',#484,(#489),.PCURVE_S1.);
#484 = CIRCLE('',#485,0.381);
#485 = AXIS2_PLACEMENT_3D('',#486,#487,#488);
#486 = CARTESIAN_POINT('',(1.143,-1.6002,0.9906));
#487 = DIRECTION('',(1.330436532548E-16,1.,6.123031769112E-17));
#488 = DIRECTION('',(1.416020741538E-14,-6.123031769112E-17,1.));
#489 = PCURVE('',#373,#490);
#490 = DEFINITIONAL_REPRESENTATION('',(#491),#494);
#491 = B_SPLINE_CURVE_WITH_KNOTS('',1,(#492,#493),.UNSPECIFIED.,.F.,.F.,
  (2,2),(0.,3.14159265359),.PIECEWISE_BEZIER_KNOTS.);
#492 = CARTESIAN_POINT('',(6.28318530718,-2.505756194298E-16));
#493 = CARTESIAN_POINT('',(3.14159265318,-1.252878096985E-16));
#494 = ( GEOMETRIC_REPRESENTATION_CONTEXT(2) 
PARAMETRIC_REPRESENTATION_CONTEXT() REPRESENTATION_CONTEXT('2D SPACE',''
  ) );
#495 = ( GEOMETRIC_REPRESENTATION_CONTEXT(3) 
GLOBAL_UNCERTAINTY_ASSIGNED_CONTEXT((#499)) GLOBAL_UNIT_ASSIGNED_CONTEXT
((#496,#497,#498)) REPRESENTATION_CONTEXT('Context #1',
  '3D Context with UNIT and UNCERTAINTY') );
#496 = ( LENGTH_UNIT() NAMED_UNIT(*) SI_UNIT(.MILLI.,.METRE.) );
#497 = ( NAMED_UNIT(*) PLANE_ANGLE_UNIT() SI_UNIT($,.RADIAN.) );
#498 = ( NAMED_UNIT(*) SI_UNIT($,.STERADIAN.) SOLID_ANGLE_UNIT() );
#499 = UNCERTAINTY_MEASURE_WITH_UNIT(LENGTH_MEASURE(1.E-07),#496,
  'distance_accuracy_value','confusion accuracy');
#500 = PRODUCT_RELATED_PRODUCT_CATEGORY('part',$,(#352));
#501 = SHAPE_DEFINITION_REPRESENTATION(#502,#508);
#502 = PRODUCT_DEFINITION_SHAPE('','',#503);
#503 = PRODUCT_DEFINITION('design','',#504,#507);
#504 = PRODUCT_DEFINITION_FORMATION('','',#505);
#505 = PRODUCT('FACE','FACE','',(#506));
#506 = PRODUCT_CONTEXT('',#2,'mechanical');
#507 = PRODUCT_DEFINITION_CONTEXT('part definition',#2,'design');
#508 = MANIFOLD_SURFACE_SHAPE_REPRESENTATION('',(#11,#509),#600);
#509 = SHELL_BASED_SURFACE_MODEL('',(#510));
#510 = OPEN_SHELL('',(#511));
#511 = ADVANCED_FACE('',(#512),#526,.T.);
#512 = FACE_BOUND('',#513,.T.);
#513 = EDGE_LOOP('',(#514,#539,#555,#571,#586));
#514 = ORIENTED_EDGE('',*,*,#515,.F.);
#515 = EDGE_CURVE('',#516,#518,#520,.T.);
#516 = VERTEX_POINT('',#517);
#517 = CARTESIAN_POINT('',(6.349999995158,3.81,3.782331149842));
#518 = VERTEX_POINT('',#519);
#519 = CARTESIAN_POINT('',(8.890000004842,3.81,3.782331149842));
#520 = SURFACE_CURVE('',#521,(#525),.PCURVE_S1.);
#521 = LINE('',#522,#523);
#522 = CARTESIAN_POINT('',(6.35,3.81,3.782331145));
#523 = VECTOR('',#524,1.);
#524 = DIRECTION('',(1.,0.,0.));
#525 = PCURVE('',#526,#534);
#526 = SURFACE_OF_REVOLUTION('',#527,#531);
#527 = LINE('',#528,#529);
#528 = CARTESIAN_POINT('',(8.89,3.81,3.782331145));
#529 = VECTOR('',#530,1.);
#530 = DIRECTION('',(-1.,0.,0.));
#531 = AXIS1_PLACEMENT('',#532,#533);
#532 = CARTESIAN_POINT('',(8.89,3.81,2.283731145));
#533 = DIRECTION('',(1.,0.,0.));
#534 = DEFINITIONAL_REPRESENTATION('',(#535),#538);
#535 = B_SPLINE_CURVE_WITH_KNOTS('',1,(#536,#537),.UNSPECIFIED.,.F.,.F.,
  (2,2),(0.,2.54),.PIECEWISE_BEZIER_KNOTS.);
#536 = CARTESIAN_POINT('',(6.28318530718,2.54));
#537 = CARTESIAN_POINT('',(6.28318530718,-3.543674393977E-15));
#538 = ( GEOMETRIC_REPRESENTATION_CONTEXT(2) 
PARAMETRIC_REPRESENTATION_CONTEXT() REPRESENTATION_CONTEXT('2D SPACE',''
  ) );
#539 = ORIENTED_EDGE('',*,*,#540,.F.);
#540 = EDGE_CURVE('',#541,#516,#543,.T.);
#541 = VERTEX_POINT('',#542);
#542 = CARTESIAN_POINT('',(6.349999990316,5.3086,2.283731154684));
#543 = SURFACE_CURVE('',#544,(#549),.PCURVE_S1.);
#544 = CIRCLE('',#545,1.4986);
#545 = AXIS2_PLACEMENT_3D('',#546,#547,#548);
#546 = CARTESIAN_POINT('',(6.349999990316,3.81,2.283731154684));
#547 = DIRECTION('',(1.,0.,6.123031769112E-17));
#548 = DIRECTION('',(3.749151804555E-33,1.,-6.123031769112E-17));
#549 = PCURVE('',#526,#550);
#550 = DEFINITIONAL_REPRESENTATION('',(#551),#554);
#551 = B_SPLINE_CURVE_WITH_KNOTS('',1,(#552,#553),.UNSPECIFIED.,.F.,.F.,
  (2,2),(6.123031769112E-17,1.570796326795),.PIECEWISE_BEZIER_KNOTS.);
#552 = CARTESIAN_POINT('',(4.71238898018,2.54));
#553 = CARTESIAN_POINT('',(6.28318530718,2.54));
#554 = ( GEOMETRIC_REPRESENTATION_CONTEXT(2) 
PARAMETRIC_REPRESENTATION_CONTEXT() REPRESENTATION_CONTEXT('2D SPACE',''
  ) );
#555 = ORIENTED_EDGE('',*,*,#556,.F.);
#556 = EDGE_CURVE('',#557,#541,#559,.T.);
#557 = VERTEX_POINT('',#558);
#558 = CARTESIAN_POINT('',(6.349999995158,3.81,0.785131149842));
#559 = SURFACE_CURVE('',#560,(#565),.PCURVE_S1.);
#560 = CIRCLE('',#561,1.4986);
#561 = AXIS2_PLACEMENT_3D('',#562,#563,#564);
#562 = CARTESIAN_POINT('',(6.349999990316,3.81,2.283731154684));
#563 = DIRECTION('',(1.,0.,6.123031769112E-17));
#564 = DIRECTION('',(6.123031769112E-17,0.,-1.));
#565 = PCURVE('',#526,#566);
#566 = DEFINITIONAL_REPRESENTATION('',(#567),#570);
#567 = B_SPLINE_CURVE_WITH_KNOTS('',1,(#568,#569),.UNSPECIFIED.,.F.,.F.,
  (2,2),(0.,1.570796326795),.PIECEWISE_BEZIER_KNOTS.);
#568 = CARTESIAN_POINT('',(3.14159265318,2.54));
#569 = CARTESIAN_POINT('',(4.71238898018,2.54));
#570 = ( GEOMETRIC_REPRESENTATION_CONTEXT(2) 
PARAMETRIC_REPRESENTATION_CONTEXT() REPRESENTATION_CONTEXT('2D SPACE',''
  ) );
#571 = ORIENTED_EDGE('',*,*,#572,.F.);
#572 = EDGE_CURVE('',#573,#557,#575,.T.);
#573 = VERTEX_POINT('',#574);
#574 = CARTESIAN_POINT('',(8.890000004842,3.81,0.785131149842));
#575 = SURFACE_CURVE('',#576,(#580),.PCURVE_S1.);
#576 = LINE('',#577,#578);
#577 = CARTESIAN_POINT('',(8.89,3.81,0.785131145));
#578 = VECTOR('',#579,1.);
#579 = DIRECTION('',(-1.,0.,0.));
#580 = PCURVE('',#526,#581);
#581 = DEFINITIONAL_REPRESENTATION('',(#582),#585);
#582 = B_SPLINE_CURVE_WITH_KNOTS('',1,(#583,#584),.UNSPECIFIED.,.F.,.F.,
  (2,2),(0.,2.54),.PIECEWISE_BEZIER_KNOTS.);
#583 = CARTESIAN_POINT('',(3.14159265318,-1.771837196757E-15));
#584 = CARTESIAN_POINT('',(3.14159265318,2.54));
#585 = ( GEOMETRIC_REPRESENTATION_CONTEXT(2) 
PARAMETRIC_REPRESENTATION_CONTEXT() REPRESENTATION_CONTEXT('2D SPACE',''
  ) );
#586 = ORIENTED_EDGE('',*,*,#587,.F.);
#587 = EDGE_CURVE('',#518,#573,#588,.T.);
#588 = SURFACE_CURVE('',#589,(#594),.PCURVE_S1.);
#589 = CIRCLE('',#590,1.4986);
#590 = AXIS2_PLACEMENT_3D('',#591,#592,#593);
#591 = CARTESIAN_POINT('',(8.890000009684,3.81,2.283731154684));
#592 = DIRECTION('',(-1.,0.,6.123031769112E-17));
#593 = DIRECTION('',(6.123031769112E-17,0.,1.));
#594 = PCURVE('',#526,#595);
#595 = DEFINITIONAL_REPRESENTATION('',(#596),#599);
#596 = B_SPLINE_CURVE_WITH_KNOTS('',1,(#597,#598),.UNSPECIFIED.,.F.,.F.,
  (2,2),(0.,3.14159265359),.PIECEWISE_BEZIER_KNOTS.);
#597 = CARTESIAN_POINT('',(6.28318530718,-3.543674393977E-15));
#598 = CARTESIAN_POINT('',(3.14159265318,-1.771837196757E-15));
#599 = ( GEOMETRIC_REPRESENTATION_CONTEXT(2) 
PARAMETRIC_REPRESENTATION_CONTEXT() REPRESENTATION_CONTEXT('2D SPACE',''
  ) );
#600 = ( GEOMETRIC_REPRESENTATION_CONTEXT(3) 
GLOBAL_UNCERTAINTY_ASSIGNED_CONTEXT((#604)) GLOBAL_UNIT_ASSIGNED_CONTEXT
((#601,#602,#603)) REPRESENTATION_CONTEXT('Context #1',
  '3D Context with UNIT and UNCERTAINTY') );
#601 = ( LENGTH_UNIT() NAMED_UNIT(*) SI_UNIT(.MILLI.,.METRE.) );
#602 = ( NAMED_UNIT(*) PLANE_ANGLE_UNIT() SI_UNIT($,.RADIAN.) );
#603 = ( NAMED_UNIT(*) SI_UNIT($,.STERADIAN.) SOLID_ANGLE_UNIT() );
#604 = UNCERTAINTY_MEASURE_WITH_UNIT(LENGTH_MEASURE(1.E-07),#601,
  'distance_accuracy_value','confusion accuracy');
#605 = PRODUCT_RELATED_PRODUCT_CATEGORY('part',$,(#505));
#606 = SHAPE_DEFINITION_REPRESENTATION(#607,#613);
#607 = PRODUCT_DEFINITION_SHAPE('','',#608);
#608 = PRODUCT_DEFINITION('design','',#609,#612);
#609 = PRODUCT_DEFINITION_FORMATION('','',#610);
#610 = PRODUCT('FACE','FACE','',(#611));
#611 = PRODUCT_CONTEXT('',#2,'mechanical');
#612 = PRODUCT_DEFINITION_CONTEXT('part definition',#2,'design');
#613 = MANIFOLD_SURFACE_SHAPE_REPRESENTATION('',(#11,#614),#685);
#614 = SHELL_BASED_SURFACE_MODEL('',(#615));
#615 = OPEN_SHELL('',(#616));
#616 = ADVANCED_FACE('',(#617),#631,.T.);
#617 = FACE_BOUND('',#618,.T.);
#618 = EDGE_LOOP('',(#619,#641,#656,#671));
#619 = ORIENTED_EDGE('',*,*,#620,.T.);
#620 = EDGE_CURVE('',#621,#623,#625,.T.);
#621 = VERTEX_POINT('',#622);
#622 = CARTESIAN_POINT('',(0.6720714016,-1.473199999786,0.8001));
#623 = VERTEX_POINT('',#624);
#624 = CARTESIAN_POINT('',(0.6720714016,0.,0.8001));
#625 = SURFACE_CURVE('',#626,(#630),.PCURVE_S1.);
#626 = LINE('',#627,#628);
#627 = CARTESIAN_POINT('',(0.6720714016,-1.4732,0.8001));
#628 = VECTOR('',#629,1.);
#629 = DIRECTION('',(0.,1.,0.));
#630 = PCURVE('',#631,#636);
#631 = B_SPLINE_SURFACE_WITH_KNOTS('',1,1,(
    (#632,#633)
    ,(#634,#635)),.UNSPECIFIED.,.F.,.F.,.F.,(2,2),(2,2),(0.,1.),(0.,1.),
  .PIECEWISE_BEZIER_KNOTS.);
#632 = CARTESIAN_POINT('',(0.508,-1.4820392,0.8001));
#633 = CARTESIAN_POINT('',(0.508,0.,0.8001));
#634 = CARTESIAN_POINT('',(0.6720714016,-1.4820392,0.8001));
#635 = CARTESIAN_POINT('',(0.6720714016,0.,0.8001));
#636 = DEFINITIONAL_REPRESENTATION('',(#637),#640);
#637 = B_SPLINE_CURVE_WITH_KNOTS('',1,(#638,#639),.UNSPECIFIED.,.F.,.F.,
  (2,2),(0.,1.4732),.PIECEWISE_BEZIER_KNOTS.);
#638 = CARTESIAN_POINT('',(1.,5.964215E-03));
#639 = CARTESIAN_POINT('',(1.,1.));
#640 = ( GEOMETRIC_REPRESENTATION_CONTEXT(2) 
PARAMETRIC_REPRESENTATION_CONTEXT() REPRESENTATION_CONTEXT('2D SPACE',''
  ) );
#641 = ORIENTED_EDGE('',*,*,#642,.T.);
#642 = EDGE_CURVE('',#623,#643,#645,.T.);
#643 = VERTEX_POINT('',#644);
#644 = CARTESIAN_POINT('',(0.508,0.,0.8001));
#645 = SURFACE_CURVE('',#646,(#650),.PCURVE_S1.);
#646 = LINE('',#647,#648);
#647 = CARTESIAN_POINT('',(0.6720714016,0.,0.8001));
#648 = VECTOR('',#649,1.);
#649 = DIRECTION('',(-1.,0.,0.));
#650 = PCURVE('',#631,#651);
#651 = DEFINITIONAL_REPRESENTATION('',(#652),#655);
#652 = B_SPLINE_CURVE_WITH_KNOTS('',1,(#653,#654),.UNSPECIFIED.,.F.,.F.,
  (2,2),(0.,0.1640714016),.PIECEWISE_BEZIER_KNOTS.);
#653 = CARTESIAN_POINT('',(1.,1.));
#654 = CARTESIAN_POINT('',(0.,1.));
#655 = ( GEOMETRIC_REPRESENTATION_CONTEXT(2) 
PARAMETRIC_REPRESENTATION_CONTEXT() REPRESENTATION_CONTEXT('2D SPACE',''
  ) );
#656 = ORIENTED_EDGE('',*,*,#657,.T.);
#657 = EDGE_CURVE('',#643,#658,#660,.T.);
#658 = VERTEX_POINT('',#659);
#659 = CARTESIAN_POINT('',(0.508,-1.046008756739,0.8001));
#660 = SURFACE_CURVE('',#661,(#665),.PCURVE_S1.);
#661 = LINE('',#662,#663);
#662 = CARTESIAN_POINT('',(0.508,0.,0.8001));
#663 = VECTOR('',#664,1.);
#664 = DIRECTION('',(0.,-1.,0.));
#665 = PCURVE('',#631,#666);
#666 = DEFINITIONAL_REPRESENTATION('',(#667),#670);
#667 = B_SPLINE_CURVE_WITH_KNOTS('',1,(#668,#669),.UNSPECIFIED.,.F.,.F.,
  (2,2),(0.,1.0460087538),.PIECEWISE_BEZIER_KNOTS.);
#668 = CARTESIAN_POINT('',(0.,1.));
#669 = CARTESIAN_POINT('',(0.,0.294209789));
#670 = ( GEOMETRIC_REPRESENTATION_CONTEXT(2) 
PARAMETRIC_REPRESENTATION_CONTEXT() REPRESENTATION_CONTEXT('2D SPACE',''
  ) );
#671 = ORIENTED_EDGE('',*,*,#672,.T.);
#672 = EDGE_CURVE('',#658,#621,#673,.T.);
#673 = SURFACE_CURVE('',#674,(#678),.PCURVE_S1.);
#674 = B_SPLINE_CURVE_WITH_KNOTS('',2,(#675,#676,#677),.UNSPECIFIED.,.F.
  ,.F.,(3,3),(0.,1.),.PIECEWISE_BEZIER_KNOTS.);
#675 = CARTESIAN_POINT('',(0.508,-1.046008759678,0.8001));
#676 = CARTESIAN_POINT('',(0.60089193333,-1.291292620047,0.8001));
#677 = CARTESIAN_POINT('',(0.6720714016,-1.473199999573,0.8001));
#678 = PCURVE('',#631,#679);
#679 = DEFINITIONAL_REPRESENTATION('',(#680),#684);
#680 = B_SPLINE_CURVE_WITH_KNOTS('',2,(#681,#682,#683),.UNSPECIFIED.,.F.
  ,.F.,(3,3),(0.,1.),.PIECEWISE_BEZIER_KNOTS.);
#681 = CARTESIAN_POINT('',(0.,0.294209789));
#682 = CARTESIAN_POINT('',(0.566167732,0.128705489));
#683 = CARTESIAN_POINT('',(1.,5.964215E-03));
#684 = ( GEOMETRIC_REPRESENTATION_CONTEXT(2) 
PARAMETRIC_REPRESENTATION_CONTEXT() REPRESENTATION_CONTEXT('2D SPACE',''
  ) );
#685 = ( GEOMETRIC_REPRESENTATION_CONTEXT(3) 
GLOBAL_UNCERTAINTY_ASSIGNED_CONTEXT((#689)) GLOBAL_UNIT_ASSIGNED_CONTEXT
((#686,#687,#688)) REPRESENTATION_CONTEXT('Context #1',
  '3D Context with UNIT and UNCERTAINTY') );
#686 = ( LENGTH_UNIT() NAMED_UNIT(*) SI_UNIT(.MILLI.,.METRE.) );
#687 = ( NAMED_UNIT(*) PLANE_ANGLE_UNIT() SI_UNIT($,.RADIAN.) );
#688 = ( NAMED_UNIT(*) SI_UNIT($,.STERADIAN.) SOLID_ANGLE_UNIT() );
#689 = UNCERTAINTY_MEASURE_WITH_UNIT(LENGTH_MEASURE(5.E-06),#686,
  'distance_accuracy_value','confusion accuracy');
#690 = PRODUCT_RELATED_PRODUCT_CATEGORY('part',$,(#610));
#691 = SHAPE_DEFINITION_REPRESENTATION(#692,#698);
#692 = PRODUCT_DEFINITION_SHAPE('','',#693);
#693 = PRODUCT_DEFINITION('design','',#694,#697);
#694 = PRODUCT_DEFINITION_FORMATION('','',#695);
#695 = PRODUCT('FACE','FACE','',(#696));
#696 = PRODUCT_CONTEXT('',#2,'mechanical');
#697 = PRODUCT_DEFINITION_CONTEXT('part definition',#2,'design');
#698 = MANIFOLD_SURFACE_SHAPE_REPRESENTATION('',(#11,#699),#770);
#699 = SHELL_BASED_SURFACE_MODEL('',(#700));
#700 = OPEN_SHELL('',(#701));
#701 = ADVANCED_FACE('',(#702),#716,.T.);
#702 = FACE_BOUND('',#703,.T.);
#703 = EDGE_LOOP('',(#704,#726,#741,#756));
#704 = ORIENTED_EDGE('',*,*,#705,.T.);
#705 = EDGE_CURVE('',#706,#708,#710,.T.);
#706 = VERTEX_POINT('',#707);
#707 = CARTESIAN_POINT('',(0.508,-1.046008756739,1.1811));
#708 = VERTEX_POINT('',#709);
#709 = CARTESIAN_POINT('',(0.508,0.,1.1811));
#710 = SURFACE_CURVE('',#711,(#715),.PCURVE_S1.);
#711 = LINE('',#712,#713);
#712 = CARTESIAN_POINT('',(0.508,-1.0460087538,1.1811));
#713 = VECTOR('',#714,1.);
#714 = DIRECTION('',(0.,1.,0.));
#715 = PCURVE('',#716,#721);
#716 = B_SPLINE_SURFACE_WITH_KNOTS('',1,1,(
    (#717,#718)
    ,(#719,#720)),.UNSPECIFIED.,.F.,.F.,.F.,(2,2),(2,2),(0.,1.),(0.,1.),
  .PIECEWISE_BEZIER_KNOTS.);
#717 = CARTESIAN_POINT('',(0.6720714016,-1.4820392,1.1811));
#718 = CARTESIAN_POINT('',(0.6720714016,0.,1.1811));
#719 = CARTESIAN_POINT('',(0.508,-1.4820392,1.1811));
#720 = CARTESIAN_POINT('',(0.508,0.,1.1811));
#721 = DEFINITIONAL_REPRESENTATION('',(#722),#725);
#722 = B_SPLINE_CURVE_WITH_KNOTS('',1,(#723,#724),.UNSPECIFIED.,.F.,.F.,
  (2,2),(0.,1.0460087538),.PIECEWISE_BEZIER_KNOTS.);
#723 = CARTESIAN_POINT('',(1.,0.294209789));
#724 = CARTESIAN_POINT('',(1.,1.));
#725 = ( GEOMETRIC_REPRESENTATION_CONTEXT(2) 
PARAMETRIC_REPRESENTATION_CONTEXT() REPRESENTATION_CONTEXT('2D SPACE',''
  ) );
#726 = ORIENTED_EDGE('',*,*,#727,.T.);
#727 = EDGE_CURVE('',#708,#728,#730,.T.);
#728 = VERTEX_POINT('',#729);
#729 = CARTESIAN_POINT('',(0.6720714016,0.,1.1811));
#730 = SURFACE_CURVE('',#731,(#735),.PCURVE_S1.);
#731 = LINE('',#732,#733);
#732 = CARTESIAN_POINT('',(0.508,0.,1.1811));
#733 = VECTOR('',#734,1.);
#734 = DIRECTION('',(1.,0.,0.));
#735 = PCURVE('',#716,#736);
#736 = DEFINITIONAL_REPRESENTATION('',(#737),#740);
#737 = B_SPLINE_CURVE_WITH_KNOTS('',1,(#738,#739),.UNSPECIFIED.,.F.,.F.,
  (2,2),(0.,0.1640714016),.PIECEWISE_BEZIER_KNOTS.);
#738 = CARTESIAN_POINT('',(1.,1.));
#739 = CARTESIAN_POINT('',(0.,1.));
#740 = ( GEOMETRIC_REPRESENTATION_CONTEXT(2) 
PARAMETRIC_REPRESENTATION_CONTEXT() REPRESENTATION_CONTEXT('2D SPACE',''
  ) );
#741 = ORIENTED_EDGE('',*,*,#742,.T.);
#742 = EDGE_CURVE('',#728,#743,#745,.T.);
#743 = VERTEX_POINT('',#744);
#744 = CARTESIAN_POINT('',(0.6720714016,-1.473199999786,1.1811));
#745 = SURFACE_CURVE('',#746,(#750),.PCURVE_S1.);
#746 = LINE('',#747,#748);
#747 = CARTESIAN_POINT('',(0.6720714016,0.,1.1811));
#748 = VECTOR('',#749,1.);
#749 = DIRECTION('',(0.,-1.,0.));
#750 = PCURVE('',#716,#751);
#751 = DEFINITIONAL_REPRESENTATION('',(#752),#755);
#752 = B_SPLINE_CURVE_WITH_KNOTS('',1,(#753,#754),.UNSPECIFIED.,.F.,.F.,
  (2,2),(0.,1.4732),.PIECEWISE_BEZIER_KNOTS.);
#753 = CARTESIAN_POINT('',(0.,1.));
#754 = CARTESIAN_POINT('',(0.,5.964215E-03));
#755 = ( GEOMETRIC_REPRESENTATION_CONTEXT(2) 
PARAMETRIC_REPRESENTATION_CONTEXT() REPRESENTATION_CONTEXT('2D SPACE',''
  ) );
#756 = ORIENTED_EDGE('',*,*,#757,.T.);
#757 = EDGE_CURVE('',#743,#706,#758,.T.);
#758 = SURFACE_CURVE('',#759,(#763),.PCURVE_S1.);
#759 = B_SPLINE_CURVE_WITH_KNOTS('',2,(#760,#761,#762),.UNSPECIFIED.,.F.
  ,.F.,(3,3),(0.,1.),.PIECEWISE_BEZIER_KNOTS.);
#760 = CARTESIAN_POINT('',(0.6720714016,-1.473199999573,1.1811));
#761 = CARTESIAN_POINT('',(0.60089193333,-1.291292620047,1.1811));
#762 = CARTESIAN_POINT('',(0.508,-1.046008759678,1.1811));
#763 = PCURVE('',#716,#764);
#764 = DEFINITIONAL_REPRESENTATION('',(#765),#769);
#765 = B_SPLINE_CURVE_WITH_KNOTS('',2,(#766,#767,#768),.UNSPECIFIED.,.F.
  ,.F.,(3,3),(0.,1.),.PIECEWISE_BEZIER_KNOTS.);
#766 = CARTESIAN_POINT('',(0.,5.964215E-03));
#767 = CARTESIAN_POINT('',(0.433832268,0.128705489));
#768 = CARTESIAN_POINT('',(1.,0.294209789));
#769 = ( GEOMETRIC_REPRESENTATION_CONTEXT(2) 
PARAMETRIC_REPRESENTATION_CONTEXT() REPRESENTATION_CONTEXT('2D SPACE',''
  ) );
#770 = ( GEOMETRIC_REPRESENTATION_CONTEXT(3) 
GLOBAL_UNCERTAINTY_ASSIGNED_CONTEXT((#774)) GLOBAL_UNIT_ASSIGNED_CONTEXT
((#771,#772,#773)) REPRESENTATION_CONTEXT('Context #1',
  '3D Context with UNIT and UNCERTAINTY') );
#771 = ( LENGTH_UNIT() NAMED_UNIT(*) SI_UNIT(.MILLI.,.METRE.) );
#772 = ( NAMED_UNIT(*) PLANE_ANGLE_UNIT() SI_UNIT($,.RADIAN.) );
#773 = ( NAMED_UNIT(*) SI_UNIT($,.STERADIAN.) SOLID_ANGLE_UNIT() );
#774 = UNCERTAINTY_MEASURE_WITH_UNIT(LENGTH_MEASURE(5.E-06),#771,
  'distance_accuracy_value','confusion accuracy');
#775 = PRODUCT_RELATED_PRODUCT_CATEGORY('part',$,(#695));
#776 = SHAPE_DEFINITION_REPRESENTATION(#777,#783);
#777 = PRODUCT_DEFINITION_SHAPE('','',#778);
#778 = PRODUCT_DEFINITION('design','',#779,#782);
#779 = PRODUCT_DEFINITION_FORMATION('','',#780);
#780 = PRODUCT('FACE','FACE','',(#781));
#781 = PRODUCT_CONTEXT('',#2,'mechanical');
#782 = PRODUCT_DEFINITION_CONTEXT('part definition',#2,'design');
#783 = MANIFOLD_SURFACE_SHAPE_REPRESENTATION('',(#11,#784),#871);
#784 = SHELL_BASED_SURFACE_MODEL('',(#785));
#785 = OPEN_SHELL('',(#786));
#786 = ADVANCED_FACE('',(#787),#801,.T.);
#787 = FACE_BOUND('',#788,.T.);
#788 = EDGE_LOOP('',(#789,#812,#827,#842,#857));
#789 = ORIENTED_EDGE('',*,*,#790,.T.);
#790 = EDGE_CURVE('',#791,#793,#795,.T.);
#791 = VERTEX_POINT('',#792);
#792 = CARTESIAN_POINT('',(0.508,-1.123087217708,0.9906));
#793 = VERTEX_POINT('',#794);
#794 = CARTESIAN_POINT('',(0.508,-1.046008752887,0.8001));
#795 = SURFACE_CURVE('',#796,(#800),.PCURVE_S1.);
#796 = B_SPLINE_CURVE_WITH_KNOTS('',2,(#797,#798,#799),.UNSPECIFIED.,.F.
  ,.F.,(3,3),(0.,1.),.PIECEWISE_BEZIER_KNOTS.);
#797 = CARTESIAN_POINT('',(0.508,-1.123087217708,0.9906));
#798 = CARTESIAN_POINT('',(0.508,-1.123087217708,0.897401789013));
#799 = CARTESIAN_POINT('',(0.508,-1.046008751974,0.8001));
#800 = PCURVE('',#801,#806);
#801 = B_SPLINE_SURFACE_WITH_KNOTS('',1,1,(
    (#802,#803)
    ,(#804,#805)),.UNSPECIFIED.,.F.,.F.,.F.,(2,2),(2,2),(0.,1.),(0.,1.),
  .PIECEWISE_BEZIER_KNOTS.);
#802 = CARTESIAN_POINT('',(0.508,-1.1315053824,0.8001));
#803 = CARTESIAN_POINT('',(0.508,-1.1315053824,1.1811));
#804 = CARTESIAN_POINT('',(0.508,0.,0.8001));
#805 = CARTESIAN_POINT('',(0.508,0.,1.1811));
#806 = DEFINITIONAL_REPRESENTATION('',(#807),#811);
#807 = B_SPLINE_CURVE_WITH_KNOTS('',2,(#808,#809,#810),.UNSPECIFIED.,.F.
  ,.F.,(3,3),(0.,1.),.PIECEWISE_BEZIER_KNOTS.);
#808 = CARTESIAN_POINT('',(7.439792E-03,0.5));
#809 = CARTESIAN_POINT('',(7.439792E-03,0.255385273));
#810 = CARTESIAN_POINT('',(7.5560074E-02,0.));
#811 = ( GEOMETRIC_REPRESENTATION_CONTEXT(2) 
PARAMETRIC_REPRESENTATION_CONTEXT() REPRESENTATION_CONTEXT('2D SPACE',''
  ) );
#812 = ORIENTED_EDGE('',*,*,#813,.T.);
#813 = EDGE_CURVE('',#793,#814,#816,.T.);
#814 = VERTEX_POINT('',#815);
#815 = CARTESIAN_POINT('',(0.508,0.,0.8001));
#816 = SURFACE_CURVE('',#817,(#821),.PCURVE_S1.);
#817 = LINE('',#818,#819);
#818 = CARTESIAN_POINT('',(0.508,-1.0460087538,0.8001));
#819 = VECTOR('',#820,1.);
#820 = DIRECTION('',(0.,1.,0.));
#821 = PCURVE('',#801,#822);
#822 = DEFINITIONAL_REPRESENTATION('',(#823),#826);
#823 = B_SPLINE_CURVE_WITH_KNOTS('',1,(#824,#825),.UNSPECIFIED.,.F.,.F.,
  (2,2),(0.,1.0460087538),.PIECEWISE_BEZIER_KNOTS.);
#824 = CARTESIAN_POINT('',(7.5560074E-02,0.));
#825 = CARTESIAN_POINT('',(1.,0.));
#826 = ( GEOMETRIC_REPRESENTATION_CONTEXT(2) 
PARAMETRIC_REPRESENTATION_CONTEXT() REPRESENTATION_CONTEXT('2D SPACE',''
  ) );
#827 = ORIENTED_EDGE('',*,*,#828,.T.);
#828 = EDGE_CURVE('',#814,#829,#831,.T.);
#829 = VERTEX_POINT('',#830);
#830 = CARTESIAN_POINT('',(0.508,0.,1.1811));
#831 = SURFACE_CURVE('',#832,(#836),.PCURVE_S1.);
#832 = LINE('',#833,#834);
#833 = CARTESIAN_POINT('',(0.508,0.,0.8001));
#834 = VECTOR('',#835,1.);
#835 = DIRECTION('',(0.,0.,1.));
#836 = PCURVE('',#801,#837);
#837 = DEFINITIONAL_REPRESENTATION('',(#838),#841);
#838 = B_SPLINE_CURVE_WITH_KNOTS('',1,(#839,#840),.UNSPECIFIED.,.F.,.F.,
  (2,2),(0.,0.381),.PIECEWISE_BEZIER_KNOTS.);
#839 = CARTESIAN_POINT('',(1.,0.));
#840 = CARTESIAN_POINT('',(1.,1.));
#841 = ( GEOMETRIC_REPRESENTATION_CONTEXT(2) 
PARAMETRIC_REPRESENTATION_CONTEXT() REPRESENTATION_CONTEXT('2D SPACE',''
  ) );
#842 = ORIENTED_EDGE('',*,*,#843,.T.);
#843 = EDGE_CURVE('',#829,#844,#846,.T.);
#844 = VERTEX_POINT('',#845);
#845 = CARTESIAN_POINT('',(0.508,-1.046008752887,1.1811));
#846 = SURFACE_CURVE('',#847,(#851),.PCURVE_S1.);
#847 = LINE('',#848,#849);
#848 = CARTESIAN_POINT('',(0.508,0.,1.1811));
#849 = VECTOR('',#850,1.);
#850 = DIRECTION('',(0.,-1.,0.));
#851 = PCURVE('',#801,#852);
#852 = DEFINITIONAL_REPRESENTATION('',(#853),#856);
#853 = B_SPLINE_CURVE_WITH_KNOTS('',1,(#854,#855),.UNSPECIFIED.,.F.,.F.,
  (2,2),(0.,1.0460087538),.PIECEWISE_BEZIER_KNOTS.);
#854 = CARTESIAN_POINT('',(1.,1.));
#855 = CARTESIAN_POINT('',(7.5560074E-02,1.));
#856 = ( GEOMETRIC_REPRESENTATION_CONTEXT(2) 
PARAMETRIC_REPRESENTATION_CONTEXT() REPRESENTATION_CONTEXT('2D SPACE',''
  ) );
#857 = ORIENTED_EDGE('',*,*,#858,.T.);
#858 = EDGE_CURVE('',#844,#791,#859,.T.);
#859 = SURFACE_CURVE('',#860,(#864),.PCURVE_S1.);
#860 = B_SPLINE_CURVE_WITH_KNOTS('',2,(#861,#862,#863),.UNSPECIFIED.,.F.
  ,.F.,(3,3),(0.,1.),.PIECEWISE_BEZIER_KNOTS.);
#861 = CARTESIAN_POINT('',(0.508,-1.046008751974,1.1811));
#862 = CARTESIAN_POINT('',(0.508,-1.123087217708,1.083798210987));
#863 = CARTESIAN_POINT('',(0.508,-1.123087217708,0.9906));
#864 = PCURVE('',#801,#865);
#865 = DEFINITIONAL_REPRESENTATION('',(#866),#870);
#866 = B_SPLINE_CURVE_WITH_KNOTS('',2,(#867,#868,#869),.UNSPECIFIED.,.F.
  ,.F.,(3,3),(0.,1.),.PIECEWISE_BEZIER_KNOTS.);
#867 = CARTESIAN_POINT('',(7.5560074E-02,1.));
#868 = CARTESIAN_POINT('',(7.439792E-03,0.744614727));
#869 = CARTESIAN_POINT('',(7.439792E-03,0.5));
#870 = ( GEOMETRIC_REPRESENTATION_CONTEXT(2) 
PARAMETRIC_REPRESENTATION_CONTEXT() REPRESENTATION_CONTEXT('2D SPACE',''
  ) );
#871 = ( GEOMETRIC_REPRESENTATION_CONTEXT(3) 
GLOBAL_UNCERTAINTY_ASSIGNED_CONTEXT((#875)) GLOBAL_UNIT_ASSIGNED_CONTEXT
((#872,#873,#874)) REPRESENTATION_CONTEXT('Context #1',
  '3D Context with UNIT and UNCERTAINTY') );
#872 = ( LENGTH_UNIT() NAMED_UNIT(*) SI_UNIT(.MILLI.,.METRE.) );
#873 = ( NAMED_UNIT(*) PLANE_ANGLE_UNIT() SI_UNIT($,.RADIAN.) );
#874 = ( NAMED_UNIT(*) SI_UNIT($,.STERADIAN.) SOLID_ANGLE_UNIT() );
#875 = UNCERTAINTY_MEASURE_WITH_UNIT(LENGTH_MEASURE(5.E-06),#872,
  'distance_accuracy_value','confusion accuracy');
#876 = PRODUCT_RELATED_PRODUCT_CATEGORY('part',$,(#780));
#877 = SHAPE_DEFINITION_REPRESENTATION(#878,#884);
#878 = PRODUCT_DEFINITION_SHAPE('','',#879);
#879 = PRODUCT_DEFINITION('design','',#880,#883);
#880 = PRODUCT_DEFINITION_FORMATION('','',#881);
#881 = PRODUCT('FACE','FACE','',(#882));
#882 = PRODUCT_CONTEXT('',#2,'mechanical');
#883 = PRODUCT_DEFINITION_CONTEXT('part definition',#2,'design');
#884 = MANIFOLD_SURFACE_SHAPE_REPRESENTATION('',(#11,#885),#956);
#885 = SHELL_BASED_SURFACE_MODEL('',(#886));
#886 = OPEN_SHELL('',(#887));
#887 = ADVANCED_FACE('',(#888),#902,.T.);
#888 = FACE_BOUND('',#889,.T.);
#889 = EDGE_LOOP('',(#890,#912,#927,#942));
#890 = ORIENTED_EDGE('',*,*,#891,.T.);
#891 = EDGE_CURVE('',#892,#894,#896,.T.);
#892 = VERTEX_POINT('',#893);
#893 = CARTESIAN_POINT('',(1.3335,-1.473199999786,0.5196714016));
#894 = VERTEX_POINT('',#895);
#895 = CARTESIAN_POINT('',(1.3335,0.,0.5196714016));
#896 = SURFACE_CURVE('',#897,(#901),.PCURVE_S1.);
#897 = LINE('',#898,#899);
#898 = CARTESIAN_POINT('',(1.3335,-1.4732,0.5196714016));
#899 = VECTOR('',#900,1.);
#900 = DIRECTION('',(0.,1.,0.));
#901 = PCURVE('',#902,#907);
#902 = B_SPLINE_SURFACE_WITH_KNOTS('',1,1,(
    (#903,#904)
    ,(#905,#906)),.UNSPECIFIED.,.F.,.F.,.F.,(2,2),(2,2),(0.,1.),(0.,1.),
  .PIECEWISE_BEZIER_KNOTS.);
#903 = CARTESIAN_POINT('',(1.3335,0.,0.3556));
#904 = CARTESIAN_POINT('',(1.3335,0.,0.5196714016));
#905 = CARTESIAN_POINT('',(1.3335,-1.4820392,0.3556));
#906 = CARTESIAN_POINT('',(1.3335,-1.4820392,0.5196714016));
#907 = DEFINITIONAL_REPRESENTATION('',(#908),#911);
#908 = B_SPLINE_CURVE_WITH_KNOTS('',1,(#909,#910),.UNSPECIFIED.,.F.,.F.,
  (2,2),(0.,1.4732),.PIECEWISE_BEZIER_KNOTS.);
#909 = CARTESIAN_POINT('',(0.994035785,1.));
#910 = CARTESIAN_POINT('',(0.,1.));
#911 = ( GEOMETRIC_REPRESENTATION_CONTEXT(2) 
PARAMETRIC_REPRESENTATION_CONTEXT() REPRESENTATION_CONTEXT('2D SPACE',''
  ) );
#912 = ORIENTED_EDGE('',*,*,#913,.T.);
#913 = EDGE_CURVE('',#894,#914,#916,.T.);
#914 = VERTEX_POINT('',#915);
#915 = CARTESIAN_POINT('',(1.3335,0.,0.3556));
#916 = SURFACE_CURVE('',#917,(#921),.PCURVE_S1.);
#917 = LINE('',#918,#919);
#918 = CARTESIAN_POINT('',(1.3335,0.,0.5196714016));
#919 = VECTOR('',#920,1.);
#920 = DIRECTION('',(0.,0.,-1.));
#921 = PCURVE('',#902,#922);
#922 = DEFINITIONAL_REPRESENTATION('',(#923),#926);
#923 = B_SPLINE_CURVE_WITH_KNOTS('',1,(#924,#925),.UNSPECIFIED.,.F.,.F.,
  (2,2),(0.,0.1640714016),.PIECEWISE_BEZIER_KNOTS.);
#924 = CARTESIAN_POINT('',(0.,1.));
#925 = CARTESIAN_POINT('',(0.,0.));
#926 = ( GEOMETRIC_REPRESENTATION_CONTEXT(2) 
PARAMETRIC_REPRESENTATION_CONTEXT() REPRESENTATION_CONTEXT('2D SPACE',''
  ) );
#927 = ORIENTED_EDGE('',*,*,#928,.T.);
#928 = EDGE_CURVE('',#914,#929,#931,.T.);
#929 = VERTEX_POINT('',#930);
#930 = CARTESIAN_POINT('',(1.3335,-1.046008756739,0.3556));
#931 = SURFACE_CURVE('',#932,(#936),.PCURVE_S1.);
#932 = LINE('',#933,#934);
#933 = CARTESIAN_POINT('',(1.3335,0.,0.3556));
#934 = VECTOR('',#935,1.);
#935 = DIRECTION('',(0.,-1.,0.));
#936 = PCURVE('',#902,#937);
#937 = DEFINITIONAL_REPRESENTATION('',(#938),#941);
#938 = B_SPLINE_CURVE_WITH_KNOTS('',1,(#939,#940),.UNSPECIFIED.,.F.,.F.,
  (2,2),(0.,1.0460087538),.PIECEWISE_BEZIER_KNOTS.);
#939 = CARTESIAN_POINT('',(0.,0.));
#940 = CARTESIAN_POINT('',(0.705790211,0.));
#941 = ( GEOMETRIC_REPRESENTATION_CONTEXT(2) 
PARAMETRIC_REPRESENTATION_CONTEXT() REPRESENTATION_CONTEXT('2D SPACE',''
  ) );
#942 = ORIENTED_EDGE('',*,*,#943,.T.);
#943 = EDGE_CURVE('',#929,#892,#944,.T.);
#944 = SURFACE_CURVE('',#945,(#949),.PCURVE_S1.);
#945 = B_SPLINE_CURVE_WITH_KNOTS('',2,(#946,#947,#948),.UNSPECIFIED.,.F.
  ,.F.,(3,3),(0.,1.),.PIECEWISE_BEZIER_KNOTS.);
#946 = CARTESIAN_POINT('',(1.3335,-1.046008759678,0.3556));
#947 = CARTESIAN_POINT('',(1.3335,-1.291292620047,0.44849193333));
#948 = CARTESIAN_POINT('',(1.3335,-1.473199999573,0.5196714016));
#949 = PCURVE('',#902,#950);
#950 = DEFINITIONAL_REPRESENTATION('',(#951),#955);
#951 = B_SPLINE_CURVE_WITH_KNOTS('',2,(#952,#953,#954),.UNSPECIFIED.,.F.
  ,.F.,(3,3),(0.,1.),.PIECEWISE_BEZIER_KNOTS.);
#952 = CARTESIAN_POINT('',(0.705790211,0.));
#953 = CARTESIAN_POINT('',(0.871294511,0.566167732));
#954 = CARTESIAN_POINT('',(0.994035785,1.));
#955 = ( GEOMETRIC_REPRESENTATION_CONTEXT(2) 
PARAMETRIC_REPRESENTATION_CONTEXT() REPRESENTATION_CONTEXT('2D SPACE',''
  ) );
#956 = ( GEOMETRIC_REPRESENTATION_CONTEXT(3) 
GLOBAL_UNCERTAINTY_ASSIGNED_CONTEXT((#960)) GLOBAL_UNIT_ASSIGNED_CONTEXT
((#957,#958,#959)) REPRESENTATION_CONTEXT('Context #1',
  '3D Context with UNIT and UNCERTAINTY') );
#957 = ( LENGTH_UNIT() NAMED_UNIT(*) SI_UNIT(.MILLI.,.METRE.) );
#958 = ( NAMED_UNIT(*) PLANE_ANGLE_UNIT() SI_UNIT($,.RADIAN.) );
#959 = ( NAMED_UNIT(*) SI_UNIT($,.STERADIAN.) SOLID_ANGLE_UNIT() );
#960 = UNCERTAINTY_MEASURE_WITH_UNIT(LENGTH_MEASURE(5.E-06),#957,
  'distance_accuracy_value','confusion accuracy');
#961 = PRODUCT_RELATED_PRODUCT_CATEGORY('part',$,(#881));
#962 = SHAPE_DEFINITION_REPRESENTATION(#963,#969);
#963 = PRODUCT_DEFINITION_SHAPE('','',#964);
#964 = PRODUCT_DEFINITION('design','',#965,#968);
#965 = PRODUCT_DEFINITION_FORMATION('','',#966);
#966 = PRODUCT('FACE','FACE','',(#967));
#967 = PRODUCT_CONTEXT('',#2,'mechanical');
#968 = PRODUCT_DEFINITION_CONTEXT('part definition',#2,'design');
#969 = MANIFOLD_SURFACE_SHAPE_REPRESENTATION('',(#11,#970),#1041);
#970 = SHELL_BASED_SURFACE_MODEL('',(#971));
#971 = OPEN_SHELL('',(#972));
#972 = ADVANCED_FACE('',(#973),#987,.T.);
#973 = FACE_BOUND('',#974,.T.);
#974 = EDGE_LOOP('',(#975,#997,#1012,#1027));
#975 = ORIENTED_EDGE('',*,*,#976,.T.);
#976 = EDGE_CURVE('',#977,#979,#981,.T.);
#977 = VERTEX_POINT('',#978);
#978 = CARTESIAN_POINT('',(0.9525,-1.046008756739,0.3556));
#979 = VERTEX_POINT('',#980);
#980 = CARTESIAN_POINT('',(0.9525,0.,0.3556));
#981 = SURFACE_CURVE('',#982,(#986),.PCURVE_S1.);
#982 = LINE('',#983,#984);
#983 = CARTESIAN_POINT('',(0.9525,-1.0460087538,0.3556));
#984 = VECTOR('',#985,1.);
#985 = DIRECTION('',(0.,1.,0.));
#986 = PCURVE('',#987,#992);
#987 = B_SPLINE_SURFACE_WITH_KNOTS('',1,1,(
    (#988,#989)
    ,(#990,#991)),.UNSPECIFIED.,.F.,.F.,.F.,(2,2),(2,2),(0.,1.),(0.,1.),
  .PIECEWISE_BEZIER_KNOTS.);
#988 = CARTESIAN_POINT('',(0.9525,-1.4820392,0.3556));
#989 = CARTESIAN_POINT('',(0.9525,-1.4820392,0.5196714016));
#990 = CARTESIAN_POINT('',(0.9525,0.,0.3556));
#991 = CARTESIAN_POINT('',(0.9525,0.,0.5196714016));
#992 = DEFINITIONAL_REPRESENTATION('',(#993),#996);
#993 = B_SPLINE_CURVE_WITH_KNOTS('',1,(#994,#995),.UNSPECIFIED.,.F.,.F.,
  (2,2),(0.,1.0460087538),.PIECEWISE_BEZIER_KNOTS.);
#994 = CARTESIAN_POINT('',(0.294209789,0.));
#995 = CARTESIAN_POINT('',(1.,0.));
#996 = ( GEOMETRIC_REPRESENTATION_CONTEXT(2) 
PARAMETRIC_REPRESENTATION_CONTEXT() REPRESENTATION_CONTEXT('2D SPACE',''
  ) );
#997 = ORIENTED_EDGE('',*,*,#998,.T.);
#998 = EDGE_CURVE('',#979,#999,#1001,.T.);
#999 = VERTEX_POINT('',#1000);
#1000 = CARTESIAN_POINT('',(0.9525,0.,0.5196714016));
#1001 = SURFACE_CURVE('',#1002,(#1006),.PCURVE_S1.);
#1002 = LINE('',#1003,#1004);
#1003 = CARTESIAN_POINT('',(0.9525,0.,0.3556));
#1004 = VECTOR('',#1005,1.);
#1005 = DIRECTION('',(0.,0.,1.));
#1006 = PCURVE('',#987,#1007);
#1007 = DEFINITIONAL_REPRESENTATION('',(#1008),#1011);
#1008 = B_SPLINE_CURVE_WITH_KNOTS('',1,(#1009,#1010),.UNSPECIFIED.,.F.,
  .F.,(2,2),(0.,0.1640714016),.PIECEWISE_BEZIER_KNOTS.);
#1009 = CARTESIAN_POINT('',(1.,0.));
#1010 = CARTESIAN_POINT('',(1.,1.));
#1011 = ( GEOMETRIC_REPRESENTATION_CONTEXT(2) 
PARAMETRIC_REPRESENTATION_CONTEXT() REPRESENTATION_CONTEXT('2D SPACE',''
  ) );
#1012 = ORIENTED_EDGE('',*,*,#1013,.T.);
#1013 = EDGE_CURVE('',#999,#1014,#1016,.T.);
#1014 = VERTEX_POINT('',#1015);
#1015 = CARTESIAN_POINT('',(0.9525,-1.473199999786,0.5196714016));
#1016 = SURFACE_CURVE('',#1017,(#1021),.PCURVE_S1.);
#1017 = LINE('',#1018,#1019);
#1018 = CARTESIAN_POINT('',(0.9525,0.,0.5196714016));
#1019 = VECTOR('',#1020,1.);
#1020 = DIRECTION('',(0.,-1.,0.));
#1021 = PCURVE('',#987,#1022);
#1022 = DEFINITIONAL_REPRESENTATION('',(#1023),#1026);
#1023 = B_SPLINE_CURVE_WITH_KNOTS('',1,(#1024,#1025),.UNSPECIFIED.,.F.,
  .F.,(2,2),(0.,1.4732),.PIECEWISE_BEZIER_KNOTS.);
#1024 = CARTESIAN_POINT('',(1.,1.));
#1025 = CARTESIAN_POINT('',(5.964215E-03,1.));
#1026 = ( GEOMETRIC_REPRESENTATION_CONTEXT(2) 
PARAMETRIC_REPRESENTATION_CONTEXT() REPRESENTATION_CONTEXT('2D SPACE',''
  ) );
#1027 = ORIENTED_EDGE('',*,*,#1028,.T.);
#1028 = EDGE_CURVE('',#1014,#977,#1029,.T.);
#1029 = SURFACE_CURVE('',#1030,(#1034),.PCURVE_S1.);
#1030 = B_SPLINE_CURVE_WITH_KNOTS('',2,(#1031,#1032,#1033),
  .UNSPECIFIED.,.F.,.F.,(3,3),(0.,1.),.PIECEWISE_BEZIER_KNOTS.);
#1031 = CARTESIAN_POINT('',(0.9525,-1.473199999573,0.5196714016));
#1032 = CARTESIAN_POINT('',(0.9525,-1.291292620047,0.44849193333));
#1033 = CARTESIAN_POINT('',(0.9525,-1.046008759678,0.3556));
#1034 = PCURVE('',#987,#1035);
#1035 = DEFINITIONAL_REPRESENTATION('',(#1036),#1040);
#1036 = B_SPLINE_CURVE_WITH_KNOTS('',2,(#1037,#1038,#1039),
  .UNSPECIFIED.,.F.,.F.,(3,3),(0.,1.),.PIECEWISE_BEZIER_KNOTS.);
#1037 = CARTESIAN_POINT('',(5.964215E-03,1.));
#1038 = CARTESIAN_POINT('',(0.128705489,0.566167732));
#1039 = CARTESIAN_POINT('',(0.294209789,0.));
#1040 = ( GEOMETRIC_REPRESENTATION_CONTEXT(2) 
PARAMETRIC_REPRESENTATION_CONTEXT() REPRESENTATION_CONTEXT('2D SPACE',''
  ) );
#1041 = ( GEOMETRIC_REPRESENTATION_CONTEXT(3) 
GLOBAL_UNCERTAINTY_ASSIGNED_CONTEXT((#1045)) 
GLOBAL_UNIT_ASSIGNED_CONTEXT((#1042,#1043,#1044)) REPRESENTATION_CONTEXT
('Context #1','3D Context with UNIT and UNCERTAINTY') );
#1042 = ( LENGTH_UNIT() NAMED_UNIT(*) SI_UNIT(.MILLI.,.METRE.) );
#1043 = ( NAMED_UNIT(*) PLANE_ANGLE_UNIT() SI_UNIT($,.RADIAN.) );
#1044 = ( NAMED_UNIT(*) SI_UNIT($,.STERADIAN.) SOLID_ANGLE_UNIT() );
#1045 = UNCERTAINTY_MEASURE_WITH_UNIT(LENGTH_MEASURE(5.E-06),#1042,
  'distance_accuracy_value','confusion accuracy');
#1046 = PRODUCT_RELATED_PRODUCT_CATEGORY('part',$,(#966));
#1047 = SHAPE_DEFINITION_REPRESENTATION(#1048,#1054);
#1048 = PRODUCT_DEFINITION_SHAPE('','',#1049);
#1049 = PRODUCT_DEFINITION('design','',#1050,#1053);
#1050 = PRODUCT_DEFINITION_FORMATION('','',#1051);
#1051 = PRODUCT('FACE','FACE','',(#1052));
#1052 = PRODUCT_CONTEXT('',#2,'mechanical');
#1053 = PRODUCT_DEFINITION_CONTEXT('part definition',#2,'design');
#1054 = MANIFOLD_SURFACE_SHAPE_REPRESENTATION('',(#11,#1055),#1142);
#1055 = SHELL_BASED_SURFACE_MODEL('',(#1056));
#1056 = OPEN_SHELL('',(#1057));
#1057 = ADVANCED_FACE('',(#1058),#1072,.T.);
#1058 = FACE_BOUND('',#1059,.T.);
#1059 = EDGE_LOOP('',(#1060,#1082,#1097,#1112,#1128));
#1060 = ORIENTED_EDGE('',*,*,#1061,.T.);
#1061 = EDGE_CURVE('',#1062,#1064,#1066,.T.);
#1062 = VERTEX_POINT('',#1063);
#1063 = CARTESIAN_POINT('',(1.3335,-1.046008752887,0.3556));
#1064 = VERTEX_POINT('',#1065);
#1065 = CARTESIAN_POINT('',(1.3335,0.,0.3556));
#1066 = SURFACE_CURVE('',#1067,(#1071),.PCURVE_S1.);
#1067 = LINE('',#1068,#1069);
#1068 = CARTESIAN_POINT('',(1.3335,-1.0460087538,0.3556));
#1069 = VECTOR('',#1070,1.);
#1070 = DIRECTION('',(0.,1.,0.));
#1071 = PCURVE('',#1072,#1077);
#1072 = B_SPLINE_SURFACE_WITH_KNOTS('',1,1,(
    (#1073,#1074)
    ,(#1075,#1076
    )),.UNSPECIFIED.,.F.,.F.,.F.,(2,2),(2,2),(0.,1.),(0.,1.),
  .PIECEWISE_BEZIER_KNOTS.);
#1073 = CARTESIAN_POINT('',(0.9525,-1.1315053824,0.3556));
#1074 = CARTESIAN_POINT('',(0.9525,0.,0.3556));
#1075 = CARTESIAN_POINT('',(1.3335,-1.1315053824,0.3556));
#1076 = CARTESIAN_POINT('',(1.3335,0.,0.3556));
#1077 = DEFINITIONAL_REPRESENTATION('',(#1078),#1081);
#1078 = B_SPLINE_CURVE_WITH_KNOTS('',1,(#1079,#1080),.UNSPECIFIED.,.F.,
  .F.,(2,2),(0.,1.0460087538),.PIECEWISE_BEZIER_KNOTS.);
#1079 = CARTESIAN_POINT('',(1.,7.5560074E-02));
#1080 = CARTESIAN_POINT('',(1.,1.));
#1081 = ( GEOMETRIC_REPRESENTATION_CONTEXT(2) 
PARAMETRIC_REPRESENTATION_CONTEXT() REPRESENTATION_CONTEXT('2D SPACE',''
  ) );
#1082 = ORIENTED_EDGE('',*,*,#1083,.T.);
#1083 = EDGE_CURVE('',#1064,#1084,#1086,.T.);
#1084 = VERTEX_POINT('',#1085);
#1085 = CARTESIAN_POINT('',(0.9525,0.,0.3556));
#1086 = SURFACE_CURVE('',#1087,(#1091),.PCURVE_S1.);
#1087 = LINE('',#1088,#1089);
#1088 = CARTESIAN_POINT('',(1.3335,0.,0.3556));
#1089 = VECTOR('',#1090,1.);
#1090 = DIRECTION('',(-1.,0.,0.));
#1091 = PCURVE('',#1072,#1092);
#1092 = DEFINITIONAL_REPRESENTATION('',(#1093),#1096);
#1093 = B_SPLINE_CURVE_WITH_KNOTS('',1,(#1094,#1095),.UNSPECIFIED.,.F.,
  .F.,(2,2),(0.,0.381),.PIECEWISE_BEZIER_KNOTS.);
#1094 = CARTESIAN_POINT('',(1.,1.));
#1095 = CARTESIAN_POINT('',(0.,1.));
#1096 = ( GEOMETRIC_REPRESENTATION_CONTEXT(2) 
PARAMETRIC_REPRESENTATION_CONTEXT() REPRESENTATION_CONTEXT('2D SPACE',''
  ) );
#1097 = ORIENTED_EDGE('',*,*,#1098,.T.);
#1098 = EDGE_CURVE('',#1084,#1099,#1101,.T.);
#1099 = VERTEX_POINT('',#1100);
#1100 = CARTESIAN_POINT('',(0.9525,-1.046008752887,0.3556));
#1101 = SURFACE_CURVE('',#1102,(#1106),.PCURVE_S1.);
#1102 = LINE('',#1103,#1104);
#1103 = CARTESIAN_POINT('',(0.9525,0.,0.3556));
#1104 = VECTOR('',#1105,1.);
#1105 = DIRECTION('',(0.,-1.,0.));
#1106 = PCURVE('',#1072,#1107);
#1107 = DEFINITIONAL_REPRESENTATION('',(#1108),#1111);
#1108 = B_SPLINE_CURVE_WITH_KNOTS('',1,(#1109,#1110),.UNSPECIFIED.,.F.,
  .F.,(2,2),(0.,1.0460087538),.PIECEWISE_BEZIER_KNOTS.);
#1109 = CARTESIAN_POINT('',(0.,1.));
#1110 = CARTESIAN_POINT('',(0.,7.5560074E-02));
#1111 = ( GEOMETRIC_REPRESENTATION_CONTEXT(2) 
PARAMETRIC_REPRESENTATION_CONTEXT() REPRESENTATION_CONTEXT('2D SPACE',''
  ) );
#1112 = ORIENTED_EDGE('',*,*,#1113,.T.);
#1113 = EDGE_CURVE('',#1099,#1114,#1116,.T.);
#1114 = VERTEX_POINT('',#1115);
#1115 = CARTESIAN_POINT('',(1.142968875348,-1.123087215445,0.3556));
#1116 = SURFACE_CURVE('',#1117,(#1121),.PCURVE_S1.);
#1117 = B_SPLINE_CURVE_WITH_KNOTS('',2,(#1118,#1119,#1120),
  .UNSPECIFIED.,.F.,.F.,(3,3),(0.,0.5),.PIECEWISE_BEZIER_KNOTS.);
#1118 = CARTESIAN_POINT('',(0.9525,-1.046008751974,0.3556));
#1119 = CARTESIAN_POINT('',(1.049785891407,-1.123074624053,0.3556));
#1120 = CARTESIAN_POINT('',(1.142968875348,-1.123087215445,0.3556));
#1121 = PCURVE('',#1072,#1122);
#1122 = DEFINITIONAL_REPRESENTATION('',(#1123),#1127);
#1123 = B_SPLINE_CURVE_WITH_KNOTS('',2,(#1124,#1125,#1126),
  .UNSPECIFIED.,.F.,.F.,(3,3),(0.,0.5),.PIECEWISE_BEZIER_KNOTS.);
#1124 = CARTESIAN_POINT('',(0.,7.5560074E-02));
#1125 = CARTESIAN_POINT('',(0.255343547,7.450922E-03));
#1126 = CARTESIAN_POINT('',(0.499918308,7.439794E-03));
#1127 = ( GEOMETRIC_REPRESENTATION_CONTEXT(2) 
PARAMETRIC_REPRESENTATION_CONTEXT() REPRESENTATION_CONTEXT('2D SPACE',''
  ) );
#1128 = ORIENTED_EDGE('',*,*,#1129,.T.);
#1129 = EDGE_CURVE('',#1114,#1062,#1130,.T.);
#1130 = SURFACE_CURVE('',#1131,(#1135),.PCURVE_S1.);
#1131 = B_SPLINE_CURVE_WITH_KNOTS('',2,(#1132,#1133,#1134),
  .UNSPECIFIED.,.F.,.F.,(3,3),(0.5,1.),.PIECEWISE_BEZIER_KNOTS.);
#1132 = CARTESIAN_POINT('',(1.142968875348,-1.123087215445,0.3556));
#1133 = CARTESIAN_POINT('',(1.236182313381,-1.123099810231,0.3556));
#1134 = CARTESIAN_POINT('',(1.3335,-1.046008751974,0.3556));
#1135 = PCURVE('',#1072,#1136);
#1136 = DEFINITIONAL_REPRESENTATION('',(#1137),#1141);
#1137 = B_SPLINE_CURVE_WITH_KNOTS('',2,(#1138,#1139,#1140),
  .UNSPECIFIED.,.F.,.F.,(3,3),(0.5,1.),.PIECEWISE_BEZIER_KNOTS.);
#1138 = CARTESIAN_POINT('',(0.499918308,7.439794E-03));
#1139 = CARTESIAN_POINT('',(0.744573001,7.428663E-03));
#1140 = CARTESIAN_POINT('',(1.,7.5560074E-02));
#1141 = ( GEOMETRIC_REPRESENTATION_CONTEXT(2) 
PARAMETRIC_REPRESENTATION_CONTEXT() REPRESENTATION_CONTEXT('2D SPACE',''
  ) );
#1142 = ( GEOMETRIC_REPRESENTATION_CONTEXT(3) 
GLOBAL_UNCERTAINTY_ASSIGNED_CONTEXT((#1146)) 
GLOBAL_UNIT_ASSIGNED_CONTEXT((#1143,#1144,#1145)) REPRESENTATION_CONTEXT
('Context #1','3D Context with UNIT and UNCERTAINTY') );
#1143 = ( LENGTH_UNIT() NAMED_UNIT(*) SI_UNIT(.MILLI.,.METRE.) );
#1144 = ( NAMED_UNIT(*) PLANE_ANGLE_UNIT() SI_UNIT($,.RADIAN.) );
#1145 = ( NAMED_UNIT(*) SI_UNIT($,.STERADIAN.) SOLID_ANGLE_UNIT() );
#1146 = UNCERTAINTY_MEASURE_WITH_UNIT(LENGTH_MEASURE(5.E-06),#1143,
  'distance_accuracy_value','confusion accuracy');
#1147 = PRODUCT_RELATED_PRODUCT_CATEGORY('part',$,(#1051));
#1148 = SHAPE_DEFINITION_REPRESENTATION(#1149,#1155);
#1149 = PRODUCT_DEFINITION_SHAPE('','',#1150);
#1150 = PRODUCT_DEFINITION('design','',#1151,#1154);
#1151 = PRODUCT_DEFINITION_FORMATION('','',#1152);
#1152 = PRODUCT('FACE','FACE','',(#1153));
#1153 = PRODUCT_CONTEXT('',#2,'mechanical');
#1154 = PRODUCT_DEFINITION_CONTEXT('part definition',#2,'design');
#1155 = MANIFOLD_SURFACE_SHAPE_REPRESENTATION('',(#11,#1156),#1227);
#1156 = SHELL_BASED_SURFACE_MODEL('',(#1157));
#1157 = OPEN_SHELL('',(#1158));
#1158 = ADVANCED_FACE('',(#1159),#1173,.T.);
#1159 = FACE_BOUND('',#1160,.T.);
#1160 = EDGE_LOOP('',(#1161,#1183,#1198,#1213));
#1161 = ORIENTED_EDGE('',*,*,#1162,.T.);
#1162 = EDGE_CURVE('',#1163,#1165,#1167,.T.);
#1163 = VERTEX_POINT('',#1164);
#1164 = CARTESIAN_POINT('',(1.778,-1.046008756739,0.8001));
#1165 = VERTEX_POINT('',#1166);
#1166 = CARTESIAN_POINT('',(1.778,0.,0.8001));
#1167 = SURFACE_CURVE('',#1168,(#1172),.PCURVE_S1.);
#1168 = LINE('',#1169,#1170);
#1169 = CARTESIAN_POINT('',(1.778,-1.0460087538,0.8001));
#1170 = VECTOR('',#1171,1.);
#1171 = DIRECTION('',(0.,1.,0.));
#1172 = PCURVE('',#1173,#1178);
#1173 = B_SPLINE_SURFACE_WITH_KNOTS('',1,1,(
    (#1174,#1175)
    ,(#1176,#1177
    )),.UNSPECIFIED.,.F.,.F.,.F.,(2,2),(2,2),(0.,1.),(0.,1.),
  .PIECEWISE_BEZIER_KNOTS.);
#1174 = CARTESIAN_POINT('',(1.6139285984,-1.4820392,0.8001));
#1175 = CARTESIAN_POINT('',(1.6139285984,0.,0.8001));
#1176 = CARTESIAN_POINT('',(1.778,-1.4820392,0.8001));
#1177 = CARTESIAN_POINT('',(1.778,0.,0.8001));
#1178 = DEFINITIONAL_REPRESENTATION('',(#1179),#1182);
#1179 = B_SPLINE_CURVE_WITH_KNOTS('',1,(#1180,#1181),.UNSPECIFIED.,.F.,
  .F.,(2,2),(0.,1.0460087538),.PIECEWISE_BEZIER_KNOTS.);
#1180 = CARTESIAN_POINT('',(1.,0.294209789));
#1181 = CARTESIAN_POINT('',(1.,1.));
#1182 = ( GEOMETRIC_REPRESENTATION_CONTEXT(2) 
PARAMETRIC_REPRESENTATION_CONTEXT() REPRESENTATION_CONTEXT('2D SPACE',''
  ) );
#1183 = ORIENTED_EDGE('',*,*,#1184,.T.);
#1184 = EDGE_CURVE('',#1165,#1185,#1187,.T.);
#1185 = VERTEX_POINT('',#1186);
#1186 = CARTESIAN_POINT('',(1.6139285984,0.,0.8001));
#1187 = SURFACE_CURVE('',#1188,(#1192),.PCURVE_S1.);
#1188 = LINE('',#1189,#1190);
#1189 = CARTESIAN_POINT('',(1.778,0.,0.8001));
#1190 = VECTOR('',#1191,1.);
#1191 = DIRECTION('',(-1.,0.,0.));
#1192 = PCURVE('',#1173,#1193);
#1193 = DEFINITIONAL_REPRESENTATION('',(#1194),#1197);
#1194 = B_SPLINE_CURVE_WITH_KNOTS('',1,(#1195,#1196),.UNSPECIFIED.,.F.,
  .F.,(2,2),(0.,0.1640714016),.PIECEWISE_BEZIER_KNOTS.);
#1195 = CARTESIAN_POINT('',(1.,1.));
#1196 = CARTESIAN_POINT('',(0.,1.));
#1197 = ( GEOMETRIC_REPRESENTATION_CONTEXT(2) 
PARAMETRIC_REPRESENTATION_CONTEXT() REPRESENTATION_CONTEXT('2D SPACE',''
  ) );
#1198 = ORIENTED_EDGE('',*,*,#1199,.T.);
#1199 = EDGE_CURVE('',#1185,#1200,#1202,.T.);
#1200 = VERTEX_POINT('',#1201);
#1201 = CARTESIAN_POINT('',(1.6139285984,-1.473199999786,0.8001));
#1202 = SURFACE_CURVE('',#1203,(#1207),.PCURVE_S1.);
#1203 = LINE('',#1204,#1205);
#1204 = CARTESIAN_POINT('',(1.6139285984,0.,0.8001));
#1205 = VECTOR('',#1206,1.);
#1206 = DIRECTION('',(0.,-1.,0.));
#1207 = PCURVE('',#1173,#1208);
#1208 = DEFINITIONAL_REPRESENTATION('',(#1209),#1212);
#1209 = B_SPLINE_CURVE_WITH_KNOTS('',1,(#1210,#1211),.UNSPECIFIED.,.F.,
  .F.,(2,2),(0.,1.4732),.PIECEWISE_BEZIER_KNOTS.);
#1210 = CARTESIAN_POINT('',(0.,1.));
#1211 = CARTESIAN_POINT('',(0.,5.964215E-03));
#1212 = ( GEOMETRIC_REPRESENTATION_CONTEXT(2) 
PARAMETRIC_REPRESENTATION_CONTEXT() REPRESENTATION_CONTEXT('2D SPACE',''
  ) );
#1213 = ORIENTED_EDGE('',*,*,#1214,.T.);
#1214 = EDGE_CURVE('',#1200,#1163,#1215,.T.);
#1215 = SURFACE_CURVE('',#1216,(#1220),.PCURVE_S1.);
#1216 = B_SPLINE_CURVE_WITH_KNOTS('',2,(#1217,#1218,#1219),
  .UNSPECIFIED.,.F.,.F.,(3,3),(0.,1.),.PIECEWISE_BEZIER_KNOTS.);
#1217 = CARTESIAN_POINT('',(1.6139285984,-1.473199999573,0.8001));
#1218 = CARTESIAN_POINT('',(1.68510806667,-1.291292620047,0.8001));
#1219 = CARTESIAN_POINT('',(1.778,-1.046008759678,0.8001));
#1220 = PCURVE('',#1173,#1221);
#1221 = DEFINITIONAL_REPRESENTATION('',(#1222),#1226);
#1222 = B_SPLINE_CURVE_WITH_KNOTS('',2,(#1223,#1224,#1225),
  .UNSPECIFIED.,.F.,.F.,(3,3),(0.,1.),.PIECEWISE_BEZIER_KNOTS.);
#1223 = CARTESIAN_POINT('',(0.,5.964215E-03));
#1224 = CARTESIAN_POINT('',(0.433832268,0.128705489));
#1225 = CARTESIAN_POINT('',(1.,0.294209789));
#1226 = ( GEOMETRIC_REPRESENTATION_CONTEXT(2) 
PARAMETRIC_REPRESENTATION_CONTEXT() REPRESENTATION_CONTEXT('2D SPACE',''
  ) );
#1227 = ( GEOMETRIC_REPRESENTATION_CONTEXT(3) 
GLOBAL_UNCERTAINTY_ASSIGNED_CONTEXT((#1231)) 
GLOBAL_UNIT_ASSIGNED_CONTEXT((#1228,#1229,#1230)) REPRESENTATION_CONTEXT
('Context #1','3D Context with UNIT and UNCERTAINTY') );
#1228 = ( LENGTH_UNIT() NAMED_UNIT(*) SI_UNIT(.MILLI.,.METRE.) );
#1229 = ( NAMED_UNIT(*) PLANE_ANGLE_UNIT() SI_UNIT($,.RADIAN.) );
#1230 = ( NAMED_UNIT(*) SI_UNIT($,.STERADIAN.) SOLID_ANGLE_UNIT() );
#1231 = UNCERTAINTY_MEASURE_WITH_UNIT(LENGTH_MEASURE(5.E-06),#1228,
  'distance_accuracy_value','confusion accuracy');
#1232 = PRODUCT_RELATED_PRODUCT_CATEGORY('part',$,(#1152));
#1233 = SHAPE_DEFINITION_REPRESENTATION(#1234,#1240);
#1234 = PRODUCT_DEFINITION_SHAPE('','',#1235);
#1235 = PRODUCT_DEFINITION('design','',#1236,#1239);
#1236 = PRODUCT_DEFINITION_FORMATION('','',#1237);
#1237 = PRODUCT('FACE','FACE','',(#1238));
#1238 = PRODUCT_CONTEXT('',#2,'mechanical');
#1239 = PRODUCT_DEFINITION_CONTEXT('part definition',#2,'design');
#1240 = MANIFOLD_SURFACE_SHAPE_REPRESENTATION('',(#11,#1241),#1312);
#1241 = SHELL_BASED_SURFACE_MODEL('',(#1242));
#1242 = OPEN_SHELL('',(#1243));
#1243 = ADVANCED_FACE('',(#1244),#1258,.T.);
#1244 = FACE_BOUND('',#1245,.T.);
#1245 = EDGE_LOOP('',(#1246,#1268,#1283,#1298));
#1246 = ORIENTED_EDGE('',*,*,#1247,.T.);
#1247 = EDGE_CURVE('',#1248,#1250,#1252,.T.);
#1248 = VERTEX_POINT('',#1249);
#1249 = CARTESIAN_POINT('',(1.6139285984,-1.473199999786,1.1811));
#1250 = VERTEX_POINT('',#1251);
#1251 = CARTESIAN_POINT('',(1.6139285984,0.,1.1811));
#1252 = SURFACE_CURVE('',#1253,(#1257),.PCURVE_S1.);
#1253 = LINE('',#1254,#1255);
#1254 = CARTESIAN_POINT('',(1.6139285984,-1.4732,1.1811));
#1255 = VECTOR('',#1256,1.);
#1256 = DIRECTION('',(0.,1.,0.));
#1257 = PCURVE('',#1258,#1263);
#1258 = B_SPLINE_SURFACE_WITH_KNOTS('',1,1,(
    (#1259,#1260)
    ,(#1261,#1262
    )),.UNSPECIFIED.,.F.,.F.,.F.,(2,2),(2,2),(0.,1.),(0.,1.),
  .PIECEWISE_BEZIER_KNOTS.);
#1259 = CARTESIAN_POINT('',(1.778,-1.4820392,1.1811));
#1260 = CARTESIAN_POINT('',(1.778,0.,1.1811));
#1261 = CARTESIAN_POINT('',(1.6139285984,-1.4820392,1.1811));
#1262 = CARTESIAN_POINT('',(1.6139285984,0.,1.1811));
#1263 = DEFINITIONAL_REPRESENTATION('',(#1264),#1267);
#1264 = B_SPLINE_CURVE_WITH_KNOTS('',1,(#1265,#1266),.UNSPECIFIED.,.F.,
  .F.,(2,2),(0.,1.4732),.PIECEWISE_BEZIER_KNOTS.);
#1265 = CARTESIAN_POINT('',(1.,5.964215E-03));
#1266 = CARTESIAN_POINT('',(1.,1.));
#1267 = ( GEOMETRIC_REPRESENTATION_CONTEXT(2) 
PARAMETRIC_REPRESENTATION_CONTEXT() REPRESENTATION_CONTEXT('2D SPACE',''
  ) );
#1268 = ORIENTED_EDGE('',*,*,#1269,.T.);
#1269 = EDGE_CURVE('',#1250,#1270,#1272,.T.);
#1270 = VERTEX_POINT('',#1271);
#1271 = CARTESIAN_POINT('',(1.778,0.,1.1811));
#1272 = SURFACE_CURVE('',#1273,(#1277),.PCURVE_S1.);
#1273 = LINE('',#1274,#1275);
#1274 = CARTESIAN_POINT('',(1.6139285984,0.,1.1811));
#1275 = VECTOR('',#1276,1.);
#1276 = DIRECTION('',(1.,0.,0.));
#1277 = PCURVE('',#1258,#1278);
#1278 = DEFINITIONAL_REPRESENTATION('',(#1279),#1282);
#1279 = B_SPLINE_CURVE_WITH_KNOTS('',1,(#1280,#1281),.UNSPECIFIED.,.F.,
  .F.,(2,2),(0.,0.1640714016),.PIECEWISE_BEZIER_KNOTS.);
#1280 = CARTESIAN_POINT('',(1.,1.));
#1281 = CARTESIAN_POINT('',(0.,1.));
#1282 = ( GEOMETRIC_REPRESENTATION_CONTEXT(2) 
PARAMETRIC_REPRESENTATION_CONTEXT() REPRESENTATION_CONTEXT('2D SPACE',''
  ) );
#1283 = ORIENTED_EDGE('',*,*,#1284,.T.);
#1284 = EDGE_CURVE('',#1270,#1285,#1287,.T.);
#1285 = VERTEX_POINT('',#1286);
#1286 = CARTESIAN_POINT('',(1.778,-1.046008756739,1.1811));
#1287 = SURFACE_CURVE('',#1288,(#1292),.PCURVE_S1.);
#1288 = LINE('',#1289,#1290);
#1289 = CARTESIAN_POINT('',(1.778,0.,1.1811));
#1290 = VECTOR('',#1291,1.);
#1291 = DIRECTION('',(0.,-1.,0.));
#1292 = PCURVE('',#1258,#1293);
#1293 = DEFINITIONAL_REPRESENTATION('',(#1294),#1297);
#1294 = B_SPLINE_CURVE_WITH_KNOTS('',1,(#1295,#1296),.UNSPECIFIED.,.F.,
  .F.,(2,2),(0.,1.0460087538),.PIECEWISE_BEZIER_KNOTS.);
#1295 = CARTESIAN_POINT('',(0.,1.));
#1296 = CARTESIAN_POINT('',(0.,0.294209789));
#1297 = ( GEOMETRIC_REPRESENTATION_CONTEXT(2) 
PARAMETRIC_REPRESENTATION_CONTEXT() REPRESENTATION_CONTEXT('2D SPACE',''
  ) );
#1298 = ORIENTED_EDGE('',*,*,#1299,.T.);
#1299 = EDGE_CURVE('',#1285,#1248,#1300,.T.);
#1300 = SURFACE_CURVE('',#1301,(#1305),.PCURVE_S1.);
#1301 = B_SPLINE_CURVE_WITH_KNOTS('',2,(#1302,#1303,#1304),
  .UNSPECIFIED.,.F.,.F.,(3,3),(0.,1.),.PIECEWISE_BEZIER_KNOTS.);
#1302 = CARTESIAN_POINT('',(1.778,-1.046008759678,1.1811));
#1303 = CARTESIAN_POINT('',(1.68510806667,-1.291292620047,1.1811));
#1304 = CARTESIAN_POINT('',(1.6139285984,-1.473199999573,1.1811));
#1305 = PCURVE('',#1258,#1306);
#1306 = DEFINITIONAL_REPRESENTATION('',(#1307),#1311);
#1307 = B_SPLINE_CURVE_WITH_KNOTS('',2,(#1308,#1309,#1310),
  .UNSPECIFIED.,.F.,.F.,(3,3),(0.,1.),.PIECEWISE_BEZIER_KNOTS.);
#1308 = CARTESIAN_POINT('',(0.,0.294209789));
#1309 = CARTESIAN_POINT('',(0.566167732,0.128705489));
#1310 = CARTESIAN_POINT('',(1.,5.964215E-03));
#1311 = ( GEOMETRIC_REPRESENTATION_CONTEXT(2) 
PARAMETRIC_REPRESENTATION_CONTEXT() REPRESENTATION_CONTEXT('2D SPACE',''
  ) );
#1312 = ( GEOMETRIC_REPRESENTATION_CONTEXT(3) 
GLOBAL_UNCERTAINTY_ASSIGNED_CONTEXT((#1316)) 
GLOBAL_UNIT_ASSIGNED_CONTEXT((#1313,#1314,#1315)) REPRESENTATION_CONTEXT
('Context #1','3D Context with UNIT and UNCERTAINTY') );
#1313 = ( LENGTH_UNIT() NAMED_UNIT(*) SI_UNIT(.MILLI.,.METRE.) );
#1314 = ( NAMED_UNIT(*) PLANE_ANGLE_UNIT() SI_UNIT($,.RADIAN.) );
#1315 = ( NAMED_UNIT(*) SI_UNIT($,.STERADIAN.) SOLID_ANGLE_UNIT() );
#1316 = UNCERTAINTY_MEASURE_WITH_UNIT(LENGTH_MEASURE(5.E-06),#1313,
  'distance_accuracy_value','confusion accuracy');
#1317 = PRODUCT_RELATED_PRODUCT_CATEGORY('part',$,(#1237));
#1318 = SHAPE_DEFINITION_REPRESENTATION(#1319,#1325);
#1319 = PRODUCT_DEFINITION_SHAPE('','',#1320);
#1320 = PRODUCT_DEFINITION('design','',#1321,#1324);
#1321 = PRODUCT_DEFINITION_FORMATION('','',#1322);
#1322 = PRODUCT('FACE','FACE','',(#1323));
#1323 = PRODUCT_CONTEXT('',#2,'mechanical');
#1324 = PRODUCT_DEFINITION_CONTEXT('part definition',#2,'design');
#1325 = MANIFOLD_SURFACE_SHAPE_REPRESENTATION('',(#11,#1326),#1413);
#1326 = SHELL_BASED_SURFACE_MODEL('',(#1327));
#1327 = OPEN_SHELL('',(#1328));
#1328 = ADVANCED_FACE('',(#1329),#1343,.T.);
#1329 = FACE_BOUND('',#1330,.T.);
#1330 = EDGE_LOOP('',(#1331,#1353,#1368,#1383,#1399));
#1331 = ORIENTED_EDGE('',*,*,#1332,.T.);
#1332 = EDGE_CURVE('',#1333,#1335,#1337,.T.);
#1333 = VERTEX_POINT('',#1334);
#1334 = CARTESIAN_POINT('',(1.778,-1.046008752887,1.1811));
#1335 = VERTEX_POINT('',#1336);
#1336 = CARTESIAN_POINT('',(1.778,0.,1.1811));
#1337 = SURFACE_CURVE('',#1338,(#1342),.PCURVE_S1.);
#1338 = LINE('',#1339,#1340);
#1339 = CARTESIAN_POINT('',(1.778,-1.0460087538,1.1811));
#1340 = VECTOR('',#1341,1.);
#1341 = DIRECTION('',(0.,1.,0.));
#1342 = PCURVE('',#1343,#1348);
#1343 = B_SPLINE_SURFACE_WITH_KNOTS('',1,1,(
    (#1344,#1345)
    ,(#1346,#1347
    )),.UNSPECIFIED.,.F.,.F.,.F.,(2,2),(2,2),(0.,1.),(0.,1.),
  .PIECEWISE_BEZIER_KNOTS.);
#1344 = CARTESIAN_POINT('',(1.778,0.,0.8001));
#1345 = CARTESIAN_POINT('',(1.778,0.,1.1811));
#1346 = CARTESIAN_POINT('',(1.778,-1.1315053824,0.8001));
#1347 = CARTESIAN_POINT('',(1.778,-1.1315053824,1.1811));
#1348 = DEFINITIONAL_REPRESENTATION('',(#1349),#1352);
#1349 = B_SPLINE_CURVE_WITH_KNOTS('',1,(#1350,#1351),.UNSPECIFIED.,.F.,
  .F.,(2,2),(0.,1.0460087538),.PIECEWISE_BEZIER_KNOTS.);
#1350 = CARTESIAN_POINT('',(0.924439926,1.));
#1351 = CARTESIAN_POINT('',(0.,1.));
#1352 = ( GEOMETRIC_REPRESENTATION_CONTEXT(2) 
PARAMETRIC_REPRESENTATION_CONTEXT() REPRESENTATION_CONTEXT('2D SPACE',''
  ) );
#1353 = ORIENTED_EDGE('',*,*,#1354,.T.);
#1354 = EDGE_CURVE('',#1335,#1355,#1357,.T.);
#1355 = VERTEX_POINT('',#1356);
#1356 = CARTESIAN_POINT('',(1.778,0.,0.8001));
#1357 = SURFACE_CURVE('',#1358,(#1362),.PCURVE_S1.);
#1358 = LINE('',#1359,#1360);
#1359 = CARTESIAN_POINT('',(1.778,0.,1.1811));
#1360 = VECTOR('',#1361,1.);
#1361 = DIRECTION('',(0.,0.,-1.));
#1362 = PCURVE('',#1343,#1363);
#1363 = DEFINITIONAL_REPRESENTATION('',(#1364),#1367);
#1364 = B_SPLINE_CURVE_WITH_KNOTS('',1,(#1365,#1366),.UNSPECIFIED.,.F.,
  .F.,(2,2),(0.,0.381),.PIECEWISE_BEZIER_KNOTS.);
#1365 = CARTESIAN_POINT('',(0.,1.));
#1366 = CARTESIAN_POINT('',(0.,0.));
#1367 = ( GEOMETRIC_REPRESENTATION_CONTEXT(2) 
PARAMETRIC_REPRESENTATION_CONTEXT() REPRESENTATION_CONTEXT('2D SPACE',''
  ) );
#1368 = ORIENTED_EDGE('',*,*,#1369,.T.);
#1369 = EDGE_CURVE('',#1355,#1370,#1372,.T.);
#1370 = VERTEX_POINT('',#1371);
#1371 = CARTESIAN_POINT('',(1.778,-1.046008752887,0.8001));
#1372 = SURFACE_CURVE('',#1373,(#1377),.PCURVE_S1.);
#1373 = LINE('',#1374,#1375);
#1374 = CARTESIAN_POINT('',(1.778,0.,0.8001));
#1375 = VECTOR('',#1376,1.);
#1376 = DIRECTION('',(0.,-1.,0.));
#1377 = PCURVE('',#1343,#1378);
#1378 = DEFINITIONAL_REPRESENTATION('',(#1379),#1382);
#1379 = B_SPLINE_CURVE_WITH_KNOTS('',1,(#1380,#1381),.UNSPECIFIED.,.F.,
  .F.,(2,2),(0.,1.0460087538),.PIECEWISE_BEZIER_KNOTS.);
#1380 = CARTESIAN_POINT('',(0.,0.));
#1381 = CARTESIAN_POINT('',(0.924439926,0.));
#1382 = ( GEOMETRIC_REPRESENTATION_CONTEXT(2) 
PARAMETRIC_REPRESENTATION_CONTEXT() REPRESENTATION_CONTEXT('2D SPACE',''
  ) );
#1383 = ORIENTED_EDGE('',*,*,#1384,.T.);
#1384 = EDGE_CURVE('',#1370,#1385,#1387,.T.);
#1385 = VERTEX_POINT('',#1386);
#1386 = CARTESIAN_POINT('',(1.778,-1.123087215445,0.990568875348));
#1387 = SURFACE_CURVE('',#1388,(#1392),.PCURVE_S1.);
#1388 = B_SPLINE_CURVE_WITH_KNOTS('',2,(#1389,#1390,#1391),
  .UNSPECIFIED.,.F.,.F.,(3,3),(0.,0.5),.PIECEWISE_BEZIER_KNOTS.);
#1389 = CARTESIAN_POINT('',(1.778,-1.046008751974,0.8001));
#1390 = CARTESIAN_POINT('',(1.778,-1.123074624053,0.897385891407));
#1391 = CARTESIAN_POINT('',(1.778,-1.123087215445,0.990568875348));
#1392 = PCURVE('',#1343,#1393);
#1393 = DEFINITIONAL_REPRESENTATION('',(#1394),#1398);
#1394 = B_SPLINE_CURVE_WITH_KNOTS('',2,(#1395,#1396,#1397),
  .UNSPECIFIED.,.F.,.F.,(3,3),(0.,0.5),.PIECEWISE_BEZIER_KNOTS.);
#1395 = CARTESIAN_POINT('',(0.924439926,0.));
#1396 = CARTESIAN_POINT('',(0.992549078,0.255343547));
#1397 = CARTESIAN_POINT('',(0.992560206,0.499918308));
#1398 = ( GEOMETRIC_REPRESENTATION_CONTEXT(2) 
PARAMETRIC_REPRESENTATION_CONTEXT() REPRESENTATION_CONTEXT('2D SPACE',''
  ) );
#1399 = ORIENTED_EDGE('',*,*,#1400,.T.);
#1400 = EDGE_CURVE('',#1385,#1333,#1401,.T.);
#1401 = SURFACE_CURVE('',#1402,(#1406),.PCURVE_S1.);
#1402 = B_SPLINE_CURVE_WITH_KNOTS('',2,(#1403,#1404,#1405),
  .UNSPECIFIED.,.F.,.F.,(3,3),(0.5,1.),.PIECEWISE_BEZIER_KNOTS.);
#1403 = CARTESIAN_POINT('',(1.778,-1.123087215445,0.990568875348));
#1404 = CARTESIAN_POINT('',(1.778,-1.123099810231,1.083782313381));
#1405 = CARTESIAN_POINT('',(1.778,-1.046008751974,1.1811));
#1406 = PCURVE('',#1343,#1407);
#1407 = DEFINITIONAL_REPRESENTATION('',(#1408),#1412);
#1408 = B_SPLINE_CURVE_WITH_KNOTS('',2,(#1409,#1410,#1411),
  .UNSPECIFIED.,.F.,.F.,(3,3),(0.5,1.),.PIECEWISE_BEZIER_KNOTS.);
#1409 = CARTESIAN_POINT('',(0.992560206,0.499918308));
#1410 = CARTESIAN_POINT('',(0.992571337,0.744573001));
#1411 = CARTESIAN_POINT('',(0.924439926,1.));
#1412 = ( GEOMETRIC_REPRESENTATION_CONTEXT(2) 
PARAMETRIC_REPRESENTATION_CONTEXT() REPRESENTATION_CONTEXT('2D SPACE',''
  ) );
#1413 = ( GEOMETRIC_REPRESENTATION_CONTEXT(3) 
GLOBAL_UNCERTAINTY_ASSIGNED_CONTEXT((#1417)) 
GLOBAL_UNIT_ASSIGNED_CONTEXT((#1414,#1415,#1416)) REPRESENTATION_CONTEXT
('Context #1','3D Context with UNIT and UNCERTAINTY') );
#1414 = ( LENGTH_UNIT() NAMED_UNIT(*) SI_UNIT(.MILLI.,.METRE.) );
#1415 = ( NAMED_UNIT(*) PLANE_ANGLE_UNIT() SI_UNIT($,.RADIAN.) );
#1416 = ( NAMED_UNIT(*) SI_UNIT($,.STERADIAN.) SOLID_ANGLE_UNIT() );
#1417 = UNCERTAINTY_MEASURE_WITH_UNIT(LENGTH_MEASURE(5.E-06),#1414,
  'distance_accuracy_value','confusion accuracy');
#1418 = PRODUCT_RELATED_PRODUCT_CATEGORY('part',$,(#1322));
#1419 = SHAPE_DEFINITION_REPRESENTATION(#1420,#1426);
#1420 = PRODUCT_DEFINITION_SHAPE('','',#1421);
#1421 = PRODUCT_DEFINITION('design','',#1422,#1425);
#1422 = PRODUCT_DEFINITION_FORMATION('','',#1423);
#1423 = PRODUCT('FACE','FACE','',(#1424));
#1424 = PRODUCT_CONTEXT('',#2,'mechanical');
#1425 = PRODUCT_DEFINITION_CONTEXT('part definition',#2,'design');
#1426 = MANIFOLD_SURFACE_SHAPE_REPRESENTATION('',(#11,#1427),#1498);
#1427 = SHELL_BASED_SURFACE_MODEL('',(#1428));
#1428 = OPEN_SHELL('',(#1429));
#1429 = ADVANCED_FACE('',(#1430),#1444,.T.);
#1430 = FACE_BOUND('',#1431,.T.);
#1431 = EDGE_LOOP('',(#1432,#1454,#1469,#1484));
#1432 = ORIENTED_EDGE('',*,*,#1433,.T.);
#1433 = EDGE_CURVE('',#1434,#1436,#1438,.T.);
#1434 = VERTEX_POINT('',#1435);
#1435 = CARTESIAN_POINT('',(1.3335,-1.046008756739,1.6256));
#1436 = VERTEX_POINT('',#1437);
#1437 = CARTESIAN_POINT('',(1.3335,0.,1.6256));
#1438 = SURFACE_CURVE('',#1439,(#1443),.PCURVE_S1.);
#1439 = LINE('',#1440,#1441);
#1440 = CARTESIAN_POINT('',(1.3335,-1.0460087538,1.6256));
#1441 = VECTOR('',#1442,1.);
#1442 = DIRECTION('',(0.,1.,0.));
#1443 = PCURVE('',#1444,#1449);
#1444 = B_SPLINE_SURFACE_WITH_KNOTS('',1,1,(
    (#1445,#1446)
    ,(#1447,#1448
    )),.UNSPECIFIED.,.F.,.F.,.F.,(2,2),(2,2),(0.,1.),(0.,1.),
  .PIECEWISE_BEZIER_KNOTS.);
#1445 = CARTESIAN_POINT('',(1.3335,0.,1.4615285984));
#1446 = CARTESIAN_POINT('',(1.3335,0.,1.6256));
#1447 = CARTESIAN_POINT('',(1.3335,-1.4820392,1.4615285984));
#1448 = CARTESIAN_POINT('',(1.3335,-1.4820392,1.6256));
#1449 = DEFINITIONAL_REPRESENTATION('',(#1450),#1453);
#1450 = B_SPLINE_CURVE_WITH_KNOTS('',1,(#1451,#1452),.UNSPECIFIED.,.F.,
  .F.,(2,2),(0.,1.0460087538),.PIECEWISE_BEZIER_KNOTS.);
#1451 = CARTESIAN_POINT('',(0.705790211,1.));
#1452 = CARTESIAN_POINT('',(0.,1.));
#1453 = ( GEOMETRIC_REPRESENTATION_CONTEXT(2) 
PARAMETRIC_REPRESENTATION_CONTEXT() REPRESENTATION_CONTEXT('2D SPACE',''
  ) );
#1454 = ORIENTED_EDGE('',*,*,#1455,.T.);
#1455 = EDGE_CURVE('',#1436,#1456,#1458,.T.);
#1456 = VERTEX_POINT('',#1457);
#1457 = CARTESIAN_POINT('',(1.3335,0.,1.4615285984));
#1458 = SURFACE_CURVE('',#1459,(#1463),.PCURVE_S1.);
#1459 = LINE('',#1460,#1461);
#1460 = CARTESIAN_POINT('',(1.3335,0.,1.6256));
#1461 = VECTOR('',#1462,1.);
#1462 = DIRECTION('',(0.,0.,-1.));
#1463 = PCURVE('',#1444,#1464);
#1464 = DEFINITIONAL_REPRESENTATION('',(#1465),#1468);
#1465 = B_SPLINE_CURVE_WITH_KNOTS('',1,(#1466,#1467),.UNSPECIFIED.,.F.,
  .F.,(2,2),(0.,0.1640714016),.PIECEWISE_BEZIER_KNOTS.);
#1466 = CARTESIAN_POINT('',(0.,1.));
#1467 = CARTESIAN_POINT('',(0.,0.));
#1468 = ( GEOMETRIC_REPRESENTATION_CONTEXT(2) 
PARAMETRIC_REPRESENTATION_CONTEXT() REPRESENTATION_CONTEXT('2D SPACE',''
  ) );
#1469 = ORIENTED_EDGE('',*,*,#1470,.T.);
#1470 = EDGE_CURVE('',#1456,#1471,#1473,.T.);
#1471 = VERTEX_POINT('',#1472);
#1472 = CARTESIAN_POINT('',(1.3335,-1.473199999786,1.4615285984));
#1473 = SURFACE_CURVE('',#1474,(#1478),.PCURVE_S1.);
#1474 = LINE('',#1475,#1476);
#1475 = CARTESIAN_POINT('',(1.3335,0.,1.4615285984));
#1476 = VECTOR('',#1477,1.);
#1477 = DIRECTION('',(0.,-1.,0.));
#1478 = PCURVE('',#1444,#1479);
#1479 = DEFINITIONAL_REPRESENTATION('',(#1480),#1483);
#1480 = B_SPLINE_CURVE_WITH_KNOTS('',1,(#1481,#1482),.UNSPECIFIED.,.F.,
  .F.,(2,2),(0.,1.4732),.PIECEWISE_BEZIER_KNOTS.);
#1481 = CARTESIAN_POINT('',(0.,0.));
#1482 = CARTESIAN_POINT('',(0.994035785,0.));
#1483 = ( GEOMETRIC_REPRESENTATION_CONTEXT(2) 
PARAMETRIC_REPRESENTATION_CONTEXT() REPRESENTATION_CONTEXT('2D SPACE',''
  ) );
#1484 = ORIENTED_EDGE('',*,*,#1485,.T.);
#1485 = EDGE_CURVE('',#1471,#1434,#1486,.T.);
#1486 = SURFACE_CURVE('',#1487,(#1491),.PCURVE_S1.);
#1487 = B_SPLINE_CURVE_WITH_KNOTS('',2,(#1488,#1489,#1490),
  .UNSPECIFIED.,.F.,.F.,(3,3),(0.,1.),.PIECEWISE_BEZIER_KNOTS.);
#1488 = CARTESIAN_POINT('',(1.3335,-1.473199999573,1.4615285984));
#1489 = CARTESIAN_POINT('',(1.3335,-1.291292620047,1.53270806667));
#1490 = CARTESIAN_POINT('',(1.3335,-1.046008759678,1.6256));
#1491 = PCURVE('',#1444,#1492);
#1492 = DEFINITIONAL_REPRESENTATION('',(#1493),#1497);
#1493 = B_SPLINE_CURVE_WITH_KNOTS('',2,(#1494,#1495,#1496),
  .UNSPECIFIED.,.F.,.F.,(3,3),(0.,1.),.PIECEWISE_BEZIER_KNOTS.);
#1494 = CARTESIAN_POINT('',(0.994035785,0.));
#1495 = CARTESIAN_POINT('',(0.871294511,0.433832268));
#1496 = CARTESIAN_POINT('',(0.705790211,1.));
#1497 = ( GEOMETRIC_REPRESENTATION_CONTEXT(2) 
PARAMETRIC_REPRESENTATION_CONTEXT() REPRESENTATION_CONTEXT('2D SPACE',''
  ) );
#1498 = ( GEOMETRIC_REPRESENTATION_CONTEXT(3) 
GLOBAL_UNCERTAINTY_ASSIGNED_CONTEXT((#1502)) 
GLOBAL_UNIT_ASSIGNED_CONTEXT((#1499,#1500,#1501)) REPRESENTATION_CONTEXT
('Context #1','3D Context with UNIT and UNCERTAINTY') );
#1499 = ( LENGTH_UNIT() NAMED_UNIT(*) SI_UNIT(.MILLI.,.METRE.) );
#1500 = ( NAMED_UNIT(*) PLANE_ANGLE_UNIT() SI_UNIT($,.RADIAN.) );
#1501 = ( NAMED_UNIT(*) SI_UNIT($,.STERADIAN.) SOLID_ANGLE_UNIT() );
#1502 = UNCERTAINTY_MEASURE_WITH_UNIT(LENGTH_MEASURE(5.E-06),#1499,
  'distance_accuracy_value','confusion accuracy');
#1503 = PRODUCT_RELATED_PRODUCT_CATEGORY('part',$,(#1423));
#1504 = SHAPE_DEFINITION_REPRESENTATION(#1505,#1511);
#1505 = PRODUCT_DEFINITION_SHAPE('','',#1506);
#1506 = PRODUCT_DEFINITION('design','',#1507,#1510);
#1507 = PRODUCT_DEFINITION_FORMATION('','',#1508);
#1508 = PRODUCT('FACE','FACE','',(#1509));
#1509 = PRODUCT_CONTEXT('',#2,'mechanical');
#1510 = PRODUCT_DEFINITION_CONTEXT('part definition',#2,'design');
#1511 = MANIFOLD_SURFACE_SHAPE_REPRESENTATION('',(#11,#1512),#1583);
#1512 = SHELL_BASED_SURFACE_MODEL('',(#1513));
#1513 = OPEN_SHELL('',(#1514));
#1514 = ADVANCED_FACE('',(#1515),#1529,.T.);
#1515 = FACE_BOUND('',#1516,.T.);
#1516 = EDGE_LOOP('',(#1517,#1539,#1554,#1569));
#1517 = ORIENTED_EDGE('',*,*,#1518,.T.);
#1518 = EDGE_CURVE('',#1519,#1521,#1523,.T.);
#1519 = VERTEX_POINT('',#1520);
#1520 = CARTESIAN_POINT('',(0.9525,-1.473199999786,1.4615285984));
#1521 = VERTEX_POINT('',#1522);
#1522 = CARTESIAN_POINT('',(0.9525,0.,1.4615285984));
#1523 = SURFACE_CURVE('',#1524,(#1528),.PCURVE_S1.);
#1524 = LINE('',#1525,#1526);
#1525 = CARTESIAN_POINT('',(0.9525,-1.4732,1.4615285984));
#1526 = VECTOR('',#1527,1.);
#1527 = DIRECTION('',(0.,1.,0.));
#1528 = PCURVE('',#1529,#1534);
#1529 = B_SPLINE_SURFACE_WITH_KNOTS('',1,1,(
    (#1530,#1531)
    ,(#1532,#1533
    )),.UNSPECIFIED.,.F.,.F.,.F.,(2,2),(2,2),(0.,1.),(0.,1.),
  .PIECEWISE_BEZIER_KNOTS.);
#1530 = CARTESIAN_POINT('',(0.9525,-1.4820392,1.4615285984));
#1531 = CARTESIAN_POINT('',(0.9525,-1.4820392,1.6256));
#1532 = CARTESIAN_POINT('',(0.9525,0.,1.4615285984));
#1533 = CARTESIAN_POINT('',(0.9525,0.,1.6256));
#1534 = DEFINITIONAL_REPRESENTATION('',(#1535),#1538);
#1535 = B_SPLINE_CURVE_WITH_KNOTS('',1,(#1536,#1537),.UNSPECIFIED.,.F.,
  .F.,(2,2),(0.,1.4732),.PIECEWISE_BEZIER_KNOTS.);
#1536 = CARTESIAN_POINT('',(5.964215E-03,0.));
#1537 = CARTESIAN_POINT('',(1.,0.));
#1538 = ( GEOMETRIC_REPRESENTATION_CONTEXT(2) 
PARAMETRIC_REPRESENTATION_CONTEXT() REPRESENTATION_CONTEXT('2D SPACE',''
  ) );
#1539 = ORIENTED_EDGE('',*,*,#1540,.T.);
#1540 = EDGE_CURVE('',#1521,#1541,#1543,.T.);
#1541 = VERTEX_POINT('',#1542);
#1542 = CARTESIAN_POINT('',(0.9525,0.,1.6256));
#1543 = SURFACE_CURVE('',#1544,(#1548),.PCURVE_S1.);
#1544 = LINE('',#1545,#1546);
#1545 = CARTESIAN_POINT('',(0.9525,0.,1.4615285984));
#1546 = VECTOR('',#1547,1.);
#1547 = DIRECTION('',(0.,0.,1.));
#1548 = PCURVE('',#1529,#1549);
#1549 = DEFINITIONAL_REPRESENTATION('',(#1550),#1553);
#1550 = B_SPLINE_CURVE_WITH_KNOTS('',1,(#1551,#1552),.UNSPECIFIED.,.F.,
  .F.,(2,2),(0.,0.1640714016),.PIECEWISE_BEZIER_KNOTS.);
#1551 = CARTESIAN_POINT('',(1.,0.));
#1552 = CARTESIAN_POINT('',(1.,1.));
#1553 = ( GEOMETRIC_REPRESENTATION_CONTEXT(2) 
PARAMETRIC_REPRESENTATION_CONTEXT() REPRESENTATION_CONTEXT('2D SPACE',''
  ) );
#1554 = ORIENTED_EDGE('',*,*,#1555,.T.);
#1555 = EDGE_CURVE('',#1541,#1556,#1558,.T.);
#1556 = VERTEX_POINT('',#1557);
#1557 = CARTESIAN_POINT('',(0.9525,-1.046008756739,1.6256));
#1558 = SURFACE_CURVE('',#1559,(#1563),.PCURVE_S1.);
#1559 = LINE('',#1560,#1561);
#1560 = CARTESIAN_POINT('',(0.9525,0.,1.6256));
#1561 = VECTOR('',#1562,1.);
#1562 = DIRECTION('',(0.,-1.,0.));
#1563 = PCURVE('',#1529,#1564);
#1564 = DEFINITIONAL_REPRESENTATION('',(#1565),#1568);
#1565 = B_SPLINE_CURVE_WITH_KNOTS('',1,(#1566,#1567),.UNSPECIFIED.,.F.,
  .F.,(2,2),(0.,1.0460087538),.PIECEWISE_BEZIER_KNOTS.);
#1566 = CARTESIAN_POINT('',(1.,1.));
#1567 = CARTESIAN_POINT('',(0.294209789,1.));
#1568 = ( GEOMETRIC_REPRESENTATION_CONTEXT(2) 
PARAMETRIC_REPRESENTATION_CONTEXT() REPRESENTATION_CONTEXT('2D SPACE',''
  ) );
#1569 = ORIENTED_EDGE('',*,*,#1570,.T.);
#1570 = EDGE_CURVE('',#1556,#1519,#1571,.T.);
#1571 = SURFACE_CURVE('',#1572,(#1576),.PCURVE_S1.);
#1572 = B_SPLINE_CURVE_WITH_KNOTS('',2,(#1573,#1574,#1575),
  .UNSPECIFIED.,.F.,.F.,(3,3),(0.,1.),.PIECEWISE_BEZIER_KNOTS.);
#1573 = CARTESIAN_POINT('',(0.9525,-1.046008759678,1.6256));
#1574 = CARTESIAN_POINT('',(0.9525,-1.291292620047,1.53270806667));
#1575 = CARTESIAN_POINT('',(0.9525,-1.473199999573,1.4615285984));
#1576 = PCURVE('',#1529,#1577);
#1577 = DEFINITIONAL_REPRESENTATION('',(#1578),#1582);
#1578 = B_SPLINE_CURVE_WITH_KNOTS('',2,(#1579,#1580,#1581),
  .UNSPECIFIED.,.F.,.F.,(3,3),(0.,1.),.PIECEWISE_BEZIER_KNOTS.);
#1579 = CARTESIAN_POINT('',(0.294209789,1.));
#1580 = CARTESIAN_POINT('',(0.128705489,0.433832268));
#1581 = CARTESIAN_POINT('',(5.964215E-03,0.));
#1582 = ( GEOMETRIC_REPRESENTATION_CONTEXT(2) 
PARAMETRIC_REPRESENTATION_CONTEXT() REPRESENTATION_CONTEXT('2D SPACE',''
  ) );
#1583 = ( GEOMETRIC_REPRESENTATION_CONTEXT(3) 
GLOBAL_UNCERTAINTY_ASSIGNED_CONTEXT((#1587)) 
GLOBAL_UNIT_ASSIGNED_CONTEXT((#1584,#1585,#1586)) REPRESENTATION_CONTEXT
('Context #1','3D Context with UNIT and UNCERTAINTY') );
#1584 = ( LENGTH_UNIT() NAMED_UNIT(*) SI_UNIT(.MILLI.,.METRE.) );
#1585 = ( NAMED_UNIT(*) PLANE_ANGLE_UNIT() SI_UNIT($,.RADIAN.) );
#1586 = ( NAMED_UNIT(*) SI_UNIT($,.STERADIAN.) SOLID_ANGLE_UNIT() );
#1587 = UNCERTAINTY_MEASURE_WITH_UNIT(LENGTH_MEASURE(5.E-06),#1584,
  'distance_accuracy_value','confusion accuracy');
#1588 = PRODUCT_RELATED_PRODUCT_CATEGORY('part',$,(#1508));
#1589 = SHAPE_DEFINITION_REPRESENTATION(#1590,#1596);
#1590 = PRODUCT_DEFINITION_SHAPE('','',#1591);
#1591 = PRODUCT_DEFINITION('design','',#1592,#1595);
#1592 = PRODUCT_DEFINITION_FORMATION('','',#1593);
#1593 = PRODUCT('FACE','FACE','',(#1594));
#1594 = PRODUCT_CONTEXT('',#2,'mechanical');
#1595 = PRODUCT_DEFINITION_CONTEXT('part definition',#2,'design');
#1596 = MANIFOLD_SURFACE_SHAPE_REPRESENTATION('',(#11,#1597),#1684);
#1597 = SHELL_BASED_SURFACE_MODEL('',(#1598));
#1598 = OPEN_SHELL('',(#1599));
#1599 = ADVANCED_FACE('',(#1600),#1614,.T.);
#1600 = FACE_BOUND('',#1601,.T.);
#1601 = EDGE_LOOP('',(#1602,#1624,#1639,#1654,#1670));
#1602 = ORIENTED_EDGE('',*,*,#1603,.T.);
#1603 = EDGE_CURVE('',#1604,#1606,#1608,.T.);
#1604 = VERTEX_POINT('',#1605);
#1605 = CARTESIAN_POINT('',(0.9525,-1.046008752887,1.6256));
#1606 = VERTEX_POINT('',#1607);
#1607 = CARTESIAN_POINT('',(0.9525,0.,1.6256));
#1608 = SURFACE_CURVE('',#1609,(#1613),.PCURVE_S1.);
#1609 = LINE('',#1610,#1611);
#1610 = CARTESIAN_POINT('',(0.9525,-1.0460087538,1.6256));
#1611 = VECTOR('',#1612,1.);
#1612 = DIRECTION('',(0.,1.,0.));
#1613 = PCURVE('',#1614,#1619);
#1614 = B_SPLINE_SURFACE_WITH_KNOTS('',1,1,(
    (#1615,#1616)
    ,(#1617,#1618
    )),.UNSPECIFIED.,.F.,.F.,.F.,(2,2),(2,2),(0.,1.),(0.,1.),
  .PIECEWISE_BEZIER_KNOTS.);
#1615 = CARTESIAN_POINT('',(1.3335,-1.1315053824,1.6256));
#1616 = CARTESIAN_POINT('',(1.3335,0.,1.6256));
#1617 = CARTESIAN_POINT('',(0.9525,-1.1315053824,1.6256));
#1618 = CARTESIAN_POINT('',(0.9525,0.,1.6256));
#1619 = DEFINITIONAL_REPRESENTATION('',(#1620),#1623);
#1620 = B_SPLINE_CURVE_WITH_KNOTS('',1,(#1621,#1622),.UNSPECIFIED.,.F.,
  .F.,(2,2),(0.,1.0460087538),.PIECEWISE_BEZIER_KNOTS.);
#1621 = CARTESIAN_POINT('',(1.,7.5560074E-02));
#1622 = CARTESIAN_POINT('',(1.,1.));
#1623 = ( GEOMETRIC_REPRESENTATION_CONTEXT(2) 
PARAMETRIC_REPRESENTATION_CONTEXT() REPRESENTATION_CONTEXT('2D SPACE',''
  ) );
#1624 = ORIENTED_EDGE('',*,*,#1625,.T.);
#1625 = EDGE_CURVE('',#1606,#1626,#1628,.T.);
#1626 = VERTEX_POINT('',#1627);
#1627 = CARTESIAN_POINT('',(1.3335,0.,1.6256));
#1628 = SURFACE_CURVE('',#1629,(#1633),.PCURVE_S1.);
#1629 = LINE('',#1630,#1631);
#1630 = CARTESIAN_POINT('',(0.9525,0.,1.6256));
#1631 = VECTOR('',#1632,1.);
#1632 = DIRECTION('',(1.,0.,0.));
#1633 = PCURVE('',#1614,#1634);
#1634 = DEFINITIONAL_REPRESENTATION('',(#1635),#1638);
#1635 = B_SPLINE_CURVE_WITH_KNOTS('',1,(#1636,#1637),.UNSPECIFIED.,.F.,
  .F.,(2,2),(0.,0.381),.PIECEWISE_BEZIER_KNOTS.);
#1636 = CARTESIAN_POINT('',(1.,1.));
#1637 = CARTESIAN_POINT('',(0.,1.));
#1638 = ( GEOMETRIC_REPRESENTATION_CONTEXT(2) 
PARAMETRIC_REPRESENTATION_CONTEXT() REPRESENTATION_CONTEXT('2D SPACE',''
  ) );
#1639 = ORIENTED_EDGE('',*,*,#1640,.T.);
#1640 = EDGE_CURVE('',#1626,#1641,#1643,.T.);
#1641 = VERTEX_POINT('',#1642);
#1642 = CARTESIAN_POINT('',(1.3335,-1.046008752887,1.6256));
#1643 = SURFACE_CURVE('',#1644,(#1648),.PCURVE_S1.);
#1644 = LINE('',#1645,#1646);
#1645 = CARTESIAN_POINT('',(1.3335,0.,1.6256));
#1646 = VECTOR('',#1647,1.);
#1647 = DIRECTION('',(0.,-1.,0.));
#1648 = PCURVE('',#1614,#1649);
#1649 = DEFINITIONAL_REPRESENTATION('',(#1650),#1653);
#1650 = B_SPLINE_CURVE_WITH_KNOTS('',1,(#1651,#1652),.UNSPECIFIED.,.F.,
  .F.,(2,2),(0.,1.0460087538),.PIECEWISE_BEZIER_KNOTS.);
#1651 = CARTESIAN_POINT('',(0.,1.));
#1652 = CARTESIAN_POINT('',(0.,7.5560074E-02));
#1653 = ( GEOMETRIC_REPRESENTATION_CONTEXT(2) 
PARAMETRIC_REPRESENTATION_CONTEXT() REPRESENTATION_CONTEXT('2D SPACE',''
  ) );
#1654 = ORIENTED_EDGE('',*,*,#1655,.T.);
#1655 = EDGE_CURVE('',#1641,#1656,#1658,.T.);
#1656 = VERTEX_POINT('',#1657);
#1657 = CARTESIAN_POINT('',(1.142968875348,-1.123087215445,1.6256));
#1658 = SURFACE_CURVE('',#1659,(#1663),.PCURVE_S1.);
#1659 = B_SPLINE_CURVE_WITH_KNOTS('',2,(#1660,#1661,#1662),
  .UNSPECIFIED.,.F.,.F.,(3,3),(0.,0.5),.PIECEWISE_BEZIER_KNOTS.);
#1660 = CARTESIAN_POINT('',(1.3335,-1.046008751974,1.6256));
#1661 = CARTESIAN_POINT('',(1.236182313381,-1.123099810231,1.6256));
#1662 = CARTESIAN_POINT('',(1.142968875348,-1.123087215445,1.6256));
#1663 = PCURVE('',#1614,#1664);
#1664 = DEFINITIONAL_REPRESENTATION('',(#1665),#1669);
#1665 = B_SPLINE_CURVE_WITH_KNOTS('',2,(#1666,#1667,#1668),
  .UNSPECIFIED.,.F.,.F.,(3,3),(0.,0.5),.PIECEWISE_BEZIER_KNOTS.);
#1666 = CARTESIAN_POINT('',(0.,7.5560074E-02));
#1667 = CARTESIAN_POINT('',(0.255426999,7.428663E-03));
#1668 = CARTESIAN_POINT('',(0.500081692,7.439794E-03));
#1669 = ( GEOMETRIC_REPRESENTATION_CONTEXT(2) 
PARAMETRIC_REPRESENTATION_CONTEXT() REPRESENTATION_CONTEXT('2D SPACE',''
  ) );
#1670 = ORIENTED_EDGE('',*,*,#1671,.T.);
#1671 = EDGE_CURVE('',#1656,#1604,#1672,.T.);
#1672 = SURFACE_CURVE('',#1673,(#1677),.PCURVE_S1.);
#1673 = B_SPLINE_CURVE_WITH_KNOTS('',2,(#1674,#1675,#1676),
  .UNSPECIFIED.,.F.,.F.,(3,3),(0.5,1.),.PIECEWISE_BEZIER_KNOTS.);
#1674 = CARTESIAN_POINT('',(1.142968875348,-1.123087215445,1.6256));
#1675 = CARTESIAN_POINT('',(1.049785891407,-1.123074624053,1.6256));
#1676 = CARTESIAN_POINT('',(0.9525,-1.046008751974,1.6256));
#1677 = PCURVE('',#1614,#1678);
#1678 = DEFINITIONAL_REPRESENTATION('',(#1679),#1683);
#1679 = B_SPLINE_CURVE_WITH_KNOTS('',2,(#1680,#1681,#1682),
  .UNSPECIFIED.,.F.,.F.,(3,3),(0.5,1.),.PIECEWISE_BEZIER_KNOTS.);
#1680 = CARTESIAN_POINT('',(0.500081692,7.439794E-03));
#1681 = CARTESIAN_POINT('',(0.744656453,7.450922E-03));
#1682 = CARTESIAN_POINT('',(1.,7.5560074E-02));
#1683 = ( GEOMETRIC_REPRESENTATION_CONTEXT(2) 
PARAMETRIC_REPRESENTATION_CONTEXT() REPRESENTATION_CONTEXT('2D SPACE',''
  ) );
#1684 = ( GEOMETRIC_REPRESENTATION_CONTEXT(3) 
GLOBAL_UNCERTAINTY_ASSIGNED_CONTEXT((#1688)) 
GLOBAL_UNIT_ASSIGNED_CONTEXT((#1685,#1686,#1687)) REPRESENTATION_CONTEXT
('Context #1','3D Context with UNIT and UNCERTAINTY') );
#1685 = ( LENGTH_UNIT() NAMED_UNIT(*) SI_UNIT(.MILLI.,.METRE.) );
#1686 = ( NAMED_UNIT(*) PLANE_ANGLE_UNIT() SI_UNIT($,.RADIAN.) );
#1687 = ( NAMED_UNIT(*) SI_UNIT($,.STERADIAN.) SOLID_ANGLE_UNIT() );
#1688 = UNCERTAINTY_MEASURE_WITH_UNIT(LENGTH_MEASURE(5.E-06),#1685,
  'distance_accuracy_value','confusion accuracy');
#1689 = PRODUCT_RELATED_PRODUCT_CATEGORY('part',$,(#1593));
#1690 = SHAPE_DEFINITION_REPRESENTATION(#1691,#1697);
#1691 = PRODUCT_DEFINITION_SHAPE('','',#1692);
#1692 = PRODUCT_DEFINITION('design','',#1693,#1696);
#1693 = PRODUCT_DEFINITION_FORMATION('','',#1694);
#1694 = PRODUCT('FACE','FACE','',(#1695));
#1695 = PRODUCT_CONTEXT('',#2,'mechanical');
#1696 = PRODUCT_DEFINITION_CONTEXT('part definition',#2,'design');
#1697 = MANIFOLD_SURFACE_SHAPE_REPRESENTATION('',(#11,#1698),#1769);
#1698 = SHELL_BASED_SURFACE_MODEL('',(#1699));
#1699 = OPEN_SHELL('',(#1700));
#1700 = ADVANCED_FACE('',(#1701),#1715,.T.);
#1701 = FACE_BOUND('',#1702,.T.);
#1702 = EDGE_LOOP('',(#1703,#1725,#1740,#1755));
#1703 = ORIENTED_EDGE('',*,*,#1704,.T.);
#1704 = EDGE_CURVE('',#1705,#1707,#1709,.T.);
#1705 = VERTEX_POINT('',#1706);
#1706 = CARTESIAN_POINT('',(0.6720714016,-1.473199999786,3.3401));
#1707 = VERTEX_POINT('',#1708);
#1708 = CARTESIAN_POINT('',(0.6720714016,0.,3.3401));
#1709 = SURFACE_CURVE('',#1710,(#1714),.PCURVE_S1.);
#1710 = LINE('',#1711,#1712);
#1711 = CARTESIAN_POINT('',(0.6720714016,-1.4732,3.3401));
#1712 = VECTOR('',#1713,1.);
#1713 = DIRECTION('',(0.,1.,0.));
#1714 = PCURVE('',#1715,#1720);
#1715 = B_SPLINE_SURFACE_WITH_KNOTS('',1,1,(
    (#1716,#1717)
    ,(#1718,#1719
    )),.UNSPECIFIED.,.F.,.F.,.F.,(2,2),(2,2),(0.,1.),(0.,1.),
  .PIECEWISE_BEZIER_KNOTS.);
#1716 = CARTESIAN_POINT('',(0.508,-1.4820392,3.3401));
#1717 = CARTESIAN_POINT('',(0.508,0.,3.3401));
#1718 = CARTESIAN_POINT('',(0.6720714016,-1.4820392,3.3401));
#1719 = CARTESIAN_POINT('',(0.6720714016,0.,3.3401));
#1720 = DEFINITIONAL_REPRESENTATION('',(#1721),#1724);
#1721 = B_SPLINE_CURVE_WITH_KNOTS('',1,(#1722,#1723),.UNSPECIFIED.,.F.,
  .F.,(2,2),(0.,1.4732),.PIECEWISE_BEZIER_KNOTS.);
#1722 = CARTESIAN_POINT('',(1.,5.964215E-03));
#1723 = CARTESIAN_POINT('',(1.,1.));
#1724 = ( GEOMETRIC_REPRESENTATION_CONTEXT(2) 
PARAMETRIC_REPRESENTATION_CONTEXT() REPRESENTATION_CONTEXT('2D SPACE',''
  ) );
#1725 = ORIENTED_EDGE('',*,*,#1726,.T.);
#1726 = EDGE_CURVE('',#1707,#1727,#1729,.T.);
#1727 = VERTEX_POINT('',#1728);
#1728 = CARTESIAN_POINT('',(0.508,0.,3.3401));
#1729 = SURFACE_CURVE('',#1730,(#1734),.PCURVE_S1.);
#1730 = LINE('',#1731,#1732);
#1731 = CARTESIAN_POINT('',(0.6720714016,0.,3.3401));
#1732 = VECTOR('',#1733,1.);
#1733 = DIRECTION('',(-1.,0.,0.));
#1734 = PCURVE('',#1715,#1735);
#1735 = DEFINITIONAL_REPRESENTATION('',(#1736),#1739);
#1736 = B_SPLINE_CURVE_WITH_KNOTS('',1,(#1737,#1738),.UNSPECIFIED.,.F.,
  .F.,(2,2),(0.,0.1640714016),.PIECEWISE_BEZIER_KNOTS.);
#1737 = CARTESIAN_POINT('',(1.,1.));
#1738 = CARTESIAN_POINT('',(0.,1.));
#1739 = ( GEOMETRIC_REPRESENTATION_CONTEXT(2) 
PARAMETRIC_REPRESENTATION_CONTEXT() REPRESENTATION_CONTEXT('2D SPACE',''
  ) );
#1740 = ORIENTED_EDGE('',*,*,#1741,.T.);
#1741 = EDGE_CURVE('',#1727,#1742,#1744,.T.);
#1742 = VERTEX_POINT('',#1743);
#1743 = CARTESIAN_POINT('',(0.508,-1.046008756739,3.3401));
#1744 = SURFACE_CURVE('',#1745,(#1749),.PCURVE_S1.);
#1745 = LINE('',#1746,#1747);
#1746 = CARTESIAN_POINT('',(0.508,0.,3.3401));
#1747 = VECTOR('',#1748,1.);
#1748 = DIRECTION('',(0.,-1.,0.));
#1749 = PCURVE('',#1715,#1750);
#1750 = DEFINITIONAL_REPRESENTATION('',(#1751),#1754);
#1751 = B_SPLINE_CURVE_WITH_KNOTS('',1,(#1752,#1753),.UNSPECIFIED.,.F.,
  .F.,(2,2),(0.,1.0460087538),.PIECEWISE_BEZIER_KNOTS.);
#1752 = CARTESIAN_POINT('',(0.,1.));
#1753 = CARTESIAN_POINT('',(0.,0.294209789));
#1754 = ( GEOMETRIC_REPRESENTATION_CONTEXT(2) 
PARAMETRIC_REPRESENTATION_CONTEXT() REPRESENTATION_CONTEXT('2D SPACE',''
  ) );
#1755 = ORIENTED_EDGE('',*,*,#1756,.T.);
#1756 = EDGE_CURVE('',#1742,#1705,#1757,.T.);
#1757 = SURFACE_CURVE('',#1758,(#1762),.PCURVE_S1.);
#1758 = B_SPLINE_CURVE_WITH_KNOTS('',2,(#1759,#1760,#1761),
  .UNSPECIFIED.,.F.,.F.,(3,3),(0.,1.),.PIECEWISE_BEZIER_KNOTS.);
#1759 = CARTESIAN_POINT('',(0.508,-1.046008759678,3.3401));
#1760 = CARTESIAN_POINT('',(0.60089193333,-1.291292620047,3.3401));
#1761 = CARTESIAN_POINT('',(0.6720714016,-1.473199999573,3.3401));
#1762 = PCURVE('',#1715,#1763);
#1763 = DEFINITIONAL_REPRESENTATION('',(#1764),#1768);
#1764 = B_SPLINE_CURVE_WITH_KNOTS('',2,(#1765,#1766,#1767),
  .UNSPECIFIED.,.F.,.F.,(3,3),(0.,1.),.PIECEWISE_BEZIER_KNOTS.);
#1765 = CARTESIAN_POINT('',(0.,0.294209789));
#1766 = CARTESIAN_POINT('',(0.566167732,0.128705489));
#1767 = CARTESIAN_POINT('',(1.,5.964215E-03));
#1768 = ( GEOMETRIC_REPRESENTATION_CONTEXT(2) 
PARAMETRIC_REPRESENTATION_CONTEXT() REPRESENTATION_CONTEXT('2D SPACE',''
  ) );
#1769 = ( GEOMETRIC_REPRESENTATION_CONTEXT(3) 
GLOBAL_UNCERTAINTY_ASSIGNED_CONTEXT((#1773)) 
GLOBAL_UNIT_ASSIGNED_CONTEXT((#1770,#1771,#1772)) REPRESENTATION_CONTEXT
('Context #1','3D Context with UNIT and UNCERTAINTY') );
#1770 = ( LENGTH_UNIT() NAMED_UNIT(*) SI_UNIT(.MILLI.,.METRE.) );
#1771 = ( NAMED_UNIT(*) PLANE_ANGLE_UNIT() SI_UNIT($,.RADIAN.) );
#1772 = ( NAMED_UNIT(*) SI_UNIT($,.STERADIAN.) SOLID_ANGLE_UNIT() );
#1773 = UNCERTAINTY_MEASURE_WITH_UNIT(LENGTH_MEASURE(5.E-06),#1770,
  'distance_accuracy_value','confusion accuracy');
#1774 = PRODUCT_RELATED_PRODUCT_CATEGORY('part',$,(#1694));
#1775 = SHAPE_DEFINITION_REPRESENTATION(#1776,#1782);
#1776 = PRODUCT_DEFINITION_SHAPE('','',#1777);
#1777 = PRODUCT_DEFINITION('design','',#1778,#1781);
#1778 = PRODUCT_DEFINITION_FORMATION('','',#1779);
#1779 = PRODUCT('FACE','FACE','',(#1780));
#1780 = PRODUCT_CONTEXT('',#2,'mechanical');
#1781 = PRODUCT_DEFINITION_CONTEXT('part definition',#2,'design');
#1782 = MANIFOLD_SURFACE_SHAPE_REPRESENTATION('',(#11,#1783),#1854);
#1783 = SHELL_BASED_SURFACE_MODEL('',(#1784));
#1784 = OPEN_SHELL('',(#1785));
#1785 = ADVANCED_FACE('',(#1786),#1800,.T.);
#1786 = FACE_BOUND('',#1787,.T.);
#1787 = EDGE_LOOP('',(#1788,#1810,#1825,#1840));
#1788 = ORIENTED_EDGE('',*,*,#1789,.T.);
#1789 = EDGE_CURVE('',#1790,#1792,#1794,.T.);
#1790 = VERTEX_POINT('',#1791);
#1791 = CARTESIAN_POINT('',(0.508,-1.046008756739,3.7211));
#1792 = VERTEX_POINT('',#1793);
#1793 = CARTESIAN_POINT('',(0.508,0.,3.7211));
#1794 = SURFACE_CURVE('',#1795,(#1799),.PCURVE_S1.);
#1795 = LINE('',#1796,#1797);
#1796 = CARTESIAN_POINT('',(0.508,-1.0460087538,3.7211));
#1797 = VECTOR('',#1798,1.);
#1798 = DIRECTION('',(0.,1.,0.));
#1799 = PCURVE('',#1800,#1805);
#1800 = B_SPLINE_SURFACE_WITH_KNOTS('',1,1,(
    (#1801,#1802)
    ,(#1803,#1804
    )),.UNSPECIFIED.,.F.,.F.,.F.,(2,2),(2,2),(0.,1.),(0.,1.),
  .PIECEWISE_BEZIER_KNOTS.);
#1801 = CARTESIAN_POINT('',(0.6720714016,-1.4820392,3.7211));
#1802 = CARTESIAN_POINT('',(0.6720714016,0.,3.7211));
#1803 = CARTESIAN_POINT('',(0.508,-1.4820392,3.7211));
#1804 = CARTESIAN_POINT('',(0.508,0.,3.7211));
#1805 = DEFINITIONAL_REPRESENTATION('',(#1806),#1809);
#1806 = B_SPLINE_CURVE_WITH_KNOTS('',1,(#1807,#1808),.UNSPECIFIED.,.F.,
  .F.,(2,2),(0.,1.0460087538),.PIECEWISE_BEZIER_KNOTS.);
#1807 = CARTESIAN_POINT('',(1.,0.294209789));
#1808 = CARTESIAN_POINT('',(1.,1.));
#1809 = ( GEOMETRIC_REPRESENTATION_CONTEXT(2) 
PARAMETRIC_REPRESENTATION_CONTEXT() REPRESENTATION_CONTEXT('2D SPACE',''
  ) );
#1810 = ORIENTED_EDGE('',*,*,#1811,.T.);
#1811 = EDGE_CURVE('',#1792,#1812,#1814,.T.);
#1812 = VERTEX_POINT('',#1813);
#1813 = CARTESIAN_POINT('',(0.6720714016,0.,3.7211));
#1814 = SURFACE_CURVE('',#1815,(#1819),.PCURVE_S1.);
#1815 = LINE('',#1816,#1817);
#1816 = CARTESIAN_POINT('',(0.508,0.,3.7211));
#1817 = VECTOR('',#1818,1.);
#1818 = DIRECTION('',(1.,0.,0.));
#1819 = PCURVE('',#1800,#1820);
#1820 = DEFINITIONAL_REPRESENTATION('',(#1821),#1824);
#1821 = B_SPLINE_CURVE_WITH_KNOTS('',1,(#1822,#1823),.UNSPECIFIED.,.F.,
  .F.,(2,2),(0.,0.1640714016),.PIECEWISE_BEZIER_KNOTS.);
#1822 = CARTESIAN_POINT('',(1.,1.));
#1823 = CARTESIAN_POINT('',(0.,1.));
#1824 = ( GEOMETRIC_REPRESENTATION_CONTEXT(2) 
PARAMETRIC_REPRESENTATION_CONTEXT() REPRESENTATION_CONTEXT('2D SPACE',''
  ) );
#1825 = ORIENTED_EDGE('',*,*,#1826,.T.);
#1826 = EDGE_CURVE('',#1812,#1827,#1829,.T.);
#1827 = VERTEX_POINT('',#1828);
#1828 = CARTESIAN_POINT('',(0.6720714016,-1.473199999786,3.7211));
#1829 = SURFACE_CURVE('',#1830,(#1834),.PCURVE_S1.);
#1830 = LINE('',#1831,#1832);
#1831 = CARTESIAN_POINT('',(0.6720714016,0.,3.7211));
#1832 = VECTOR('',#1833,1.);
#1833 = DIRECTION('',(0.,-1.,0.));
#1834 = PCURVE('',#1800,#1835);
#1835 = DEFINITIONAL_REPRESENTATION('',(#1836),#1839);
#1836 = B_SPLINE_CURVE_WITH_KNOTS('',1,(#1837,#1838),.UNSPECIFIED.,.F.,
  .F.,(2,2),(0.,1.4732),.PIECEWISE_BEZIER_KNOTS.);
#1837 = CARTESIAN_POINT('',(0.,1.));
#1838 = CARTESIAN_POINT('',(0.,5.964215E-03));
#1839 = ( GEOMETRIC_REPRESENTATION_CONTEXT(2) 
PARAMETRIC_REPRESENTATION_CONTEXT() REPRESENTATION_CONTEXT('2D SPACE',''
  ) );
#1840 = ORIENTED_EDGE('',*,*,#1841,.T.);
#1841 = EDGE_CURVE('',#1827,#1790,#1842,.T.);
#1842 = SURFACE_CURVE('',#1843,(#1847),.PCURVE_S1.);
#1843 = B_SPLINE_CURVE_WITH_KNOTS('',2,(#1844,#1845,#1846),
  .UNSPECIFIED.,.F.,.F.,(3,3),(0.,1.),.PIECEWISE_BEZIER_KNOTS.);
#1844 = CARTESIAN_POINT('',(0.6720714016,-1.473199999573,3.7211));
#1845 = CARTESIAN_POINT('',(0.60089193333,-1.291292620047,3.7211));
#1846 = CARTESIAN_POINT('',(0.508,-1.046008759678,3.7211));
#1847 = PCURVE('',#1800,#1848);
#1848 = DEFINITIONAL_REPRESENTATION('',(#1849),#1853);
#1849 = B_SPLINE_CURVE_WITH_KNOTS('',2,(#1850,#1851,#1852),
  .UNSPECIFIED.,.F.,.F.,(3,3),(0.,1.),.PIECEWISE_BEZIER_KNOTS.);
#1850 = CARTESIAN_POINT('',(0.,5.964215E-03));
#1851 = CARTESIAN_POINT('',(0.433832268,0.128705489));
#1852 = CARTESIAN_POINT('',(1.,0.294209789));
#1853 = ( GEOMETRIC_REPRESENTATION_CONTEXT(2) 
PARAMETRIC_REPRESENTATION_CONTEXT() REPRESENTATION_CONTEXT('2D SPACE',''
  ) );
#1854 = ( GEOMETRIC_REPRESENTATION_CONTEXT(3) 
GLOBAL_UNCERTAINTY_ASSIGNED_CONTEXT((#1858)) 
GLOBAL_UNIT_ASSIGNED_CONTEXT((#1855,#1856,#1857)) REPRESENTATION_CONTEXT
('Context #1','3D Context with UNIT and UNCERTAINTY') );
#1855 = ( LENGTH_UNIT() NAMED_UNIT(*) SI_UNIT(.MILLI.,.METRE.) );
#1856 = ( NAMED_UNIT(*) PLANE_ANGLE_UNIT() SI_UNIT($,.RADIAN.) );
#1857 = ( NAMED_UNIT(*) SI_UNIT($,.STERADIAN.) SOLID_ANGLE_UNIT() );
#1858 = UNCERTAINTY_MEASURE_WITH_UNIT(LENGTH_MEASURE(5.E-06),#1855,
  'distance_accuracy_value','confusion accuracy');
#1859 = PRODUCT_RELATED_PRODUCT_CATEGORY('part',$,(#1779));
#1860 = SHAPE_DEFINITION_REPRESENTATION(#1861,#1867);
#1861 = PRODUCT_DEFINITION_SHAPE('','',#1862);
#1862 = PRODUCT_DEFINITION('design','',#1863,#1866);
#1863 = PRODUCT_DEFINITION_FORMATION('','',#1864);
#1864 = PRODUCT('FACE','FACE','',(#1865));
#1865 = PRODUCT_CONTEXT('',#2,'mechanical');
#1866 = PRODUCT_DEFINITION_CONTEXT('part definition',#2,'design');
#1867 = MANIFOLD_SURFACE_SHAPE_REPRESENTATION('',(#11,#1868),#1955);
#1868 = SHELL_BASED_SURFACE_MODEL('',(#1869));
#1869 = OPEN_SHELL('',(#1870));
#1870 = ADVANCED_FACE('',(#1871),#1885,.T.);
#1871 = FACE_BOUND('',#1872,.T.);
#1872 = EDGE_LOOP('',(#1873,#1896,#1911,#1926,#1941));
#1873 = ORIENTED_EDGE('',*,*,#1874,.T.);
#1874 = EDGE_CURVE('',#1875,#1877,#1879,.T.);
#1875 = VERTEX_POINT('',#1876);
#1876 = CARTESIAN_POINT('',(0.508,-1.123087217708,3.5306));
#1877 = VERTEX_POINT('',#1878);
#1878 = CARTESIAN_POINT('',(0.508,-1.046008752887,3.3401));
#1879 = SURFACE_CURVE('',#1880,(#1884),.PCURVE_S1.);
#1880 = B_SPLINE_CURVE_WITH_KNOTS('',2,(#1881,#1882,#1883),
  .UNSPECIFIED.,.F.,.F.,(3,3),(0.,1.),.PIECEWISE_BEZIER_KNOTS.);
#1881 = CARTESIAN_POINT('',(0.508,-1.123087217708,3.5306));
#1882 = CARTESIAN_POINT('',(0.508,-1.123087217708,3.437401789013));
#1883 = CARTESIAN_POINT('',(0.508,-1.046008751974,3.3401));
#1884 = PCURVE('',#1885,#1890);
#1885 = B_SPLINE_SURFACE_WITH_KNOTS('',1,1,(
    (#1886,#1887)
    ,(#1888,#1889
    )),.UNSPECIFIED.,.F.,.F.,.F.,(2,2),(2,2),(0.,1.),(0.,1.),
  .PIECEWISE_BEZIER_KNOTS.);
#1886 = CARTESIAN_POINT('',(0.508,-1.1315053824,3.3401));
#1887 = CARTESIAN_POINT('',(0.508,-1.1315053824,3.7211));
#1888 = CARTESIAN_POINT('',(0.508,0.,3.3401));
#1889 = CARTESIAN_POINT('',(0.508,0.,3.7211));
#1890 = DEFINITIONAL_REPRESENTATION('',(#1891),#1895);
#1891 = B_SPLINE_CURVE_WITH_KNOTS('',2,(#1892,#1893,#1894),
  .UNSPECIFIED.,.F.,.F.,(3,3),(0.,1.),.PIECEWISE_BEZIER_KNOTS.);
#1892 = CARTESIAN_POINT('',(7.439792E-03,0.5));
#1893 = CARTESIAN_POINT('',(7.439792E-03,0.255385273));
#1894 = CARTESIAN_POINT('',(7.5560074E-02,0.));
#1895 = ( GEOMETRIC_REPRESENTATION_CONTEXT(2) 
PARAMETRIC_REPRESENTATION_CONTEXT() REPRESENTATION_CONTEXT('2D SPACE',''
  ) );
#1896 = ORIENTED_EDGE('',*,*,#1897,.T.);
#1897 = EDGE_CURVE('',#1877,#1898,#1900,.T.);
#1898 = VERTEX_POINT('',#1899);
#1899 = CARTESIAN_POINT('',(0.508,0.,3.3401));
#1900 = SURFACE_CURVE('',#1901,(#1905),.PCURVE_S1.);
#1901 = LINE('',#1902,#1903);
#1902 = CARTESIAN_POINT('',(0.508,-1.0460087538,3.3401));
#1903 = VECTOR('',#1904,1.);
#1904 = DIRECTION('',(0.,1.,0.));
#1905 = PCURVE('',#1885,#1906);
#1906 = DEFINITIONAL_REPRESENTATION('',(#1907),#1910);
#1907 = B_SPLINE_CURVE_WITH_KNOTS('',1,(#1908,#1909),.UNSPECIFIED.,.F.,
  .F.,(2,2),(0.,1.0460087538),.PIECEWISE_BEZIER_KNOTS.);
#1908 = CARTESIAN_POINT('',(7.5560074E-02,0.));
#1909 = CARTESIAN_POINT('',(1.,0.));
#1910 = ( GEOMETRIC_REPRESENTATION_CONTEXT(2) 
PARAMETRIC_REPRESENTATION_CONTEXT() REPRESENTATION_CONTEXT('2D SPACE',''
  ) );
#1911 = ORIENTED_EDGE('',*,*,#1912,.T.);
#1912 = EDGE_CURVE('',#1898,#1913,#1915,.T.);
#1913 = VERTEX_POINT('',#1914);
#1914 = CARTESIAN_POINT('',(0.508,0.,3.7211));
#1915 = SURFACE_CURVE('',#1916,(#1920),.PCURVE_S1.);
#1916 = LINE('',#1917,#1918);
#1917 = CARTESIAN_POINT('',(0.508,0.,3.3401));
#1918 = VECTOR('',#1919,1.);
#1919 = DIRECTION('',(0.,0.,1.));
#1920 = PCURVE('',#1885,#1921);
#1921 = DEFINITIONAL_REPRESENTATION('',(#1922),#1925);
#1922 = B_SPLINE_CURVE_WITH_KNOTS('',1,(#1923,#1924),.UNSPECIFIED.,.F.,
  .F.,(2,2),(0.,0.381),.PIECEWISE_BEZIER_KNOTS.);
#1923 = CARTESIAN_POINT('',(1.,0.));
#1924 = CARTESIAN_POINT('',(1.,1.));
#1925 = ( GEOMETRIC_REPRESENTATION_CONTEXT(2) 
PARAMETRIC_REPRESENTATION_CONTEXT() REPRESENTATION_CONTEXT('2D SPACE',''
  ) );
#1926 = ORIENTED_EDGE('',*,*,#1927,.T.);
#1927 = EDGE_CURVE('',#1913,#1928,#1930,.T.);
#1928 = VERTEX_POINT('',#1929);
#1929 = CARTESIAN_POINT('',(0.508,-1.046008752887,3.7211));
#1930 = SURFACE_CURVE('',#1931,(#1935),.PCURVE_S1.);
#1931 = LINE('',#1932,#1933);
#1932 = CARTESIAN_POINT('',(0.508,0.,3.7211));
#1933 = VECTOR('',#1934,1.);
#1934 = DIRECTION('',(0.,-1.,0.));
#1935 = PCURVE('',#1885,#1936);
#1936 = DEFINITIONAL_REPRESENTATION('',(#1937),#1940);
#1937 = B_SPLINE_CURVE_WITH_KNOTS('',1,(#1938,#1939),.UNSPECIFIED.,.F.,
  .F.,(2,2),(0.,1.0460087538),.PIECEWISE_BEZIER_KNOTS.);
#1938 = CARTESIAN_POINT('',(1.,1.));
#1939 = CARTESIAN_POINT('',(7.5560074E-02,1.));
#1940 = ( GEOMETRIC_REPRESENTATION_CONTEXT(2) 
PARAMETRIC_REPRESENTATION_CONTEXT() REPRESENTATION_CONTEXT('2D SPACE',''
  ) );
#1941 = ORIENTED_EDGE('',*,*,#1942,.T.);
#1942 = EDGE_CURVE('',#1928,#1875,#1943,.T.);
#1943 = SURFACE_CURVE('',#1944,(#1948),.PCURVE_S1.);
#1944 = B_SPLINE_CURVE_WITH_KNOTS('',2,(#1945,#1946,#1947),
  .UNSPECIFIED.,.F.,.F.,(3,3),(0.,1.),.PIECEWISE_BEZIER_KNOTS.);
#1945 = CARTESIAN_POINT('',(0.508,-1.046008751974,3.7211));
#1946 = CARTESIAN_POINT('',(0.508,-1.123087217708,3.623798210987));
#1947 = CARTESIAN_POINT('',(0.508,-1.123087217708,3.5306));
#1948 = PCURVE('',#1885,#1949);
#1949 = DEFINITIONAL_REPRESENTATION('',(#1950),#1954);
#1950 = B_SPLINE_CURVE_WITH_KNOTS('',2,(#1951,#1952,#1953),
  .UNSPECIFIED.,.F.,.F.,(3,3),(0.,1.),.PIECEWISE_BEZIER_KNOTS.);
#1951 = CARTESIAN_POINT('',(7.5560074E-02,1.));
#1952 = CARTESIAN_POINT('',(7.439792E-03,0.744614727));
#1953 = CARTESIAN_POINT('',(7.439792E-03,0.5));
#1954 = ( GEOMETRIC_REPRESENTATION_CONTEXT(2) 
PARAMETRIC_REPRESENTATION_CONTEXT() REPRESENTATION_CONTEXT('2D SPACE',''
  ) );
#1955 = ( GEOMETRIC_REPRESENTATION_CONTEXT(3) 
GLOBAL_UNCERTAINTY_ASSIGNED_CONTEXT((#1959)) 
GLOBAL_UNIT_ASSIGNED_CONTEXT((#1956,#1957,#1958)) REPRESENTATION_CONTEXT
('Context #1','3D Context with UNIT and UNCERTAINTY') );
#1956 = ( LENGTH_UNIT() NAMED_UNIT(*) SI_UNIT(.MILLI.,.METRE.) );
#1957 = ( NAMED_UNIT(*) PLANE_ANGLE_UNIT() SI_UNIT($,.RADIAN.) );
#1958 = ( NAMED_UNIT(*) SI_UNIT($,.STERADIAN.) SOLID_ANGLE_UNIT() );
#1959 = UNCERTAINTY_MEASURE_WITH_UNIT(LENGTH_MEASURE(5.E-06),#1956,
  'distance_accuracy_value','confusion accuracy');
#1960 = PRODUCT_RELATED_PRODUCT_CATEGORY('part',$,(#1864));
#1961 = SHAPE_DEFINITION_REPRESENTATION(#1962,#1968);
#1962 = PRODUCT_DEFINITION_SHAPE('','',#1963);
#1963 = PRODUCT_DEFINITION('design','',#1964,#1967);
#1964 = PRODUCT_DEFINITION_FORMATION('','',#1965);
#1965 = PRODUCT('FACE','FACE','',(#1966));
#1966 = PRODUCT_CONTEXT('',#2,'mechanical');
#1967 = PRODUCT_DEFINITION_CONTEXT('part definition',#2,'design');
#1968 = MANIFOLD_SURFACE_SHAPE_REPRESENTATION('',(#11,#1969),#2040);
#1969 = SHELL_BASED_SURFACE_MODEL('',(#1970));
#1970 = OPEN_SHELL('',(#1971));
#1971 = ADVANCED_FACE('',(#1972),#1986,.T.);
#1972 = FACE_BOUND('',#1973,.T.);
#1973 = EDGE_LOOP('',(#1974,#1996,#2011,#2026));
#1974 = ORIENTED_EDGE('',*,*,#1975,.T.);
#1975 = EDGE_CURVE('',#1976,#1978,#1980,.T.);
#1976 = VERTEX_POINT('',#1977);
#1977 = CARTESIAN_POINT('',(0.9525,-1.046008756739,2.8956));
#1978 = VERTEX_POINT('',#1979);
#1979 = CARTESIAN_POINT('',(0.9525,0.,2.8956));
#1980 = SURFACE_CURVE('',#1981,(#1985),.PCURVE_S1.);
#1981 = LINE('',#1982,#1983);
#1982 = CARTESIAN_POINT('',(0.9525,-1.0460087538,2.8956));
#1983 = VECTOR('',#1984,1.);
#1984 = DIRECTION('',(0.,1.,0.));
#1985 = PCURVE('',#1986,#1991);
#1986 = B_SPLINE_SURFACE_WITH_KNOTS('',1,1,(
    (#1987,#1988)
    ,(#1989,#1990
    )),.UNSPECIFIED.,.F.,.F.,.F.,(2,2),(2,2),(0.,1.),(0.,1.),
  .PIECEWISE_BEZIER_KNOTS.);
#1987 = CARTESIAN_POINT('',(0.9525,-1.4820392,2.8956));
#1988 = CARTESIAN_POINT('',(0.9525,-1.4820392,3.0596714016));
#1989 = CARTESIAN_POINT('',(0.9525,0.,2.8956));
#1990 = CARTESIAN_POINT('',(0.9525,0.,3.0596714016));
#1991 = DEFINITIONAL_REPRESENTATION('',(#1992),#1995);
#1992 = B_SPLINE_CURVE_WITH_KNOTS('',1,(#1993,#1994),.UNSPECIFIED.,.F.,
  .F.,(2,2),(0.,1.0460087538),.PIECEWISE_BEZIER_KNOTS.);
#1993 = CARTESIAN_POINT('',(0.294209789,0.));
#1994 = CARTESIAN_POINT('',(1.,0.));
#1995 = ( GEOMETRIC_REPRESENTATION_CONTEXT(2) 
PARAMETRIC_REPRESENTATION_CONTEXT() REPRESENTATION_CONTEXT('2D SPACE',''
  ) );
#1996 = ORIENTED_EDGE('',*,*,#1997,.T.);
#1997 = EDGE_CURVE('',#1978,#1998,#2000,.T.);
#1998 = VERTEX_POINT('',#1999);
#1999 = CARTESIAN_POINT('',(0.9525,0.,3.0596714016));
#2000 = SURFACE_CURVE('',#2001,(#2005),.PCURVE_S1.);
#2001 = LINE('',#2002,#2003);
#2002 = CARTESIAN_POINT('',(0.9525,0.,2.8956));
#2003 = VECTOR('',#2004,1.);
#2004 = DIRECTION('',(0.,0.,1.));
#2005 = PCURVE('',#1986,#2006);
#2006 = DEFINITIONAL_REPRESENTATION('',(#2007),#2010);
#2007 = B_SPLINE_CURVE_WITH_KNOTS('',1,(#2008,#2009),.UNSPECIFIED.,.F.,
  .F.,(2,2),(0.,0.1640714016),.PIECEWISE_BEZIER_KNOTS.);
#2008 = CARTESIAN_POINT('',(1.,0.));
#2009 = CARTESIAN_POINT('',(1.,1.));
#2010 = ( GEOMETRIC_REPRESENTATION_CONTEXT(2) 
PARAMETRIC_REPRESENTATION_CONTEXT() REPRESENTATION_CONTEXT('2D SPACE',''
  ) );
#2011 = ORIENTED_EDGE('',*,*,#2012,.T.);
#2012 = EDGE_CURVE('',#1998,#2013,#2015,.T.);
#2013 = VERTEX_POINT('',#2014);
#2014 = CARTESIAN_POINT('',(0.9525,-1.473199999786,3.0596714016));
#2015 = SURFACE_CURVE('',#2016,(#2020),.PCURVE_S1.);
#2016 = LINE('',#2017,#2018);
#2017 = CARTESIAN_POINT('',(0.9525,0.,3.0596714016));
#2018 = VECTOR('',#2019,1.);
#2019 = DIRECTION('',(0.,-1.,0.));
#2020 = PCURVE('',#1986,#2021);
#2021 = DEFINITIONAL_REPRESENTATION('',(#2022),#2025);
#2022 = B_SPLINE_CURVE_WITH_KNOTS('',1,(#2023,#2024),.UNSPECIFIED.,.F.,
  .F.,(2,2),(0.,1.4732),.PIECEWISE_BEZIER_KNOTS.);
#2023 = CARTESIAN_POINT('',(1.,1.));
#2024 = CARTESIAN_POINT('',(5.964215E-03,1.));
#2025 = ( GEOMETRIC_REPRESENTATION_CONTEXT(2) 
PARAMETRIC_REPRESENTATION_CONTEXT() REPRESENTATION_CONTEXT('2D SPACE',''
  ) );
#2026 = ORIENTED_EDGE('',*,*,#2027,.T.);
#2027 = EDGE_CURVE('',#2013,#1976,#2028,.T.);
#2028 = SURFACE_CURVE('',#2029,(#2033),.PCURVE_S1.);
#2029 = B_SPLINE_CURVE_WITH_KNOTS('',2,(#2030,#2031,#2032),
  .UNSPECIFIED.,.F.,.F.,(3,3),(0.,1.),.PIECEWISE_BEZIER_KNOTS.);
#2030 = CARTESIAN_POINT('',(0.9525,-1.473199999573,3.0596714016));
#2031 = CARTESIAN_POINT('',(0.9525,-1.291292620047,2.98849193333));
#2032 = CARTESIAN_POINT('',(0.9525,-1.046008759678,2.8956));
#2033 = PCURVE('',#1986,#2034);
#2034 = DEFINITIONAL_REPRESENTATION('',(#2035),#2039);
#2035 = B_SPLINE_CURVE_WITH_KNOTS('',2,(#2036,#2037,#2038),
  .UNSPECIFIED.,.F.,.F.,(3,3),(0.,1.),.PIECEWISE_BEZIER_KNOTS.);
#2036 = CARTESIAN_POINT('',(5.964215E-03,1.));
#2037 = CARTESIAN_POINT('',(0.128705489,0.566167732));
#2038 = CARTESIAN_POINT('',(0.294209789,0.));
#2039 = ( GEOMETRIC_REPRESENTATION_CONTEXT(2) 
PARAMETRIC_REPRESENTATION_CONTEXT() REPRESENTATION_CONTEXT('2D SPACE',''
  ) );
#2040 = ( GEOMETRIC_REPRESENTATION_CONTEXT(3) 
GLOBAL_UNCERTAINTY_ASSIGNED_CONTEXT((#2044)) 
GLOBAL_UNIT_ASSIGNED_CONTEXT((#2041,#2042,#2043)) REPRESENTATION_CONTEXT
('Context #1','3D Context with UNIT and UNCERTAINTY') );
#2041 = ( LENGTH_UNIT() NAMED_UNIT(*) SI_UNIT(.MILLI.,.METRE.) );
#2042 = ( NAMED_UNIT(*) PLANE_ANGLE_UNIT() SI_UNIT($,.RADIAN.) );
#2043 = ( NAMED_UNIT(*) SI_UNIT($,.STERADIAN.) SOLID_ANGLE_UNIT() );
#2044 = UNCERTAINTY_MEASURE_WITH_UNIT(LENGTH_MEASURE(5.E-06),#2041,
  'distance_accuracy_value','confusion accuracy');
#2045 = PRODUCT_RELATED_PRODUCT_CATEGORY('part',$,(#1965));
#2046 = SHAPE_DEFINITION_REPRESENTATION(#2047,#2053);
#2047 = PRODUCT_DEFINITION_SHAPE('','',#2048);
#2048 = PRODUCT_DEFINITION('design','',#2049,#2052);
#2049 = PRODUCT_DEFINITION_FORMATION('','',#2050);
#2050 = PRODUCT('FACE','FACE','',(#2051));
#2051 = PRODUCT_CONTEXT('',#2,'mechanical');
#2052 = PRODUCT_DEFINITION_CONTEXT('part definition',#2,'design');
#2053 = MANIFOLD_SURFACE_SHAPE_REPRESENTATION('',(#11,#2054),#2125);
#2054 = SHELL_BASED_SURFACE_MODEL('',(#2055));
#2055 = OPEN_SHELL('',(#2056));
#2056 = ADVANCED_FACE('',(#2057),#2071,.T.);
#2057 = FACE_BOUND('',#2058,.T.);
#2058 = EDGE_LOOP('',(#2059,#2081,#2096,#2111));
#2059 = ORIENTED_EDGE('',*,*,#2060,.T.);
#2060 = EDGE_CURVE('',#2061,#2063,#2065,.T.);
#2061 = VERTEX_POINT('',#2062);
#2062 = CARTESIAN_POINT('',(1.3335,-1.473199999786,3.0596714016));
#2063 = VERTEX_POINT('',#2064);
#2064 = CARTESIAN_POINT('',(1.3335,0.,3.0596714016));
#2065 = SURFACE_CURVE('',#2066,(#2070),.PCURVE_S1.);
#2066 = LINE('',#2067,#2068);
#2067 = CARTESIAN_POINT('',(1.3335,-1.4732,3.0596714016));
#2068 = VECTOR('',#2069,1.);
#2069 = DIRECTION('',(0.,1.,0.));
#2070 = PCURVE('',#2071,#2076);
#2071 = B_SPLINE_SURFACE_WITH_KNOTS('',1,1,(
    (#2072,#2073)
    ,(#2074,#2075
    )),.UNSPECIFIED.,.F.,.F.,.F.,(2,2),(2,2),(0.,1.),(0.,1.),
  .PIECEWISE_BEZIER_KNOTS.);
#2072 = CARTESIAN_POINT('',(1.3335,0.,2.8956));
#2073 = CARTESIAN_POINT('',(1.3335,0.,3.0596714016));
#2074 = CARTESIAN_POINT('',(1.3335,-1.4820392,2.8956));
#2075 = CARTESIAN_POINT('',(1.3335,-1.4820392,3.0596714016));
#2076 = DEFINITIONAL_REPRESENTATION('',(#2077),#2080);
#2077 = B_SPLINE_CURVE_WITH_KNOTS('',1,(#2078,#2079),.UNSPECIFIED.,.F.,
  .F.,(2,2),(0.,1.4732),.PIECEWISE_BEZIER_KNOTS.);
#2078 = CARTESIAN_POINT('',(0.994035785,1.));
#2079 = CARTESIAN_POINT('',(0.,1.));
#2080 = ( GEOMETRIC_REPRESENTATION_CONTEXT(2) 
PARAMETRIC_REPRESENTATION_CONTEXT() REPRESENTATION_CONTEXT('2D SPACE',''
  ) );
#2081 = ORIENTED_EDGE('',*,*,#2082,.T.);
#2082 = EDGE_CURVE('',#2063,#2083,#2085,.T.);
#2083 = VERTEX_POINT('',#2084);
#2084 = CARTESIAN_POINT('',(1.3335,0.,2.8956));
#2085 = SURFACE_CURVE('',#2086,(#2090),.PCURVE_S1.);
#2086 = LINE('',#2087,#2088);
#2087 = CARTESIAN_POINT('',(1.3335,0.,3.0596714016));
#2088 = VECTOR('',#2089,1.);
#2089 = DIRECTION('',(0.,0.,-1.));
#2090 = PCURVE('',#2071,#2091);
#2091 = DEFINITIONAL_REPRESENTATION('',(#2092),#2095);
#2092 = B_SPLINE_CURVE_WITH_KNOTS('',1,(#2093,#2094),.UNSPECIFIED.,.F.,
  .F.,(2,2),(0.,0.1640714016),.PIECEWISE_BEZIER_KNOTS.);
#2093 = CARTESIAN_POINT('',(0.,1.));
#2094 = CARTESIAN_POINT('',(0.,0.));
#2095 = ( GEOMETRIC_REPRESENTATION_CONTEXT(2) 
PARAMETRIC_REPRESENTATION_CONTEXT() REPRESENTATION_CONTEXT('2D SPACE',''
  ) );
#2096 = ORIENTED_EDGE('',*,*,#2097,.T.);
#2097 = EDGE_CURVE('',#2083,#2098,#2100,.T.);
#2098 = VERTEX_POINT('',#2099);
#2099 = CARTESIAN_POINT('',(1.3335,-1.046008756739,2.8956));
#2100 = SURFACE_CURVE('',#2101,(#2105),.PCURVE_S1.);
#2101 = LINE('',#2102,#2103);
#2102 = CARTESIAN_POINT('',(1.3335,0.,2.8956));
#2103 = VECTOR('',#2104,1.);
#2104 = DIRECTION('',(0.,-1.,0.));
#2105 = PCURVE('',#2071,#2106);
#2106 = DEFINITIONAL_REPRESENTATION('',(#2107),#2110);
#2107 = B_SPLINE_CURVE_WITH_KNOTS('',1,(#2108,#2109),.UNSPECIFIED.,.F.,
  .F.,(2,2),(0.,1.0460087538),.PIECEWISE_BEZIER_KNOTS.);
#2108 = CARTESIAN_POINT('',(0.,0.));
#2109 = CARTESIAN_POINT('',(0.705790211,0.));
#2110 = ( GEOMETRIC_REPRESENTATION_CONTEXT(2) 
PARAMETRIC_REPRESENTATION_CONTEXT() REPRESENTATION_CONTEXT('2D SPACE',''
  ) );
#2111 = ORIENTED_EDGE('',*,*,#2112,.T.);
#2112 = EDGE_CURVE('',#2098,#2061,#2113,.T.);
#2113 = SURFACE_CURVE('',#2114,(#2118),.PCURVE_S1.);
#2114 = B_SPLINE_CURVE_WITH_KNOTS('',2,(#2115,#2116,#2117),
  .UNSPECIFIED.,.F.,.F.,(3,3),(0.,1.),.PIECEWISE_BEZIER_KNOTS.);
#2115 = CARTESIAN_POINT('',(1.3335,-1.046008759678,2.8956));
#2116 = CARTESIAN_POINT('',(1.3335,-1.291292620047,2.98849193333));
#2117 = CARTESIAN_POINT('',(1.3335,-1.473199999573,3.0596714016));
#2118 = PCURVE('',#2071,#2119);
#2119 = DEFINITIONAL_REPRESENTATION('',(#2120),#2124);
#2120 = B_SPLINE_CURVE_WITH_KNOTS('',2,(#2121,#2122,#2123),
  .UNSPECIFIED.,.F.,.F.,(3,3),(0.,1.),.PIECEWISE_BEZIER_KNOTS.);
#2121 = CARTESIAN_POINT('',(0.705790211,0.));
#2122 = CARTESIAN_POINT('',(0.871294511,0.566167732));
#2123 = CARTESIAN_POINT('',(0.994035785,1.));
#2124 = ( GEOMETRIC_REPRESENTATION_CONTEXT(2) 
PARAMETRIC_REPRESENTATION_CONTEXT() REPRESENTATION_CONTEXT('2D SPACE',''
  ) );
#2125 = ( GEOMETRIC_REPRESENTATION_CONTEXT(3) 
GLOBAL_UNCERTAINTY_ASSIGNED_CONTEXT((#2129)) 
GLOBAL_UNIT_ASSIGNED_CONTEXT((#2126,#2127,#2128)) REPRESENTATION_CONTEXT
('Context #1','3D Context with UNIT and UNCERTAINTY') );
#2126 = ( LENGTH_UNIT() NAMED_UNIT(*) SI_UNIT(.MILLI.,.METRE.) );
#2127 = ( NAMED_UNIT(*) PLANE_ANGLE_UNIT() SI_UNIT($,.RADIAN.) );
#2128 = ( NAMED_UNIT(*) SI_UNIT($,.STERADIAN.) SOLID_ANGLE_UNIT() );
#2129 = UNCERTAINTY_MEASURE_WITH_UNIT(LENGTH_MEASURE(5.E-06),#2126,
  'distance_accuracy_value','confusion accuracy');
#2130 = PRODUCT_RELATED_PRODUCT_CATEGORY('part',$,(#2050));
#2131 = SHAPE_DEFINITION_REPRESENTATION(#2132,#2138);
#2132 = PRODUCT_DEFINITION_SHAPE('','',#2133);
#2133 = PRODUCT_DEFINITION('design','',#2134,#2137);
#2134 = PRODUCT_DEFINITION_FORMATION('','',#2135);
#2135 = PRODUCT('FACE','FACE','',(#2136));
#2136 = PRODUCT_CONTEXT('',#2,'mechanical');
#2137 = PRODUCT_DEFINITION_CONTEXT('part definition',#2,'design');
#2138 = MANIFOLD_SURFACE_SHAPE_REPRESENTATION('',(#11,#2139),#2226);
#2139 = SHELL_BASED_SURFACE_MODEL('',(#2140));
#2140 = OPEN_SHELL('',(#2141));
#2141 = ADVANCED_FACE('',(#2142),#2156,.T.);
#2142 = FACE_BOUND('',#2143,.T.);
#2143 = EDGE_LOOP('',(#2144,#2166,#2181,#2196,#2212));
#2144 = ORIENTED_EDGE('',*,*,#2145,.T.);
#2145 = EDGE_CURVE('',#2146,#2148,#2150,.T.);
#2146 = VERTEX_POINT('',#2147);
#2147 = CARTESIAN_POINT('',(1.3335,-1.046008752887,2.8956));
#2148 = VERTEX_POINT('',#2149);
#2149 = CARTESIAN_POINT('',(1.3335,0.,2.8956));
#2150 = SURFACE_CURVE('',#2151,(#2155),.PCURVE_S1.);
#2151 = LINE('',#2152,#2153);
#2152 = CARTESIAN_POINT('',(1.3335,-1.0460087538,2.8956));
#2153 = VECTOR('',#2154,1.);
#2154 = DIRECTION('',(0.,1.,0.));
#2155 = PCURVE('',#2156,#2161);
#2156 = B_SPLINE_SURFACE_WITH_KNOTS('',1,1,(
    (#2157,#2158)
    ,(#2159,#2160
    )),.UNSPECIFIED.,.F.,.F.,.F.,(2,2),(2,2),(0.,1.),(0.,1.),
  .PIECEWISE_BEZIER_KNOTS.);
#2157 = CARTESIAN_POINT('',(0.9525,-1.1315053824,2.8956));
#2158 = CARTESIAN_POINT('',(0.9525,0.,2.8956));
#2159 = CARTESIAN_POINT('',(1.3335,-1.1315053824,2.8956));
#2160 = CARTESIAN_POINT('',(1.3335,0.,2.8956));
#2161 = DEFINITIONAL_REPRESENTATION('',(#2162),#2165);
#2162 = B_SPLINE_CURVE_WITH_KNOTS('',1,(#2163,#2164),.UNSPECIFIED.,.F.,
  .F.,(2,2),(0.,1.0460087538),.PIECEWISE_BEZIER_KNOTS.);
#2163 = CARTESIAN_POINT('',(1.,7.5560074E-02));
#2164 = CARTESIAN_POINT('',(1.,1.));
#2165 = ( GEOMETRIC_REPRESENTATION_CONTEXT(2) 
PARAMETRIC_REPRESENTATION_CONTEXT() REPRESENTATION_CONTEXT('2D SPACE',''
  ) );
#2166 = ORIENTED_EDGE('',*,*,#2167,.T.);
#2167 = EDGE_CURVE('',#2148,#2168,#2170,.T.);
#2168 = VERTEX_POINT('',#2169);
#2169 = CARTESIAN_POINT('',(0.9525,0.,2.8956));
#2170 = SURFACE_CURVE('',#2171,(#2175),.PCURVE_S1.);
#2171 = LINE('',#2172,#2173);
#2172 = CARTESIAN_POINT('',(1.3335,0.,2.8956));
#2173 = VECTOR('',#2174,1.);
#2174 = DIRECTION('',(-1.,0.,0.));
#2175 = PCURVE('',#2156,#2176);
#2176 = DEFINITIONAL_REPRESENTATION('',(#2177),#2180);
#2177 = B_SPLINE_CURVE_WITH_KNOTS('',1,(#2178,#2179),.UNSPECIFIED.,.F.,
  .F.,(2,2),(0.,0.381),.PIECEWISE_BEZIER_KNOTS.);
#2178 = CARTESIAN_POINT('',(1.,1.));
#2179 = CARTESIAN_POINT('',(0.,1.));
#2180 = ( GEOMETRIC_REPRESENTATION_CONTEXT(2) 
PARAMETRIC_REPRESENTATION_CONTEXT() REPRESENTATION_CONTEXT('2D SPACE',''
  ) );
#2181 = ORIENTED_EDGE('',*,*,#2182,.T.);
#2182 = EDGE_CURVE('',#2168,#2183,#2185,.T.);
#2183 = VERTEX_POINT('',#2184);
#2184 = CARTESIAN_POINT('',(0.9525,-1.046008752887,2.8956));
#2185 = SURFACE_CURVE('',#2186,(#2190),.PCURVE_S1.);
#2186 = LINE('',#2187,#2188);
#2187 = CARTESIAN_POINT('',(0.9525,0.,2.8956));
#2188 = VECTOR('',#2189,1.);
#2189 = DIRECTION('',(0.,-1.,0.));
#2190 = PCURVE('',#2156,#2191);
#2191 = DEFINITIONAL_REPRESENTATION('',(#2192),#2195);
#2192 = B_SPLINE_CURVE_WITH_KNOTS('',1,(#2193,#2194),.UNSPECIFIED.,.F.,
  .F.,(2,2),(0.,1.0460087538),.PIECEWISE_BEZIER_KNOTS.);
#2193 = CARTESIAN_POINT('',(0.,1.));
#2194 = CARTESIAN_POINT('',(0.,7.5560074E-02));
#2195 = ( GEOMETRIC_REPRESENTATION_CONTEXT(2) 
PARAMETRIC_REPRESENTATION_CONTEXT() REPRESENTATION_CONTEXT('2D SPACE',''
  ) );
#2196 = ORIENTED_EDGE('',*,*,#2197,.T.);
#2197 = EDGE_CURVE('',#2183,#2198,#2200,.T.);
#2198 = VERTEX_POINT('',#2199);
#2199 = CARTESIAN_POINT('',(1.142968875348,-1.123087215445,2.8956));
#2200 = SURFACE_CURVE('',#2201,(#2205),.PCURVE_S1.);
#2201 = B_SPLINE_CURVE_WITH_KNOTS('',2,(#2202,#2203,#2204),
  .UNSPECIFIED.,.F.,.F.,(3,3),(0.,0.5),.PIECEWISE_BEZIER_KNOTS.);
#2202 = CARTESIAN_POINT('',(0.9525,-1.046008751974,2.8956));
#2203 = CARTESIAN_POINT('',(1.049785891407,-1.123074624053,2.8956));
#2204 = CARTESIAN_POINT('',(1.142968875348,-1.123087215445,2.8956));
#2205 = PCURVE('',#2156,#2206);
#2206 = DEFINITIONAL_REPRESENTATION('',(#2207),#2211);
#2207 = B_SPLINE_CURVE_WITH_KNOTS('',2,(#2208,#2209,#2210),
  .UNSPECIFIED.,.F.,.F.,(3,3),(0.,0.5),.PIECEWISE_BEZIER_KNOTS.);
#2208 = CARTESIAN_POINT('',(0.,7.5560074E-02));
#2209 = CARTESIAN_POINT('',(0.255343547,7.450922E-03));
#2210 = CARTESIAN_POINT('',(0.499918308,7.439794E-03));
#2211 = ( GEOMETRIC_REPRESENTATION_CONTEXT(2) 
PARAMETRIC_REPRESENTATION_CONTEXT() REPRESENTATION_CONTEXT('2D SPACE',''
  ) );
#2212 = ORIENTED_EDGE('',*,*,#2213,.T.);
#2213 = EDGE_CURVE('',#2198,#2146,#2214,.T.);
#2214 = SURFACE_CURVE('',#2215,(#2219),.PCURVE_S1.);
#2215 = B_SPLINE_CURVE_WITH_KNOTS('',2,(#2216,#2217,#2218),
  .UNSPECIFIED.,.F.,.F.,(3,3),(0.5,1.),.PIECEWISE_BEZIER_KNOTS.);
#2216 = CARTESIAN_POINT('',(1.142968875348,-1.123087215445,2.8956));
#2217 = CARTESIAN_POINT('',(1.236182313381,-1.123099810231,2.8956));
#2218 = CARTESIAN_POINT('',(1.3335,-1.046008751974,2.8956));
#2219 = PCURVE('',#2156,#2220);
#2220 = DEFINITIONAL_REPRESENTATION('',(#2221),#2225);
#2221 = B_SPLINE_CURVE_WITH_KNOTS('',2,(#2222,#2223,#2224),
  .UNSPECIFIED.,.F.,.F.,(3,3),(0.5,1.),.PIECEWISE_BEZIER_KNOTS.);
#2222 = CARTESIAN_POINT('',(0.499918308,7.439794E-03));
#2223 = CARTESIAN_POINT('',(0.744573001,7.428663E-03));
#2224 = CARTESIAN_POINT('',(1.,7.5560074E-02));
#2225 = ( GEOMETRIC_REPRESENTATION_CONTEXT(2) 
PARAMETRIC_REPRESENTATION_CONTEXT() REPRESENTATION_CONTEXT('2D SPACE',''
  ) );
#2226 = ( GEOMETRIC_REPRESENTATION_CONTEXT(3) 
GLOBAL_UNCERTAINTY_ASSIGNED_CONTEXT((#2230)) 
GLOBAL_UNIT_ASSIGNED_CONTEXT((#2227,#2228,#2229)) REPRESENTATION_CONTEXT
('Context #1','3D Context with UNIT and UNCERTAINTY') );
#2227 = ( LENGTH_UNIT() NAMED_UNIT(*) SI_UNIT(.MILLI.,.METRE.) );
#2228 = ( NAMED_UNIT(*) PLANE_ANGLE_UNIT() SI_UNIT($,.RADIAN.) );
#2229 = ( NAMED_UNIT(*) SI_UNIT($,.STERADIAN.) SOLID_ANGLE_UNIT() );
#2230 = UNCERTAINTY_MEASURE_WITH_UNIT(LENGTH_MEASURE(5.E-06),#2227,
  'distance_accuracy_value','confusion accuracy');
#2231 = PRODUCT_RELATED_PRODUCT_CATEGORY('part',$,(#2135));
#2232 = SHAPE_DEFINITION_REPRESENTATION(#2233,#2239);
#2233 = PRODUCT_DEFINITION_SHAPE('','',#2234);
#2234 = PRODUCT_DEFINITION('design','',#2235,#2238);
#2235 = PRODUCT_DEFINITION_FORMATION('','',#2236);
#2236 = PRODUCT('FACE','FACE','',(#2237));
#2237 = PRODUCT_CONTEXT('',#2,'mechanical');
#2238 = PRODUCT_DEFINITION_CONTEXT('part definition',#2,'design');
#2239 = MANIFOLD_SURFACE_SHAPE_REPRESENTATION('',(#11,#2240),#2311);
#2240 = SHELL_BASED_SURFACE_MODEL('',(#2241));
#2241 = OPEN_SHELL('',(#2242));
#2242 = ADVANCED_FACE('',(#2243),#2257,.T.);
#2243 = FACE_BOUND('',#2244,.T.);
#2244 = EDGE_LOOP('',(#2245,#2267,#2282,#2297));
#2245 = ORIENTED_EDGE('',*,*,#2246,.T.);
#2246 = EDGE_CURVE('',#2247,#2249,#2251,.T.);
#2247 = VERTEX_POINT('',#2248);
#2248 = CARTESIAN_POINT('',(1.6139285984,-1.473199999786,3.7211));
#2249 = VERTEX_POINT('',#2250);
#2250 = CARTESIAN_POINT('',(1.6139285984,0.,3.7211));
#2251 = SURFACE_CURVE('',#2252,(#2256),.PCURVE_S1.);
#2252 = LINE('',#2253,#2254);
#2253 = CARTESIAN_POINT('',(1.6139285984,-1.4732,3.7211));
#2254 = VECTOR('',#2255,1.);
#2255 = DIRECTION('',(0.,1.,0.));
#2256 = PCURVE('',#2257,#2262);
#2257 = B_SPLINE_SURFACE_WITH_KNOTS('',1,1,(
    (#2258,#2259)
    ,(#2260,#2261
    )),.UNSPECIFIED.,.F.,.F.,.F.,(2,2),(2,2),(0.,1.),(0.,1.),
  .PIECEWISE_BEZIER_KNOTS.);
#2258 = CARTESIAN_POINT('',(1.778,-1.4820392,3.7211));
#2259 = CARTESIAN_POINT('',(1.778,0.,3.7211));
#2260 = CARTESIAN_POINT('',(1.6139285984,-1.4820392,3.7211));
#2261 = CARTESIAN_POINT('',(1.6139285984,0.,3.7211));
#2262 = DEFINITIONAL_REPRESENTATION('',(#2263),#2266);
#2263 = B_SPLINE_CURVE_WITH_KNOTS('',1,(#2264,#2265),.UNSPECIFIED.,.F.,
  .F.,(2,2),(0.,1.4732),.PIECEWISE_BEZIER_KNOTS.);
#2264 = CARTESIAN_POINT('',(1.,5.964215E-03));
#2265 = CARTESIAN_POINT('',(1.,1.));
#2266 = ( GEOMETRIC_REPRESENTATION_CONTEXT(2) 
PARAMETRIC_REPRESENTATION_CONTEXT() REPRESENTATION_CONTEXT('2D SPACE',''
  ) );
#2267 = ORIENTED_EDGE('',*,*,#2268,.T.);
#2268 = EDGE_CURVE('',#2249,#2269,#2271,.T.);
#2269 = VERTEX_POINT('',#2270);
#2270 = CARTESIAN_POINT('',(1.778,0.,3.7211));
#2271 = SURFACE_CURVE('',#2272,(#2276),.PCURVE_S1.);
#2272 = LINE('',#2273,#2274);
#2273 = CARTESIAN_POINT('',(1.6139285984,0.,3.7211));
#2274 = VECTOR('',#2275,1.);
#2275 = DIRECTION('',(1.,0.,0.));
#2276 = PCURVE('',#2257,#2277);
#2277 = DEFINITIONAL_REPRESENTATION('',(#2278),#2281);
#2278 = B_SPLINE_CURVE_WITH_KNOTS('',1,(#2279,#2280),.UNSPECIFIED.,.F.,
  .F.,(2,2),(0.,0.1640714016),.PIECEWISE_BEZIER_KNOTS.);
#2279 = CARTESIAN_POINT('',(1.,1.));
#2280 = CARTESIAN_POINT('',(0.,1.));
#2281 = ( GEOMETRIC_REPRESENTATION_CONTEXT(2) 
PARAMETRIC_REPRESENTATION_CONTEXT() REPRESENTATION_CONTEXT('2D SPACE',''
  ) );
#2282 = ORIENTED_EDGE('',*,*,#2283,.T.);
#2283 = EDGE_CURVE('',#2269,#2284,#2286,.T.);
#2284 = VERTEX_POINT('',#2285);
#2285 = CARTESIAN_POINT('',(1.778,-1.046008756739,3.7211));
#2286 = SURFACE_CURVE('',#2287,(#2291),.PCURVE_S1.);
#2287 = LINE('',#2288,#2289);
#2288 = CARTESIAN_POINT('',(1.778,0.,3.7211));
#2289 = VECTOR('',#2290,1.);
#2290 = DIRECTION('',(0.,-1.,0.));
#2291 = PCURVE('',#2257,#2292);
#2292 = DEFINITIONAL_REPRESENTATION('',(#2293),#2296);
#2293 = B_SPLINE_CURVE_WITH_KNOTS('',1,(#2294,#2295),.UNSPECIFIED.,.F.,
  .F.,(2,2),(0.,1.0460087538),.PIECEWISE_BEZIER_KNOTS.);
#2294 = CARTESIAN_POINT('',(0.,1.));
#2295 = CARTESIAN_POINT('',(0.,0.294209789));
#2296 = ( GEOMETRIC_REPRESENTATION_CONTEXT(2) 
PARAMETRIC_REPRESENTATION_CONTEXT() REPRESENTATION_CONTEXT('2D SPACE',''
  ) );
#2297 = ORIENTED_EDGE('',*,*,#2298,.T.);
#2298 = EDGE_CURVE('',#2284,#2247,#2299,.T.);
#2299 = SURFACE_CURVE('',#2300,(#2304),.PCURVE_S1.);
#2300 = B_SPLINE_CURVE_WITH_KNOTS('',2,(#2301,#2302,#2303),
  .UNSPECIFIED.,.F.,.F.,(3,3),(0.,1.),.PIECEWISE_BEZIER_KNOTS.);
#2301 = CARTESIAN_POINT('',(1.778,-1.046008759678,3.7211));
#2302 = CARTESIAN_POINT('',(1.68510806667,-1.291292620047,3.7211));
#2303 = CARTESIAN_POINT('',(1.6139285984,-1.473199999573,3.7211));
#2304 = PCURVE('',#2257,#2305);
#2305 = DEFINITIONAL_REPRESENTATION('',(#2306),#2310);
#2306 = B_SPLINE_CURVE_WITH_KNOTS('',2,(#2307,#2308,#2309),
  .UNSPECIFIED.,.F.,.F.,(3,3),(0.,1.),.PIECEWISE_BEZIER_KNOTS.);
#2307 = CARTESIAN_POINT('',(0.,0.294209789));
#2308 = CARTESIAN_POINT('',(0.566167732,0.128705489));
#2309 = CARTESIAN_POINT('',(1.,5.964215E-03));
#2310 = ( GEOMETRIC_REPRESENTATION_CONTEXT(2) 
PARAMETRIC_REPRESENTATION_CONTEXT() REPRESENTATION_CONTEXT('2D SPACE',''
  ) );
#2311 = ( GEOMETRIC_REPRESENTATION_CONTEXT(3) 
GLOBAL_UNCERTAINTY_ASSIGNED_CONTEXT((#2315)) 
GLOBAL_UNIT_ASSIGNED_CONTEXT((#2312,#2313,#2314)) REPRESENTATION_CONTEXT
('Context #1','3D Context with UNIT and UNCERTAINTY') );
#2312 = ( LENGTH_UNIT() NAMED_UNIT(*) SI_UNIT(.MILLI.,.METRE.) );
#2313 = ( NAMED_UNIT(*) PLANE_ANGLE_UNIT() SI_UNIT($,.RADIAN.) );
#2314 = ( NAMED_UNIT(*) SI_UNIT($,.STERADIAN.) SOLID_ANGLE_UNIT() );
#2315 = UNCERTAINTY_MEASURE_WITH_UNIT(LENGTH_MEASURE(5.E-06),#2312,
  'distance_accuracy_value','confusion accuracy');
#2316 = PRODUCT_RELATED_PRODUCT_CATEGORY('part',$,(#2236));
#2317 = SHAPE_DEFINITION_REPRESENTATION(#2318,#2324);
#2318 = PRODUCT_DEFINITION_SHAPE('','',#2319);
#2319 = PRODUCT_DEFINITION('design','',#2320,#2323);
#2320 = PRODUCT_DEFINITION_FORMATION('','',#2321);
#2321 = PRODUCT('FACE','FACE','',(#2322));
#2322 = PRODUCT_CONTEXT('',#2,'mechanical');
#2323 = PRODUCT_DEFINITION_CONTEXT('part definition',#2,'design');
#2324 = MANIFOLD_SURFACE_SHAPE_REPRESENTATION('',(#11,#2325),#2396);
#2325 = SHELL_BASED_SURFACE_MODEL('',(#2326));
#2326 = OPEN_SHELL('',(#2327));
#2327 = ADVANCED_FACE('',(#2328),#2342,.T.);
#2328 = FACE_BOUND('',#2329,.T.);
#2329 = EDGE_LOOP('',(#2330,#2352,#2367,#2382));
#2330 = ORIENTED_EDGE('',*,*,#2331,.T.);
#2331 = EDGE_CURVE('',#2332,#2334,#2336,.T.);
#2332 = VERTEX_POINT('',#2333);
#2333 = CARTESIAN_POINT('',(1.778,-1.046008756739,3.3401));
#2334 = VERTEX_POINT('',#2335);
#2335 = CARTESIAN_POINT('',(1.778,0.,3.3401));
#2336 = SURFACE_CURVE('',#2337,(#2341),.PCURVE_S1.);
#2337 = LINE('',#2338,#2339);
#2338 = CARTESIAN_POINT('',(1.778,-1.0460087538,3.3401));
#2339 = VECTOR('',#2340,1.);
#2340 = DIRECTION('',(0.,1.,0.));
#2341 = PCURVE('',#2342,#2347);
#2342 = B_SPLINE_SURFACE_WITH_KNOTS('',1,1,(
    (#2343,#2344)
    ,(#2345,#2346
    )),.UNSPECIFIED.,.F.,.F.,.F.,(2,2),(2,2),(0.,1.),(0.,1.),
  .PIECEWISE_BEZIER_KNOTS.);
#2343 = CARTESIAN_POINT('',(1.6139285984,-1.4820392,3.3401));
#2344 = CARTESIAN_POINT('',(1.6139285984,0.,3.3401));
#2345 = CARTESIAN_POINT('',(1.778,-1.4820392,3.3401));
#2346 = CARTESIAN_POINT('',(1.778,0.,3.3401));
#2347 = DEFINITIONAL_REPRESENTATION('',(#2348),#2351);
#2348 = B_SPLINE_CURVE_WITH_KNOTS('',1,(#2349,#2350),.UNSPECIFIED.,.F.,
  .F.,(2,2),(0.,1.0460087538),.PIECEWISE_BEZIER_KNOTS.);
#2349 = CARTESIAN_POINT('',(1.,0.294209789));
#2350 = CARTESIAN_POINT('',(1.,1.));
#2351 = ( GEOMETRIC_REPRESENTATION_CONTEXT(2) 
PARAMETRIC_REPRESENTATION_CONTEXT() REPRESENTATION_CONTEXT('2D SPACE',''
  ) );
#2352 = ORIENTED_EDGE('',*,*,#2353,.T.);
#2353 = EDGE_CURVE('',#2334,#2354,#2356,.T.);
#2354 = VERTEX_POINT('',#2355);
#2355 = CARTESIAN_POINT('',(1.6139285984,0.,3.3401));
#2356 = SURFACE_CURVE('',#2357,(#2361),.PCURVE_S1.);
#2357 = LINE('',#2358,#2359);
#2358 = CARTESIAN_POINT('',(1.778,0.,3.3401));
#2359 = VECTOR('',#2360,1.);
#2360 = DIRECTION('',(-1.,0.,0.));
#2361 = PCURVE('',#2342,#2362);
#2362 = DEFINITIONAL_REPRESENTATION('',(#2363),#2366);
#2363 = B_SPLINE_CURVE_WITH_KNOTS('',1,(#2364,#2365),.UNSPECIFIED.,.F.,
  .F.,(2,2),(0.,0.1640714016),.PIECEWISE_BEZIER_KNOTS.);
#2364 = CARTESIAN_POINT('',(1.,1.));
#2365 = CARTESIAN_POINT('',(0.,1.));
#2366 = ( GEOMETRIC_REPRESENTATION_CONTEXT(2) 
PARAMETRIC_REPRESENTATION_CONTEXT() REPRESENTATION_CONTEXT('2D SPACE',''
  ) );
#2367 = ORIENTED_EDGE('',*,*,#2368,.T.);
#2368 = EDGE_CURVE('',#2354,#2369,#2371,.T.);
#2369 = VERTEX_POINT('',#2370);
#2370 = CARTESIAN_POINT('',(1.6139285984,-1.473199999786,3.3401));
#2371 = SURFACE_CURVE('',#2372,(#2376),.PCURVE_S1.);
#2372 = LINE('',#2373,#2374);
#2373 = CARTESIAN_POINT('',(1.6139285984,0.,3.3401));
#2374 = VECTOR('',#2375,1.);
#2375 = DIRECTION('',(0.,-1.,0.));
#2376 = PCURVE('',#2342,#2377);
#2377 = DEFINITIONAL_REPRESENTATION('',(#2378),#2381);
#2378 = B_SPLINE_CURVE_WITH_KNOTS('',1,(#2379,#2380),.UNSPECIFIED.,.F.,
  .F.,(2,2),(0.,1.4732),.PIECEWISE_BEZIER_KNOTS.);
#2379 = CARTESIAN_POINT('',(0.,1.));
#2380 = CARTESIAN_POINT('',(0.,5.964215E-03));
#2381 = ( GEOMETRIC_REPRESENTATION_CONTEXT(2) 
PARAMETRIC_REPRESENTATION_CONTEXT() REPRESENTATION_CONTEXT('2D SPACE',''
  ) );
#2382 = ORIENTED_EDGE('',*,*,#2383,.T.);
#2383 = EDGE_CURVE('',#2369,#2332,#2384,.T.);
#2384 = SURFACE_CURVE('',#2385,(#2389),.PCURVE_S1.);
#2385 = B_SPLINE_CURVE_WITH_KNOTS('',2,(#2386,#2387,#2388),
  .UNSPECIFIED.,.F.,.F.,(3,3),(0.,1.),.PIECEWISE_BEZIER_KNOTS.);
#2386 = CARTESIAN_POINT('',(1.6139285984,-1.473199999573,3.3401));
#2387 = CARTESIAN_POINT('',(1.68510806667,-1.291292620047,3.3401));
#2388 = CARTESIAN_POINT('',(1.778,-1.046008759678,3.3401));
#2389 = PCURVE('',#2342,#2390);
#2390 = DEFINITIONAL_REPRESENTATION('',(#2391),#2395);
#2391 = B_SPLINE_CURVE_WITH_KNOTS('',2,(#2392,#2393,#2394),
  .UNSPECIFIED.,.F.,.F.,(3,3),(0.,1.),.PIECEWISE_BEZIER_KNOTS.);
#2392 = CARTESIAN_POINT('',(0.,5.964215E-03));
#2393 = CARTESIAN_POINT('',(0.433832268,0.128705489));
#2394 = CARTESIAN_POINT('',(1.,0.294209789));
#2395 = ( GEOMETRIC_REPRESENTATION_CONTEXT(2) 
PARAMETRIC_REPRESENTATION_CONTEXT() REPRESENTATION_CONTEXT('2D SPACE',''
  ) );
#2396 = ( GEOMETRIC_REPRESENTATION_CONTEXT(3) 
GLOBAL_UNCERTAINTY_ASSIGNED_CONTEXT((#2400)) 
GLOBAL_UNIT_ASSIGNED_CONTEXT((#2397,#2398,#2399)) REPRESENTATION_CONTEXT
('Context #1','3D Context with UNIT and UNCERTAINTY') );
#2397 = ( LENGTH_UNIT() NAMED_UNIT(*) SI_UNIT(.MILLI.,.METRE.) );
#2398 = ( NAMED_UNIT(*) PLANE_ANGLE_UNIT() SI_UNIT($,.RADIAN.) );
#2399 = ( NAMED_UNIT(*) SI_UNIT($,.STERADIAN.) SOLID_ANGLE_UNIT() );
#2400 = UNCERTAINTY_MEASURE_WITH_UNIT(LENGTH_MEASURE(5.E-06),#2397,
  'distance_accuracy_value','confusion accuracy');
#2401 = PRODUCT_RELATED_PRODUCT_CATEGORY('part',$,(#2321));
#2402 = SHAPE_DEFINITION_REPRESENTATION(#2403,#2409);
#2403 = PRODUCT_DEFINITION_SHAPE('','',#2404);
#2404 = PRODUCT_DEFINITION('design','',#2405,#2408);
#2405 = PRODUCT_DEFINITION_FORMATION('','',#2406);
#2406 = PRODUCT('FACE','FACE','',(#2407));
#2407 = PRODUCT_CONTEXT('',#2,'mechanical');
#2408 = PRODUCT_DEFINITION_CONTEXT('part definition',#2,'design');
#2409 = MANIFOLD_SURFACE_SHAPE_REPRESENTATION('',(#11,#2410),#2497);
#2410 = SHELL_BASED_SURFACE_MODEL('',(#2411));
#2411 = OPEN_SHELL('',(#2412));
#2412 = ADVANCED_FACE('',(#2413),#2427,.T.);
#2413 = FACE_BOUND('',#2414,.T.);
#2414 = EDGE_LOOP('',(#2415,#2437,#2452,#2467,#2483));
#2415 = ORIENTED_EDGE('',*,*,#2416,.T.);
#2416 = EDGE_CURVE('',#2417,#2419,#2421,.T.);
#2417 = VERTEX_POINT('',#2418);
#2418 = CARTESIAN_POINT('',(1.778,-1.046008752887,3.7211));
#2419 = VERTEX_POINT('',#2420);
#2420 = CARTESIAN_POINT('',(1.778,0.,3.7211));
#2421 = SURFACE_CURVE('',#2422,(#2426),.PCURVE_S1.);
#2422 = LINE('',#2423,#2424);
#2423 = CARTESIAN_POINT('',(1.778,-1.0460087538,3.7211));
#2424 = VECTOR('',#2425,1.);
#2425 = DIRECTION('',(0.,1.,0.));
#2426 = PCURVE('',#2427,#2432);
#2427 = B_SPLINE_SURFACE_WITH_KNOTS('',1,1,(
    (#2428,#2429)
    ,(#2430,#2431
    )),.UNSPECIFIED.,.F.,.F.,.F.,(2,2),(2,2),(0.,1.),(0.,1.),
  .PIECEWISE_BEZIER_KNOTS.);
#2428 = CARTESIAN_POINT('',(1.778,0.,3.3401));
#2429 = CARTESIAN_POINT('',(1.778,0.,3.7211));
#2430 = CARTESIAN_POINT('',(1.778,-1.1315053824,3.3401));
#2431 = CARTESIAN_POINT('',(1.778,-1.1315053824,3.7211));
#2432 = DEFINITIONAL_REPRESENTATION('',(#2433),#2436);
#2433 = B_SPLINE_CURVE_WITH_KNOTS('',1,(#2434,#2435),.UNSPECIFIED.,.F.,
  .F.,(2,2),(0.,1.0460087538),.PIECEWISE_BEZIER_KNOTS.);
#2434 = CARTESIAN_POINT('',(0.924439926,1.));
#2435 = CARTESIAN_POINT('',(0.,1.));
#2436 = ( GEOMETRIC_REPRESENTATION_CONTEXT(2) 
PARAMETRIC_REPRESENTATION_CONTEXT() REPRESENTATION_CONTEXT('2D SPACE',''
  ) );
#2437 = ORIENTED_EDGE('',*,*,#2438,.T.);
#2438 = EDGE_CURVE('',#2419,#2439,#2441,.T.);
#2439 = VERTEX_POINT('',#2440);
#2440 = CARTESIAN_POINT('',(1.778,0.,3.3401));
#2441 = SURFACE_CURVE('',#2442,(#2446),.PCURVE_S1.);
#2442 = LINE('',#2443,#2444);
#2443 = CARTESIAN_POINT('',(1.778,0.,3.7211));
#2444 = VECTOR('',#2445,1.);
#2445 = DIRECTION('',(0.,0.,-1.));
#2446 = PCURVE('',#2427,#2447);
#2447 = DEFINITIONAL_REPRESENTATION('',(#2448),#2451);
#2448 = B_SPLINE_CURVE_WITH_KNOTS('',1,(#2449,#2450),.UNSPECIFIED.,.F.,
  .F.,(2,2),(0.,0.381),.PIECEWISE_BEZIER_KNOTS.);
#2449 = CARTESIAN_POINT('',(0.,1.));
#2450 = CARTESIAN_POINT('',(0.,0.));
#2451 = ( GEOMETRIC_REPRESENTATION_CONTEXT(2) 
PARAMETRIC_REPRESENTATION_CONTEXT() REPRESENTATION_CONTEXT('2D SPACE',''
  ) );
#2452 = ORIENTED_EDGE('',*,*,#2453,.T.);
#2453 = EDGE_CURVE('',#2439,#2454,#2456,.T.);
#2454 = VERTEX_POINT('',#2455);
#2455 = CARTESIAN_POINT('',(1.778,-1.046008752887,3.3401));
#2456 = SURFACE_CURVE('',#2457,(#2461),.PCURVE_S1.);
#2457 = LINE('',#2458,#2459);
#2458 = CARTESIAN_POINT('',(1.778,0.,3.3401));
#2459 = VECTOR('',#2460,1.);
#2460 = DIRECTION('',(0.,-1.,0.));
#2461 = PCURVE('',#2427,#2462);
#2462 = DEFINITIONAL_REPRESENTATION('',(#2463),#2466);
#2463 = B_SPLINE_CURVE_WITH_KNOTS('',1,(#2464,#2465),.UNSPECIFIED.,.F.,
  .F.,(2,2),(0.,1.0460087538),.PIECEWISE_BEZIER_KNOTS.);
#2464 = CARTESIAN_POINT('',(0.,0.));
#2465 = CARTESIAN_POINT('',(0.924439926,0.));
#2466 = ( GEOMETRIC_REPRESENTATION_CONTEXT(2) 
PARAMETRIC_REPRESENTATION_CONTEXT() REPRESENTATION_CONTEXT('2D SPACE',''
  ) );
#2467 = ORIENTED_EDGE('',*,*,#2468,.T.);
#2468 = EDGE_CURVE('',#2454,#2469,#2471,.T.);
#2469 = VERTEX_POINT('',#2470);
#2470 = CARTESIAN_POINT('',(1.778,-1.123087215445,3.530568875348));
#2471 = SURFACE_CURVE('',#2472,(#2476),.PCURVE_S1.);
#2472 = B_SPLINE_CURVE_WITH_KNOTS('',2,(#2473,#2474,#2475),
  .UNSPECIFIED.,.F.,.F.,(3,3),(0.,0.5),.PIECEWISE_BEZIER_KNOTS.);
#2473 = CARTESIAN_POINT('',(1.778,-1.046008751974,3.3401));
#2474 = CARTESIAN_POINT('',(1.778,-1.123074624053,3.437385891407));
#2475 = CARTESIAN_POINT('',(1.778,-1.123087215445,3.530568875348));
#2476 = PCURVE('',#2427,#2477);
#2477 = DEFINITIONAL_REPRESENTATION('',(#2478),#2482);
#2478 = B_SPLINE_CURVE_WITH_KNOTS('',2,(#2479,#2480,#2481),
  .UNSPECIFIED.,.F.,.F.,(3,3),(0.,0.5),.PIECEWISE_BEZIER_KNOTS.);
#2479 = CARTESIAN_POINT('',(0.924439926,0.));
#2480 = CARTESIAN_POINT('',(0.992549078,0.255343547));
#2481 = CARTESIAN_POINT('',(0.992560206,0.499918308));
#2482 = ( GEOMETRIC_REPRESENTATION_CONTEXT(2) 
PARAMETRIC_REPRESENTATION_CONTEXT() REPRESENTATION_CONTEXT('2D SPACE',''
  ) );
#2483 = ORIENTED_EDGE('',*,*,#2484,.T.);
#2484 = EDGE_CURVE('',#2469,#2417,#2485,.T.);
#2485 = SURFACE_CURVE('',#2486,(#2490),.PCURVE_S1.);
#2486 = B_SPLINE_CURVE_WITH_KNOTS('',2,(#2487,#2488,#2489),
  .UNSPECIFIED.,.F.,.F.,(3,3),(0.5,1.),.PIECEWISE_BEZIER_KNOTS.);
#2487 = CARTESIAN_POINT('',(1.778,-1.123087215445,3.530568875348));
#2488 = CARTESIAN_POINT('',(1.778,-1.123099810231,3.623782313381));
#2489 = CARTESIAN_POINT('',(1.778,-1.046008751974,3.7211));
#2490 = PCURVE('',#2427,#2491);
#2491 = DEFINITIONAL_REPRESENTATION('',(#2492),#2496);
#2492 = B_SPLINE_CURVE_WITH_KNOTS('',2,(#2493,#2494,#2495),
  .UNSPECIFIED.,.F.,.F.,(3,3),(0.5,1.),.PIECEWISE_BEZIER_KNOTS.);
#2493 = CARTESIAN_POINT('',(0.992560206,0.499918308));
#2494 = CARTESIAN_POINT('',(0.992571337,0.744573001));
#2495 = CARTESIAN_POINT('',(0.924439926,1.));
#2496 = ( GEOMETRIC_REPRESENTATION_CONTEXT(2) 
PARAMETRIC_REPRESENTATION_CONTEXT() REPRESENTATION_CONTEXT('2D SPACE',''
  ) );
#2497 = ( GEOMETRIC_REPRESENTATION_CONTEXT(3) 
GLOBAL_UNCERTAINTY_ASSIGNED_CONTEXT((#2501)) 
GLOBAL_UNIT_ASSIGNED_CONTEXT((#2498,#2499,#2500)) REPRESENTATION_CONTEXT
('Context #1','3D Context with UNIT and UNCERTAINTY') );
#2498 = ( LENGTH_UNIT() NAMED_UNIT(*) SI_UNIT(.MILLI.,.METRE.) );
#2499 = ( NAMED_UNIT(*) PLANE_ANGLE_UNIT() SI_UNIT($,.RADIAN.) );
#2500 = ( NAMED_UNIT(*) SI_UNIT($,.STERADIAN.) SOLID_ANGLE_UNIT() );
#2501 = UNCERTAINTY_MEASURE_WITH_UNIT(LENGTH_MEASURE(5.E-06),#2498,
  'distance_accuracy_value','confusion accuracy');
#2502 = PRODUCT_RELATED_PRODUCT_CATEGORY('part',$,(#2406));
#2503 = SHAPE_DEFINITION_REPRESENTATION(#2504,#2510);
#2504 = PRODUCT_DEFINITION_SHAPE('','',#2505);
#2505 = PRODUCT_DEFINITION('design','',#2506,#2509);
#2506 = PRODUCT_DEFINITION_FORMATION('','',#2507);
#2507 = PRODUCT('FACE','FACE','',(#2508));
#2508 = PRODUCT_CONTEXT('',#2,'mechanical');
#2509 = PRODUCT_DEFINITION_CONTEXT('part definition',#2,'design');
#2510 = MANIFOLD_SURFACE_SHAPE_REPRESENTATION('',(#11,#2511),#2582);
#2511 = SHELL_BASED_SURFACE_MODEL('',(#2512));
#2512 = OPEN_SHELL('',(#2513));
#2513 = ADVANCED_FACE('',(#2514),#2528,.T.);
#2514 = FACE_BOUND('',#2515,.T.);
#2515 = EDGE_LOOP('',(#2516,#2538,#2553,#2568));
#2516 = ORIENTED_EDGE('',*,*,#2517,.T.);
#2517 = EDGE_CURVE('',#2518,#2520,#2522,.T.);
#2518 = VERTEX_POINT('',#2519);
#2519 = CARTESIAN_POINT('',(1.3335,-1.046008756739,4.1656));
#2520 = VERTEX_POINT('',#2521);
#2521 = CARTESIAN_POINT('',(1.3335,0.,4.1656));
#2522 = SURFACE_CURVE('',#2523,(#2527),.PCURVE_S1.);
#2523 = LINE('',#2524,#2525);
#2524 = CARTESIAN_POINT('',(1.3335,-1.0460087538,4.1656));
#2525 = VECTOR('',#2526,1.);
#2526 = DIRECTION('',(0.,1.,0.));
#2527 = PCURVE('',#2528,#2533);
#2528 = B_SPLINE_SURFACE_WITH_KNOTS('',1,1,(
    (#2529,#2530)
    ,(#2531,#2532
    )),.UNSPECIFIED.,.F.,.F.,.F.,(2,2),(2,2),(0.,1.),(0.,1.),
  .PIECEWISE_BEZIER_KNOTS.);
#2529 = CARTESIAN_POINT('',(1.3335,0.,4.0015285984));
#2530 = CARTESIAN_POINT('',(1.3335,0.,4.1656));
#2531 = CARTESIAN_POINT('',(1.3335,-1.4820392,4.0015285984));
#2532 = CARTESIAN_POINT('',(1.3335,-1.4820392,4.1656));
#2533 = DEFINITIONAL_REPRESENTATION('',(#2534),#2537);
#2534 = B_SPLINE_CURVE_WITH_KNOTS('',1,(#2535,#2536),.UNSPECIFIED.,.F.,
  .F.,(2,2),(0.,1.0460087538),.PIECEWISE_BEZIER_KNOTS.);
#2535 = CARTESIAN_POINT('',(0.705790211,1.));
#2536 = CARTESIAN_POINT('',(0.,1.));
#2537 = ( GEOMETRIC_REPRESENTATION_CONTEXT(2) 
PARAMETRIC_REPRESENTATION_CONTEXT() REPRESENTATION_CONTEXT('2D SPACE',''
  ) );
#2538 = ORIENTED_EDGE('',*,*,#2539,.T.);
#2539 = EDGE_CURVE('',#2520,#2540,#2542,.T.);
#2540 = VERTEX_POINT('',#2541);
#2541 = CARTESIAN_POINT('',(1.3335,0.,4.0015285984));
#2542 = SURFACE_CURVE('',#2543,(#2547),.PCURVE_S1.);
#2543 = LINE('',#2544,#2545);
#2544 = CARTESIAN_POINT('',(1.3335,0.,4.1656));
#2545 = VECTOR('',#2546,1.);
#2546 = DIRECTION('',(0.,0.,-1.));
#2547 = PCURVE('',#2528,#2548);
#2548 = DEFINITIONAL_REPRESENTATION('',(#2549),#2552);
#2549 = B_SPLINE_CURVE_WITH_KNOTS('',1,(#2550,#2551),.UNSPECIFIED.,.F.,
  .F.,(2,2),(0.,0.1640714016),.PIECEWISE_BEZIER_KNOTS.);
#2550 = CARTESIAN_POINT('',(0.,1.));
#2551 = CARTESIAN_POINT('',(0.,0.));
#2552 = ( GEOMETRIC_REPRESENTATION_CONTEXT(2) 
PARAMETRIC_REPRESENTATION_CONTEXT() REPRESENTATION_CONTEXT('2D SPACE',''
  ) );
#2553 = ORIENTED_EDGE('',*,*,#2554,.T.);
#2554 = EDGE_CURVE('',#2540,#2555,#2557,.T.);
#2555 = VERTEX_POINT('',#2556);
#2556 = CARTESIAN_POINT('',(1.3335,-1.473199999786,4.0015285984));
#2557 = SURFACE_CURVE('',#2558,(#2562),.PCURVE_S1.);
#2558 = LINE('',#2559,#2560);
#2559 = CARTESIAN_POINT('',(1.3335,0.,4.0015285984));
#2560 = VECTOR('',#2561,1.);
#2561 = DIRECTION('',(0.,-1.,0.));
#2562 = PCURVE('',#2528,#2563);
#2563 = DEFINITIONAL_REPRESENTATION('',(#2564),#2567);
#2564 = B_SPLINE_CURVE_WITH_KNOTS('',1,(#2565,#2566),.UNSPECIFIED.,.F.,
  .F.,(2,2),(0.,1.4732),.PIECEWISE_BEZIER_KNOTS.);
#2565 = CARTESIAN_POINT('',(0.,0.));
#2566 = CARTESIAN_POINT('',(0.994035785,0.));
#2567 = ( GEOMETRIC_REPRESENTATION_CONTEXT(2) 
PARAMETRIC_REPRESENTATION_CONTEXT() REPRESENTATION_CONTEXT('2D SPACE',''
  ) );
#2568 = ORIENTED_EDGE('',*,*,#2569,.T.);
#2569 = EDGE_CURVE('',#2555,#2518,#2570,.T.);
#2570 = SURFACE_CURVE('',#2571,(#2575),.PCURVE_S1.);
#2571 = B_SPLINE_CURVE_WITH_KNOTS('',2,(#2572,#2573,#2574),
  .UNSPECIFIED.,.F.,.F.,(3,3),(0.,1.),.PIECEWISE_BEZIER_KNOTS.);
#2572 = CARTESIAN_POINT('',(1.3335,-1.473199999573,4.0015285984));
#2573 = CARTESIAN_POINT('',(1.3335,-1.291292620047,4.07270806667));
#2574 = CARTESIAN_POINT('',(1.3335,-1.046008759678,4.1656));
#2575 = PCURVE('',#2528,#2576);
#2576 = DEFINITIONAL_REPRESENTATION('',(#2577),#2581);
#2577 = B_SPLINE_CURVE_WITH_KNOTS('',2,(#2578,#2579,#2580),
  .UNSPECIFIED.,.F.,.F.,(3,3),(0.,1.),.PIECEWISE_BEZIER_KNOTS.);
#2578 = CARTESIAN_POINT('',(0.994035785,0.));
#2579 = CARTESIAN_POINT('',(0.871294511,0.433832268));
#2580 = CARTESIAN_POINT('',(0.705790211,1.));
#2581 = ( GEOMETRIC_REPRESENTATION_CONTEXT(2) 
PARAMETRIC_REPRESENTATION_CONTEXT() REPRESENTATION_CONTEXT('2D SPACE',''
  ) );
#2582 = ( GEOMETRIC_REPRESENTATION_CONTEXT(3) 
GLOBAL_UNCERTAINTY_ASSIGNED_CONTEXT((#2586)) 
GLOBAL_UNIT_ASSIGNED_CONTEXT((#2583,#2584,#2585)) REPRESENTATION_CONTEXT
('Context #1','3D Context with UNIT and UNCERTAINTY') );
#2583 = ( LENGTH_UNIT() NAMED_UNIT(*) SI_UNIT(.MILLI.,.METRE.) );
#2584 = ( NAMED_UNIT(*) PLANE_ANGLE_UNIT() SI_UNIT($,.RADIAN.) );
#2585 = ( NAMED_UNIT(*) SI_UNIT($,.STERADIAN.) SOLID_ANGLE_UNIT() );
#2586 = UNCERTAINTY_MEASURE_WITH_UNIT(LENGTH_MEASURE(5.E-06),#2583,
  'distance_accuracy_value','confusion accuracy');
#2587 = PRODUCT_RELATED_PRODUCT_CATEGORY('part',$,(#2507));
#2588 = SHAPE_DEFINITION_REPRESENTATION(#2589,#2595);
#2589 = PRODUCT_DEFINITION_SHAPE('','',#2590);
#2590 = PRODUCT_DEFINITION('design','',#2591,#2594);
#2591 = PRODUCT_DEFINITION_FORMATION('','',#2592);
#2592 = PRODUCT('FACE','FACE','',(#2593));
#2593 = PRODUCT_CONTEXT('',#2,'mechanical');
#2594 = PRODUCT_DEFINITION_CONTEXT('part definition',#2,'design');
#2595 = MANIFOLD_SURFACE_SHAPE_REPRESENTATION('',(#11,#2596),#2667);
#2596 = SHELL_BASED_SURFACE_MODEL('',(#2597));
#2597 = OPEN_SHELL('',(#2598));
#2598 = ADVANCED_FACE('',(#2599),#2613,.T.);
#2599 = FACE_BOUND('',#2600,.T.);
#2600 = EDGE_LOOP('',(#2601,#2623,#2638,#2653));
#2601 = ORIENTED_EDGE('',*,*,#2602,.T.);
#2602 = EDGE_CURVE('',#2603,#2605,#2607,.T.);
#2603 = VERTEX_POINT('',#2604);
#2604 = CARTESIAN_POINT('',(0.9525,-1.473199999786,4.0015285984));
#2605 = VERTEX_POINT('',#2606);
#2606 = CARTESIAN_POINT('',(0.9525,0.,4.0015285984));
#2607 = SURFACE_CURVE('',#2608,(#2612),.PCURVE_S1.);
#2608 = LINE('',#2609,#2610);
#2609 = CARTESIAN_POINT('',(0.9525,-1.4732,4.0015285984));
#2610 = VECTOR('',#2611,1.);
#2611 = DIRECTION('',(0.,1.,0.));
#2612 = PCURVE('',#2613,#2618);
#2613 = B_SPLINE_SURFACE_WITH_KNOTS('',1,1,(
    (#2614,#2615)
    ,(#2616,#2617
    )),.UNSPECIFIED.,.F.,.F.,.F.,(2,2),(2,2),(0.,1.),(0.,1.),
  .PIECEWISE_BEZIER_KNOTS.);
#2614 = CARTESIAN_POINT('',(0.9525,-1.4820392,4.0015285984));
#2615 = CARTESIAN_POINT('',(0.9525,-1.4820392,4.1656));
#2616 = CARTESIAN_POINT('',(0.9525,0.,4.0015285984));
#2617 = CARTESIAN_POINT('',(0.9525,0.,4.1656));
#2618 = DEFINITIONAL_REPRESENTATION('',(#2619),#2622);
#2619 = B_SPLINE_CURVE_WITH_KNOTS('',1,(#2620,#2621),.UNSPECIFIED.,.F.,
  .F.,(2,2),(0.,1.4732),.PIECEWISE_BEZIER_KNOTS.);
#2620 = CARTESIAN_POINT('',(5.964215E-03,0.));
#2621 = CARTESIAN_POINT('',(1.,0.));
#2622 = ( GEOMETRIC_REPRESENTATION_CONTEXT(2) 
PARAMETRIC_REPRESENTATION_CONTEXT() REPRESENTATION_CONTEXT('2D SPACE',''
  ) );
#2623 = ORIENTED_EDGE('',*,*,#2624,.T.);
#2624 = EDGE_CURVE('',#2605,#2625,#2627,.T.);
#2625 = VERTEX_POINT('',#2626);
#2626 = CARTESIAN_POINT('',(0.9525,0.,4.1656));
#2627 = SURFACE_CURVE('',#2628,(#2632),.PCURVE_S1.);
#2628 = LINE('',#2629,#2630);
#2629 = CARTESIAN_POINT('',(0.9525,0.,4.0015285984));
#2630 = VECTOR('',#2631,1.);
#2631 = DIRECTION('',(0.,0.,1.));
#2632 = PCURVE('',#2613,#2633);
#2633 = DEFINITIONAL_REPRESENTATION('',(#2634),#2637);
#2634 = B_SPLINE_CURVE_WITH_KNOTS('',1,(#2635,#2636),.UNSPECIFIED.,.F.,
  .F.,(2,2),(0.,0.1640714016),.PIECEWISE_BEZIER_KNOTS.);
#2635 = CARTESIAN_POINT('',(1.,0.));
#2636 = CARTESIAN_POINT('',(1.,1.));
#2637 = ( GEOMETRIC_REPRESENTATION_CONTEXT(2) 
PARAMETRIC_REPRESENTATION_CONTEXT() REPRESENTATION_CONTEXT('2D SPACE',''
  ) );
#2638 = ORIENTED_EDGE('',*,*,#2639,.T.);
#2639 = EDGE_CURVE('',#2625,#2640,#2642,.T.);
#2640 = VERTEX_POINT('',#2641);
#2641 = CARTESIAN_POINT('',(0.9525,-1.046008756739,4.1656));
#2642 = SURFACE_CURVE('',#2643,(#2647),.PCURVE_S1.);
#2643 = LINE('',#2644,#2645);
#2644 = CARTESIAN_POINT('',(0.9525,0.,4.1656));
#2645 = VECTOR('',#2646,1.);
#2646 = DIRECTION('',(0.,-1.,0.));
#2647 = PCURVE('',#2613,#2648);
#2648 = DEFINITIONAL_REPRESENTATION('',(#2649),#2652);
#2649 = B_SPLINE_CURVE_WITH_KNOTS('',1,(#2650,#2651),.UNSPECIFIED.,.F.,
  .F.,(2,2),(0.,1.0460087538),.PIECEWISE_BEZIER_KNOTS.);
#2650 = CARTESIAN_POINT('',(1.,1.));
#2651 = CARTESIAN_POINT('',(0.294209789,1.));
#2652 = ( GEOMETRIC_REPRESENTATION_CONTEXT(2) 
PARAMETRIC_REPRESENTATION_CONTEXT() REPRESENTATION_CONTEXT('2D SPACE',''
  ) );
#2653 = ORIENTED_EDGE('',*,*,#2654,.T.);
#2654 = EDGE_CURVE('',#2640,#2603,#2655,.T.);
#2655 = SURFACE_CURVE('',#2656,(#2660),.PCURVE_S1.);
#2656 = B_SPLINE_CURVE_WITH_KNOTS('',2,(#2657,#2658,#2659),
  .UNSPECIFIED.,.F.,.F.,(3,3),(0.,1.),.PIECEWISE_BEZIER_KNOTS.);
#2657 = CARTESIAN_POINT('',(0.9525,-1.046008759678,4.1656));
#2658 = CARTESIAN_POINT('',(0.9525,-1.291292620047,4.07270806667));
#2659 = CARTESIAN_POINT('',(0.9525,-1.473199999573,4.0015285984));
#2660 = PCURVE('',#2613,#2661);
#2661 = DEFINITIONAL_REPRESENTATION('',(#2662),#2666);
#2662 = B_SPLINE_CURVE_WITH_KNOTS('',2,(#2663,#2664,#2665),
  .UNSPECIFIED.,.F.,.F.,(3,3),(0.,1.),.PIECEWISE_BEZIER_KNOTS.);
#2663 = CARTESIAN_POINT('',(0.294209789,1.));
#2664 = CARTESIAN_POINT('',(0.128705489,0.433832268));
#2665 = CARTESIAN_POINT('',(5.964215E-03,0.));
#2666 = ( GEOMETRIC_REPRESENTATION_CONTEXT(2) 
PARAMETRIC_REPRESENTATION_CONTEXT() REPRESENTATION_CONTEXT('2D SPACE',''
  ) );
#2667 = ( GEOMETRIC_REPRESENTATION_CONTEXT(3) 
GLOBAL_UNCERTAINTY_ASSIGNED_CONTEXT((#2671)) 
GLOBAL_UNIT_ASSIGNED_CONTEXT((#2668,#2669,#2670)) REPRESENTATION_CONTEXT
('Context #1','3D Context with UNIT and UNCERTAINTY') );
#2668 = ( LENGTH_UNIT() NAMED_UNIT(*) SI_UNIT(.MILLI.,.METRE.) );
#2669 = ( NAMED_UNIT(*) PLANE_ANGLE_UNIT() SI_UNIT($,.RADIAN.) );
#2670 = ( NAMED_UNIT(*) SI_UNIT($,.STERADIAN.) SOLID_ANGLE_UNIT() );
#2671 = UNCERTAINTY_MEASURE_WITH_UNIT(LENGTH_MEASURE(5.E-06),#2668,
  'distance_accuracy_value','confusion accuracy');
#2672 = PRODUCT_RELATED_PRODUCT_CATEGORY('part',$,(#2592));
#2673 = SHAPE_DEFINITION_REPRESENTATION(#2674,#2680);
#2674 = PRODUCT_DEFINITION_SHAPE('','',#2675);
#2675 = PRODUCT_DEFINITION('design','',#2676,#2679);
#2676 = PRODUCT_DEFINITION_FORMATION('','',#2677);
#2677 = PRODUCT('FACE','FACE','',(#2678));
#2678 = PRODUCT_CONTEXT('',#2,'mechanical');
#2679 = PRODUCT_DEFINITION_CONTEXT('part definition',#2,'design');
#2680 = MANIFOLD_SURFACE_SHAPE_REPRESENTATION('',(#11,#2681),#2768);
#2681 = SHELL_BASED_SURFACE_MODEL('',(#2682));
#2682 = OPEN_SHELL('',(#2683));
#2683 = ADVANCED_FACE('',(#2684),#2698,.T.);
#2684 = FACE_BOUND('',#2685,.T.);
#2685 = EDGE_LOOP('',(#2686,#2708,#2723,#2738,#2754));
#2686 = ORIENTED_EDGE('',*,*,#2687,.T.);
#2687 = EDGE_CURVE('',#2688,#2690,#2692,.T.);
#2688 = VERTEX_POINT('',#2689);
#2689 = CARTESIAN_POINT('',(0.9525,-1.046008752887,4.1656));
#2690 = VERTEX_POINT('',#2691);
#2691 = CARTESIAN_POINT('',(0.9525,0.,4.1656));
#2692 = SURFACE_CURVE('',#2693,(#2697),.PCURVE_S1.);
#2693 = LINE('',#2694,#2695);
#2694 = CARTESIAN_POINT('',(0.9525,-1.0460087538,4.1656));
#2695 = VECTOR('',#2696,1.);
#2696 = DIRECTION('',(0.,1.,0.));
#2697 = PCURVE('',#2698,#2703);
#2698 = B_SPLINE_SURFACE_WITH_KNOTS('',1,1,(
    (#2699,#2700)
    ,(#2701,#2702
    )),.UNSPECIFIED.,.F.,.F.,.F.,(2,2),(2,2),(0.,1.),(0.,1.),
  .PIECEWISE_BEZIER_KNOTS.);
#2699 = CARTESIAN_POINT('',(1.3335,-1.1315053824,4.1656));
#2700 = CARTESIAN_POINT('',(1.3335,0.,4.1656));
#2701 = CARTESIAN_POINT('',(0.9525,-1.1315053824,4.1656));
#2702 = CARTESIAN_POINT('',(0.9525,0.,4.1656));
#2703 = DEFINITIONAL_REPRESENTATION('',(#2704),#2707);
#2704 = B_SPLINE_CURVE_WITH_KNOTS('',1,(#2705,#2706),.UNSPECIFIED.,.F.,
  .F.,(2,2),(0.,1.0460087538),.PIECEWISE_BEZIER_KNOTS.);
#2705 = CARTESIAN_POINT('',(1.,7.5560074E-02));
#2706 = CARTESIAN_POINT('',(1.,1.));
#2707 = ( GEOMETRIC_REPRESENTATION_CONTEXT(2) 
PARAMETRIC_REPRESENTATION_CONTEXT() REPRESENTATION_CONTEXT('2D SPACE',''
  ) );
#2708 = ORIENTED_EDGE('',*,*,#2709,.T.);
#2709 = EDGE_CURVE('',#2690,#2710,#2712,.T.);
#2710 = VERTEX_POINT('',#2711);
#2711 = CARTESIAN_POINT('',(1.3335,0.,4.1656));
#2712 = SURFACE_CURVE('',#2713,(#2717),.PCURVE_S1.);
#2713 = LINE('',#2714,#2715);
#2714 = CARTESIAN_POINT('',(0.9525,0.,4.1656));
#2715 = VECTOR('',#2716,1.);
#2716 = DIRECTION('',(1.,0.,0.));
#2717 = PCURVE('',#2698,#2718);
#2718 = DEFINITIONAL_REPRESENTATION('',(#2719),#2722);
#2719 = B_SPLINE_CURVE_WITH_KNOTS('',1,(#2720,#2721),.UNSPECIFIED.,.F.,
  .F.,(2,2),(0.,0.381),.PIECEWISE_BEZIER_KNOTS.);
#2720 = CARTESIAN_POINT('',(1.,1.));
#2721 = CARTESIAN_POINT('',(0.,1.));
#2722 = ( GEOMETRIC_REPRESENTATION_CONTEXT(2) 
PARAMETRIC_REPRESENTATION_CONTEXT() REPRESENTATION_CONTEXT('2D SPACE',''
  ) );
#2723 = ORIENTED_EDGE('',*,*,#2724,.T.);
#2724 = EDGE_CURVE('',#2710,#2725,#2727,.T.);
#2725 = VERTEX_POINT('',#2726);
#2726 = CARTESIAN_POINT('',(1.3335,-1.046008752887,4.1656));
#2727 = SURFACE_CURVE('',#2728,(#2732),.PCURVE_S1.);
#2728 = LINE('',#2729,#2730);
#2729 = CARTESIAN_POINT('',(1.3335,0.,4.1656));
#2730 = VECTOR('',#2731,1.);
#2731 = DIRECTION('',(0.,-1.,0.));
#2732 = PCURVE('',#2698,#2733);
#2733 = DEFINITIONAL_REPRESENTATION('',(#2734),#2737);
#2734 = B_SPLINE_CURVE_WITH_KNOTS('',1,(#2735,#2736),.UNSPECIFIED.,.F.,
  .F.,(2,2),(0.,1.0460087538),.PIECEWISE_BEZIER_KNOTS.);
#2735 = CARTESIAN_POINT('',(0.,1.));
#2736 = CARTESIAN_POINT('',(0.,7.5560074E-02));
#2737 = ( GEOMETRIC_REPRESENTATION_CONTEXT(2) 
PARAMETRIC_REPRESENTATION_CONTEXT() REPRESENTATION_CONTEXT('2D SPACE',''
  ) );
#2738 = ORIENTED_EDGE('',*,*,#2739,.T.);
#2739 = EDGE_CURVE('',#2725,#2740,#2742,.T.);
#2740 = VERTEX_POINT('',#2741);
#2741 = CARTESIAN_POINT('',(1.142968875348,-1.123087215445,4.1656));
#2742 = SURFACE_CURVE('',#2743,(#2747),.PCURVE_S1.);
#2743 = B_SPLINE_CURVE_WITH_KNOTS('',2,(#2744,#2745,#2746),
  .UNSPECIFIED.,.F.,.F.,(3,3),(0.,0.5),.PIECEWISE_BEZIER_KNOTS.);
#2744 = CARTESIAN_POINT('',(1.3335,-1.046008751974,4.1656));
#2745 = CARTESIAN_POINT('',(1.236182313381,-1.123099810231,4.1656));
#2746 = CARTESIAN_POINT('',(1.142968875348,-1.123087215445,4.1656));
#2747 = PCURVE('',#2698,#2748);
#2748 = DEFINITIONAL_REPRESENTATION('',(#2749),#2753);
#2749 = B_SPLINE_CURVE_WITH_KNOTS('',2,(#2750,#2751,#2752),
  .UNSPECIFIED.,.F.,.F.,(3,3),(0.,0.5),.PIECEWISE_BEZIER_KNOTS.);
#2750 = CARTESIAN_POINT('',(0.,7.5560074E-02));
#2751 = CARTESIAN_POINT('',(0.255426999,7.428663E-03));
#2752 = CARTESIAN_POINT('',(0.500081692,7.439794E-03));
#2753 = ( GEOMETRIC_REPRESENTATION_CONTEXT(2) 
PARAMETRIC_REPRESENTATION_CONTEXT() REPRESENTATION_CONTEXT('2D SPACE',''
  ) );
#2754 = ORIENTED_EDGE('',*,*,#2755,.T.);
#2755 = EDGE_CURVE('',#2740,#2688,#2756,.T.);
#2756 = SURFACE_CURVE('',#2757,(#2761),.PCURVE_S1.);
#2757 = B_SPLINE_CURVE_WITH_KNOTS('',2,(#2758,#2759,#2760),
  .UNSPECIFIED.,.F.,.F.,(3,3),(0.5,1.),.PIECEWISE_BEZIER_KNOTS.);
#2758 = CARTESIAN_POINT('',(1.142968875348,-1.123087215445,4.1656));
#2759 = CARTESIAN_POINT('',(1.049785891407,-1.123074624053,4.1656));
#2760 = CARTESIAN_POINT('',(0.9525,-1.046008751974,4.1656));
#2761 = PCURVE('',#2698,#2762);
#2762 = DEFINITIONAL_REPRESENTATION('',(#2763),#2767);
#2763 = B_SPLINE_CURVE_WITH_KNOTS('',2,(#2764,#2765,#2766),
  .UNSPECIFIED.,.F.,.F.,(3,3),(0.5,1.),.PIECEWISE_BEZIER_KNOTS.);
#2764 = CARTESIAN_POINT('',(0.500081692,7.439794E-03));
#2765 = CARTESIAN_POINT('',(0.744656453,7.450922E-03));
#2766 = CARTESIAN_POINT('',(1.,7.5560074E-02));
#2767 = ( GEOMETRIC_REPRESENTATION_CONTEXT(2) 
PARAMETRIC_REPRESENTATION_CONTEXT() REPRESENTATION_CONTEXT('2D SPACE',''
  ) );
#2768 = ( GEOMETRIC_REPRESENTATION_CONTEXT(3) 
GLOBAL_UNCERTAINTY_ASSIGNED_CONTEXT((#2772)) 
GLOBAL_UNIT_ASSIGNED_CONTEXT((#2769,#2770,#2771)) REPRESENTATION_CONTEXT
('Context #1','3D Context with UNIT and UNCERTAINTY') );
#2769 = ( LENGTH_UNIT() NAMED_UNIT(*) SI_UNIT(.MILLI.,.METRE.) );
#2770 = ( NAMED_UNIT(*) PLANE_ANGLE_UNIT() SI_UNIT($,.RADIAN.) );
#2771 = ( NAMED_UNIT(*) SI_UNIT($,.STERADIAN.) SOLID_ANGLE_UNIT() );
#2772 = UNCERTAINTY_MEASURE_WITH_UNIT(LENGTH_MEASURE(5.E-06),#2769,
  'distance_accuracy_value','confusion accuracy');
#2773 = PRODUCT_RELATED_PRODUCT_CATEGORY('part',$,(#2677));
#2774 = SHAPE_DEFINITION_REPRESENTATION(#2775,#2781);
#2775 = PRODUCT_DEFINITION_SHAPE('','',#2776);
#2776 = PRODUCT_DEFINITION('design','',#2777,#2780);
#2777 = PRODUCT_DEFINITION_FORMATION('','',#2778);
#2778 = PRODUCT('FACE','FACE','',(#2779));
#2779 = PRODUCT_CONTEXT('',#2,'mechanical');
#2780 = PRODUCT_DEFINITION_CONTEXT('part definition',#2,'design');
#2781 = MANIFOLD_SURFACE_SHAPE_REPRESENTATION('',(#11,#2782),#2857);
#2782 = SHELL_BASED_SURFACE_MODEL('',(#2783));
#2783 = OPEN_SHELL('',(#2784));
#2784 = ADVANCED_FACE('',(#2785),#2800,.T.);
#2785 = FACE_BOUND('',#2786,.T.);
#2786 = EDGE_LOOP('',(#2787,#2813,#2828,#2844));
#2787 = ORIENTED_EDGE('',*,*,#2788,.F.);
#2788 = EDGE_CURVE('',#2789,#2791,#2793,.T.);
#2789 = VERTEX_POINT('',#2790);
#2790 = CARTESIAN_POINT('',(1.3335,-2.708996198677E-17,3.059671398835));
#2791 = VERTEX_POINT('',#2792);
#2792 = CARTESIAN_POINT('',(1.613928601724,-3.715921869439E-17,
    3.340100001382));
#2793 = SURFACE_CURVE('',#2794,(#2799),.PCURVE_S1.);
#2794 = CIRCLE('',#2795,0.508);
#2795 = AXIS2_PLACEMENT_3D('',#2796,#2797,#2798);
#2796 = CARTESIAN_POINT('',(1.143,0.,3.5306));
#2797 = DIRECTION('',(-1.330436532548E-16,-1.,6.123031769112E-17));
#2798 = DIRECTION('',(0.375,-1.066533936487E-16,-0.927024810887));
#2799 = PCURVE('',#2800,#2808);
#2800 = SURFACE_OF_REVOLUTION('',#2801,#2805);
#2801 = LINE('',#2802,#2803);
#2802 = CARTESIAN_POINT('',(0.635,-1.4732,3.5306));
#2803 = VECTOR('',#2804,1.);
#2804 = DIRECTION('',(0.,1.,0.));
#2805 = AXIS1_PLACEMENT('',#2806,#2807);
#2806 = CARTESIAN_POINT('',(1.143,-1.6002,3.5306));
#2807 = DIRECTION('',(0.,-1.,0.));
#2808 = DEFINITIONAL_REPRESENTATION('',(#2809),#2812);
#2809 = B_SPLINE_CURVE_WITH_KNOTS('',1,(#2810,#2811),.UNSPECIFIED.,.F.,
  .F.,(2,2),(3.330669073875E-16,0.802002783672),
  .PIECEWISE_BEZIER_KNOTS.);
#2810 = CARTESIAN_POINT('',(1.95519310118,1.4732));
#2811 = CARTESIAN_POINT('',(2.75719587918,1.4732));
#2812 = ( GEOMETRIC_REPRESENTATION_CONTEXT(2) 
PARAMETRIC_REPRESENTATION_CONTEXT() REPRESENTATION_CONTEXT('2D SPACE',''
  ) );
#2813 = ORIENTED_EDGE('',*,*,#2814,.F.);
#2814 = EDGE_CURVE('',#2815,#2789,#2817,.T.);
#2815 = VERTEX_POINT('',#2816);
#2816 = CARTESIAN_POINT('',(1.333499998618,-1.4732,3.059671398276));
#2817 = SURFACE_CURVE('',#2818,(#2822),.PCURVE_S1.);
#2818 = LINE('',#2819,#2820);
#2819 = CARTESIAN_POINT('',(1.3335,-1.4732,3.0596714016));
#2820 = VECTOR('',#2821,1.);
#2821 = DIRECTION('',(0.,1.,0.));
#2822 = PCURVE('',#2800,#2823);
#2823 = DEFINITIONAL_REPRESENTATION('',(#2824),#2827);
#2824 = B_SPLINE_CURVE_WITH_KNOTS('',1,(#2825,#2826),.UNSPECIFIED.,.F.,
  .F.,(2,2),(0.,1.4732),.PIECEWISE_BEZIER_KNOTS.);
#2825 = CARTESIAN_POINT('',(1.95519310118,-6.395751654193E-16));
#2826 = CARTESIAN_POINT('',(1.95519310118,1.4732));
#2827 = ( GEOMETRIC_REPRESENTATION_CONTEXT(2) 
PARAMETRIC_REPRESENTATION_CONTEXT() REPRESENTATION_CONTEXT('2D SPACE',''
  ) );
#2828 = ORIENTED_EDGE('',*,*,#2829,.F.);
#2829 = EDGE_CURVE('',#2830,#2815,#2832,.T.);
#2830 = VERTEX_POINT('',#2831);
#2831 = CARTESIAN_POINT('',(1.613928601165,-1.4732,3.3401));
#2832 = SURFACE_CURVE('',#2833,(#2838),.PCURVE_S1.);
#2833 = CIRCLE('',#2834,0.508);
#2834 = AXIS2_PLACEMENT_3D('',#2835,#2836,#2837);
#2835 = CARTESIAN_POINT('',(1.143,-1.4732,3.5306));
#2836 = DIRECTION('',(-3.08148791102E-33,1.,6.123031769112E-17));
#2837 = DIRECTION('',(0.927024810887,2.296136913417E-17,-0.375));
#2838 = PCURVE('',#2800,#2839);
#2839 = DEFINITIONAL_REPRESENTATION('',(#2840),#2843);
#2840 = B_SPLINE_CURVE_WITH_KNOTS('',1,(#2841,#2842),.UNSPECIFIED.,.F.,
  .F.,(2,2),(0.,0.802002783672),.PIECEWISE_BEZIER_KNOTS.);
#2841 = CARTESIAN_POINT('',(2.75719587918,-9.019231959523E-16));
#2842 = CARTESIAN_POINT('',(1.95519310118,-6.395751654193E-16));
#2843 = ( GEOMETRIC_REPRESENTATION_CONTEXT(2) 
PARAMETRIC_REPRESENTATION_CONTEXT() REPRESENTATION_CONTEXT('2D SPACE',''
  ) );
#2844 = ORIENTED_EDGE('',*,*,#2845,.F.);
#2845 = EDGE_CURVE('',#2791,#2830,#2846,.T.);
#2846 = SURFACE_CURVE('',#2847,(#2851),.PCURVE_S1.);
#2847 = LINE('',#2848,#2849);
#2848 = CARTESIAN_POINT('',(1.6139285984,0.,3.3401));
#2849 = VECTOR('',#2850,1.);
#2850 = DIRECTION('',(0.,-1.,0.));
#2851 = PCURVE('',#2800,#2852);
#2852 = DEFINITIONAL_REPRESENTATION('',(#2853),#2856);
#2853 = B_SPLINE_CURVE_WITH_KNOTS('',1,(#2854,#2855),.UNSPECIFIED.,.F.,
  .F.,(2,2),(0.,1.4732),.PIECEWISE_BEZIER_KNOTS.);
#2854 = CARTESIAN_POINT('',(2.75719587918,1.4732));
#2855 = CARTESIAN_POINT('',(2.75719587918,-9.019231959523E-16));
#2856 = ( GEOMETRIC_REPRESENTATION_CONTEXT(2) 
PARAMETRIC_REPRESENTATION_CONTEXT() REPRESENTATION_CONTEXT('2D SPACE',''
  ) );
#2857 = ( GEOMETRIC_REPRESENTATION_CONTEXT(3) 
GLOBAL_UNCERTAINTY_ASSIGNED_CONTEXT((#2861)) 
GLOBAL_UNIT_ASSIGNED_CONTEXT((#2858,#2859,#2860)) REPRESENTATION_CONTEXT
('Context #1','3D Context with UNIT and UNCERTAINTY') );
#2858 = ( LENGTH_UNIT() NAMED_UNIT(*) SI_UNIT(.MILLI.,.METRE.) );
#2859 = ( NAMED_UNIT(*) PLANE_ANGLE_UNIT() SI_UNIT($,.RADIAN.) );
#2860 = ( NAMED_UNIT(*) SI_UNIT($,.STERADIAN.) SOLID_ANGLE_UNIT() );
#2861 = UNCERTAINTY_MEASURE_WITH_UNIT(LENGTH_MEASURE(1.E-07),#2858,
  'distance_accuracy_value','confusion accuracy');
#2862 = PRODUCT_RELATED_PRODUCT_CATEGORY('part',$,(#2778));
#2863 = SHAPE_DEFINITION_REPRESENTATION(#2864,#2870);
#2864 = PRODUCT_DEFINITION_SHAPE('','',#2865);
#2865 = PRODUCT_DEFINITION('design','',#2866,#2869);
#2866 = PRODUCT_DEFINITION_FORMATION('','',#2867);
#2867 = PRODUCT('FACE','FACE','',(#2868));
#2868 = PRODUCT_CONTEXT('',#2,'mechanical');
#2869 = PRODUCT_DEFINITION_CONTEXT('part definition',#2,'design');
#2870 = MANIFOLD_SURFACE_SHAPE_REPRESENTATION('',(#11,#2871),#2946);
#2871 = SHELL_BASED_SURFACE_MODEL('',(#2872));
#2872 = OPEN_SHELL('',(#2873));
#2873 = ADVANCED_FACE('',(#2874),#2889,.T.);
#2874 = FACE_BOUND('',#2875,.T.);
#2875 = EDGE_LOOP('',(#2876,#2902,#2917,#2933));
#2876 = ORIENTED_EDGE('',*,*,#2877,.F.);
#2877 = EDGE_CURVE('',#2878,#2880,#2882,.T.);
#2878 = VERTEX_POINT('',#2879);
#2879 = CARTESIAN_POINT('',(0.672071398835,2.549484318447E-17,3.3401));
#2880 = VERTEX_POINT('',#2881);
#2881 = CARTESIAN_POINT('',(0.952500001382,-1.745146259813E-18,
    3.059671398276));
#2882 = SURFACE_CURVE('',#2883,(#2888),.PCURVE_S1.);
#2883 = CIRCLE('',#2884,0.508);
#2884 = AXIS2_PLACEMENT_3D('',#2885,#2886,#2887);
#2885 = CARTESIAN_POINT('',(1.143,0.,3.5306));
#2886 = DIRECTION('',(-1.330436532548E-16,-1.,6.123031769112E-17));
#2887 = DIRECTION('',(-0.927024810887,1.00373398364E-16,-0.375));
#2888 = PCURVE('',#2889,#2897);
#2889 = SURFACE_OF_REVOLUTION('',#2890,#2894);
#2890 = LINE('',#2891,#2892);
#2891 = CARTESIAN_POINT('',(0.635,-1.4732,3.5306));
#2892 = VECTOR('',#2893,1.);
#2893 = DIRECTION('',(0.,1.,0.));
#2894 = AXIS1_PLACEMENT('',#2895,#2896);
#2895 = CARTESIAN_POINT('',(1.143,-1.6002,3.5306));
#2896 = DIRECTION('',(0.,-1.,0.));
#2897 = DEFINITIONAL_REPRESENTATION('',(#2898),#2901);
#2898 = B_SPLINE_CURVE_WITH_KNOTS('',1,(#2899,#2900),.UNSPECIFIED.,.F.,
  .F.,(2,2),(7.771561172376E-16,0.802002783672),
  .PIECEWISE_BEZIER_KNOTS.);
#2899 = CARTESIAN_POINT('',(0.38439677418,1.4732));
#2900 = CARTESIAN_POINT('',(1.18639955218,1.4732));
#2901 = ( GEOMETRIC_REPRESENTATION_CONTEXT(2) 
PARAMETRIC_REPRESENTATION_CONTEXT() REPRESENTATION_CONTEXT('2D SPACE',''
  ) );
#2902 = ORIENTED_EDGE('',*,*,#2903,.F.);
#2903 = EDGE_CURVE('',#2904,#2878,#2906,.T.);
#2904 = VERTEX_POINT('',#2905);
#2905 = CARTESIAN_POINT('',(0.672071398276,-1.4732,3.340100001382));
#2906 = SURFACE_CURVE('',#2907,(#2911),.PCURVE_S1.);
#2907 = LINE('',#2908,#2909);
#2908 = CARTESIAN_POINT('',(0.6720714016,-1.4732,3.3401));
#2909 = VECTOR('',#2910,1.);
#2910 = DIRECTION('',(0.,1.,0.));
#2911 = PCURVE('',#2889,#2912);
#2912 = DEFINITIONAL_REPRESENTATION('',(#2913),#2916);
#2913 = B_SPLINE_CURVE_WITH_KNOTS('',1,(#2914,#2915),.UNSPECIFIED.,.F.,
  .F.,(2,2),(0.,1.4732),.PIECEWISE_BEZIER_KNOTS.);
#2914 = CARTESIAN_POINT('',(0.38439677418,-1.257423782256E-16));
#2915 = CARTESIAN_POINT('',(0.38439677418,1.4732));
#2916 = ( GEOMETRIC_REPRESENTATION_CONTEXT(2) 
PARAMETRIC_REPRESENTATION_CONTEXT() REPRESENTATION_CONTEXT('2D SPACE',''
  ) );
#2917 = ORIENTED_EDGE('',*,*,#2918,.F.);
#2918 = EDGE_CURVE('',#2919,#2904,#2921,.T.);
#2919 = VERTEX_POINT('',#2920);
#2920 = CARTESIAN_POINT('',(0.9525,-1.4732,3.059671398835));
#2921 = SURFACE_CURVE('',#2922,(#2927),.PCURVE_S1.);
#2922 = CIRCLE('',#2923,0.508);
#2923 = AXIS2_PLACEMENT_3D('',#2924,#2925,#2926);
#2924 = CARTESIAN_POINT('',(1.143,-1.4732,3.5306));
#2925 = DIRECTION('',(3.08148791102E-33,1.,6.123031769112E-17));
#2926 = DIRECTION('',(-0.375,5.676202367816E-17,-0.927024810887));
#2927 = PCURVE('',#2889,#2928);
#2928 = DEFINITIONAL_REPRESENTATION('',(#2929),#2932);
#2929 = B_SPLINE_CURVE_WITH_KNOTS('',1,(#2930,#2931),.UNSPECIFIED.,.F.,
  .F.,(2,2),(0.,0.802002783672),.PIECEWISE_BEZIER_KNOTS.);
#2930 = CARTESIAN_POINT('',(1.18639955218,-3.880904087585E-16));
#2931 = CARTESIAN_POINT('',(0.38439677418,-1.257423782256E-16));
#2932 = ( GEOMETRIC_REPRESENTATION_CONTEXT(2) 
PARAMETRIC_REPRESENTATION_CONTEXT() REPRESENTATION_CONTEXT('2D SPACE',''
  ) );
#2933 = ORIENTED_EDGE('',*,*,#2934,.F.);
#2934 = EDGE_CURVE('',#2880,#2919,#2935,.T.);
#2935 = SURFACE_CURVE('',#2936,(#2940),.PCURVE_S1.);
#2936 = LINE('',#2937,#2938);
#2937 = CARTESIAN_POINT('',(0.9525,0.,3.0596714016));
#2938 = VECTOR('',#2939,1.);
#2939 = DIRECTION('',(0.,-1.,0.));
#2940 = PCURVE('',#2889,#2941);
#2941 = DEFINITIONAL_REPRESENTATION('',(#2942),#2945);
#2942 = B_SPLINE_CURVE_WITH_KNOTS('',1,(#2943,#2944),.UNSPECIFIED.,.F.,
  .F.,(2,2),(0.,1.4732),.PIECEWISE_BEZIER_KNOTS.);
#2943 = CARTESIAN_POINT('',(1.18639955218,1.4732));
#2944 = CARTESIAN_POINT('',(1.18639955218,-3.880904087585E-16));
#2945 = ( GEOMETRIC_REPRESENTATION_CONTEXT(2) 
PARAMETRIC_REPRESENTATION_CONTEXT() REPRESENTATION_CONTEXT('2D SPACE',''
  ) );
#2946 = ( GEOMETRIC_REPRESENTATION_CONTEXT(3) 
GLOBAL_UNCERTAINTY_ASSIGNED_CONTEXT((#2950)) 
GLOBAL_UNIT_ASSIGNED_CONTEXT((#2947,#2948,#2949)) REPRESENTATION_CONTEXT
('Context #1','3D Context with UNIT and UNCERTAINTY') );
#2947 = ( LENGTH_UNIT() NAMED_UNIT(*) SI_UNIT(.MILLI.,.METRE.) );
#2948 = ( NAMED_UNIT(*) PLANE_ANGLE_UNIT() SI_UNIT($,.RADIAN.) );
#2949 = ( NAMED_UNIT(*) SI_UNIT($,.STERADIAN.) SOLID_ANGLE_UNIT() );
#2950 = UNCERTAINTY_MEASURE_WITH_UNIT(LENGTH_MEASURE(1.E-07),#2947,
  'distance_accuracy_value','confusion accuracy');
#2951 = PRODUCT_RELATED_PRODUCT_CATEGORY('part',$,(#2867));
#2952 = SHAPE_DEFINITION_REPRESENTATION(#2953,#2959);
#2953 = PRODUCT_DEFINITION_SHAPE('','',#2954);
#2954 = PRODUCT_DEFINITION('design','',#2955,#2958);
#2955 = PRODUCT_DEFINITION_FORMATION('','',#2956);
#2956 = PRODUCT('FACE','FACE','',(#2957));
#2957 = PRODUCT_CONTEXT('',#2,'mechanical');
#2958 = PRODUCT_DEFINITION_CONTEXT('part definition',#2,'design');
#2959 = MANIFOLD_SURFACE_SHAPE_REPRESENTATION('',(#11,#2960),#3035);
#2960 = SHELL_BASED_SURFACE_MODEL('',(#2961));
#2961 = OPEN_SHELL('',(#2962));
#2962 = ADVANCED_FACE('',(#2963),#2978,.T.);
#2963 = FACE_BOUND('',#2964,.T.);
#2964 = EDGE_LOOP('',(#2965,#2991,#3006,#3022));
#2965 = ORIENTED_EDGE('',*,*,#2966,.F.);
#2966 = EDGE_CURVE('',#2967,#2969,#2971,.T.);
#2967 = VERTEX_POINT('',#2968);
#2968 = CARTESIAN_POINT('',(0.9525,2.708996198677E-17,4.001528601165));
#2969 = VERTEX_POINT('',#2970);
#2970 = CARTESIAN_POINT('',(0.672071398276,3.715921869439E-17,
    3.721099998618));
#2971 = SURFACE_CURVE('',#2972,(#2977),.PCURVE_S1.);
#2972 = CIRCLE('',#2973,0.508);
#2973 = AXIS2_PLACEMENT_3D('',#2974,#2975,#2976);
#2974 = CARTESIAN_POINT('',(1.143,0.,3.5306));
#2975 = DIRECTION('',(-1.330436532548E-16,-1.,6.123031769112E-17));
#2976 = DIRECTION('',(-0.375,1.066533936487E-16,0.927024810887));
#2977 = PCURVE('',#2978,#2986);
#2978 = SURFACE_OF_REVOLUTION('',#2979,#2983);
#2979 = LINE('',#2980,#2981);
#2980 = CARTESIAN_POINT('',(0.635,-1.4732,3.5306));
#2981 = VECTOR('',#2982,1.);
#2982 = DIRECTION('',(0.,1.,0.));
#2983 = AXIS1_PLACEMENT('',#2984,#2985);
#2984 = CARTESIAN_POINT('',(1.143,-1.6002,3.5306));
#2985 = DIRECTION('',(0.,-1.,0.));
#2986 = DEFINITIONAL_REPRESENTATION('',(#2987),#2990);
#2987 = B_SPLINE_CURVE_WITH_KNOTS('',1,(#2988,#2989),.UNSPECIFIED.,.F.,
  .F.,(2,2),(4.996003610813E-16,0.802002783672),
  .PIECEWISE_BEZIER_KNOTS.);
#2988 = CARTESIAN_POINT('',(5.09678575518,1.4732));
#2989 = CARTESIAN_POINT('',(5.89878853318,1.4732));
#2990 = ( GEOMETRIC_REPRESENTATION_CONTEXT(2) 
PARAMETRIC_REPRESENTATION_CONTEXT() REPRESENTATION_CONTEXT('2D SPACE',''
  ) );
#2991 = ORIENTED_EDGE('',*,*,#2992,.F.);
#2992 = EDGE_CURVE('',#2993,#2967,#2995,.T.);
#2993 = VERTEX_POINT('',#2994);
#2994 = CARTESIAN_POINT('',(0.952500001382,-1.4732,4.001528601724));
#2995 = SURFACE_CURVE('',#2996,(#3000),.PCURVE_S1.);
#2996 = LINE('',#2997,#2998);
#2997 = CARTESIAN_POINT('',(0.9525,-1.4732,4.0015285984));
#2998 = VECTOR('',#2999,1.);
#2999 = DIRECTION('',(0.,1.,0.));
#3000 = PCURVE('',#2978,#3001);
#3001 = DEFINITIONAL_REPRESENTATION('',(#3002),#3005);
#3002 = B_SPLINE_CURVE_WITH_KNOTS('',1,(#3003,#3004),.UNSPECIFIED.,.F.,
  .F.,(2,2),(0.,1.4732),.PIECEWISE_BEZIER_KNOTS.);
#3003 = CARTESIAN_POINT('',(5.09678575518,-1.667240739807E-15));
#3004 = CARTESIAN_POINT('',(5.09678575518,1.4732));
#3005 = ( GEOMETRIC_REPRESENTATION_CONTEXT(2) 
PARAMETRIC_REPRESENTATION_CONTEXT() REPRESENTATION_CONTEXT('2D SPACE',''
  ) );
#3006 = ORIENTED_EDGE('',*,*,#3007,.F.);
#3007 = EDGE_CURVE('',#3008,#2993,#3010,.T.);
#3008 = VERTEX_POINT('',#3009);
#3009 = CARTESIAN_POINT('',(0.672071398835,-1.4732,3.7211));
#3010 = SURFACE_CURVE('',#3011,(#3016),.PCURVE_S1.);
#3011 = CIRCLE('',#3012,0.508);
#3012 = AXIS2_PLACEMENT_3D('',#3013,#3014,#3015);
#3013 = CARTESIAN_POINT('',(1.143,-1.4732,3.5306));
#3014 = DIRECTION('',(3.08148791102E-33,1.,6.123031769112E-17));
#3015 = DIRECTION('',(-0.927024810887,-2.296136913417E-17,0.375));
#3016 = PCURVE('',#2978,#3017);
#3017 = DEFINITIONAL_REPRESENTATION('',(#3018),#3021);
#3018 = B_SPLINE_CURVE_WITH_KNOTS('',1,(#3019,#3020),.UNSPECIFIED.,.F.,
  .F.,(2,2),(0.,0.802002783672),.PIECEWISE_BEZIER_KNOTS.);
#3019 = CARTESIAN_POINT('',(5.89878853318,-1.92958877034E-15));
#3020 = CARTESIAN_POINT('',(5.09678575518,-1.667240739807E-15));
#3021 = ( GEOMETRIC_REPRESENTATION_CONTEXT(2) 
PARAMETRIC_REPRESENTATION_CONTEXT() REPRESENTATION_CONTEXT('2D SPACE',''
  ) );
#3022 = ORIENTED_EDGE('',*,*,#3023,.F.);
#3023 = EDGE_CURVE('',#2969,#3008,#3024,.T.);
#3024 = SURFACE_CURVE('',#3025,(#3029),.PCURVE_S1.);
#3025 = LINE('',#3026,#3027);
#3026 = CARTESIAN_POINT('',(0.6720714016,0.,3.7211));
#3027 = VECTOR('',#3028,1.);
#3028 = DIRECTION('',(0.,-1.,0.));
#3029 = PCURVE('',#2978,#3030);
#3030 = DEFINITIONAL_REPRESENTATION('',(#3031),#3034);
#3031 = B_SPLINE_CURVE_WITH_KNOTS('',1,(#3032,#3033),.UNSPECIFIED.,.F.,
  .F.,(2,2),(0.,1.4732),.PIECEWISE_BEZIER_KNOTS.);
#3032 = CARTESIAN_POINT('',(5.89878853318,1.4732));
#3033 = CARTESIAN_POINT('',(5.89878853318,-1.92958877034E-15));
#3034 = ( GEOMETRIC_REPRESENTATION_CONTEXT(2) 
PARAMETRIC_REPRESENTATION_CONTEXT() REPRESENTATION_CONTEXT('2D SPACE',''
  ) );
#3035 = ( GEOMETRIC_REPRESENTATION_CONTEXT(3) 
GLOBAL_UNCERTAINTY_ASSIGNED_CONTEXT((#3039)) 
GLOBAL_UNIT_ASSIGNED_CONTEXT((#3036,#3037,#3038)) REPRESENTATION_CONTEXT
('Context #1','3D Context with UNIT and UNCERTAINTY') );
#3036 = ( LENGTH_UNIT() NAMED_UNIT(*) SI_UNIT(.MILLI.,.METRE.) );
#3037 = ( NAMED_UNIT(*) PLANE_ANGLE_UNIT() SI_UNIT($,.RADIAN.) );
#3038 = ( NAMED_UNIT(*) SI_UNIT($,.STERADIAN.) SOLID_ANGLE_UNIT() );
#3039 = UNCERTAINTY_MEASURE_WITH_UNIT(LENGTH_MEASURE(1.E-07),#3036,
  'distance_accuracy_value','confusion accuracy');
#3040 = PRODUCT_RELATED_PRODUCT_CATEGORY('part',$,(#2956));
#3041 = SHAPE_DEFINITION_REPRESENTATION(#3042,#3048);
#3042 = PRODUCT_DEFINITION_SHAPE('','',#3043);
#3043 = PRODUCT_DEFINITION('design','',#3044,#3047);
#3044 = PRODUCT_DEFINITION_FORMATION('','',#3045);
#3045 = PRODUCT('FACE','FACE','',(#3046));
#3046 = PRODUCT_CONTEXT('',#2,'mechanical');
#3047 = PRODUCT_DEFINITION_CONTEXT('part definition',#2,'design');
#3048 = MANIFOLD_SURFACE_SHAPE_REPRESENTATION('',(#11,#3049),#3124);
#3049 = SHELL_BASED_SURFACE_MODEL('',(#3050));
#3050 = OPEN_SHELL('',(#3051));
#3051 = ADVANCED_FACE('',(#3052),#3067,.T.);
#3052 = FACE_BOUND('',#3053,.T.);
#3053 = EDGE_LOOP('',(#3054,#3080,#3095,#3111));
#3054 = ORIENTED_EDGE('',*,*,#3055,.F.);
#3055 = EDGE_CURVE('',#3056,#3058,#3060,.T.);
#3056 = VERTEX_POINT('',#3057);
#3057 = CARTESIAN_POINT('',(0.9525,1.152139145664E-16,1.461528601165));
#3058 = VERTEX_POINT('',#3059);
#3059 = CARTESIAN_POINT('',(0.672071398276,1.25283171274E-16,
    1.181099998618));
#3060 = SURFACE_CURVE('',#3061,(#3066),.PCURVE_S1.);
#3061 = CIRCLE('',#3062,0.508);
#3062 = AXIS2_PLACEMENT_3D('',#3063,#3064,#3065);
#3063 = CARTESIAN_POINT('',(1.143,1.762479051592E-16,0.9906));
#3064 = DIRECTION('',(-1.330436532548E-16,-1.,6.123031769112E-17));
#3065 = DIRECTION('',(-0.375,1.066533936487E-16,0.927024810887));
#3066 = PCURVE('',#3067,#3075);
#3067 = SURFACE_OF_REVOLUTION('',#3068,#3072);
#3068 = LINE('',#3069,#3070);
#3069 = CARTESIAN_POINT('',(0.635,-1.4732,0.9906));
#3070 = VECTOR('',#3071,1.);
#3071 = DIRECTION('',(0.,1.,0.));
#3072 = AXIS1_PLACEMENT('',#3073,#3074);
#3073 = CARTESIAN_POINT('',(1.143,-1.6002,0.9906));
#3074 = DIRECTION('',(0.,-1.,0.));
#3075 = DEFINITIONAL_REPRESENTATION('',(#3076),#3079);
#3076 = B_SPLINE_CURVE_WITH_KNOTS('',1,(#3077,#3078),.UNSPECIFIED.,.F.,
  .F.,(2,2),(2.22044604925E-16,0.802002783672),
  .PIECEWISE_BEZIER_KNOTS.);
#3077 = CARTESIAN_POINT('',(5.09678575518,1.4732));
#3078 = CARTESIAN_POINT('',(5.89878853318,1.4732));
#3079 = ( GEOMETRIC_REPRESENTATION_CONTEXT(2) 
PARAMETRIC_REPRESENTATION_CONTEXT() REPRESENTATION_CONTEXT('2D SPACE',''
  ) );
#3080 = ORIENTED_EDGE('',*,*,#3081,.F.);
#3081 = EDGE_CURVE('',#3082,#3056,#3084,.T.);
#3082 = VERTEX_POINT('',#3083);
#3083 = CARTESIAN_POINT('',(0.952500001382,-1.4732,1.461528601724));
#3084 = SURFACE_CURVE('',#3085,(#3089),.PCURVE_S1.);
#3085 = LINE('',#3086,#3087);
#3086 = CARTESIAN_POINT('',(0.9525,-1.4732,1.4615285984));
#3087 = VECTOR('',#3088,1.);
#3088 = DIRECTION('',(0.,1.,0.));
#3089 = PCURVE('',#3067,#3090);
#3090 = DEFINITIONAL_REPRESENTATION('',(#3091),#3094);
#3091 = B_SPLINE_CURVE_WITH_KNOTS('',1,(#3092,#3093),.UNSPECIFIED.,.F.,
  .F.,(2,2),(0.,1.4732),.PIECEWISE_BEZIER_KNOTS.);
#3092 = CARTESIAN_POINT('',(5.09678575518,-1.667240739807E-15));
#3093 = CARTESIAN_POINT('',(5.09678575518,1.4732));
#3094 = ( GEOMETRIC_REPRESENTATION_CONTEXT(2) 
PARAMETRIC_REPRESENTATION_CONTEXT() REPRESENTATION_CONTEXT('2D SPACE',''
  ) );
#3095 = ORIENTED_EDGE('',*,*,#3096,.F.);
#3096 = EDGE_CURVE('',#3097,#3082,#3099,.T.);
#3097 = VERTEX_POINT('',#3098);
#3098 = CARTESIAN_POINT('',(0.672071398835,-1.4732,1.1811));
#3099 = SURFACE_CURVE('',#3100,(#3105),.PCURVE_S1.);
#3100 = CIRCLE('',#3101,0.508);
#3101 = AXIS2_PLACEMENT_3D('',#3102,#3103,#3104);
#3102 = CARTESIAN_POINT('',(1.143,-1.4732,0.9906));
#3103 = DIRECTION('',(-3.08148791102E-33,1.,6.123031769112E-17));
#3104 = DIRECTION('',(-0.927024810887,-2.296136913417E-17,0.375));
#3105 = PCURVE('',#3067,#3106);
#3106 = DEFINITIONAL_REPRESENTATION('',(#3107),#3110);
#3107 = B_SPLINE_CURVE_WITH_KNOTS('',1,(#3108,#3109),.UNSPECIFIED.,.F.,
  .F.,(2,2),(3.330669073875E-16,0.802002783672),
  .PIECEWISE_BEZIER_KNOTS.);
#3108 = CARTESIAN_POINT('',(5.89878853318,-1.92958877034E-15));
#3109 = CARTESIAN_POINT('',(5.09678575518,-1.667240739807E-15));
#3110 = ( GEOMETRIC_REPRESENTATION_CONTEXT(2) 
PARAMETRIC_REPRESENTATION_CONTEXT() REPRESENTATION_CONTEXT('2D SPACE',''
  ) );
#3111 = ORIENTED_EDGE('',*,*,#3112,.F.);
#3112 = EDGE_CURVE('',#3058,#3097,#3113,.T.);
#3113 = SURFACE_CURVE('',#3114,(#3118),.PCURVE_S1.);
#3114 = LINE('',#3115,#3116);
#3115 = CARTESIAN_POINT('',(0.6720714016,0.,1.1811));
#3116 = VECTOR('',#3117,1.);
#3117 = DIRECTION('',(0.,-1.,0.));
#3118 = PCURVE('',#3067,#3119);
#3119 = DEFINITIONAL_REPRESENTATION('',(#3120),#3123);
#3120 = B_SPLINE_CURVE_WITH_KNOTS('',1,(#3121,#3122),.UNSPECIFIED.,.F.,
  .F.,(2,2),(0.,1.4732),.PIECEWISE_BEZIER_KNOTS.);
#3121 = CARTESIAN_POINT('',(5.89878853318,1.4732));
#3122 = CARTESIAN_POINT('',(5.89878853318,-1.92958877034E-15));
#3123 = ( GEOMETRIC_REPRESENTATION_CONTEXT(2) 
PARAMETRIC_REPRESENTATION_CONTEXT() REPRESENTATION_CONTEXT('2D SPACE',''
  ) );
#3124 = ( GEOMETRIC_REPRESENTATION_CONTEXT(3) 
GLOBAL_UNCERTAINTY_ASSIGNED_CONTEXT((#3128)) 
GLOBAL_UNIT_ASSIGNED_CONTEXT((#3125,#3126,#3127)) REPRESENTATION_CONTEXT
('Context #1','3D Context with UNIT and UNCERTAINTY') );
#3125 = ( LENGTH_UNIT() NAMED_UNIT(*) SI_UNIT(.MILLI.,.METRE.) );
#3126 = ( NAMED_UNIT(*) PLANE_ANGLE_UNIT() SI_UNIT($,.RADIAN.) );
#3127 = ( NAMED_UNIT(*) SI_UNIT($,.STERADIAN.) SOLID_ANGLE_UNIT() );
#3128 = UNCERTAINTY_MEASURE_WITH_UNIT(LENGTH_MEASURE(1.E-07),#3125,
  'distance_accuracy_value','confusion accuracy');
#3129 = PRODUCT_RELATED_PRODUCT_CATEGORY('part',$,(#3045));
#3130 = SHAPE_DEFINITION_REPRESENTATION(#3131,#3137);
#3131 = PRODUCT_DEFINITION_SHAPE('','',#3132);
#3132 = PRODUCT_DEFINITION('design','',#3133,#3136);
#3133 = PRODUCT_DEFINITION_FORMATION('','',#3134);
#3134 = PRODUCT('FACE','FACE','',(#3135));
#3135 = PRODUCT_CONTEXT('',#2,'mechanical');
#3136 = PRODUCT_DEFINITION_CONTEXT('part definition',#2,'design');
#3137 = MANIFOLD_SURFACE_SHAPE_REPRESENTATION('',(#11,#3138),#3213);
#3138 = SHELL_BASED_SURFACE_MODEL('',(#3139));
#3139 = OPEN_SHELL('',(#3140));
#3140 = ADVANCED_FACE('',(#3141),#3156,.T.);
#3141 = FACE_BOUND('',#3142,.T.);
#3142 = EDGE_LOOP('',(#3143,#3169,#3184,#3200));
#3143 = ORIENTED_EDGE('',*,*,#3144,.F.);
#3144 = EDGE_CURVE('',#3145,#3147,#3149,.T.);
#3145 = VERTEX_POINT('',#3146);
#3146 = CARTESIAN_POINT('',(1.613928601165,-1.136187957641E-16,1.1811));
#3147 = VERTEX_POINT('',#3148);
#3148 = CARTESIAN_POINT('',(1.333499998618,-8.637880631981E-17,
    1.461528601724));
#3149 = SURFACE_CURVE('',#3150,(#3155),.PCURVE_S1.);
#3150 = CIRCLE('',#3151,0.508);
#3151 = AXIS2_PLACEMENT_3D('',#3152,#3153,#3154);
#3152 = CARTESIAN_POINT('',(1.143,-1.762479051592E-16,0.9906));
#3153 = DIRECTION('',(-1.330436532548E-16,-1.,6.123031769112E-17));
#3154 = DIRECTION('',(0.927024810887,-1.003733983641E-16,0.375));
#3155 = PCURVE('',#3156,#3164);
#3156 = SURFACE_OF_REVOLUTION('',#3157,#3161);
#3157 = LINE('',#3158,#3159);
#3158 = CARTESIAN_POINT('',(0.635,-1.4732,0.9906));
#3159 = VECTOR('',#3160,1.);
#3160 = DIRECTION('',(0.,1.,0.));
#3161 = AXIS1_PLACEMENT('',#3162,#3163);
#3162 = CARTESIAN_POINT('',(1.143,-1.6002,0.9906));
#3163 = DIRECTION('',(0.,-1.,0.));
#3164 = DEFINITIONAL_REPRESENTATION('',(#3165),#3168);
#3165 = B_SPLINE_CURVE_WITH_KNOTS('',1,(#3166,#3167),.UNSPECIFIED.,.F.,
  .F.,(2,2),(1.378083288177E-32,0.802002783672),
  .PIECEWISE_BEZIER_KNOTS.);
#3166 = CARTESIAN_POINT('',(3.52598942818,1.4732));
#3167 = CARTESIAN_POINT('',(4.32799220618,1.4732));
#3168 = ( GEOMETRIC_REPRESENTATION_CONTEXT(2) 
PARAMETRIC_REPRESENTATION_CONTEXT() REPRESENTATION_CONTEXT('2D SPACE',''
  ) );
#3169 = ORIENTED_EDGE('',*,*,#3170,.F.);
#3170 = EDGE_CURVE('',#3171,#3145,#3173,.T.);
#3171 = VERTEX_POINT('',#3172);
#3172 = CARTESIAN_POINT('',(1.613928601724,-1.4732,1.181099998618));
#3173 = SURFACE_CURVE('',#3174,(#3178),.PCURVE_S1.);
#3174 = LINE('',#3175,#3176);
#3175 = CARTESIAN_POINT('',(1.6139285984,-1.4732,1.1811));
#3176 = VECTOR('',#3177,1.);
#3177 = DIRECTION('',(0.,1.,0.));
#3178 = PCURVE('',#3156,#3179);
#3179 = DEFINITIONAL_REPRESENTATION('',(#3180),#3183);
#3180 = B_SPLINE_CURVE_WITH_KNOTS('',1,(#3181,#3182),.UNSPECIFIED.,.F.,
  .F.,(2,2),(0.,1.4732),.PIECEWISE_BEZIER_KNOTS.);
#3181 = CARTESIAN_POINT('',(3.52598942818,-1.153407952613E-15));
#3182 = CARTESIAN_POINT('',(3.52598942818,1.4732));
#3183 = ( GEOMETRIC_REPRESENTATION_CONTEXT(2) 
PARAMETRIC_REPRESENTATION_CONTEXT() REPRESENTATION_CONTEXT('2D SPACE',''
  ) );
#3184 = ORIENTED_EDGE('',*,*,#3185,.F.);
#3185 = EDGE_CURVE('',#3186,#3171,#3188,.T.);
#3186 = VERTEX_POINT('',#3187);
#3187 = CARTESIAN_POINT('',(1.3335,-1.4732,1.461528601165));
#3188 = SURFACE_CURVE('',#3189,(#3194),.PCURVE_S1.);
#3189 = CIRCLE('',#3190,0.508);
#3190 = AXIS2_PLACEMENT_3D('',#3191,#3192,#3193);
#3191 = CARTESIAN_POINT('',(1.143,-1.4732,0.9906));
#3192 = DIRECTION('',(3.08148791102E-33,1.,6.123031769112E-17));
#3193 = DIRECTION('',(0.375,-5.676202367816E-17,0.927024810887));
#3194 = PCURVE('',#3156,#3195);
#3195 = DEFINITIONAL_REPRESENTATION('',(#3196),#3199);
#3196 = B_SPLINE_CURVE_WITH_KNOTS('',1,(#3197,#3198),.UNSPECIFIED.,.F.,
  .F.,(2,2),(6.162975822039E-33,0.802002783672),
  .PIECEWISE_BEZIER_KNOTS.);
#3197 = CARTESIAN_POINT('',(4.32799220618,-1.415755983146E-15));
#3198 = CARTESIAN_POINT('',(3.52598942818,-1.153407952613E-15));
#3199 = ( GEOMETRIC_REPRESENTATION_CONTEXT(2) 
PARAMETRIC_REPRESENTATION_CONTEXT() REPRESENTATION_CONTEXT('2D SPACE',''
  ) );
#3200 = ORIENTED_EDGE('',*,*,#3201,.F.);
#3201 = EDGE_CURVE('',#3147,#3186,#3202,.T.);
#3202 = SURFACE_CURVE('',#3203,(#3207),.PCURVE_S1.);
#3203 = LINE('',#3204,#3205);
#3204 = CARTESIAN_POINT('',(1.3335,0.,1.4615285984));
#3205 = VECTOR('',#3206,1.);
#3206 = DIRECTION('',(0.,-1.,0.));
#3207 = PCURVE('',#3156,#3208);
#3208 = DEFINITIONAL_REPRESENTATION('',(#3209),#3212);
#3209 = B_SPLINE_CURVE_WITH_KNOTS('',1,(#3210,#3211),.UNSPECIFIED.,.F.,
  .F.,(2,2),(0.,1.4732),.PIECEWISE_BEZIER_KNOTS.);
#3210 = CARTESIAN_POINT('',(4.32799220618,1.4732));
#3211 = CARTESIAN_POINT('',(4.32799220618,-1.415755983146E-15));
#3212 = ( GEOMETRIC_REPRESENTATION_CONTEXT(2) 
PARAMETRIC_REPRESENTATION_CONTEXT() REPRESENTATION_CONTEXT('2D SPACE',''
  ) );
#3213 = ( GEOMETRIC_REPRESENTATION_CONTEXT(3) 
GLOBAL_UNCERTAINTY_ASSIGNED_CONTEXT((#3217)) 
GLOBAL_UNIT_ASSIGNED_CONTEXT((#3214,#3215,#3216)) REPRESENTATION_CONTEXT
('Context #1','3D Context with UNIT and UNCERTAINTY') );
#3214 = ( LENGTH_UNIT() NAMED_UNIT(*) SI_UNIT(.MILLI.,.METRE.) );
#3215 = ( NAMED_UNIT(*) PLANE_ANGLE_UNIT() SI_UNIT($,.RADIAN.) );
#3216 = ( NAMED_UNIT(*) SI_UNIT($,.STERADIAN.) SOLID_ANGLE_UNIT() );
#3217 = UNCERTAINTY_MEASURE_WITH_UNIT(LENGTH_MEASURE(1.E-07),#3214,
  'distance_accuracy_value','confusion accuracy');
#3218 = PRODUCT_RELATED_PRODUCT_CATEGORY('part',$,(#3134));
#3219 = SHAPE_DEFINITION_REPRESENTATION(#3220,#3226);
#3220 = PRODUCT_DEFINITION_SHAPE('','',#3221);
#3221 = PRODUCT_DEFINITION('design','',#3222,#3225);
#3222 = PRODUCT_DEFINITION_FORMATION('','',#3223);
#3223 = PRODUCT('FACE','FACE','',(#3224));
#3224 = PRODUCT_CONTEXT('',#2,'mechanical');
#3225 = PRODUCT_DEFINITION_CONTEXT('part definition',#2,'design');
#3226 = MANIFOLD_SURFACE_SHAPE_REPRESENTATION('',(#11,#3227),#3302);
#3227 = SHELL_BASED_SURFACE_MODEL('',(#3228));
#3228 = OPEN_SHELL('',(#3229));
#3229 = ADVANCED_FACE('',(#3230),#3245,.T.);
#3230 = FACE_BOUND('',#3231,.T.);
#3231 = EDGE_LOOP('',(#3232,#3258,#3273,#3289));
#3232 = ORIENTED_EDGE('',*,*,#3233,.F.);
#3233 = EDGE_CURVE('',#3234,#3236,#3238,.T.);
#3234 = VERTEX_POINT('',#3235);
#3235 = CARTESIAN_POINT('',(1.3335,-1.152139145664E-16,0.519671398835));
#3236 = VERTEX_POINT('',#3237);
#3237 = CARTESIAN_POINT('',(1.613928601724,-1.25283171274E-16,
    0.800100001382));
#3238 = SURFACE_CURVE('',#3239,(#3244),.PCURVE_S1.);
#3239 = CIRCLE('',#3240,0.508);
#3240 = AXIS2_PLACEMENT_3D('',#3241,#3242,#3243);
#3241 = CARTESIAN_POINT('',(1.143,-1.762479051592E-16,0.9906));
#3242 = DIRECTION('',(-1.330436532548E-16,-1.,6.123031769112E-17));
#3243 = DIRECTION('',(0.375,-1.066533936487E-16,-0.927024810887));
#3244 = PCURVE('',#3245,#3253);
#3245 = SURFACE_OF_REVOLUTION('',#3246,#3250);
#3246 = LINE('',#3247,#3248);
#3247 = CARTESIAN_POINT('',(0.635,-1.4732,0.9906));
#3248 = VECTOR('',#3249,1.);
#3249 = DIRECTION('',(0.,1.,0.));
#3250 = AXIS1_PLACEMENT('',#3251,#3252);
#3251 = CARTESIAN_POINT('',(1.143,-1.6002,0.9906));
#3252 = DIRECTION('',(0.,-1.,0.));
#3253 = DEFINITIONAL_REPRESENTATION('',(#3254),#3257);
#3254 = B_SPLINE_CURVE_WITH_KNOTS('',1,(#3255,#3256),.UNSPECIFIED.,.F.,
  .F.,(2,2),(0.,0.802002783672),.PIECEWISE_BEZIER_KNOTS.);
#3255 = CARTESIAN_POINT('',(1.95519310118,1.4732));
#3256 = CARTESIAN_POINT('',(2.75719587918,1.4732));
#3257 = ( GEOMETRIC_REPRESENTATION_CONTEXT(2) 
PARAMETRIC_REPRESENTATION_CONTEXT() REPRESENTATION_CONTEXT('2D SPACE',''
  ) );
#3258 = ORIENTED_EDGE('',*,*,#3259,.F.);
#3259 = EDGE_CURVE('',#3260,#3234,#3262,.T.);
#3260 = VERTEX_POINT('',#3261);
#3261 = CARTESIAN_POINT('',(1.333499998618,-1.4732,0.519671398276));
#3262 = SURFACE_CURVE('',#3263,(#3267),.PCURVE_S1.);
#3263 = LINE('',#3264,#3265);
#3264 = CARTESIAN_POINT('',(1.3335,-1.4732,0.5196714016));
#3265 = VECTOR('',#3266,1.);
#3266 = DIRECTION('',(0.,1.,0.));
#3267 = PCURVE('',#3245,#3268);
#3268 = DEFINITIONAL_REPRESENTATION('',(#3269),#3272);
#3269 = B_SPLINE_CURVE_WITH_KNOTS('',1,(#3270,#3271),.UNSPECIFIED.,.F.,
  .F.,(2,2),(0.,1.4732),.PIECEWISE_BEZIER_KNOTS.);
#3270 = CARTESIAN_POINT('',(1.95519310118,-6.395751654193E-16));
#3271 = CARTESIAN_POINT('',(1.95519310118,1.4732));
#3272 = ( GEOMETRIC_REPRESENTATION_CONTEXT(2) 
PARAMETRIC_REPRESENTATION_CONTEXT() REPRESENTATION_CONTEXT('2D SPACE',''
  ) );
#3273 = ORIENTED_EDGE('',*,*,#3274,.F.);
#3274 = EDGE_CURVE('',#3275,#3260,#3277,.T.);
#3275 = VERTEX_POINT('',#3276);
#3276 = CARTESIAN_POINT('',(1.613928601165,-1.4732,0.8001));
#3277 = SURFACE_CURVE('',#3278,(#3283),.PCURVE_S1.);
#3278 = CIRCLE('',#3279,0.508);
#3279 = AXIS2_PLACEMENT_3D('',#3280,#3281,#3282);
#3280 = CARTESIAN_POINT('',(1.143,-1.4732,0.9906));
#3281 = DIRECTION('',(3.08148791102E-33,1.,6.123031769112E-17));
#3282 = DIRECTION('',(0.927024810887,2.296136913417E-17,-0.375));
#3283 = PCURVE('',#3245,#3284);
#3284 = DEFINITIONAL_REPRESENTATION('',(#3285),#3288);
#3285 = B_SPLINE_CURVE_WITH_KNOTS('',1,(#3286,#3287),.UNSPECIFIED.,.F.,
  .F.,(2,2),(0.,0.802002783672),.PIECEWISE_BEZIER_KNOTS.);
#3286 = CARTESIAN_POINT('',(2.75719587918,-9.019231959523E-16));
#3287 = CARTESIAN_POINT('',(1.95519310118,-6.395751654193E-16));
#3288 = ( GEOMETRIC_REPRESENTATION_CONTEXT(2) 
PARAMETRIC_REPRESENTATION_CONTEXT() REPRESENTATION_CONTEXT('2D SPACE',''
  ) );
#3289 = ORIENTED_EDGE('',*,*,#3290,.F.);
#3290 = EDGE_CURVE('',#3236,#3275,#3291,.T.);
#3291 = SURFACE_CURVE('',#3292,(#3296),.PCURVE_S1.);
#3292 = LINE('',#3293,#3294);
#3293 = CARTESIAN_POINT('',(1.6139285984,0.,0.8001));
#3294 = VECTOR('',#3295,1.);
#3295 = DIRECTION('',(0.,-1.,0.));
#3296 = PCURVE('',#3245,#3297);
#3297 = DEFINITIONAL_REPRESENTATION('',(#3298),#3301);
#3298 = B_SPLINE_CURVE_WITH_KNOTS('',1,(#3299,#3300),.UNSPECIFIED.,.F.,
  .F.,(2,2),(0.,1.4732),.PIECEWISE_BEZIER_KNOTS.);
#3299 = CARTESIAN_POINT('',(2.75719587918,1.4732));
#3300 = CARTESIAN_POINT('',(2.75719587918,-9.019231959523E-16));
#3301 = ( GEOMETRIC_REPRESENTATION_CONTEXT(2) 
PARAMETRIC_REPRESENTATION_CONTEXT() REPRESENTATION_CONTEXT('2D SPACE',''
  ) );
#3302 = ( GEOMETRIC_REPRESENTATION_CONTEXT(3) 
GLOBAL_UNCERTAINTY_ASSIGNED_CONTEXT((#3306)) 
GLOBAL_UNIT_ASSIGNED_CONTEXT((#3303,#3304,#3305)) REPRESENTATION_CONTEXT
('Context #1','3D Context with UNIT and UNCERTAINTY') );
#3303 = ( LENGTH_UNIT() NAMED_UNIT(*) SI_UNIT(.MILLI.,.METRE.) );
#3304 = ( NAMED_UNIT(*) PLANE_ANGLE_UNIT() SI_UNIT($,.RADIAN.) );
#3305 = ( NAMED_UNIT(*) SI_UNIT($,.STERADIAN.) SOLID_ANGLE_UNIT() );
#3306 = UNCERTAINTY_MEASURE_WITH_UNIT(LENGTH_MEASURE(1.E-07),#3303,
  'distance_accuracy_value','confusion accuracy');
#3307 = PRODUCT_RELATED_PRODUCT_CATEGORY('part',$,(#3223));
#3308 = SHAPE_DEFINITION_REPRESENTATION(#3309,#3315);
#3309 = PRODUCT_DEFINITION_SHAPE('','',#3310);
#3310 = PRODUCT_DEFINITION('design','',#3311,#3314);
#3311 = PRODUCT_DEFINITION_FORMATION('','',#3312);
#3312 = PRODUCT('FACE','FACE','',(#3313));
#3313 = PRODUCT_CONTEXT('',#2,'mechanical');
#3314 = PRODUCT_DEFINITION_CONTEXT('part definition',#2,'design');
#3315 = MANIFOLD_SURFACE_SHAPE_REPRESENTATION('',(#11,#3316),#4006);
#3316 = SHELL_BASED_SURFACE_MODEL('',(#3317));
#3317 = OPEN_SHELL('',(#3318));
#3318 = ADVANCED_FACE('',(#3319,#3386,#3696),#3333,.T.);
#3319 = FACE_BOUND('',#3320,.T.);
#3320 = EDGE_LOOP('',(#3321,#3343,#3358,#3373));
#3321 = ORIENTED_EDGE('',*,*,#3322,.T.);
#3322 = EDGE_CURVE('',#3323,#3325,#3327,.T.);
#3323 = VERTEX_POINT('',#3324);
#3324 = CARTESIAN_POINT('',(0.,0.,0.));
#3325 = VERTEX_POINT('',#3326);
#3326 = CARTESIAN_POINT('',(0.,0.,4.5212));
#3327 = SURFACE_CURVE('',#3328,(#3332),.PCURVE_S1.);
#3328 = LINE('',#3329,#3330);
#3329 = CARTESIAN_POINT('',(0.,0.,0.));
#3330 = VECTOR('',#3331,1.);
#3331 = DIRECTION('',(0.,0.,1.));
#3332 = PCURVE('',#3333,#3338);
#3333 = B_SPLINE_SURFACE_WITH_KNOTS('',1,1,(
    (#3334,#3335)
    ,(#3336,#3337
    )),.UNSPECIFIED.,.F.,.F.,.F.,(2,2),(2,2),(0.,1.),(0.,1.),
  .PIECEWISE_BEZIER_KNOTS.);
#3334 = CARTESIAN_POINT('',(2.0574,0.,0.));
#3335 = CARTESIAN_POINT('',(2.0574,0.,4.5212));
#3336 = CARTESIAN_POINT('',(0.,0.,0.));
#3337 = CARTESIAN_POINT('',(0.,0.,4.5212));
#3338 = DEFINITIONAL_REPRESENTATION('',(#3339),#3342);
#3339 = B_SPLINE_CURVE_WITH_KNOTS('',1,(#3340,#3341),.UNSPECIFIED.,.F.,
  .F.,(2,2),(0.,4.5212),.PIECEWISE_BEZIER_KNOTS.);
#3340 = CARTESIAN_POINT('',(1.,0.));
#3341 = CARTESIAN_POINT('',(1.,1.));
#3342 = ( GEOMETRIC_REPRESENTATION_CONTEXT(2) 
PARAMETRIC_REPRESENTATION_CONTEXT() REPRESENTATION_CONTEXT('2D SPACE',''
  ) );
#3343 = ORIENTED_EDGE('',*,*,#3344,.T.);
#3344 = EDGE_CURVE('',#3325,#3345,#3347,.T.);
#3345 = VERTEX_POINT('',#3346);
#3346 = CARTESIAN_POINT('',(2.0574,0.,4.5212));
#3347 = SURFACE_CURVE('',#3348,(#3352),.PCURVE_S1.);
#3348 = LINE('',#3349,#3350);
#3349 = CARTESIAN_POINT('',(0.,0.,4.5212));
#3350 = VECTOR('',#3351,1.);
#3351 = DIRECTION('',(1.,0.,0.));
#3352 = PCURVE('',#3333,#3353);
#3353 = DEFINITIONAL_REPRESENTATION('',(#3354),#3357);
#3354 = B_SPLINE_CURVE_WITH_KNOTS('',1,(#3355,#3356),.UNSPECIFIED.,.F.,
  .F.,(2,2),(0.,2.0574),.PIECEWISE_BEZIER_KNOTS.);
#3355 = CARTESIAN_POINT('',(1.,1.));
#3356 = CARTESIAN_POINT('',(0.,1.));
#3357 = ( GEOMETRIC_REPRESENTATION_CONTEXT(2) 
PARAMETRIC_REPRESENTATION_CONTEXT() REPRESENTATION_CONTEXT('2D SPACE',''
  ) );
#3358 = ORIENTED_EDGE('',*,*,#3359,.T.);
#3359 = EDGE_CURVE('',#3345,#3360,#3362,.T.);
#3360 = VERTEX_POINT('',#3361);
#3361 = CARTESIAN_POINT('',(2.0574,0.,0.));
#3362 = SURFACE_CURVE('',#3363,(#3367),.PCURVE_S1.);
#3363 = LINE('',#3364,#3365);
#3364 = CARTESIAN_POINT('',(2.0574,0.,4.5212));
#3365 = VECTOR('',#3366,1.);
#3366 = DIRECTION('',(0.,0.,-1.));
#3367 = PCURVE('',#3333,#3368);
#3368 = DEFINITIONAL_REPRESENTATION('',(#3369),#3372);
#3369 = B_SPLINE_CURVE_WITH_KNOTS('',1,(#3370,#3371),.UNSPECIFIED.,.F.,
  .F.,(2,2),(0.,4.5212),.PIECEWISE_BEZIER_KNOTS.);
#3370 = CARTESIAN_POINT('',(0.,1.));
#3371 = CARTESIAN_POINT('',(0.,0.));
#3372 = ( GEOMETRIC_REPRESENTATION_CONTEXT(2) 
PARAMETRIC_REPRESENTATION_CONTEXT() REPRESENTATION_CONTEXT('2D SPACE',''
  ) );
#3373 = ORIENTED_EDGE('',*,*,#3374,.T.);
#3374 = EDGE_CURVE('',#3360,#3323,#3375,.T.);
#3375 = SURFACE_CURVE('',#3376,(#3380),.PCURVE_S1.);
#3376 = LINE('',#3377,#3378);
#3377 = CARTESIAN_POINT('',(2.0574,0.,0.));
#3378 = VECTOR('',#3379,1.);
#3379 = DIRECTION('',(-1.,0.,0.));
#3380 = PCURVE('',#3333,#3381);
#3381 = DEFINITIONAL_REPRESENTATION('',(#3382),#3385);
#3382 = B_SPLINE_CURVE_WITH_KNOTS('',1,(#3383,#3384),.UNSPECIFIED.,.F.,
  .F.,(2,2),(0.,2.0574),.PIECEWISE_BEZIER_KNOTS.);
#3383 = CARTESIAN_POINT('',(0.,0.));
#3384 = CARTESIAN_POINT('',(1.,0.));
#3385 = ( GEOMETRIC_REPRESENTATION_CONTEXT(2) 
PARAMETRIC_REPRESENTATION_CONTEXT() REPRESENTATION_CONTEXT('2D SPACE',''
  ) );
#3386 = FACE_BOUND('',#3387,.T.);
#3387 = EDGE_LOOP('',(#3388,#3405,#3420,#3436,#3452,#3467,#3482,#3497,
    #3513,#3529,#3544,#3559,#3574,#3590,#3606,#3621,#3636,#3651,#3667,
    #3683));
#3388 = ORIENTED_EDGE('',*,*,#3389,.T.);
#3389 = EDGE_CURVE('',#3390,#3392,#3394,.T.);
#3390 = VERTEX_POINT('',#3391);
#3391 = CARTESIAN_POINT('',(1.778,0.,3.3401));
#3392 = VERTEX_POINT('',#3393);
#3393 = CARTESIAN_POINT('',(1.778,0.,3.7211));
#3394 = SURFACE_CURVE('',#3395,(#3399),.PCURVE_S1.);
#3395 = LINE('',#3396,#3397);
#3396 = CARTESIAN_POINT('',(1.778,0.,3.3401));
#3397 = VECTOR('',#3398,1.);
#3398 = DIRECTION('',(0.,0.,1.));
#3399 = PCURVE('',#3333,#3400);
#3400 = DEFINITIONAL_REPRESENTATION('',(#3401),#3404);
#3401 = B_SPLINE_CURVE_WITH_KNOTS('',1,(#3402,#3403),.UNSPECIFIED.,.F.,
  .F.,(2,2),(0.,0.381),.PIECEWISE_BEZIER_KNOTS.);
#3402 = CARTESIAN_POINT('',(0.135802469,0.738764045));
#3403 = CARTESIAN_POINT('',(0.135802469,0.823033708));
#3404 = ( GEOMETRIC_REPRESENTATION_CONTEXT(2) 
PARAMETRIC_REPRESENTATION_CONTEXT() REPRESENTATION_CONTEXT('2D SPACE',''
  ) );
#3405 = ORIENTED_EDGE('',*,*,#3406,.T.);
#3406 = EDGE_CURVE('',#3392,#3407,#3409,.T.);
#3407 = VERTEX_POINT('',#3408);
#3408 = CARTESIAN_POINT('',(1.613928601588,0.,3.721100000305));
#3409 = SURFACE_CURVE('',#3410,(#3414),.PCURVE_S1.);
#3410 = LINE('',#3411,#3412);
#3411 = CARTESIAN_POINT('',(1.778,0.,3.7211));
#3412 = VECTOR('',#3413,1.);
#3413 = DIRECTION('',(-1.,0.,0.));
#3414 = PCURVE('',#3333,#3415);
#3415 = DEFINITIONAL_REPRESENTATION('',(#3416),#3419);
#3416 = B_SPLINE_CURVE_WITH_KNOTS('',1,(#3417,#3418),.UNSPECIFIED.,.F.,
  .F.,(2,2),(0.,0.1640714016),.PIECEWISE_BEZIER_KNOTS.);
#3417 = CARTESIAN_POINT('',(0.135802469,0.823033708));
#3418 = CARTESIAN_POINT('',(0.215549429,0.823033708));
#3419 = ( GEOMETRIC_REPRESENTATION_CONTEXT(2) 
PARAMETRIC_REPRESENTATION_CONTEXT() REPRESENTATION_CONTEXT('2D SPACE',''
  ) );
#3420 = ORIENTED_EDGE('',*,*,#3421,.T.);
#3421 = EDGE_CURVE('',#3407,#3422,#3424,.T.);
#3422 = VERTEX_POINT('',#3423);
#3423 = CARTESIAN_POINT('',(1.50221024584,0.,3.889810246932));
#3424 = SURFACE_CURVE('',#3425,(#3429),.PCURVE_S1.);
#3425 = B_SPLINE_CURVE_WITH_KNOTS('',2,(#3426,#3427,#3428),
  .UNSPECIFIED.,.F.,.F.,(3,3),(0.,0.5),.PIECEWISE_BEZIER_KNOTS.);
#3426 = CARTESIAN_POINT('',(1.613928604775,0.,3.72110000061));
#3427 = CARTESIAN_POINT('',(1.575213029705,0.,3.816807461366));
#3428 = CARTESIAN_POINT('',(1.50221024584,0.,3.889810246932));
#3429 = PCURVE('',#3333,#3430);
#3430 = DEFINITIONAL_REPRESENTATION('',(#3431),#3435);
#3431 = B_SPLINE_CURVE_WITH_KNOTS('',2,(#3432,#3433,#3434),
  .UNSPECIFIED.,.F.,.F.,(3,3),(0.,0.5),.PIECEWISE_BEZIER_KNOTS.);
#3432 = CARTESIAN_POINT('',(0.215549429,0.823033708));
#3433 = CARTESIAN_POINT('',(0.234367148,0.844202305));
#3434 = CARTESIAN_POINT('',(0.269850177,0.860349077));
#3435 = ( GEOMETRIC_REPRESENTATION_CONTEXT(2) 
PARAMETRIC_REPRESENTATION_CONTEXT() REPRESENTATION_CONTEXT('2D SPACE',''
  ) );
#3436 = ORIENTED_EDGE('',*,*,#3437,.T.);
#3437 = EDGE_CURVE('',#3422,#3438,#3440,.T.);
#3438 = VERTEX_POINT('',#3439);
#3439 = CARTESIAN_POINT('',(1.333499999848,0.,4.001528602261));
#3440 = SURFACE_CURVE('',#3441,(#3445),.PCURVE_S1.);
#3441 = B_SPLINE_CURVE_WITH_KNOTS('',2,(#3442,#3443,#3444),
  .UNSPECIFIED.,.F.,.F.,(3,3),(0.5,1.),.PIECEWISE_BEZIER_KNOTS.);
#3442 = CARTESIAN_POINT('',(1.50221024584,0.,3.889810246932));
#3443 = CARTESIAN_POINT('',(1.429207459918,0.,3.962813032499));
#3444 = CARTESIAN_POINT('',(1.333499999695,0.,4.001528606122));
#3445 = PCURVE('',#3333,#3446);
#3446 = DEFINITIONAL_REPRESENTATION('',(#3447),#3451);
#3447 = B_SPLINE_CURVE_WITH_KNOTS('',2,(#3448,#3449,#3450),
  .UNSPECIFIED.,.F.,.F.,(3,3),(0.5,1.),.PIECEWISE_BEZIER_KNOTS.);
#3448 = CARTESIAN_POINT('',(0.269850177,0.860349077));
#3449 = CARTESIAN_POINT('',(0.305333207,0.876495849));
#3450 = CARTESIAN_POINT('',(0.351851852,0.885058968));
#3451 = ( GEOMETRIC_REPRESENTATION_CONTEXT(2) 
PARAMETRIC_REPRESENTATION_CONTEXT() REPRESENTATION_CONTEXT('2D SPACE',''
  ) );
#3452 = ORIENTED_EDGE('',*,*,#3453,.T.);
#3453 = EDGE_CURVE('',#3438,#3454,#3456,.T.);
#3454 = VERTEX_POINT('',#3455);
#3455 = CARTESIAN_POINT('',(1.3335,0.,4.1656));
#3456 = SURFACE_CURVE('',#3457,(#3461),.PCURVE_S1.);
#3457 = LINE('',#3458,#3459);
#3458 = CARTESIAN_POINT('',(1.3335,0.,4.0015285984));
#3459 = VECTOR('',#3460,1.);
#3460 = DIRECTION('',(0.,0.,1.));
#3461 = PCURVE('',#3333,#3462);
#3462 = DEFINITIONAL_REPRESENTATION('',(#3463),#3466);
#3463 = B_SPLINE_CURVE_WITH_KNOTS('',1,(#3464,#3465),.UNSPECIFIED.,.F.,
  .F.,(2,2),(0.,0.1640714016),.PIECEWISE_BEZIER_KNOTS.);
#3464 = CARTESIAN_POINT('',(0.351851852,0.885058968));
#3465 = CARTESIAN_POINT('',(0.351851852,0.921348315));
#3466 = ( GEOMETRIC_REPRESENTATION_CONTEXT(2) 
PARAMETRIC_REPRESENTATION_CONTEXT() REPRESENTATION_CONTEXT('2D SPACE',''
  ) );
#3467 = ORIENTED_EDGE('',*,*,#3468,.T.);
#3468 = EDGE_CURVE('',#3454,#3469,#3471,.T.);
#3469 = VERTEX_POINT('',#3470);
#3470 = CARTESIAN_POINT('',(0.9525,0.,4.1656));
#3471 = SURFACE_CURVE('',#3472,(#3476),.PCURVE_S1.);
#3472 = LINE('',#3473,#3474);
#3473 = CARTESIAN_POINT('',(1.3335,0.,4.1656));
#3474 = VECTOR('',#3475,1.);
#3475 = DIRECTION('',(-1.,0.,0.));
#3476 = PCURVE('',#3333,#3477);
#3477 = DEFINITIONAL_REPRESENTATION('',(#3478),#3481);
#3478 = B_SPLINE_CURVE_WITH_KNOTS('',1,(#3479,#3480),.UNSPECIFIED.,.F.,
  .F.,(2,2),(0.,0.381),.PIECEWISE_BEZIER_KNOTS.);
#3479 = CARTESIAN_POINT('',(0.351851852,0.921348315));
#3480 = CARTESIAN_POINT('',(0.537037037,0.921348315));
#3481 = ( GEOMETRIC_REPRESENTATION_CONTEXT(2) 
PARAMETRIC_REPRESENTATION_CONTEXT() REPRESENTATION_CONTEXT('2D SPACE',''
  ) );
#3482 = ORIENTED_EDGE('',*,*,#3483,.T.);
#3483 = EDGE_CURVE('',#3469,#3484,#3486,.T.);
#3484 = VERTEX_POINT('',#3485);
#3485 = CARTESIAN_POINT('',(0.952500000038,0.,4.001528602261));
#3486 = SURFACE_CURVE('',#3487,(#3491),.PCURVE_S1.);
#3487 = LINE('',#3488,#3489);
#3488 = CARTESIAN_POINT('',(0.9525,0.,4.1656));
#3489 = VECTOR('',#3490,1.);
#3490 = DIRECTION('',(0.,0.,-1.));
#3491 = PCURVE('',#3333,#3492);
#3492 = DEFINITIONAL_REPRESENTATION('',(#3493),#3496);
#3493 = B_SPLINE_CURVE_WITH_KNOTS('',1,(#3494,#3495),.UNSPECIFIED.,.F.,
  .F.,(2,2),(0.,0.1640714016),.PIECEWISE_BEZIER_KNOTS.);
#3494 = CARTESIAN_POINT('',(0.537037037,0.921348315));
#3495 = CARTESIAN_POINT('',(0.537037037,0.885058968));
#3496 = ( GEOMETRIC_REPRESENTATION_CONTEXT(2) 
PARAMETRIC_REPRESENTATION_CONTEXT() REPRESENTATION_CONTEXT('2D SPACE',''
  ) );
#3497 = ORIENTED_EDGE('',*,*,#3498,.T.);
#3498 = EDGE_CURVE('',#3484,#3499,#3501,.T.);
#3499 = VERTEX_POINT('',#3500);
#3500 = CARTESIAN_POINT('',(0.783789755989,0.,3.889810246932));
#3501 = SURFACE_CURVE('',#3502,(#3506),.PCURVE_S1.);
#3502 = B_SPLINE_CURVE_WITH_KNOTS('',2,(#3503,#3504,#3505),
  .UNSPECIFIED.,.F.,.F.,(3,3),(0.,0.5),.PIECEWISE_BEZIER_KNOTS.);
#3503 = CARTESIAN_POINT('',(0.952500000076,0.,4.001528606122));
#3504 = CARTESIAN_POINT('',(0.856792539853,0.,3.962813032499));
#3505 = CARTESIAN_POINT('',(0.783789755989,0.,3.889810246932));
#3506 = PCURVE('',#3333,#3507);
#3507 = DEFINITIONAL_REPRESENTATION('',(#3508),#3512);
#3508 = B_SPLINE_CURVE_WITH_KNOTS('',2,(#3509,#3510,#3511),
  .UNSPECIFIED.,.F.,.F.,(3,3),(0.,0.5),.PIECEWISE_BEZIER_KNOTS.);
#3509 = CARTESIAN_POINT('',(0.537037037,0.885058968));
#3510 = CARTESIAN_POINT('',(0.583555682,0.876495849));
#3511 = CARTESIAN_POINT('',(0.619038711,0.860349077));
#3512 = ( GEOMETRIC_REPRESENTATION_CONTEXT(2) 
PARAMETRIC_REPRESENTATION_CONTEXT() REPRESENTATION_CONTEXT('2D SPACE',''
  ) );
#3513 = ORIENTED_EDGE('',*,*,#3514,.T.);
#3514 = EDGE_CURVE('',#3499,#3515,#3517,.T.);
#3515 = VERTEX_POINT('',#3516);
#3516 = CARTESIAN_POINT('',(0.672071399327,0.,3.721100000305));
#3517 = SURFACE_CURVE('',#3518,(#3522),.PCURVE_S1.);
#3518 = B_SPLINE_CURVE_WITH_KNOTS('',2,(#3519,#3520,#3521),
  .UNSPECIFIED.,.F.,.F.,(3,3),(0.5,1.),.PIECEWISE_BEZIER_KNOTS.);
#3519 = CARTESIAN_POINT('',(0.783789755989,0.,3.889810246932));
#3520 = CARTESIAN_POINT('',(0.710786970067,0.,3.816807461366));
#3521 = CARTESIAN_POINT('',(0.672071397053,0.,3.72110000061));
#3522 = PCURVE('',#3333,#3523);
#3523 = DEFINITIONAL_REPRESENTATION('',(#3524),#3528);
#3524 = B_SPLINE_CURVE_WITH_KNOTS('',2,(#3525,#3526,#3527),
  .UNSPECIFIED.,.F.,.F.,(3,3),(0.5,1.),.PIECEWISE_BEZIER_KNOTS.);
#3525 = CARTESIAN_POINT('',(0.619038711,0.860349077));
#3526 = CARTESIAN_POINT('',(0.654521741,0.844202305));
#3527 = CARTESIAN_POINT('',(0.673339459,0.823033708));
#3528 = ( GEOMETRIC_REPRESENTATION_CONTEXT(2) 
PARAMETRIC_REPRESENTATION_CONTEXT() REPRESENTATION_CONTEXT('2D SPACE',''
  ) );
#3529 = ORIENTED_EDGE('',*,*,#3530,.T.);
#3530 = EDGE_CURVE('',#3515,#3531,#3533,.T.);
#3531 = VERTEX_POINT('',#3532);
#3532 = CARTESIAN_POINT('',(0.508,0.,3.7211));
#3533 = SURFACE_CURVE('',#3534,(#3538),.PCURVE_S1.);
#3534 = LINE('',#3535,#3536);
#3535 = CARTESIAN_POINT('',(0.6720714016,0.,3.7211));
#3536 = VECTOR('',#3537,1.);
#3537 = DIRECTION('',(-1.,0.,0.));
#3538 = PCURVE('',#3333,#3539);
#3539 = DEFINITIONAL_REPRESENTATION('',(#3540),#3543);
#3540 = B_SPLINE_CURVE_WITH_KNOTS('',1,(#3541,#3542),.UNSPECIFIED.,.F.,
  .F.,(2,2),(0.,0.1640714016),.PIECEWISE_BEZIER_KNOTS.);
#3541 = CARTESIAN_POINT('',(0.673339459,0.823033708));
#3542 = CARTESIAN_POINT('',(0.75308642,0.823033708));
#3543 = ( GEOMETRIC_REPRESENTATION_CONTEXT(2) 
PARAMETRIC_REPRESENTATION_CONTEXT() REPRESENTATION_CONTEXT('2D SPACE',''
  ) );
#3544 = ORIENTED_EDGE('',*,*,#3545,.T.);
#3545 = EDGE_CURVE('',#3531,#3546,#3548,.T.);
#3546 = VERTEX_POINT('',#3547);
#3547 = CARTESIAN_POINT('',(0.508,0.,3.3401));
#3548 = SURFACE_CURVE('',#3549,(#3553),.PCURVE_S1.);
#3549 = LINE('',#3550,#3551);
#3550 = CARTESIAN_POINT('',(0.508,0.,3.7211));
#3551 = VECTOR('',#3552,1.);
#3552 = DIRECTION('',(0.,0.,-1.));
#3553 = PCURVE('',#3333,#3554);
#3554 = DEFINITIONAL_REPRESENTATION('',(#3555),#3558);
#3555 = B_SPLINE_CURVE_WITH_KNOTS('',1,(#3556,#3557),.UNSPECIFIED.,.F.,
  .F.,(2,2),(0.,0.381),.PIECEWISE_BEZIER_KNOTS.);
#3556 = CARTESIAN_POINT('',(0.75308642,0.823033708));
#3557 = CARTESIAN_POINT('',(0.75308642,0.738764045));
#3558 = ( GEOMETRIC_REPRESENTATION_CONTEXT(2) 
PARAMETRIC_REPRESENTATION_CONTEXT() REPRESENTATION_CONTEXT('2D SPACE',''
  ) );
#3559 = ORIENTED_EDGE('',*,*,#3560,.T.);
#3560 = EDGE_CURVE('',#3546,#3561,#3563,.T.);
#3561 = VERTEX_POINT('',#3562);
#3562 = CARTESIAN_POINT('',(0.672071399327,0.,3.340100000127));
#3563 = SURFACE_CURVE('',#3564,(#3568),.PCURVE_S1.);
#3564 = LINE('',#3565,#3566);
#3565 = CARTESIAN_POINT('',(0.508,0.,3.3401));
#3566 = VECTOR('',#3567,1.);
#3567 = DIRECTION('',(1.,0.,0.));
#3568 = PCURVE('',#3333,#3569);
#3569 = DEFINITIONAL_REPRESENTATION('',(#3570),#3573);
#3570 = B_SPLINE_CURVE_WITH_KNOTS('',1,(#3571,#3572),.UNSPECIFIED.,.F.,
  .F.,(2,2),(0.,0.1640714016),.PIECEWISE_BEZIER_KNOTS.);
#3571 = CARTESIAN_POINT('',(0.75308642,0.738764045));
#3572 = CARTESIAN_POINT('',(0.673339459,0.738764045));
#3573 = ( GEOMETRIC_REPRESENTATION_CONTEXT(2) 
PARAMETRIC_REPRESENTATION_CONTEXT() REPRESENTATION_CONTEXT('2D SPACE',''
  ) );
#3574 = ORIENTED_EDGE('',*,*,#3575,.T.);
#3575 = EDGE_CURVE('',#3561,#3576,#3578,.T.);
#3576 = VERTEX_POINT('',#3577);
#3577 = CARTESIAN_POINT('',(0.783789755989,0.,3.171389753931));
#3578 = SURFACE_CURVE('',#3579,(#3583),.PCURVE_S1.);
#3579 = B_SPLINE_CURVE_WITH_KNOTS('',2,(#3580,#3581,#3582),
  .UNSPECIFIED.,.F.,.F.,(3,3),(0.,0.5),.PIECEWISE_BEZIER_KNOTS.);
#3580 = CARTESIAN_POINT('',(0.672071397053,0.,3.340100000254));
#3581 = CARTESIAN_POINT('',(0.710786970067,0.,3.244392539498));
#3582 = CARTESIAN_POINT('',(0.783789755989,0.,3.171389753931));
#3583 = PCURVE('',#3333,#3584);
#3584 = DEFINITIONAL_REPRESENTATION('',(#3585),#3589);
#3585 = B_SPLINE_CURVE_WITH_KNOTS('',2,(#3586,#3587,#3588),
  .UNSPECIFIED.,.F.,.F.,(3,3),(0.,0.5),.PIECEWISE_BEZIER_KNOTS.);
#3586 = CARTESIAN_POINT('',(0.673339459,0.738764045));
#3587 = CARTESIAN_POINT('',(0.654521741,0.717595448));
#3588 = CARTESIAN_POINT('',(0.619038711,0.701448676));
#3589 = ( GEOMETRIC_REPRESENTATION_CONTEXT(2) 
PARAMETRIC_REPRESENTATION_CONTEXT() REPRESENTATION_CONTEXT('2D SPACE',''
  ) );
#3590 = ORIENTED_EDGE('',*,*,#3591,.T.);
#3591 = EDGE_CURVE('',#3576,#3592,#3594,.T.);
#3592 = VERTEX_POINT('',#3593);
#3593 = CARTESIAN_POINT('',(0.952500000038,0.,3.059671398171));
#3594 = SURFACE_CURVE('',#3595,(#3599),.PCURVE_S1.);
#3595 = B_SPLINE_CURVE_WITH_KNOTS('',2,(#3596,#3597,#3598),
  .UNSPECIFIED.,.F.,.F.,(3,3),(0.5,1.),.PIECEWISE_BEZIER_KNOTS.);
#3596 = CARTESIAN_POINT('',(0.783789755989,0.,3.171389753931));
#3597 = CARTESIAN_POINT('',(0.856792539853,0.,3.098386968365));
#3598 = CARTESIAN_POINT('',(0.952500000076,0.,3.059671394742));
#3599 = PCURVE('',#3333,#3600);
#3600 = DEFINITIONAL_REPRESENTATION('',(#3601),#3605);
#3601 = B_SPLINE_CURVE_WITH_KNOTS('',2,(#3602,#3603,#3604),
  .UNSPECIFIED.,.F.,.F.,(3,3),(0.5,1.),.PIECEWISE_BEZIER_KNOTS.);
#3602 = CARTESIAN_POINT('',(0.619038711,0.701448676));
#3603 = CARTESIAN_POINT('',(0.583555682,0.685301904));
#3604 = CARTESIAN_POINT('',(0.537037037,0.676738785));
#3605 = ( GEOMETRIC_REPRESENTATION_CONTEXT(2) 
PARAMETRIC_REPRESENTATION_CONTEXT() REPRESENTATION_CONTEXT('2D SPACE',''
  ) );
#3606 = ORIENTED_EDGE('',*,*,#3607,.T.);
#3607 = EDGE_CURVE('',#3592,#3608,#3610,.T.);
#3608 = VERTEX_POINT('',#3609);
#3609 = CARTESIAN_POINT('',(0.9525,0.,2.8956));
#3610 = SURFACE_CURVE('',#3611,(#3615),.PCURVE_S1.);
#3611 = LINE('',#3612,#3613);
#3612 = CARTESIAN_POINT('',(0.9525,0.,3.0596714016));
#3613 = VECTOR('',#3614,1.);
#3614 = DIRECTION('',(0.,0.,-1.));
#3615 = PCURVE('',#3333,#3616);
#3616 = DEFINITIONAL_REPRESENTATION('',(#3617),#3620);
#3617 = B_SPLINE_CURVE_WITH_KNOTS('',1,(#3618,#3619),.UNSPECIFIED.,.F.,
  .F.,(2,2),(0.,0.1640714016),.PIECEWISE_BEZIER_KNOTS.);
#3618 = CARTESIAN_POINT('',(0.537037037,0.676738785));
#3619 = CARTESIAN_POINT('',(0.537037037,0.640449438));
#3620 = ( GEOMETRIC_REPRESENTATION_CONTEXT(2) 
PARAMETRIC_REPRESENTATION_CONTEXT() REPRESENTATION_CONTEXT('2D SPACE',''
  ) );
#3621 = ORIENTED_EDGE('',*,*,#3622,.T.);
#3622 = EDGE_CURVE('',#3608,#3623,#3625,.T.);
#3623 = VERTEX_POINT('',#3624);
#3624 = CARTESIAN_POINT('',(1.3335,0.,2.8956));
#3625 = SURFACE_CURVE('',#3626,(#3630),.PCURVE_S1.);
#3626 = LINE('',#3627,#3628);
#3627 = CARTESIAN_POINT('',(0.9525,0.,2.8956));
#3628 = VECTOR('',#3629,1.);
#3629 = DIRECTION('',(1.,0.,0.));
#3630 = PCURVE('',#3333,#3631);
#3631 = DEFINITIONAL_REPRESENTATION('',(#3632),#3635);
#3632 = B_SPLINE_CURVE_WITH_KNOTS('',1,(#3633,#3634),.UNSPECIFIED.,.F.,
  .F.,(2,2),(0.,0.381),.PIECEWISE_BEZIER_KNOTS.);
#3633 = CARTESIAN_POINT('',(0.537037037,0.640449438));
#3634 = CARTESIAN_POINT('',(0.351851852,0.640449438));
#3635 = ( GEOMETRIC_REPRESENTATION_CONTEXT(2) 
PARAMETRIC_REPRESENTATION_CONTEXT() REPRESENTATION_CONTEXT('2D SPACE',''
  ) );
#3636 = ORIENTED_EDGE('',*,*,#3637,.T.);
#3637 = EDGE_CURVE('',#3623,#3638,#3640,.T.);
#3638 = VERTEX_POINT('',#3639);
#3639 = CARTESIAN_POINT('',(1.333499999848,0.,3.059671398171));
#3640 = SURFACE_CURVE('',#3641,(#3645),.PCURVE_S1.);
#3641 = LINE('',#3642,#3643);
#3642 = CARTESIAN_POINT('',(1.3335,0.,2.8956));
#3643 = VECTOR('',#3644,1.);
#3644 = DIRECTION('',(0.,0.,1.));
#3645 = PCURVE('',#3333,#3646);
#3646 = DEFINITIONAL_REPRESENTATION('',(#3647),#3650);
#3647 = B_SPLINE_CURVE_WITH_KNOTS('',1,(#3648,#3649),.UNSPECIFIED.,.F.,
  .F.,(2,2),(0.,0.1640714016),.PIECEWISE_BEZIER_KNOTS.);
#3648 = CARTESIAN_POINT('',(0.351851852,0.640449438));
#3649 = CARTESIAN_POINT('',(0.351851852,0.676738785));
#3650 = ( GEOMETRIC_REPRESENTATION_CONTEXT(2) 
PARAMETRIC_REPRESENTATION_CONTEXT() REPRESENTATION_CONTEXT('2D SPACE',''
  ) );
#3651 = ORIENTED_EDGE('',*,*,#3652,.T.);
#3652 = EDGE_CURVE('',#3638,#3653,#3655,.T.);
#3653 = VERTEX_POINT('',#3654);
#3654 = CARTESIAN_POINT('',(1.50221024584,0.,3.171389753931));
#3655 = SURFACE_CURVE('',#3656,(#3660),.PCURVE_S1.);
#3656 = B_SPLINE_CURVE_WITH_KNOTS('',2,(#3657,#3658,#3659),
  .UNSPECIFIED.,.F.,.F.,(3,3),(0.,0.5),.PIECEWISE_BEZIER_KNOTS.);
#3657 = CARTESIAN_POINT('',(1.333499999695,0.,3.059671394742));
#3658 = CARTESIAN_POINT('',(1.429207459918,0.,3.098386968365));
#3659 = CARTESIAN_POINT('',(1.50221024584,0.,3.171389753931));
#3660 = PCURVE('',#3333,#3661);
#3661 = DEFINITIONAL_REPRESENTATION('',(#3662),#3666);
#3662 = B_SPLINE_CURVE_WITH_KNOTS('',2,(#3663,#3664,#3665),
  .UNSPECIFIED.,.F.,.F.,(3,3),(0.,0.5),.PIECEWISE_BEZIER_KNOTS.);
#3663 = CARTESIAN_POINT('',(0.351851852,0.676738785));
#3664 = CARTESIAN_POINT('',(0.305333207,0.685301904));
#3665 = CARTESIAN_POINT('',(0.269850177,0.701448676));
#3666 = ( GEOMETRIC_REPRESENTATION_CONTEXT(2) 
PARAMETRIC_REPRESENTATION_CONTEXT() REPRESENTATION_CONTEXT('2D SPACE',''
  ) );
#3667 = ORIENTED_EDGE('',*,*,#3668,.T.);
#3668 = EDGE_CURVE('',#3653,#3669,#3671,.T.);
#3669 = VERTEX_POINT('',#3670);
#3670 = CARTESIAN_POINT('',(1.613928601588,0.,3.340100000127));
#3671 = SURFACE_CURVE('',#3672,(#3676),.PCURVE_S1.);
#3672 = B_SPLINE_CURVE_WITH_KNOTS('',2,(#3673,#3674,#3675),
  .UNSPECIFIED.,.F.,.F.,(3,3),(0.5,1.),.PIECEWISE_BEZIER_KNOTS.);
#3673 = CARTESIAN_POINT('',(1.50221024584,0.,3.171389753931));
#3674 = CARTESIAN_POINT('',(1.575213029705,0.,3.244392539498));
#3675 = CARTESIAN_POINT('',(1.613928604775,0.,3.340100000254));
#3676 = PCURVE('',#3333,#3677);
#3677 = DEFINITIONAL_REPRESENTATION('',(#3678),#3682);
#3678 = B_SPLINE_CURVE_WITH_KNOTS('',2,(#3679,#3680,#3681),
  .UNSPECIFIED.,.F.,.F.,(3,3),(0.5,1.),.PIECEWISE_BEZIER_KNOTS.);
#3679 = CARTESIAN_POINT('',(0.269850177,0.701448676));
#3680 = CARTESIAN_POINT('',(0.234367148,0.717595448));
#3681 = CARTESIAN_POINT('',(0.215549429,0.738764045));
#3682 = ( GEOMETRIC_REPRESENTATION_CONTEXT(2) 
PARAMETRIC_REPRESENTATION_CONTEXT() REPRESENTATION_CONTEXT('2D SPACE',''
  ) );
#3683 = ORIENTED_EDGE('',*,*,#3684,.T.);
#3684 = EDGE_CURVE('',#3669,#3390,#3685,.T.);
#3685 = SURFACE_CURVE('',#3686,(#3690),.PCURVE_S1.);
#3686 = LINE('',#3687,#3688);
#3687 = CARTESIAN_POINT('',(1.6139285984,0.,3.3401));
#3688 = VECTOR('',#3689,1.);
#3689 = DIRECTION('',(1.,0.,0.));
#3690 = PCURVE('',#3333,#3691);
#3691 = DEFINITIONAL_REPRESENTATION('',(#3692),#3695);
#3692 = B_SPLINE_CURVE_WITH_KNOTS('',1,(#3693,#3694),.UNSPECIFIED.,.F.,
  .F.,(2,2),(0.,0.1640714016),.PIECEWISE_BEZIER_KNOTS.);
#3693 = CARTESIAN_POINT('',(0.215549429,0.738764045));
#3694 = CARTESIAN_POINT('',(0.135802469,0.738764045));
#3695 = ( GEOMETRIC_REPRESENTATION_CONTEXT(2) 
PARAMETRIC_REPRESENTATION_CONTEXT() REPRESENTATION_CONTEXT('2D SPACE',''
  ) );
#3696 = FACE_BOUND('',#3697,.T.);
#3697 = EDGE_LOOP('',(#3698,#3715,#3730,#3746,#3762,#3777,#3792,#3807,
    #3823,#3839,#3854,#3869,#3884,#3900,#3916,#3931,#3946,#3961,#3977,
    #3993));
#3698 = ORIENTED_EDGE('',*,*,#3699,.T.);
#3699 = EDGE_CURVE('',#3700,#3702,#3704,.T.);
#3700 = VERTEX_POINT('',#3701);
#3701 = CARTESIAN_POINT('',(1.3335,0.,1.6256));
#3702 = VERTEX_POINT('',#3703);
#3703 = CARTESIAN_POINT('',(0.9525,0.,1.6256));
#3704 = SURFACE_CURVE('',#3705,(#3709),.PCURVE_S1.);
#3705 = LINE('',#3706,#3707);
#3706 = CARTESIAN_POINT('',(1.3335,0.,1.6256));
#3707 = VECTOR('',#3708,1.);
#3708 = DIRECTION('',(-1.,0.,0.));
#3709 = PCURVE('',#3333,#3710);
#3710 = DEFINITIONAL_REPRESENTATION('',(#3711),#3714);
#3711 = B_SPLINE_CURVE_WITH_KNOTS('',1,(#3712,#3713),.UNSPECIFIED.,.F.,
  .F.,(2,2),(0.,0.381),.PIECEWISE_BEZIER_KNOTS.);
#3712 = CARTESIAN_POINT('',(0.351851852,0.359550562));
#3713 = CARTESIAN_POINT('',(0.537037037,0.359550562));
#3714 = ( GEOMETRIC_REPRESENTATION_CONTEXT(2) 
PARAMETRIC_REPRESENTATION_CONTEXT() REPRESENTATION_CONTEXT('2D SPACE',''
  ) );
#3715 = ORIENTED_EDGE('',*,*,#3716,.T.);
#3716 = EDGE_CURVE('',#3702,#3717,#3719,.T.);
#3717 = VERTEX_POINT('',#3718);
#3718 = CARTESIAN_POINT('',(0.952500000038,0.,1.461528601829));
#3719 = SURFACE_CURVE('',#3720,(#3724),.PCURVE_S1.);
#3720 = LINE('',#3721,#3722);
#3721 = CARTESIAN_POINT('',(0.9525,0.,1.6256));
#3722 = VECTOR('',#3723,1.);
#3723 = DIRECTION('',(0.,0.,-1.));
#3724 = PCURVE('',#3333,#3725);
#3725 = DEFINITIONAL_REPRESENTATION('',(#3726),#3729);
#3726 = B_SPLINE_CURVE_WITH_KNOTS('',1,(#3727,#3728),.UNSPECIFIED.,.F.,
  .F.,(2,2),(0.,0.1640714016),.PIECEWISE_BEZIER_KNOTS.);
#3727 = CARTESIAN_POINT('',(0.537037037,0.359550562));
#3728 = CARTESIAN_POINT('',(0.537037037,0.323261215));
#3729 = ( GEOMETRIC_REPRESENTATION_CONTEXT(2) 
PARAMETRIC_REPRESENTATION_CONTEXT() REPRESENTATION_CONTEXT('2D SPACE',''
  ) );
#3730 = ORIENTED_EDGE('',*,*,#3731,.T.);
#3731 = EDGE_CURVE('',#3717,#3732,#3734,.T.);
#3732 = VERTEX_POINT('',#3733);
#3733 = CARTESIAN_POINT('',(0.783789755989,0.,1.349810246069));
#3734 = SURFACE_CURVE('',#3735,(#3739),.PCURVE_S1.);
#3735 = B_SPLINE_CURVE_WITH_KNOTS('',2,(#3736,#3737,#3738),
  .UNSPECIFIED.,.F.,.F.,(3,3),(0.,0.5),.PIECEWISE_BEZIER_KNOTS.);
#3736 = CARTESIAN_POINT('',(0.952500000076,0.,1.461528605258));
#3737 = CARTESIAN_POINT('',(0.856792539853,0.,1.422813031635));
#3738 = CARTESIAN_POINT('',(0.783789755989,0.,1.349810246069));
#3739 = PCURVE('',#3333,#3740);
#3740 = DEFINITIONAL_REPRESENTATION('',(#3741),#3745);
#3741 = B_SPLINE_CURVE_WITH_KNOTS('',2,(#3742,#3743,#3744),
  .UNSPECIFIED.,.F.,.F.,(3,3),(0.,0.5),.PIECEWISE_BEZIER_KNOTS.);
#3742 = CARTESIAN_POINT('',(0.537037037,0.323261215));
#3743 = CARTESIAN_POINT('',(0.583555682,0.314698096));
#3744 = CARTESIAN_POINT('',(0.619038711,0.298551324));
#3745 = ( GEOMETRIC_REPRESENTATION_CONTEXT(2) 
PARAMETRIC_REPRESENTATION_CONTEXT() REPRESENTATION_CONTEXT('2D SPACE',''
  ) );
#3746 = ORIENTED_EDGE('',*,*,#3747,.T.);
#3747 = EDGE_CURVE('',#3732,#3748,#3750,.T.);
#3748 = VERTEX_POINT('',#3749);
#3749 = CARTESIAN_POINT('',(0.672071399327,0.,1.181099999873));
#3750 = SURFACE_CURVE('',#3751,(#3755),.PCURVE_S1.);
#3751 = B_SPLINE_CURVE_WITH_KNOTS('',2,(#3752,#3753,#3754),
  .UNSPECIFIED.,.F.,.F.,(3,3),(0.5,1.),.PIECEWISE_BEZIER_KNOTS.);
#3752 = CARTESIAN_POINT('',(0.783789755989,0.,1.349810246069));
#3753 = CARTESIAN_POINT('',(0.710786970067,0.,1.276807460502));
#3754 = CARTESIAN_POINT('',(0.672071397053,0.,1.181099999746));
#3755 = PCURVE('',#3333,#3756);
#3756 = DEFINITIONAL_REPRESENTATION('',(#3757),#3761);
#3757 = B_SPLINE_CURVE_WITH_KNOTS('',2,(#3758,#3759,#3760),
  .UNSPECIFIED.,.F.,.F.,(3,3),(0.5,1.),.PIECEWISE_BEZIER_KNOTS.);
#3758 = CARTESIAN_POINT('',(0.619038711,0.298551324));
#3759 = CARTESIAN_POINT('',(0.654521741,0.282404552));
#3760 = CARTESIAN_POINT('',(0.673339459,0.261235955));
#3761 = ( GEOMETRIC_REPRESENTATION_CONTEXT(2) 
PARAMETRIC_REPRESENTATION_CONTEXT() REPRESENTATION_CONTEXT('2D SPACE',''
  ) );
#3762 = ORIENTED_EDGE('',*,*,#3763,.T.);
#3763 = EDGE_CURVE('',#3748,#3764,#3766,.T.);
#3764 = VERTEX_POINT('',#3765);
#3765 = CARTESIAN_POINT('',(0.508,0.,1.1811));
#3766 = SURFACE_CURVE('',#3767,(#3771),.PCURVE_S1.);
#3767 = LINE('',#3768,#3769);
#3768 = CARTESIAN_POINT('',(0.6720714016,0.,1.1811));
#3769 = VECTOR('',#3770,1.);
#3770 = DIRECTION('',(-1.,0.,0.));
#3771 = PCURVE('',#3333,#3772);
#3772 = DEFINITIONAL_REPRESENTATION('',(#3773),#3776);
#3773 = B_SPLINE_CURVE_WITH_KNOTS('',1,(#3774,#3775),.UNSPECIFIED.,.F.,
  .F.,(2,2),(0.,0.1640714016),.PIECEWISE_BEZIER_KNOTS.);
#3774 = CARTESIAN_POINT('',(0.673339459,0.261235955));
#3775 = CARTESIAN_POINT('',(0.75308642,0.261235955));
#3776 = ( GEOMETRIC_REPRESENTATION_CONTEXT(2) 
PARAMETRIC_REPRESENTATION_CONTEXT() REPRESENTATION_CONTEXT('2D SPACE',''
  ) );
#3777 = ORIENTED_EDGE('',*,*,#3778,.T.);
#3778 = EDGE_CURVE('',#3764,#3779,#3781,.T.);
#3779 = VERTEX_POINT('',#3780);
#3780 = CARTESIAN_POINT('',(0.508,0.,0.8001));
#3781 = SURFACE_CURVE('',#3782,(#3786),.PCURVE_S1.);
#3782 = LINE('',#3783,#3784);
#3783 = CARTESIAN_POINT('',(0.508,0.,1.1811));
#3784 = VECTOR('',#3785,1.);
#3785 = DIRECTION('',(0.,0.,-1.));
#3786 = PCURVE('',#3333,#3787);
#3787 = DEFINITIONAL_REPRESENTATION('',(#3788),#3791);
#3788 = B_SPLINE_CURVE_WITH_KNOTS('',1,(#3789,#3790),.UNSPECIFIED.,.F.,
  .F.,(2,2),(0.,0.381),.PIECEWISE_BEZIER_KNOTS.);
#3789 = CARTESIAN_POINT('',(0.75308642,0.261235955));
#3790 = CARTESIAN_POINT('',(0.75308642,0.176966292));
#3791 = ( GEOMETRIC_REPRESENTATION_CONTEXT(2) 
PARAMETRIC_REPRESENTATION_CONTEXT() REPRESENTATION_CONTEXT('2D SPACE',''
  ) );
#3792 = ORIENTED_EDGE('',*,*,#3793,.T.);
#3793 = EDGE_CURVE('',#3779,#3794,#3796,.T.);
#3794 = VERTEX_POINT('',#3795);
#3795 = CARTESIAN_POINT('',(0.672071399327,0.,0.800099999695));
#3796 = SURFACE_CURVE('',#3797,(#3801),.PCURVE_S1.);
#3797 = LINE('',#3798,#3799);
#3798 = CARTESIAN_POINT('',(0.508,0.,0.8001));
#3799 = VECTOR('',#3800,1.);
#3800 = DIRECTION('',(1.,0.,0.));
#3801 = PCURVE('',#3333,#3802);
#3802 = DEFINITIONAL_REPRESENTATION('',(#3803),#3806);
#3803 = B_SPLINE_CURVE_WITH_KNOTS('',1,(#3804,#3805),.UNSPECIFIED.,.F.,
  .F.,(2,2),(0.,0.1640714016),.PIECEWISE_BEZIER_KNOTS.);
#3804 = CARTESIAN_POINT('',(0.75308642,0.176966292));
#3805 = CARTESIAN_POINT('',(0.673339459,0.176966292));
#3806 = ( GEOMETRIC_REPRESENTATION_CONTEXT(2) 
PARAMETRIC_REPRESENTATION_CONTEXT() REPRESENTATION_CONTEXT('2D SPACE',''
  ) );
#3807 = ORIENTED_EDGE('',*,*,#3808,.T.);
#3808 = EDGE_CURVE('',#3794,#3809,#3811,.T.);
#3809 = VERTEX_POINT('',#3810);
#3810 = CARTESIAN_POINT('',(0.783789755989,0.,0.631389753068));
#3811 = SURFACE_CURVE('',#3812,(#3816),.PCURVE_S1.);
#3812 = B_SPLINE_CURVE_WITH_KNOTS('',2,(#3813,#3814,#3815),
  .UNSPECIFIED.,.F.,.F.,(3,3),(0.,0.5),.PIECEWISE_BEZIER_KNOTS.);
#3813 = CARTESIAN_POINT('',(0.672071397053,0.,0.80009999939));
#3814 = CARTESIAN_POINT('',(0.710786970067,0.,0.704392538634));
#3815 = CARTESIAN_POINT('',(0.783789755989,0.,0.631389753068));
#3816 = PCURVE('',#3333,#3817);
#3817 = DEFINITIONAL_REPRESENTATION('',(#3818),#3822);
#3818 = B_SPLINE_CURVE_WITH_KNOTS('',2,(#3819,#3820,#3821),
  .UNSPECIFIED.,.F.,.F.,(3,3),(0.,0.5),.PIECEWISE_BEZIER_KNOTS.);
#3819 = CARTESIAN_POINT('',(0.673339459,0.176966292));
#3820 = CARTESIAN_POINT('',(0.654521741,0.155797695));
#3821 = CARTESIAN_POINT('',(0.619038711,0.139650923));
#3822 = ( GEOMETRIC_REPRESENTATION_CONTEXT(2) 
PARAMETRIC_REPRESENTATION_CONTEXT() REPRESENTATION_CONTEXT('2D SPACE',''
  ) );
#3823 = ORIENTED_EDGE('',*,*,#3824,.T.);
#3824 = EDGE_CURVE('',#3809,#3825,#3827,.T.);
#3825 = VERTEX_POINT('',#3826);
#3826 = CARTESIAN_POINT('',(0.952500000038,0.,0.519671397739));
#3827 = SURFACE_CURVE('',#3828,(#3832),.PCURVE_S1.);
#3828 = B_SPLINE_CURVE_WITH_KNOTS('',2,(#3829,#3830,#3831),
  .UNSPECIFIED.,.F.,.F.,(3,3),(0.5,1.),.PIECEWISE_BEZIER_KNOTS.);
#3829 = CARTESIAN_POINT('',(0.783789755989,0.,0.631389753068));
#3830 = CARTESIAN_POINT('',(0.856792539853,0.,0.558386967501));
#3831 = CARTESIAN_POINT('',(0.952500000076,0.,0.519671393878));
#3832 = PCURVE('',#3333,#3833);
#3833 = DEFINITIONAL_REPRESENTATION('',(#3834),#3838);
#3834 = B_SPLINE_CURVE_WITH_KNOTS('',2,(#3835,#3836,#3837),
  .UNSPECIFIED.,.F.,.F.,(3,3),(0.5,1.),.PIECEWISE_BEZIER_KNOTS.);
#3835 = CARTESIAN_POINT('',(0.619038711,0.139650923));
#3836 = CARTESIAN_POINT('',(0.583555682,0.123504151));
#3837 = CARTESIAN_POINT('',(0.537037037,0.114941032));
#3838 = ( GEOMETRIC_REPRESENTATION_CONTEXT(2) 
PARAMETRIC_REPRESENTATION_CONTEXT() REPRESENTATION_CONTEXT('2D SPACE',''
  ) );
#3839 = ORIENTED_EDGE('',*,*,#3840,.T.);
#3840 = EDGE_CURVE('',#3825,#3841,#3843,.T.);
#3841 = VERTEX_POINT('',#3842);
#3842 = CARTESIAN_POINT('',(0.9525,0.,0.3556));
#3843 = SURFACE_CURVE('',#3844,(#3848),.PCURVE_S1.);
#3844 = LINE('',#3845,#3846);
#3845 = CARTESIAN_POINT('',(0.9525,0.,0.5196714016));
#3846 = VECTOR('',#3847,1.);
#3847 = DIRECTION('',(0.,0.,-1.));
#3848 = PCURVE('',#3333,#3849);
#3849 = DEFINITIONAL_REPRESENTATION('',(#3850),#3853);
#3850 = B_SPLINE_CURVE_WITH_KNOTS('',1,(#3851,#3852),.UNSPECIFIED.,.F.,
  .F.,(2,2),(0.,0.1640714016),.PIECEWISE_BEZIER_KNOTS.);
#3851 = CARTESIAN_POINT('',(0.537037037,0.114941032));
#3852 = CARTESIAN_POINT('',(0.537037037,7.8651685E-02));
#3853 = ( GEOMETRIC_REPRESENTATION_CONTEXT(2) 
PARAMETRIC_REPRESENTATION_CONTEXT() REPRESENTATION_CONTEXT('2D SPACE',''
  ) );
#3854 = ORIENTED_EDGE('',*,*,#3855,.T.);
#3855 = EDGE_CURVE('',#3841,#3856,#3858,.T.);
#3856 = VERTEX_POINT('',#3857);
#3857 = CARTESIAN_POINT('',(1.3335,0.,0.3556));
#3858 = SURFACE_CURVE('',#3859,(#3863),.PCURVE_S1.);
#3859 = LINE('',#3860,#3861);
#3860 = CARTESIAN_POINT('',(0.9525,0.,0.3556));
#3861 = VECTOR('',#3862,1.);
#3862 = DIRECTION('',(1.,0.,0.));
#3863 = PCURVE('',#3333,#3864);
#3864 = DEFINITIONAL_REPRESENTATION('',(#3865),#3868);
#3865 = B_SPLINE_CURVE_WITH_KNOTS('',1,(#3866,#3867),.UNSPECIFIED.,.F.,
  .F.,(2,2),(0.,0.381),.PIECEWISE_BEZIER_KNOTS.);
#3866 = CARTESIAN_POINT('',(0.537037037,7.8651685E-02));
#3867 = CARTESIAN_POINT('',(0.351851852,7.8651685E-02));
#3868 = ( GEOMETRIC_REPRESENTATION_CONTEXT(2) 
PARAMETRIC_REPRESENTATION_CONTEXT() REPRESENTATION_CONTEXT('2D SPACE',''
  ) );
#3869 = ORIENTED_EDGE('',*,*,#3870,.T.);
#3870 = EDGE_CURVE('',#3856,#3871,#3873,.T.);
#3871 = VERTEX_POINT('',#3872);
#3872 = CARTESIAN_POINT('',(1.333499999848,0.,0.519671397739));
#3873 = SURFACE_CURVE('',#3874,(#3878),.PCURVE_S1.);
#3874 = LINE('',#3875,#3876);
#3875 = CARTESIAN_POINT('',(1.3335,0.,0.3556));
#3876 = VECTOR('',#3877,1.);
#3877 = DIRECTION('',(0.,0.,1.));
#3878 = PCURVE('',#3333,#3879);
#3879 = DEFINITIONAL_REPRESENTATION('',(#3880),#3883);
#3880 = B_SPLINE_CURVE_WITH_KNOTS('',1,(#3881,#3882),.UNSPECIFIED.,.F.,
  .F.,(2,2),(0.,0.1640714016),.PIECEWISE_BEZIER_KNOTS.);
#3881 = CARTESIAN_POINT('',(0.351851852,7.8651685E-02));
#3882 = CARTESIAN_POINT('',(0.351851852,0.114941032));
#3883 = ( GEOMETRIC_REPRESENTATION_CONTEXT(2) 
PARAMETRIC_REPRESENTATION_CONTEXT() REPRESENTATION_CONTEXT('2D SPACE',''
  ) );
#3884 = ORIENTED_EDGE('',*,*,#3885,.T.);
#3885 = EDGE_CURVE('',#3871,#3886,#3888,.T.);
#3886 = VERTEX_POINT('',#3887);
#3887 = CARTESIAN_POINT('',(1.50221024584,0.,0.631389753068));
#3888 = SURFACE_CURVE('',#3889,(#3893),.PCURVE_S1.);
#3889 = B_SPLINE_CURVE_WITH_KNOTS('',2,(#3890,#3891,#3892),
  .UNSPECIFIED.,.F.,.F.,(3,3),(0.,0.5),.PIECEWISE_BEZIER_KNOTS.);
#3890 = CARTESIAN_POINT('',(1.333499999695,0.,0.519671393878));
#3891 = CARTESIAN_POINT('',(1.429207459918,0.,0.558386967501));
#3892 = CARTESIAN_POINT('',(1.50221024584,0.,0.631389753068));
#3893 = PCURVE('',#3333,#3894);
#3894 = DEFINITIONAL_REPRESENTATION('',(#3895),#3899);
#3895 = B_SPLINE_CURVE_WITH_KNOTS('',2,(#3896,#3897,#3898),
  .UNSPECIFIED.,.F.,.F.,(3,3),(0.,0.5),.PIECEWISE_BEZIER_KNOTS.);
#3896 = CARTESIAN_POINT('',(0.351851852,0.114941032));
#3897 = CARTESIAN_POINT('',(0.305333207,0.123504151));
#3898 = CARTESIAN_POINT('',(0.269850177,0.139650923));
#3899 = ( GEOMETRIC_REPRESENTATION_CONTEXT(2) 
PARAMETRIC_REPRESENTATION_CONTEXT() REPRESENTATION_CONTEXT('2D SPACE',''
  ) );
#3900 = ORIENTED_EDGE('',*,*,#3901,.T.);
#3901 = EDGE_CURVE('',#3886,#3902,#3904,.T.);
#3902 = VERTEX_POINT('',#3903);
#3903 = CARTESIAN_POINT('',(1.613928601588,0.,0.800099999695));
#3904 = SURFACE_CURVE('',#3905,(#3909),.PCURVE_S1.);
#3905 = B_SPLINE_CURVE_WITH_KNOTS('',2,(#3906,#3907,#3908),
  .UNSPECIFIED.,.F.,.F.,(3,3),(0.5,1.),.PIECEWISE_BEZIER_KNOTS.);
#3906 = CARTESIAN_POINT('',(1.50221024584,0.,0.631389753068));
#3907 = CARTESIAN_POINT('',(1.575213029705,0.,0.704392538634));
#3908 = CARTESIAN_POINT('',(1.613928604775,0.,0.80009999939));
#3909 = PCURVE('',#3333,#3910);
#3910 = DEFINITIONAL_REPRESENTATION('',(#3911),#3915);
#3911 = B_SPLINE_CURVE_WITH_KNOTS('',2,(#3912,#3913,#3914),
  .UNSPECIFIED.,.F.,.F.,(3,3),(0.5,1.),.PIECEWISE_BEZIER_KNOTS.);
#3912 = CARTESIAN_POINT('',(0.269850177,0.139650923));
#3913 = CARTESIAN_POINT('',(0.234367148,0.155797695));
#3914 = CARTESIAN_POINT('',(0.215549429,0.176966292));
#3915 = ( GEOMETRIC_REPRESENTATION_CONTEXT(2) 
PARAMETRIC_REPRESENTATION_CONTEXT() REPRESENTATION_CONTEXT('2D SPACE',''
  ) );
#3916 = ORIENTED_EDGE('',*,*,#3917,.T.);
#3917 = EDGE_CURVE('',#3902,#3918,#3920,.T.);
#3918 = VERTEX_POINT('',#3919);
#3919 = CARTESIAN_POINT('',(1.778,0.,0.8001));
#3920 = SURFACE_CURVE('',#3921,(#3925),.PCURVE_S1.);
#3921 = LINE('',#3922,#3923);
#3922 = CARTESIAN_POINT('',(1.6139285984,0.,0.8001));
#3923 = VECTOR('',#3924,1.);
#3924 = DIRECTION('',(1.,0.,0.));
#3925 = PCURVE('',#3333,#3926);
#3926 = DEFINITIONAL_REPRESENTATION('',(#3927),#3930);
#3927 = B_SPLINE_CURVE_WITH_KNOTS('',1,(#3928,#3929),.UNSPECIFIED.,.F.,
  .F.,(2,2),(0.,0.1640714016),.PIECEWISE_BEZIER_KNOTS.);
#3928 = CARTESIAN_POINT('',(0.215549429,0.176966292));
#3929 = CARTESIAN_POINT('',(0.135802469,0.176966292));
#3930 = ( GEOMETRIC_REPRESENTATION_CONTEXT(2) 
PARAMETRIC_REPRESENTATION_CONTEXT() REPRESENTATION_CONTEXT('2D SPACE',''
  ) );
#3931 = ORIENTED_EDGE('',*,*,#3932,.T.);
#3932 = EDGE_CURVE('',#3918,#3933,#3935,.T.);
#3933 = VERTEX_POINT('',#3934);
#3934 = CARTESIAN_POINT('',(1.778,0.,1.1811));
#3935 = SURFACE_CURVE('',#3936,(#3940),.PCURVE_S1.);
#3936 = LINE('',#3937,#3938);
#3937 = CARTESIAN_POINT('',(1.778,0.,0.8001));
#3938 = VECTOR('',#3939,1.);
#3939 = DIRECTION('',(0.,0.,1.));
#3940 = PCURVE('',#3333,#3941);
#3941 = DEFINITIONAL_REPRESENTATION('',(#3942),#3945);
#3942 = B_SPLINE_CURVE_WITH_KNOTS('',1,(#3943,#3944),.UNSPECIFIED.,.F.,
  .F.,(2,2),(0.,0.381),.PIECEWISE_BEZIER_KNOTS.);
#3943 = CARTESIAN_POINT('',(0.135802469,0.176966292));
#3944 = CARTESIAN_POINT('',(0.135802469,0.261235955));
#3945 = ( GEOMETRIC_REPRESENTATION_CONTEXT(2) 
PARAMETRIC_REPRESENTATION_CONTEXT() REPRESENTATION_CONTEXT('2D SPACE',''
  ) );
#3946 = ORIENTED_EDGE('',*,*,#3947,.T.);
#3947 = EDGE_CURVE('',#3933,#3948,#3950,.T.);
#3948 = VERTEX_POINT('',#3949);
#3949 = CARTESIAN_POINT('',(1.613928601588,0.,1.181099999873));
#3950 = SURFACE_CURVE('',#3951,(#3955),.PCURVE_S1.);
#3951 = LINE('',#3952,#3953);
#3952 = CARTESIAN_POINT('',(1.778,0.,1.1811));
#3953 = VECTOR('',#3954,1.);
#3954 = DIRECTION('',(-1.,0.,0.));
#3955 = PCURVE('',#3333,#3956);
#3956 = DEFINITIONAL_REPRESENTATION('',(#3957),#3960);
#3957 = B_SPLINE_CURVE_WITH_KNOTS('',1,(#3958,#3959),.UNSPECIFIED.,.F.,
  .F.,(2,2),(0.,0.1640714016),.PIECEWISE_BEZIER_KNOTS.);
#3958 = CARTESIAN_POINT('',(0.135802469,0.261235955));
#3959 = CARTESIAN_POINT('',(0.215549429,0.261235955));
#3960 = ( GEOMETRIC_REPRESENTATION_CONTEXT(2) 
PARAMETRIC_REPRESENTATION_CONTEXT() REPRESENTATION_CONTEXT('2D SPACE',''
  ) );
#3961 = ORIENTED_EDGE('',*,*,#3962,.T.);
#3962 = EDGE_CURVE('',#3948,#3963,#3965,.T.);
#3963 = VERTEX_POINT('',#3964);
#3964 = CARTESIAN_POINT('',(1.50221024584,0.,1.349810246069));
#3965 = SURFACE_CURVE('',#3966,(#3970),.PCURVE_S1.);
#3966 = B_SPLINE_CURVE_WITH_KNOTS('',2,(#3967,#3968,#3969),
  .UNSPECIFIED.,.F.,.F.,(3,3),(0.,0.5),.PIECEWISE_BEZIER_KNOTS.);
#3967 = CARTESIAN_POINT('',(1.613928604775,0.,1.181099999746));
#3968 = CARTESIAN_POINT('',(1.575213029705,0.,1.276807460502));
#3969 = CARTESIAN_POINT('',(1.50221024584,0.,1.349810246069));
#3970 = PCURVE('',#3333,#3971);
#3971 = DEFINITIONAL_REPRESENTATION('',(#3972),#3976);
#3972 = B_SPLINE_CURVE_WITH_KNOTS('',2,(#3973,#3974,#3975),
  .UNSPECIFIED.,.F.,.F.,(3,3),(0.,0.5),.PIECEWISE_BEZIER_KNOTS.);
#3973 = CARTESIAN_POINT('',(0.215549429,0.261235955));
#3974 = CARTESIAN_POINT('',(0.234367148,0.282404552));
#3975 = CARTESIAN_POINT('',(0.269850177,0.298551324));
#3976 = ( GEOMETRIC_REPRESENTATION_CONTEXT(2) 
PARAMETRIC_REPRESENTATION_CONTEXT() REPRESENTATION_CONTEXT('2D SPACE',''
  ) );
#3977 = ORIENTED_EDGE('',*,*,#3978,.T.);
#3978 = EDGE_CURVE('',#3963,#3979,#3981,.T.);
#3979 = VERTEX_POINT('',#3980);
#3980 = CARTESIAN_POINT('',(1.333499999848,0.,1.461528601829));
#3981 = SURFACE_CURVE('',#3982,(#3986),.PCURVE_S1.);
#3982 = B_SPLINE_CURVE_WITH_KNOTS('',2,(#3983,#3984,#3985),
  .UNSPECIFIED.,.F.,.F.,(3,3),(0.5,1.),.PIECEWISE_BEZIER_KNOTS.);
#3983 = CARTESIAN_POINT('',(1.50221024584,0.,1.349810246069));
#3984 = CARTESIAN_POINT('',(1.429207459918,0.,1.422813031635));
#3985 = CARTESIAN_POINT('',(1.333499999695,0.,1.461528605258));
#3986 = PCURVE('',#3333,#3987);
#3987 = DEFINITIONAL_REPRESENTATION('',(#3988),#3992);
#3988 = B_SPLINE_CURVE_WITH_KNOTS('',2,(#3989,#3990,#3991),
  .UNSPECIFIED.,.F.,.F.,(3,3),(0.5,1.),.PIECEWISE_BEZIER_KNOTS.);
#3989 = CARTESIAN_POINT('',(0.269850177,0.298551324));
#3990 = CARTESIAN_POINT('',(0.305333207,0.314698096));
#3991 = CARTESIAN_POINT('',(0.351851852,0.323261215));
#3992 = ( GEOMETRIC_REPRESENTATION_CONTEXT(2) 
PARAMETRIC_REPRESENTATION_CONTEXT() REPRESENTATION_CONTEXT('2D SPACE',''
  ) );
#3993 = ORIENTED_EDGE('',*,*,#3994,.T.);
#3994 = EDGE_CURVE('',#3979,#3700,#3995,.T.);
#3995 = SURFACE_CURVE('',#3996,(#4000),.PCURVE_S1.);
#3996 = LINE('',#3997,#3998);
#3997 = CARTESIAN_POINT('',(1.3335,0.,1.4615285984));
#3998 = VECTOR('',#3999,1.);
#3999 = DIRECTION('',(0.,0.,1.));
#4000 = PCURVE('',#3333,#4001);
#4001 = DEFINITIONAL_REPRESENTATION('',(#4002),#4005);
#4002 = B_SPLINE_CURVE_WITH_KNOTS('',1,(#4003,#4004),.UNSPECIFIED.,.F.,
  .F.,(2,2),(0.,0.1640714016),.PIECEWISE_BEZIER_KNOTS.);
#4003 = CARTESIAN_POINT('',(0.351851852,0.323261215));
#4004 = CARTESIAN_POINT('',(0.351851852,0.359550562));
#4005 = ( GEOMETRIC_REPRESENTATION_CONTEXT(2) 
PARAMETRIC_REPRESENTATION_CONTEXT() REPRESENTATION_CONTEXT('2D SPACE',''
  ) );
#4006 = ( GEOMETRIC_REPRESENTATION_CONTEXT(3) 
GLOBAL_UNCERTAINTY_ASSIGNED_CONTEXT((#4010)) 
GLOBAL_UNIT_ASSIGNED_CONTEXT((#4007,#4008,#4009)) REPRESENTATION_CONTEXT
('Context #1','3D Context with UNIT and UNCERTAINTY') );
#4007 = ( LENGTH_UNIT() NAMED_UNIT(*) SI_UNIT(.MILLI.,.METRE.) );
#4008 = ( NAMED_UNIT(*) PLANE_ANGLE_UNIT() SI_UNIT($,.RADIAN.) );
#4009 = ( NAMED_UNIT(*) SI_UNIT($,.STERADIAN.) SOLID_ANGLE_UNIT() );
#4010 = UNCERTAINTY_MEASURE_WITH_UNIT(LENGTH_MEASURE(5.E-06),#4007,
  'distance_accuracy_value','confusion accuracy');
#4011 = PRODUCT_RELATED_PRODUCT_CATEGORY('part',$,(#3312));
#4012 = SHAPE_DEFINITION_REPRESENTATION(#4013,#4019);
#4013 = PRODUCT_DEFINITION_SHAPE('','',#4014);
#4014 = PRODUCT_DEFINITION('design','',#4015,#4018);
#4015 = PRODUCT_DEFINITION_FORMATION('','',#4016);
#4016 = PRODUCT('FACE','FACE','',(#4017));
#4017 = PRODUCT_CONTEXT('',#2,'mechanical');
#4018 = PRODUCT_DEFINITION_CONTEXT('part definition',#2,'design');
#4019 = MANIFOLD_SURFACE_SHAPE_REPRESENTATION('',(#11,#4020),#4095);
#4020 = SHELL_BASED_SURFACE_MODEL('',(#4021));
#4021 = OPEN_SHELL('',(#4022));
#4022 = ADVANCED_FACE('',(#4023),#4038,.T.);
#4023 = FACE_BOUND('',#4024,.T.);
#4024 = EDGE_LOOP('',(#4025,#4051,#4066,#4082));
#4025 = ORIENTED_EDGE('',*,*,#4026,.F.);
#4026 = EDGE_CURVE('',#4027,#4029,#4031,.T.);
#4027 = VERTEX_POINT('',#4028);
#4028 = CARTESIAN_POINT('',(0.672071398835,1.136187957641E-16,0.8001));
#4029 = VERTEX_POINT('',#4030);
#4030 = CARTESIAN_POINT('',(0.952500001382,8.637880631981E-17,
    0.519671398276));
#4031 = SURFACE_CURVE('',#4032,(#4037),.PCURVE_S1.);
#4032 = CIRCLE('',#4033,0.508);
#4033 = AXIS2_PLACEMENT_3D('',#4034,#4035,#4036);
#4034 = CARTESIAN_POINT('',(1.143,1.762479051592E-16,0.9906));
#4035 = DIRECTION('',(-1.330436532548E-16,-1.,6.123031769112E-17));
#4036 = DIRECTION('',(-0.927024810887,1.00373398364E-16,-0.375));
#4037 = PCURVE('',#4038,#4046);
#4038 = SURFACE_OF_REVOLUTION('',#4039,#4043);
#4039 = LINE('',#4040,#4041);
#4040 = CARTESIAN_POINT('',(0.635,-1.4732,0.9906));
#4041 = VECTOR('',#4042,1.);
#4042 = DIRECTION('',(0.,1.,0.));
#4043 = AXIS1_PLACEMENT('',#4044,#4045);
#4044 = CARTESIAN_POINT('',(1.143,-1.6002,0.9906));
#4045 = DIRECTION('',(0.,-1.,0.));
#4046 = DEFINITIONAL_REPRESENTATION('',(#4047),#4050);
#4047 = B_SPLINE_CURVE_WITH_KNOTS('',1,(#4048,#4049),.UNSPECIFIED.,.F.,
  .F.,(2,2),(1.665334536938E-16,0.802002783672),
  .PIECEWISE_BEZIER_KNOTS.);
#4048 = CARTESIAN_POINT('',(0.38439677418,1.4732));
#4049 = CARTESIAN_POINT('',(1.18639955218,1.4732));
#4050 = ( GEOMETRIC_REPRESENTATION_CONTEXT(2) 
PARAMETRIC_REPRESENTATION_CONTEXT() REPRESENTATION_CONTEXT('2D SPACE',''
  ) );
#4051 = ORIENTED_EDGE('',*,*,#4052,.F.);
#4052 = EDGE_CURVE('',#4053,#4027,#4055,.T.);
#4053 = VERTEX_POINT('',#4054);
#4054 = CARTESIAN_POINT('',(0.672071398276,-1.4732,0.800100001382));
#4055 = SURFACE_CURVE('',#4056,(#4060),.PCURVE_S1.);
#4056 = LINE('',#4057,#4058);
#4057 = CARTESIAN_POINT('',(0.6720714016,-1.4732,0.8001));
#4058 = VECTOR('',#4059,1.);
#4059 = DIRECTION('',(0.,1.,0.));
#4060 = PCURVE('',#4038,#4061);
#4061 = DEFINITIONAL_REPRESENTATION('',(#4062),#4065);
#4062 = B_SPLINE_CURVE_WITH_KNOTS('',1,(#4063,#4064),.UNSPECIFIED.,.F.,
  .F.,(2,2),(0.,1.4732),.PIECEWISE_BEZIER_KNOTS.);
#4063 = CARTESIAN_POINT('',(0.38439677418,-1.257423782256E-16));
#4064 = CARTESIAN_POINT('',(0.38439677418,1.4732));
#4065 = ( GEOMETRIC_REPRESENTATION_CONTEXT(2) 
PARAMETRIC_REPRESENTATION_CONTEXT() REPRESENTATION_CONTEXT('2D SPACE',''
  ) );
#4066 = ORIENTED_EDGE('',*,*,#4067,.F.);
#4067 = EDGE_CURVE('',#4068,#4053,#4070,.T.);
#4068 = VERTEX_POINT('',#4069);
#4069 = CARTESIAN_POINT('',(0.9525,-1.4732,0.519671398835));
#4070 = SURFACE_CURVE('',#4071,(#4076),.PCURVE_S1.);
#4071 = CIRCLE('',#4072,0.508);
#4072 = AXIS2_PLACEMENT_3D('',#4073,#4074,#4075);
#4073 = CARTESIAN_POINT('',(1.143,-1.4732,0.9906));
#4074 = DIRECTION('',(3.08148791102E-33,1.,6.123031769112E-17));
#4075 = DIRECTION('',(-0.375,5.676202367816E-17,-0.927024810887));
#4076 = PCURVE('',#4038,#4077);
#4077 = DEFINITIONAL_REPRESENTATION('',(#4078),#4081);
#4078 = B_SPLINE_CURVE_WITH_KNOTS('',1,(#4079,#4080),.UNSPECIFIED.,.F.,
  .F.,(2,2),(0.,0.802002783672),.PIECEWISE_BEZIER_KNOTS.);
#4079 = CARTESIAN_POINT('',(1.18639955218,-3.880904087585E-16));
#4080 = CARTESIAN_POINT('',(0.38439677418,-1.257423782256E-16));
#4081 = ( GEOMETRIC_REPRESENTATION_CONTEXT(2) 
PARAMETRIC_REPRESENTATION_CONTEXT() REPRESENTATION_CONTEXT('2D SPACE',''
  ) );
#4082 = ORIENTED_EDGE('',*,*,#4083,.F.);
#4083 = EDGE_CURVE('',#4029,#4068,#4084,.T.);
#4084 = SURFACE_CURVE('',#4085,(#4089),.PCURVE_S1.);
#4085 = LINE('',#4086,#4087);
#4086 = CARTESIAN_POINT('',(0.9525,0.,0.5196714016));
#4087 = VECTOR('',#4088,1.);
#4088 = DIRECTION('',(0.,-1.,0.));
#4089 = PCURVE('',#4038,#4090);
#4090 = DEFINITIONAL_REPRESENTATION('',(#4091),#4094);
#4091 = B_SPLINE_CURVE_WITH_KNOTS('',1,(#4092,#4093),.UNSPECIFIED.,.F.,
  .F.,(2,2),(0.,1.4732),.PIECEWISE_BEZIER_KNOTS.);
#4092 = CARTESIAN_POINT('',(1.18639955218,1.4732));
#4093 = CARTESIAN_POINT('',(1.18639955218,-3.880904087585E-16));
#4094 = ( GEOMETRIC_REPRESENTATION_CONTEXT(2) 
PARAMETRIC_REPRESENTATION_CONTEXT() REPRESENTATION_CONTEXT('2D SPACE',''
  ) );
#4095 = ( GEOMETRIC_REPRESENTATION_CONTEXT(3) 
GLOBAL_UNCERTAINTY_ASSIGNED_CONTEXT((#4099)) 
GLOBAL_UNIT_ASSIGNED_CONTEXT((#4096,#4097,#4098)) REPRESENTATION_CONTEXT
('Context #1','3D Context with UNIT and UNCERTAINTY') );
#4096 = ( LENGTH_UNIT() NAMED_UNIT(*) SI_UNIT(.MILLI.,.METRE.) );
#4097 = ( NAMED_UNIT(*) PLANE_ANGLE_UNIT() SI_UNIT($,.RADIAN.) );
#4098 = ( NAMED_UNIT(*) SI_UNIT($,.STERADIAN.) SOLID_ANGLE_UNIT() );
#4099 = UNCERTAINTY_MEASURE_WITH_UNIT(LENGTH_MEASURE(1.E-07),#4096,
  'distance_accuracy_value','confusion accuracy');
#4100 = PRODUCT_RELATED_PRODUCT_CATEGORY('part',$,(#4016));
#4101 = SHAPE_DEFINITION_REPRESENTATION(#4102,#4108);
#4102 = PRODUCT_DEFINITION_SHAPE('','',#4103);
#4103 = PRODUCT_DEFINITION('design','',#4104,#4107);
#4104 = PRODUCT_DEFINITION_FORMATION('','',#4105);
#4105 = PRODUCT('FACE','FACE','',(#4106));
#4106 = PRODUCT_CONTEXT('',#2,'mechanical');
#4107 = PRODUCT_DEFINITION_CONTEXT('part definition',#2,'design');
#4108 = MANIFOLD_SURFACE_SHAPE_REPRESENTATION('',(#11,#4109),#4184);
#4109 = SHELL_BASED_SURFACE_MODEL('',(#4110));
#4110 = OPEN_SHELL('',(#4111));
#4111 = ADVANCED_FACE('',(#4112),#4127,.T.);
#4112 = FACE_BOUND('',#4113,.T.);
#4113 = EDGE_LOOP('',(#4114,#4140,#4155,#4171));
#4114 = ORIENTED_EDGE('',*,*,#4115,.F.);
#4115 = EDGE_CURVE('',#4116,#4118,#4120,.T.);
#4116 = VERTEX_POINT('',#4117);
#4117 = CARTESIAN_POINT('',(1.613928601165,-2.549484318447E-17,3.7211));
#4118 = VERTEX_POINT('',#4119);
#4119 = CARTESIAN_POINT('',(1.333499998618,1.745146259813E-18,
    4.001528601724));
#4120 = SURFACE_CURVE('',#4121,(#4126),.PCURVE_S1.);
#4121 = CIRCLE('',#4122,0.508);
#4122 = AXIS2_PLACEMENT_3D('',#4123,#4124,#4125);
#4123 = CARTESIAN_POINT('',(1.143,0.,3.5306));
#4124 = DIRECTION('',(-1.330436532548E-16,-1.,6.123031769112E-17));
#4125 = DIRECTION('',(0.927024810887,-1.003733983641E-16,0.375));
#4126 = PCURVE('',#4127,#4135);
#4127 = SURFACE_OF_REVOLUTION('',#4128,#4132);
#4128 = LINE('',#4129,#4130);
#4129 = CARTESIAN_POINT('',(0.635,-1.4732,3.5306));
#4130 = VECTOR('',#4131,1.);
#4131 = DIRECTION('',(0.,1.,0.));
#4132 = AXIS1_PLACEMENT('',#4133,#4134);
#4133 = CARTESIAN_POINT('',(1.143,-1.6002,3.5306));
#4134 = DIRECTION('',(0.,-1.,0.));
#4135 = DEFINITIONAL_REPRESENTATION('',(#4136),#4139);
#4136 = B_SPLINE_CURVE_WITH_KNOTS('',1,(#4137,#4138),.UNSPECIFIED.,.F.,
  .F.,(2,2),(1.110223024625E-16,0.802002783672),
  .PIECEWISE_BEZIER_KNOTS.);
#4137 = CARTESIAN_POINT('',(3.52598942818,1.4732));
#4138 = CARTESIAN_POINT('',(4.32799220618,1.4732));
#4139 = ( GEOMETRIC_REPRESENTATION_CONTEXT(2) 
PARAMETRIC_REPRESENTATION_CONTEXT() REPRESENTATION_CONTEXT('2D SPACE',''
  ) );
#4140 = ORIENTED_EDGE('',*,*,#4141,.F.);
#4141 = EDGE_CURVE('',#4142,#4116,#4144,.T.);
#4142 = VERTEX_POINT('',#4143);
#4143 = CARTESIAN_POINT('',(1.613928601724,-1.4732,3.721099998618));
#4144 = SURFACE_CURVE('',#4145,(#4149),.PCURVE_S1.);
#4145 = LINE('',#4146,#4147);
#4146 = CARTESIAN_POINT('',(1.6139285984,-1.4732,3.7211));
#4147 = VECTOR('',#4148,1.);
#4148 = DIRECTION('',(0.,1.,0.));
#4149 = PCURVE('',#4127,#4150);
#4150 = DEFINITIONAL_REPRESENTATION('',(#4151),#4154);
#4151 = B_SPLINE_CURVE_WITH_KNOTS('',1,(#4152,#4153),.UNSPECIFIED.,.F.,
  .F.,(2,2),(0.,1.4732),.PIECEWISE_BEZIER_KNOTS.);
#4152 = CARTESIAN_POINT('',(3.52598942818,-1.153407952613E-15));
#4153 = CARTESIAN_POINT('',(3.52598942818,1.4732));
#4154 = ( GEOMETRIC_REPRESENTATION_CONTEXT(2) 
PARAMETRIC_REPRESENTATION_CONTEXT() REPRESENTATION_CONTEXT('2D SPACE',''
  ) );
#4155 = ORIENTED_EDGE('',*,*,#4156,.F.);
#4156 = EDGE_CURVE('',#4157,#4142,#4159,.T.);
#4157 = VERTEX_POINT('',#4158);
#4158 = CARTESIAN_POINT('',(1.3335,-1.4732,4.001528601165));
#4159 = SURFACE_CURVE('',#4160,(#4165),.PCURVE_S1.);
#4160 = CIRCLE('',#4161,0.508);
#4161 = AXIS2_PLACEMENT_3D('',#4162,#4163,#4164);
#4162 = CARTESIAN_POINT('',(1.143,-1.4732,3.5306));
#4163 = DIRECTION('',(3.08148791102E-33,1.,6.123031769112E-17));
#4164 = DIRECTION('',(0.375,-5.676202367816E-17,0.927024810887));
#4165 = PCURVE('',#4127,#4166);
#4166 = DEFINITIONAL_REPRESENTATION('',(#4167),#4170);
#4167 = B_SPLINE_CURVE_WITH_KNOTS('',1,(#4168,#4169),.UNSPECIFIED.,.F.,
  .F.,(2,2),(2.775557561563E-16,0.802002783672),
  .PIECEWISE_BEZIER_KNOTS.);
#4168 = CARTESIAN_POINT('',(4.32799220618,-1.415755983146E-15));
#4169 = CARTESIAN_POINT('',(3.52598942818,-1.153407952613E-15));
#4170 = ( GEOMETRIC_REPRESENTATION_CONTEXT(2) 
PARAMETRIC_REPRESENTATION_CONTEXT() REPRESENTATION_CONTEXT('2D SPACE',''
  ) );
#4171 = ORIENTED_EDGE('',*,*,#4172,.F.);
#4172 = EDGE_CURVE('',#4118,#4157,#4173,.T.);
#4173 = SURFACE_CURVE('',#4174,(#4178),.PCURVE_S1.);
#4174 = LINE('',#4175,#4176);
#4175 = CARTESIAN_POINT('',(1.3335,0.,4.0015285984));
#4176 = VECTOR('',#4177,1.);
#4177 = DIRECTION('',(0.,-1.,0.));
#4178 = PCURVE('',#4127,#4179);
#4179 = DEFINITIONAL_REPRESENTATION('',(#4180),#4183);
#4180 = B_SPLINE_CURVE_WITH_KNOTS('',1,(#4181,#4182),.UNSPECIFIED.,.F.,
  .F.,(2,2),(0.,1.4732),.PIECEWISE_BEZIER_KNOTS.);
#4181 = CARTESIAN_POINT('',(4.32799220618,1.4732));
#4182 = CARTESIAN_POINT('',(4.32799220618,-1.415755983146E-15));
#4183 = ( GEOMETRIC_REPRESENTATION_CONTEXT(2) 
PARAMETRIC_REPRESENTATION_CONTEXT() REPRESENTATION_CONTEXT('2D SPACE',''
  ) );
#4184 = ( GEOMETRIC_REPRESENTATION_CONTEXT(3) 
GLOBAL_UNCERTAINTY_ASSIGNED_CONTEXT((#4188)) 
GLOBAL_UNIT_ASSIGNED_CONTEXT((#4185,#4186,#4187)) REPRESENTATION_CONTEXT
('Context #1','3D Context with UNIT and UNCERTAINTY') );
#4185 = ( LENGTH_UNIT() NAMED_UNIT(*) SI_UNIT(.MILLI.,.METRE.) );
#4186 = ( NAMED_UNIT(*) PLANE_ANGLE_UNIT() SI_UNIT($,.RADIAN.) );
#4187 = ( NAMED_UNIT(*) SI_UNIT($,.STERADIAN.) SOLID_ANGLE_UNIT() );
#4188 = UNCERTAINTY_MEASURE_WITH_UNIT(LENGTH_MEASURE(1.E-07),#4185,
  'distance_accuracy_value','confusion accuracy');
#4189 = PRODUCT_RELATED_PRODUCT_CATEGORY('part',$,(#4105));
#4190 = SHAPE_DEFINITION_REPRESENTATION(#4191,#4197);
#4191 = PRODUCT_DEFINITION_SHAPE('','',#4192);
#4192 = PRODUCT_DEFINITION('design','',#4193,#4196);
#4193 = PRODUCT_DEFINITION_FORMATION('','',#4194);
#4194 = PRODUCT('FACE','FACE','',(#4195));
#4195 = PRODUCT_CONTEXT('',#2,'mechanical');
#4196 = PRODUCT_DEFINITION_CONTEXT('part definition',#2,'design');
#4197 = MANIFOLD_SURFACE_SHAPE_REPRESENTATION('',(#11,#4198),#4925);
#4198 = SHELL_BASED_SURFACE_MODEL('',(#4199));
#4199 = OPEN_SHELL('',(#4200));
#4200 = ADVANCED_FACE('',(#4201,#4411),#4215,.T.);
#4201 = FACE_BOUND('',#4202,.T.);
#4202 = EDGE_LOOP('',(#4203,#4225,#4240,#4256,#4272,#4288,#4304,#4319,
    #4334,#4349,#4365,#4381,#4397));
#4203 = ORIENTED_EDGE('',*,*,#4204,.T.);
#4204 = EDGE_CURVE('',#4205,#4207,#4209,.T.);
#4205 = VERTEX_POINT('',#4206);
#4206 = CARTESIAN_POINT('',(6.35,5.3086,4.190999999695));
#4207 = VERTEX_POINT('',#4208);
#4208 = CARTESIAN_POINT('',(6.35,5.3086,2.283731150232));
#4209 = SURFACE_CURVE('',#4210,(#4214),.PCURVE_S1.);
#4210 = LINE('',#4211,#4212);
#4211 = CARTESIAN_POINT('',(6.35,5.3086,4.191));
#4212 = VECTOR('',#4213,1.);
#4213 = DIRECTION('',(0.,0.,-1.));
#4214 = PCURVE('',#4215,#4220);
#4215 = B_SPLINE_SURFACE_WITH_KNOTS('',1,1,(
    (#4216,#4217)
    ,(#4218,#4219
    )),.UNSPECIFIED.,.F.,.F.,.F.,(2,2),(2,2),(0.,1.),(0.,1.),
  .PIECEWISE_BEZIER_KNOTS.);
#4216 = CARTESIAN_POINT('',(6.35,0.,0.));
#4217 = CARTESIAN_POINT('',(6.35,5.3086,0.));
#4218 = CARTESIAN_POINT('',(6.35,0.,4.5212));
#4219 = CARTESIAN_POINT('',(6.35,5.3086,4.5212));
#4220 = DEFINITIONAL_REPRESENTATION('',(#4221),#4224);
#4221 = B_SPLINE_CURVE_WITH_KNOTS('',1,(#4222,#4223),.UNSPECIFIED.,.F.,
  .F.,(2,2),(0.,1.907268855),.PIECEWISE_BEZIER_KNOTS.);
#4222 = CARTESIAN_POINT('',(0.926966292,1.));
#4223 = CARTESIAN_POINT('',(0.505116154,1.));
#4224 = ( GEOMETRIC_REPRESENTATION_CONTEXT(2) 
PARAMETRIC_REPRESENTATION_CONTEXT() REPRESENTATION_CONTEXT('2D SPACE',''
  ) );
#4225 = ORIENTED_EDGE('',*,*,#4226,.T.);
#4226 = EDGE_CURVE('',#4207,#4227,#4229,.T.);
#4227 = VERTEX_POINT('',#4228);
#4228 = CARTESIAN_POINT('',(6.35,5.3086,0.330200000305));
#4229 = SURFACE_CURVE('',#4230,(#4234),.PCURVE_S1.);
#4230 = LINE('',#4231,#4232);
#4231 = CARTESIAN_POINT('',(6.35,5.3086,2.283731145));
#4232 = VECTOR('',#4233,1.);
#4233 = DIRECTION('',(0.,0.,-1.));
#4234 = PCURVE('',#4215,#4235);
#4235 = DEFINITIONAL_REPRESENTATION('',(#4236),#4239);
#4236 = B_SPLINE_CURVE_WITH_KNOTS('',1,(#4237,#4238),.UNSPECIFIED.,.F.,
  .F.,(2,2),(0.,1.953531145),.PIECEWISE_BEZIER_KNOTS.);
#4237 = CARTESIAN_POINT('',(0.505116154,1.));
#4238 = CARTESIAN_POINT('',(7.3033708E-02,1.));
#4239 = ( GEOMETRIC_REPRESENTATION_CONTEXT(2) 
PARAMETRIC_REPRESENTATION_CONTEXT() REPRESENTATION_CONTEXT('2D SPACE',''
  ) );
#4240 = ORIENTED_EDGE('',*,*,#4241,.T.);
#4241 = EDGE_CURVE('',#4227,#4242,#4244,.T.);
#4242 = VERTEX_POINT('',#4243);
#4243 = CARTESIAN_POINT('',(6.35,5.283465021212,0.203837931262));
#4244 = SURFACE_CURVE('',#4245,(#4249),.PCURVE_S1.);
#4245 = B_SPLINE_CURVE_WITH_KNOTS('',2,(#4246,#4247,#4248),
  .UNSPECIFIED.,.F.,.F.,(3,3),(0.,0.25),.PIECEWISE_BEZIER_KNOTS.);
#4246 = CARTESIAN_POINT('',(6.35,5.3086,0.33020000061));
#4247 = CARTESIAN_POINT('',(6.35,5.3086,0.26451913568));
#4248 = CARTESIAN_POINT('',(6.35,5.283465021212,0.203837931262));
#4249 = PCURVE('',#4215,#4250);
#4250 = DEFINITIONAL_REPRESENTATION('',(#4251),#4255);
#4251 = B_SPLINE_CURVE_WITH_KNOTS('',2,(#4252,#4253,#4254),
  .UNSPECIFIED.,.F.,.F.,(3,3),(0.,0.25),.PIECEWISE_BEZIER_KNOTS.);
#4252 = CARTESIAN_POINT('',(7.3033708E-02,1.));
#4253 = CARTESIAN_POINT('',(5.85064E-02,1.));
#4254 = CARTESIAN_POINT('',(4.5084918E-02,0.995265234));
#4255 = ( GEOMETRIC_REPRESENTATION_CONTEXT(2) 
PARAMETRIC_REPRESENTATION_CONTEXT() REPRESENTATION_CONTEXT('2D SPACE',''
  ) );
#4256 = ORIENTED_EDGE('',*,*,#4257,.T.);
#4257 = EDGE_CURVE('',#4242,#4258,#4260,.T.);
#4258 = VERTEX_POINT('',#4259);
#4259 = CARTESIAN_POINT('',(6.35,5.211886661753,9.67133418536E-02));
#4260 = SURFACE_CURVE('',#4261,(#4265),.PCURVE_S1.);
#4261 = B_SPLINE_CURVE_WITH_KNOTS('',2,(#4262,#4263,#4264),
  .UNSPECIFIED.,.F.,.F.,(3,3),(0.25,0.5),.PIECEWISE_BEZIER_KNOTS.);
#4262 = CARTESIAN_POINT('',(6.35,5.283465021212,0.203837931262));
#4263 = CARTESIAN_POINT('',(6.35,5.258330042425,0.143156726843));
#4264 = CARTESIAN_POINT('',(6.35,5.211886661753,9.67133418536E-02));
#4265 = PCURVE('',#4215,#4266);
#4266 = DEFINITIONAL_REPRESENTATION('',(#4267),#4271);
#4267 = B_SPLINE_CURVE_WITH_KNOTS('',2,(#4268,#4269,#4270),
  .UNSPECIFIED.,.F.,.F.,(3,3),(0.25,0.5),.PIECEWISE_BEZIER_KNOTS.);
#4268 = CARTESIAN_POINT('',(4.5084918E-02,0.995265234));
#4269 = CARTESIAN_POINT('',(3.1663436E-02,0.990530468));
#4270 = CARTESIAN_POINT('',(2.1391078E-02,0.981781762));
#4271 = ( GEOMETRIC_REPRESENTATION_CONTEXT(2) 
PARAMETRIC_REPRESENTATION_CONTEXT() REPRESENTATION_CONTEXT('2D SPACE',''
  ) );
#4272 = ORIENTED_EDGE('',*,*,#4273,.T.);
#4273 = EDGE_CURVE('',#4258,#4274,#4276,.T.);
#4274 = VERTEX_POINT('',#4275);
#4275 = CARTESIAN_POINT('',(6.35,5.104762070643,2.5134978432E-02));
#4276 = SURFACE_CURVE('',#4277,(#4281),.PCURVE_S1.);
#4277 = B_SPLINE_CURVE_WITH_KNOTS('',2,(#4278,#4279,#4280),
  .UNSPECIFIED.,.F.,.F.,(3,3),(0.5,0.75),.PIECEWISE_BEZIER_KNOTS.);
#4278 = CARTESIAN_POINT('',(6.35,5.211886661753,9.67133418536E-02));
#4279 = CARTESIAN_POINT('',(6.35,5.165443275773,5.0269956864E-02));
#4280 = CARTESIAN_POINT('',(6.35,5.104762070643,2.5134978432E-02));
#4281 = PCURVE('',#4215,#4282);
#4282 = DEFINITIONAL_REPRESENTATION('',(#4283),#4287);
#4283 = B_SPLINE_CURVE_WITH_KNOTS('',2,(#4284,#4285,#4286),
  .UNSPECIFIED.,.F.,.F.,(3,3),(0.5,0.75),.PIECEWISE_BEZIER_KNOTS.);
#4284 = CARTESIAN_POINT('',(2.1391078E-02,0.981781762));
#4285 = CARTESIAN_POINT('',(1.111872E-02,0.973033055));
#4286 = CARTESIAN_POINT('',(5.55936E-03,0.961602319));
#4287 = ( GEOMETRIC_REPRESENTATION_CONTEXT(2) 
PARAMETRIC_REPRESENTATION_CONTEXT() REPRESENTATION_CONTEXT('2D SPACE',''
  ) );
#4288 = ORIENTED_EDGE('',*,*,#4289,.T.);
#4289 = EDGE_CURVE('',#4274,#4290,#4292,.T.);
#4290 = VERTEX_POINT('',#4291);
#4291 = CARTESIAN_POINT('',(6.35,4.978399999835,0.));
#4292 = SURFACE_CURVE('',#4293,(#4297),.PCURVE_S1.);
#4293 = B_SPLINE_CURVE_WITH_KNOTS('',2,(#4294,#4295,#4296),
  .UNSPECIFIED.,.F.,.F.,(3,3),(0.75,1.),.PIECEWISE_BEZIER_KNOTS.);
#4294 = CARTESIAN_POINT('',(6.35,5.104762070643,2.5134978432E-02));
#4295 = CARTESIAN_POINT('',(6.35,5.044080865514,-6.982261990807E-17));
#4296 = CARTESIAN_POINT('',(6.35,4.97839999967,3.556183125752E-17));
#4297 = PCURVE('',#4215,#4298);
#4298 = DEFINITIONAL_REPRESENTATION('',(#4299),#4303);
#4299 = B_SPLINE_CURVE_WITH_KNOTS('',2,(#4300,#4301,#4302),
  .UNSPECIFIED.,.F.,.F.,(3,3),(0.75,1.),.PIECEWISE_BEZIER_KNOTS.);
#4300 = CARTESIAN_POINT('',(5.55936E-03,0.961602319));
#4301 = CARTESIAN_POINT('',(0.,0.950171583));
#4302 = CARTESIAN_POINT('',(0.,0.937799043));
#4303 = ( GEOMETRIC_REPRESENTATION_CONTEXT(2) 
PARAMETRIC_REPRESENTATION_CONTEXT() REPRESENTATION_CONTEXT('2D SPACE',''
  ) );
#4304 = ORIENTED_EDGE('',*,*,#4305,.T.);
#4305 = EDGE_CURVE('',#4290,#4306,#4308,.T.);
#4306 = VERTEX_POINT('',#4307);
#4307 = CARTESIAN_POINT('',(6.35,0.,0.));
#4308 = SURFACE_CURVE('',#4309,(#4313),.PCURVE_S1.);
#4309 = LINE('',#4310,#4311);
#4310 = CARTESIAN_POINT('',(6.35,4.9784,0.));
#4311 = VECTOR('',#4312,1.);
#4312 = DIRECTION('',(0.,-1.,0.));
#4313 = PCURVE('',#4215,#4314);
#4314 = DEFINITIONAL_REPRESENTATION('',(#4315),#4318);
#4315 = B_SPLINE_CURVE_WITH_KNOTS('',1,(#4316,#4317),.UNSPECIFIED.,.F.,
  .F.,(2,2),(0.,4.9784),.PIECEWISE_BEZIER_KNOTS.);
#4316 = CARTESIAN_POINT('',(0.,0.937799043));
#4317 = CARTESIAN_POINT('',(0.,0.));
#4318 = ( GEOMETRIC_REPRESENTATION_CONTEXT(2) 
PARAMETRIC_REPRESENTATION_CONTEXT() REPRESENTATION_CONTEXT('2D SPACE',''
  ) );
#4319 = ORIENTED_EDGE('',*,*,#4320,.T.);
#4320 = EDGE_CURVE('',#4306,#4321,#4323,.T.);
#4321 = VERTEX_POINT('',#4322);
#4322 = CARTESIAN_POINT('',(6.35,0.,4.5212));
#4323 = SURFACE_CURVE('',#4324,(#4328),.PCURVE_S1.);
#4324 = LINE('',#4325,#4326);
#4325 = CARTESIAN_POINT('',(6.35,0.,0.));
#4326 = VECTOR('',#4327,1.);
#4327 = DIRECTION('',(0.,0.,1.));
#4328 = PCURVE('',#4215,#4329);
#4329 = DEFINITIONAL_REPRESENTATION('',(#4330),#4333);
#4330 = B_SPLINE_CURVE_WITH_KNOTS('',1,(#4331,#4332),.UNSPECIFIED.,.F.,
  .F.,(2,2),(0.,4.5212),.PIECEWISE_BEZIER_KNOTS.);
#4331 = CARTESIAN_POINT('',(0.,0.));
#4332 = CARTESIAN_POINT('',(1.,0.));
#4333 = ( GEOMETRIC_REPRESENTATION_CONTEXT(2) 
PARAMETRIC_REPRESENTATION_CONTEXT() REPRESENTATION_CONTEXT('2D SPACE',''
  ) );
#4334 = ORIENTED_EDGE('',*,*,#4335,.T.);
#4335 = EDGE_CURVE('',#4321,#4336,#4338,.T.);
#4336 = VERTEX_POINT('',#4337);
#4337 = CARTESIAN_POINT('',(6.35,4.978399999835,4.5212));
#4338 = SURFACE_CURVE('',#4339,(#4343),.PCURVE_S1.);
#4339 = LINE('',#4340,#4341);
#4340 = CARTESIAN_POINT('',(6.35,0.,4.5212));
#4341 = VECTOR('',#4342,1.);
#4342 = DIRECTION('',(0.,1.,0.));
#4343 = PCURVE('',#4215,#4344);
#4344 = DEFINITIONAL_REPRESENTATION('',(#4345),#4348);
#4345 = B_SPLINE_CURVE_WITH_KNOTS('',1,(#4346,#4347),.UNSPECIFIED.,.F.,
  .F.,(2,2),(0.,4.9784),.PIECEWISE_BEZIER_KNOTS.);
#4346 = CARTESIAN_POINT('',(1.,0.));
#4347 = CARTESIAN_POINT('',(1.,0.937799043));
#4348 = ( GEOMETRIC_REPRESENTATION_CONTEXT(2) 
PARAMETRIC_REPRESENTATION_CONTEXT() REPRESENTATION_CONTEXT('2D SPACE',''
  ) );
#4349 = ORIENTED_EDGE('',*,*,#4350,.T.);
#4350 = EDGE_CURVE('',#4336,#4351,#4353,.T.);
#4351 = VERTEX_POINT('',#4352);
#4352 = CARTESIAN_POINT('',(6.35,5.104762070643,4.496065021568));
#4353 = SURFACE_CURVE('',#4354,(#4358),.PCURVE_S1.);
#4354 = B_SPLINE_CURVE_WITH_KNOTS('',2,(#4355,#4356,#4357),
  .UNSPECIFIED.,.F.,.F.,(3,3),(0.,0.25),.PIECEWISE_BEZIER_KNOTS.);
#4355 = CARTESIAN_POINT('',(6.35,4.97839999967,4.5212));
#4356 = CARTESIAN_POINT('',(6.35,5.044080865514,4.5212));
#4357 = CARTESIAN_POINT('',(6.35,5.104762070643,4.496065021568));
#4358 = PCURVE('',#4215,#4359);
#4359 = DEFINITIONAL_REPRESENTATION('',(#4360),#4364);
#4360 = B_SPLINE_CURVE_WITH_KNOTS('',2,(#4361,#4362,#4363),
  .UNSPECIFIED.,.F.,.F.,(3,3),(0.,0.25),.PIECEWISE_BEZIER_KNOTS.);
#4361 = CARTESIAN_POINT('',(1.,0.937799043));
#4362 = CARTESIAN_POINT('',(1.,0.950171583));
#4363 = CARTESIAN_POINT('',(0.99444064,0.961602319));
#4364 = ( GEOMETRIC_REPRESENTATION_CONTEXT(2) 
PARAMETRIC_REPRESENTATION_CONTEXT() REPRESENTATION_CONTEXT('2D SPACE',''
  ) );
#4365 = ORIENTED_EDGE('',*,*,#4366,.T.);
#4366 = EDGE_CURVE('',#4351,#4367,#4369,.T.);
#4367 = VERTEX_POINT('',#4368);
#4368 = CARTESIAN_POINT('',(6.35,5.211886661753,4.424486658146));
#4369 = SURFACE_CURVE('',#4370,(#4374),.PCURVE_S1.);
#4370 = B_SPLINE_CURVE_WITH_KNOTS('',2,(#4371,#4372,#4373),
  .UNSPECIFIED.,.F.,.F.,(3,3),(0.25,0.5),.PIECEWISE_BEZIER_KNOTS.);
#4371 = CARTESIAN_POINT('',(6.35,5.104762070643,4.496065021568));
#4372 = CARTESIAN_POINT('',(6.35,5.165443275773,4.470930043136));
#4373 = CARTESIAN_POINT('',(6.35,5.211886661753,4.424486658146));
#4374 = PCURVE('',#4215,#4375);
#4375 = DEFINITIONAL_REPRESENTATION('',(#4376),#4380);
#4376 = B_SPLINE_CURVE_WITH_KNOTS('',2,(#4377,#4378,#4379),
  .UNSPECIFIED.,.F.,.F.,(3,3),(0.25,0.5),.PIECEWISE_BEZIER_KNOTS.);
#4377 = CARTESIAN_POINT('',(0.99444064,0.961602319));
#4378 = CARTESIAN_POINT('',(0.98888128,0.973033055));
#4379 = CARTESIAN_POINT('',(0.978608922,0.981781762));
#4380 = ( GEOMETRIC_REPRESENTATION_CONTEXT(2) 
PARAMETRIC_REPRESENTATION_CONTEXT() REPRESENTATION_CONTEXT('2D SPACE',''
  ) );
#4381 = ORIENTED_EDGE('',*,*,#4382,.T.);
#4382 = EDGE_CURVE('',#4367,#4383,#4385,.T.);
#4383 = VERTEX_POINT('',#4384);
#4384 = CARTESIAN_POINT('',(6.35,5.283465021212,4.317362068738));
#4385 = SURFACE_CURVE('',#4386,(#4390),.PCURVE_S1.);
#4386 = B_SPLINE_CURVE_WITH_KNOTS('',2,(#4387,#4388,#4389),
  .UNSPECIFIED.,.F.,.F.,(3,3),(0.5,0.75),.PIECEWISE_BEZIER_KNOTS.);
#4387 = CARTESIAN_POINT('',(6.35,5.211886661753,4.424486658146));
#4388 = CARTESIAN_POINT('',(6.35,5.258330042425,4.378043273157));
#4389 = CARTESIAN_POINT('',(6.35,5.283465021212,4.317362068738));
#4390 = PCURVE('',#4215,#4391);
#4391 = DEFINITIONAL_REPRESENTATION('',(#4392),#4396);
#4392 = B_SPLINE_CURVE_WITH_KNOTS('',2,(#4393,#4394,#4395),
  .UNSPECIFIED.,.F.,.F.,(3,3),(0.5,0.75),.PIECEWISE_BEZIER_KNOTS.);
#4393 = CARTESIAN_POINT('',(0.978608922,0.981781762));
#4394 = CARTESIAN_POINT('',(0.968336564,0.990530468));
#4395 = CARTESIAN_POINT('',(0.954915082,0.995265234));
#4396 = ( GEOMETRIC_REPRESENTATION_CONTEXT(2) 
PARAMETRIC_REPRESENTATION_CONTEXT() REPRESENTATION_CONTEXT('2D SPACE',''
  ) );
#4397 = ORIENTED_EDGE('',*,*,#4398,.T.);
#4398 = EDGE_CURVE('',#4383,#4205,#4399,.T.);
#4399 = SURFACE_CURVE('',#4400,(#4404),.PCURVE_S1.);
#4400 = B_SPLINE_CURVE_WITH_KNOTS('',2,(#4401,#4402,#4403),
  .UNSPECIFIED.,.F.,.F.,(3,3),(0.75,1.),.PIECEWISE_BEZIER_KNOTS.);
#4401 = CARTESIAN_POINT('',(6.35,5.283465021212,4.317362068738));
#4402 = CARTESIAN_POINT('',(6.35,5.3086,4.25668086432));
#4403 = CARTESIAN_POINT('',(6.35,5.3086,4.19099999939));
#4404 = PCURVE('',#4215,#4405);
#4405 = DEFINITIONAL_REPRESENTATION('',(#4406),#4410);
#4406 = B_SPLINE_CURVE_WITH_KNOTS('',2,(#4407,#4408,#4409),
  .UNSPECIFIED.,.F.,.F.,(3,3),(0.75,1.),.PIECEWISE_BEZIER_KNOTS.);
#4407 = CARTESIAN_POINT('',(0.954915082,0.995265234));
#4408 = CARTESIAN_POINT('',(0.9414936,1.));
#4409 = CARTESIAN_POINT('',(0.926966292,1.));
#4410 = ( GEOMETRIC_REPRESENTATION_CONTEXT(2) 
PARAMETRIC_REPRESENTATION_CONTEXT() REPRESENTATION_CONTEXT('2D SPACE',''
  ) );
#4411 = FACE_BOUND('',#4412,.T.);
#4412 = EDGE_LOOP('',(#4413,#4431,#4447,#4463,#4479,#4495,#4511,#4527,
    #4543,#4559,#4575,#4591,#4607,#4623,#4639,#4655,#4671,#4687,#4703,
    #4719,#4735,#4751,#4767,#4783,#4799,#4815,#4831,#4847,#4863,#4879,
    #4895,#4911));
#4413 = ORIENTED_EDGE('',*,*,#4414,.T.);
#4414 = EDGE_CURVE('',#4415,#4417,#4419,.T.);
#4415 = VERTEX_POINT('',#4416);
#4416 = CARTESIAN_POINT('',(6.35,5.3086,2.283731150232));
#4417 = VERTEX_POINT('',#4418);
#4418 = CARTESIAN_POINT('',(6.35,5.279804821141,2.576093509068));
#4419 = SURFACE_CURVE('',#4420,(#4424),.PCURVE_S1.);
#4420 = B_SPLINE_CURVE_WITH_KNOTS('',2,(#4421,#4422,#4423),
  .UNSPECIFIED.,.F.,.F.,(3,3),(0.,0.125),.PIECEWISE_BEZIER_KNOTS.);
#4421 = CARTESIAN_POINT('',(6.35,5.3086,2.283731155465));
#4422 = CARTESIAN_POINT('',(6.35,5.3086,2.431330372737));
#4423 = CARTESIAN_POINT('',(6.35,5.279804821141,2.576093509068));
#4424 = PCURVE('',#4215,#4425);
#4425 = DEFINITIONAL_REPRESENTATION('',(#4426),#4430);
#4426 = B_SPLINE_CURVE_WITH_KNOTS('',2,(#4427,#4428,#4429),
  .UNSPECIFIED.,.F.,.F.,(3,3),(0.,0.125),.PIECEWISE_BEZIER_KNOTS.);
#4427 = CARTESIAN_POINT('',(0.505116154,1.));
#4428 = CARTESIAN_POINT('',(0.537762181,1.));
#4429 = CARTESIAN_POINT('',(0.569780923,0.994575749));
#4430 = ( GEOMETRIC_REPRESENTATION_CONTEXT(2) 
PARAMETRIC_REPRESENTATION_CONTEXT() REPRESENTATION_CONTEXT('2D SPACE',''
  ) );
#4431 = ORIENTED_EDGE('',*,*,#4432,.T.);
#4432 = EDGE_CURVE('',#4417,#4433,#4435,.T.);
#4433 = VERTEX_POINT('',#4434);
#4434 = CARTESIAN_POINT('',(6.35,5.194525867544,2.857220545034));
#4435 = SURFACE_CURVE('',#4436,(#4440),.PCURVE_S1.);
#4436 = B_SPLINE_CURVE_WITH_KNOTS('',2,(#4437,#4438,#4439),
  .UNSPECIFIED.,.F.,.F.,(3,3),(0.125,0.25),.PIECEWISE_BEZIER_KNOTS.);
#4437 = CARTESIAN_POINT('',(6.35,5.279804821141,2.576093509068));
#4438 = CARTESIAN_POINT('',(6.35,5.251009642283,2.720856649919));
#4439 = CARTESIAN_POINT('',(6.35,5.194525867544,2.857220545034));
#4440 = PCURVE('',#4215,#4441);
#4441 = DEFINITIONAL_REPRESENTATION('',(#4442),#4446);
#4442 = B_SPLINE_CURVE_WITH_KNOTS('',2,(#4443,#4444,#4445),
  .UNSPECIFIED.,.F.,.F.,(3,3),(0.125,0.25),.PIECEWISE_BEZIER_KNOTS.);
#4443 = CARTESIAN_POINT('',(0.569780923,0.994575749));
#4444 = CARTESIAN_POINT('',(0.601799666,0.989151498));
#4445 = CARTESIAN_POINT('',(0.631960662,0.978511447));
#4446 = ( GEOMETRIC_REPRESENTATION_CONTEXT(2) 
PARAMETRIC_REPRESENTATION_CONTEXT() REPRESENTATION_CONTEXT('2D SPACE',''
  ) );
#4447 = ORIENTED_EDGE('',*,*,#4448,.T.);
#4448 = EDGE_CURVE('',#4433,#4449,#4451,.T.);
#4449 = VERTEX_POINT('',#4450);
#4450 = CARTESIAN_POINT('',(6.35,5.05604036095,3.116308706766));
#4451 = SURFACE_CURVE('',#4452,(#4456),.PCURVE_S1.);
#4452 = B_SPLINE_CURVE_WITH_KNOTS('',2,(#4453,#4454,#4455),
  .UNSPECIFIED.,.F.,.F.,(3,3),(0.25,0.375),.PIECEWISE_BEZIER_KNOTS.);
#4453 = CARTESIAN_POINT('',(6.35,5.194525867544,2.857220545034));
#4454 = CARTESIAN_POINT('',(6.35,5.138042092806,2.99358444015));
#4455 = CARTESIAN_POINT('',(6.35,5.05604036095,3.116308706766));
#4456 = PCURVE('',#4215,#4457);
#4457 = DEFINITIONAL_REPRESENTATION('',(#4458),#4462);
#4458 = B_SPLINE_CURVE_WITH_KNOTS('',2,(#4459,#4460,#4461),
  .UNSPECIFIED.,.F.,.F.,(3,3),(0.25,0.375),.PIECEWISE_BEZIER_KNOTS.);
#4459 = CARTESIAN_POINT('',(0.631960662,0.978511447));
#4460 = CARTESIAN_POINT('',(0.662121658,0.967871396));
#4461 = CARTESIAN_POINT('',(0.689265838,0.952424436));
#4462 = ( GEOMETRIC_REPRESENTATION_CONTEXT(2) 
PARAMETRIC_REPRESENTATION_CONTEXT() REPRESENTATION_CONTEXT('2D SPACE',''
  ) );
#4463 = ORIENTED_EDGE('',*,*,#4464,.T.);
#4464 = EDGE_CURVE('',#4449,#4465,#4467,.T.);
#4465 = VERTEX_POINT('',#4466);
#4466 = CARTESIAN_POINT('',(6.35,4.869670220635,3.343401375973));
#4467 = SURFACE_CURVE('',#4468,(#4472),.PCURVE_S1.);
#4468 = B_SPLINE_CURVE_WITH_KNOTS('',2,(#4469,#4470,#4471),
  .UNSPECIFIED.,.F.,.F.,(3,3),(0.375,0.5),.PIECEWISE_BEZIER_KNOTS.);
#4469 = CARTESIAN_POINT('',(6.35,5.05604036095,3.116308706766));
#4470 = CARTESIAN_POINT('',(6.35,4.974038629094,3.23903296886));
#4471 = CARTESIAN_POINT('',(6.35,4.869670220635,3.343401375973));
#4472 = PCURVE('',#4215,#4473);
#4473 = DEFINITIONAL_REPRESENTATION('',(#4474),#4478);
#4474 = B_SPLINE_CURVE_WITH_KNOTS('',2,(#4475,#4476,#4477),
  .UNSPECIFIED.,.F.,.F.,(3,3),(0.375,0.5),.PIECEWISE_BEZIER_KNOTS.);
#4475 = CARTESIAN_POINT('',(0.689265838,0.952424436));
#4476 = CARTESIAN_POINT('',(0.716410017,0.936977476));
#4477 = CARTESIAN_POINT('',(0.739494244,0.917317225));
#4478 = ( GEOMETRIC_REPRESENTATION_CONTEXT(2) 
PARAMETRIC_REPRESENTATION_CONTEXT() REPRESENTATION_CONTEXT('2D SPACE',''
  ) );
#4479 = ORIENTED_EDGE('',*,*,#4480,.T.);
#4480 = EDGE_CURVE('',#4465,#4481,#4483,.T.);
#4481 = VERTEX_POINT('',#4482);
#4482 = CARTESIAN_POINT('',(6.35,4.642577549599,3.529771515398));
#4483 = SURFACE_CURVE('',#4484,(#4488),.PCURVE_S1.);
#4484 = B_SPLINE_CURVE_WITH_KNOTS('',2,(#4485,#4486,#4487),
  .UNSPECIFIED.,.F.,.F.,(3,3),(0.5,0.625),.PIECEWISE_BEZIER_KNOTS.);
#4485 = CARTESIAN_POINT('',(6.35,4.869670220635,3.343401375973));
#4486 = CARTESIAN_POINT('',(6.35,4.765301817485,3.447769783085));
#4487 = CARTESIAN_POINT('',(6.35,4.642577549599,3.529771515398));
#4488 = PCURVE('',#4215,#4489);
#4489 = DEFINITIONAL_REPRESENTATION('',(#4490),#4494);
#4490 = B_SPLINE_CURVE_WITH_KNOTS('',2,(#4491,#4492,#4493),
  .UNSPECIFIED.,.F.,.F.,(3,3),(0.5,0.625),.PIECEWISE_BEZIER_KNOTS.);
#4491 = CARTESIAN_POINT('',(0.739494244,0.917317225));
#4492 = CARTESIAN_POINT('',(0.762578471,0.897656975));
#4493 = CARTESIAN_POINT('',(0.780715632,0.874538965));
#4494 = ( GEOMETRIC_REPRESENTATION_CONTEXT(2) 
PARAMETRIC_REPRESENTATION_CONTEXT() REPRESENTATION_CONTEXT('2D SPACE',''
  ) );
#4495 = ORIENTED_EDGE('',*,*,#4496,.T.);
#4496 = EDGE_CURVE('',#4481,#4497,#4499,.T.);
#4497 = VERTEX_POINT('',#4498);
#4498 = CARTESIAN_POINT('',(6.35,4.383489394269,3.668257024304));
#4499 = SURFACE_CURVE('',#4500,(#4504),.PCURVE_S1.);
#4500 = B_SPLINE_CURVE_WITH_KNOTS('',2,(#4501,#4502,#4503),
  .UNSPECIFIED.,.F.,.F.,(3,3),(0.625,0.75),.PIECEWISE_BEZIER_KNOTS.);
#4501 = CARTESIAN_POINT('',(6.35,4.642577549599,3.529771515398));
#4502 = CARTESIAN_POINT('',(6.35,4.519853287022,3.611773247712));
#4503 = CARTESIAN_POINT('',(6.35,4.383489394269,3.668257024304));
#4504 = PCURVE('',#4215,#4505);
#4505 = DEFINITIONAL_REPRESENTATION('',(#4506),#4510);
#4506 = B_SPLINE_CURVE_WITH_KNOTS('',2,(#4507,#4508,#4509),
  .UNSPECIFIED.,.F.,.F.,(3,3),(0.625,0.75),.PIECEWISE_BEZIER_KNOTS.);
#4507 = CARTESIAN_POINT('',(0.780715632,0.874538965));
#4508 = CARTESIAN_POINT('',(0.798852793,0.851420956));
#4509 = CARTESIAN_POINT('',(0.811345887,0.825733601));
#4510 = ( GEOMETRIC_REPRESENTATION_CONTEXT(2) 
PARAMETRIC_REPRESENTATION_CONTEXT() REPRESENTATION_CONTEXT('2D SPACE',''
  ) );
#4511 = ORIENTED_EDGE('',*,*,#4512,.T.);
#4512 = EDGE_CURVE('',#4497,#4513,#4515,.T.);
#4513 = VERTEX_POINT('',#4514);
#4514 = CARTESIAN_POINT('',(6.35,4.102362357768,3.753535975565));
#4515 = SURFACE_CURVE('',#4516,(#4520),.PCURVE_S1.);
#4516 = B_SPLINE_CURVE_WITH_KNOTS('',2,(#4517,#4518,#4519),
  .UNSPECIFIED.,.F.,.F.,(3,3),(0.75,0.875),.PIECEWISE_BEZIER_KNOTS.);
#4517 = CARTESIAN_POINT('',(6.35,4.383489394269,3.668257024304));
#4518 = CARTESIAN_POINT('',(6.35,4.247125496207,3.724740796376));
#4519 = CARTESIAN_POINT('',(6.35,4.102362357768,3.753535975565));
#4520 = PCURVE('',#4215,#4521);
#4521 = DEFINITIONAL_REPRESENTATION('',(#4522),#4526);
#4522 = B_SPLINE_CURVE_WITH_KNOTS('',2,(#4523,#4524,#4525),
  .UNSPECIFIED.,.F.,.F.,(3,3),(0.75,0.875),.PIECEWISE_BEZIER_KNOTS.);
#4523 = CARTESIAN_POINT('',(0.811345887,0.825733601));
#4524 = CARTESIAN_POINT('',(0.82383898,0.800046245));
#4525 = CARTESIAN_POINT('',(0.830207904,0.772776694));
#4526 = ( GEOMETRIC_REPRESENTATION_CONTEXT(2) 
PARAMETRIC_REPRESENTATION_CONTEXT() REPRESENTATION_CONTEXT('2D SPACE',''
  ) );
#4527 = ORIENTED_EDGE('',*,*,#4528,.T.);
#4528 = EDGE_CURVE('',#4513,#4529,#4531,.T.);
#4529 = VERTEX_POINT('',#4530);
#4530 = CARTESIAN_POINT('',(6.35,3.809999998501,3.782331154754));
#4531 = SURFACE_CURVE('',#4532,(#4536),.PCURVE_S1.);
#4532 = B_SPLINE_CURVE_WITH_KNOTS('',2,(#4533,#4534,#4535),
  .UNSPECIFIED.,.F.,.F.,(3,3),(0.875,1.),.PIECEWISE_BEZIER_KNOTS.);
#4533 = CARTESIAN_POINT('',(6.35,4.102362357768,3.753535975565));
#4534 = CARTESIAN_POINT('',(6.35,3.95759921933,3.782331154754));
#4535 = CARTESIAN_POINT('',(6.35,3.809999998501,3.782331154754));
#4536 = PCURVE('',#4215,#4537);
#4537 = DEFINITIONAL_REPRESENTATION('',(#4538),#4542);
#4538 = B_SPLINE_CURVE_WITH_KNOTS('',2,(#4539,#4540,#4541),
  .UNSPECIFIED.,.F.,.F.,(3,3),(0.875,1.),.PIECEWISE_BEZIER_KNOTS.);
#4539 = CARTESIAN_POINT('',(0.830207904,0.772776694));
#4540 = CARTESIAN_POINT('',(0.836576828,0.745507143));
#4541 = CARTESIAN_POINT('',(0.836576828,0.717703349));
#4542 = ( GEOMETRIC_REPRESENTATION_CONTEXT(2) 
PARAMETRIC_REPRESENTATION_CONTEXT() REPRESENTATION_CONTEXT('2D SPACE',''
  ) );
#4543 = ORIENTED_EDGE('',*,*,#4544,.T.);
#4544 = EDGE_CURVE('',#4529,#4545,#4547,.T.);
#4545 = VERTEX_POINT('',#4546);
#4546 = CARTESIAN_POINT('',(6.35,3.517637644543,3.753535975565));
#4547 = SURFACE_CURVE('',#4548,(#4552),.PCURVE_S1.);
#4548 = B_SPLINE_CURVE_WITH_KNOTS('',2,(#4549,#4550,#4551),
  .UNSPECIFIED.,.F.,.F.,(3,3),(0.,6.25E-02),.PIECEWISE_BEZIER_KNOTS.);
#4549 = CARTESIAN_POINT('',(6.35,3.809999998501,3.782331154754));
#4550 = CARTESIAN_POINT('',(6.35,3.662400782982,3.782331154754));
#4551 = CARTESIAN_POINT('',(6.35,3.517637644543,3.753535975565));
#4552 = PCURVE('',#4215,#4553);
#4553 = DEFINITIONAL_REPRESENTATION('',(#4554),#4558);
#4554 = B_SPLINE_CURVE_WITH_KNOTS('',2,(#4555,#4556,#4557),
  .UNSPECIFIED.,.F.,.F.,(3,3),(0.,6.25E-02),.PIECEWISE_BEZIER_KNOTS.);
#4555 = CARTESIAN_POINT('',(0.836576828,0.717703349));
#4556 = CARTESIAN_POINT('',(0.836576828,0.689899556));
#4557 = CARTESIAN_POINT('',(0.830207904,0.662630005));
#4558 = ( GEOMETRIC_REPRESENTATION_CONTEXT(2) 
PARAMETRIC_REPRESENTATION_CONTEXT() REPRESENTATION_CONTEXT('2D SPACE',''
  ) );
#4559 = ORIENTED_EDGE('',*,*,#4560,.T.);
#4560 = EDGE_CURVE('',#4545,#4561,#4563,.T.);
#4561 = VERTEX_POINT('',#4562);
#4562 = CARTESIAN_POINT('',(6.35,3.236510608043,3.668257024304));
#4563 = SURFACE_CURVE('',#4564,(#4568),.PCURVE_S1.);
#4564 = B_SPLINE_CURVE_WITH_KNOTS('',2,(#4565,#4566,#4567),
  .UNSPECIFIED.,.F.,.F.,(3,3),(6.25E-02,0.125),
  .PIECEWISE_BEZIER_KNOTS.);
#4565 = CARTESIAN_POINT('',(6.35,3.517637644543,3.753535975565));
#4566 = CARTESIAN_POINT('',(6.35,3.372874506104,3.724740796376));
#4567 = CARTESIAN_POINT('',(6.35,3.236510608043,3.668257024304));
#4568 = PCURVE('',#4215,#4569);
#4569 = DEFINITIONAL_REPRESENTATION('',(#4570),#4574);
#4570 = B_SPLINE_CURVE_WITH_KNOTS('',2,(#4571,#4572,#4573),
  .UNSPECIFIED.,.F.,.F.,(3,3),(6.25E-02,0.125),
  .PIECEWISE_BEZIER_KNOTS.);
#4571 = CARTESIAN_POINT('',(0.830207904,0.662630005));
#4572 = CARTESIAN_POINT('',(0.82383898,0.635360454));
#4573 = CARTESIAN_POINT('',(0.811345887,0.609673098));
#4574 = ( GEOMETRIC_REPRESENTATION_CONTEXT(2) 
PARAMETRIC_REPRESENTATION_CONTEXT() REPRESENTATION_CONTEXT('2D SPACE',''
  ) );
#4575 = ORIENTED_EDGE('',*,*,#4576,.T.);
#4576 = EDGE_CURVE('',#4561,#4577,#4579,.T.);
#4577 = VERTEX_POINT('',#4578);
#4578 = CARTESIAN_POINT('',(6.35,2.977422447404,3.529771515398));
#4579 = SURFACE_CURVE('',#4580,(#4584),.PCURVE_S1.);
#4580 = B_SPLINE_CURVE_WITH_KNOTS('',2,(#4581,#4582,#4583),
  .UNSPECIFIED.,.F.,.F.,(3,3),(0.125,0.1875),.PIECEWISE_BEZIER_KNOTS.);
#4581 = CARTESIAN_POINT('',(6.35,3.236510608043,3.668257024304));
#4582 = CARTESIAN_POINT('',(6.35,3.100146709981,3.611773247712));
#4583 = CARTESIAN_POINT('',(6.35,2.977422447404,3.529771515398));
#4584 = PCURVE('',#4215,#4585);
#4585 = DEFINITIONAL_REPRESENTATION('',(#4586),#4590);
#4586 = B_SPLINE_CURVE_WITH_KNOTS('',2,(#4587,#4588,#4589),
  .UNSPECIFIED.,.F.,.F.,(3,3),(0.125,0.1875),.PIECEWISE_BEZIER_KNOTS.);
#4587 = CARTESIAN_POINT('',(0.811345887,0.609673098));
#4588 = CARTESIAN_POINT('',(0.798852793,0.583985742));
#4589 = CARTESIAN_POINT('',(0.780715632,0.560867733));
#4590 = ( GEOMETRIC_REPRESENTATION_CONTEXT(2) 
PARAMETRIC_REPRESENTATION_CONTEXT() REPRESENTATION_CONTEXT('2D SPACE',''
  ) );
#4591 = ORIENTED_EDGE('',*,*,#4592,.T.);
#4592 = EDGE_CURVE('',#4577,#4593,#4595,.T.);
#4593 = VERTEX_POINT('',#4594);
#4594 = CARTESIAN_POINT('',(6.35,2.750329776368,3.343401375973));
#4595 = SURFACE_CURVE('',#4596,(#4600),.PCURVE_S1.);
#4596 = B_SPLINE_CURVE_WITH_KNOTS('',2,(#4597,#4598,#4599),
  .UNSPECIFIED.,.F.,.F.,(3,3),(0.1875,0.25),.PIECEWISE_BEZIER_KNOTS.);
#4597 = CARTESIAN_POINT('',(6.35,2.977422447404,3.529771515398));
#4598 = CARTESIAN_POINT('',(6.35,2.854698184826,3.447769783085));
#4599 = CARTESIAN_POINT('',(6.35,2.750329776368,3.343401375973));
#4600 = PCURVE('',#4215,#4601);
#4601 = DEFINITIONAL_REPRESENTATION('',(#4602),#4606);
#4602 = B_SPLINE_CURVE_WITH_KNOTS('',2,(#4603,#4604,#4605),
  .UNSPECIFIED.,.F.,.F.,(3,3),(0.1875,0.25),.PIECEWISE_BEZIER_KNOTS.);
#4603 = CARTESIAN_POINT('',(0.780715632,0.560867733));
#4604 = CARTESIAN_POINT('',(0.762578471,0.537749724));
#4605 = CARTESIAN_POINT('',(0.739494244,0.518089473));
#4606 = ( GEOMETRIC_REPRESENTATION_CONTEXT(2) 
PARAMETRIC_REPRESENTATION_CONTEXT() REPRESENTATION_CONTEXT('2D SPACE',''
  ) );
#4607 = ORIENTED_EDGE('',*,*,#4608,.T.);
#4608 = EDGE_CURVE('',#4593,#4609,#4611,.T.);
#4609 = VERTEX_POINT('',#4610);
#4610 = CARTESIAN_POINT('',(6.35,2.563959641362,3.116308706766));
#4611 = SURFACE_CURVE('',#4612,(#4616),.PCURVE_S1.);
#4612 = B_SPLINE_CURVE_WITH_KNOTS('',2,(#4613,#4614,#4615),
  .UNSPECIFIED.,.F.,.F.,(3,3),(0.25,0.3125),.PIECEWISE_BEZIER_KNOTS.);
#4613 = CARTESIAN_POINT('',(6.35,2.750329776368,3.343401375973));
#4614 = CARTESIAN_POINT('',(6.35,2.645961367909,3.23903296886));
#4615 = CARTESIAN_POINT('',(6.35,2.563959641362,3.116308706766));
#4616 = PCURVE('',#4215,#4617);
#4617 = DEFINITIONAL_REPRESENTATION('',(#4618),#4622);
#4618 = B_SPLINE_CURVE_WITH_KNOTS('',2,(#4619,#4620,#4621),
  .UNSPECIFIED.,.F.,.F.,(3,3),(0.25,0.3125),.PIECEWISE_BEZIER_KNOTS.);
#4619 = CARTESIAN_POINT('',(0.739494244,0.518089473));
#4620 = CARTESIAN_POINT('',(0.716410017,0.498429222));
#4621 = CARTESIAN_POINT('',(0.689265838,0.482982263));
#4622 = ( GEOMETRIC_REPRESENTATION_CONTEXT(2) 
PARAMETRIC_REPRESENTATION_CONTEXT() REPRESENTATION_CONTEXT('2D SPACE',''
  ) );
#4623 = ORIENTED_EDGE('',*,*,#4624,.T.);
#4624 = EDGE_CURVE('',#4609,#4625,#4627,.T.);
#4625 = VERTEX_POINT('',#4626);
#4626 = CARTESIAN_POINT('',(6.35,2.425474134767,2.857220545034));
#4627 = SURFACE_CURVE('',#4628,(#4632),.PCURVE_S1.);
#4628 = B_SPLINE_CURVE_WITH_KNOTS('',2,(#4629,#4630,#4631),
  .UNSPECIFIED.,.F.,.F.,(3,3),(0.3125,0.375),.PIECEWISE_BEZIER_KNOTS.);
#4629 = CARTESIAN_POINT('',(6.35,2.563959641362,3.116308706766));
#4630 = CARTESIAN_POINT('',(6.35,2.481957909506,2.99358444015));
#4631 = CARTESIAN_POINT('',(6.35,2.425474134767,2.857220545034));
#4632 = PCURVE('',#4215,#4633);
#4633 = DEFINITIONAL_REPRESENTATION('',(#4634),#4638);
#4634 = B_SPLINE_CURVE_WITH_KNOTS('',2,(#4635,#4636,#4637),
  .UNSPECIFIED.,.F.,.F.,(3,3),(0.3125,0.375),.PIECEWISE_BEZIER_KNOTS.);
#4635 = CARTESIAN_POINT('',(0.689265838,0.482982263));
#4636 = CARTESIAN_POINT('',(0.662121658,0.467535303));
#4637 = CARTESIAN_POINT('',(0.631960662,0.456895252));
#4638 = ( GEOMETRIC_REPRESENTATION_CONTEXT(2) 
PARAMETRIC_REPRESENTATION_CONTEXT() REPRESENTATION_CONTEXT('2D SPACE',''
  ) );
#4639 = ORIENTED_EDGE('',*,*,#4640,.T.);
#4640 = EDGE_CURVE('',#4625,#4641,#4643,.T.);
#4641 = VERTEX_POINT('',#4642);
#4642 = CARTESIAN_POINT('',(6.35,2.34019518117,2.576093509068));
#4643 = SURFACE_CURVE('',#4644,(#4648),.PCURVE_S1.);
#4644 = B_SPLINE_CURVE_WITH_KNOTS('',2,(#4645,#4646,#4647),
  .UNSPECIFIED.,.F.,.F.,(3,3),(0.375,0.4375),.PIECEWISE_BEZIER_KNOTS.);
#4645 = CARTESIAN_POINT('',(6.35,2.425474134767,2.857220545034));
#4646 = CARTESIAN_POINT('',(6.35,2.368990360029,2.720856649919));
#4647 = CARTESIAN_POINT('',(6.35,2.34019518117,2.576093509068));
#4648 = PCURVE('',#4215,#4649);
#4649 = DEFINITIONAL_REPRESENTATION('',(#4650),#4654);
#4650 = B_SPLINE_CURVE_WITH_KNOTS('',2,(#4651,#4652,#4653),
  .UNSPECIFIED.,.F.,.F.,(3,3),(0.375,0.4375),.PIECEWISE_BEZIER_KNOTS.);
#4651 = CARTESIAN_POINT('',(0.631960662,0.456895252));
#4652 = CARTESIAN_POINT('',(0.601799666,0.446255201));
#4653 = CARTESIAN_POINT('',(0.569780923,0.44083095));
#4654 = ( GEOMETRIC_REPRESENTATION_CONTEXT(2) 
PARAMETRIC_REPRESENTATION_CONTEXT() REPRESENTATION_CONTEXT('2D SPACE',''
  ) );
#4655 = ORIENTED_EDGE('',*,*,#4656,.T.);
#4656 = EDGE_CURVE('',#4641,#4657,#4659,.T.);
#4657 = VERTEX_POINT('',#4658);
#4658 = CARTESIAN_POINT('',(6.35,2.311400002311,2.283731155465));
#4659 = SURFACE_CURVE('',#4660,(#4664),.PCURVE_S1.);
#4660 = B_SPLINE_CURVE_WITH_KNOTS('',2,(#4661,#4662,#4663),
  .UNSPECIFIED.,.F.,.F.,(3,3),(0.4375,0.5),.PIECEWISE_BEZIER_KNOTS.);
#4661 = CARTESIAN_POINT('',(6.35,2.34019518117,2.576093509068));
#4662 = CARTESIAN_POINT('',(6.35,2.311400002311,2.431330372737));
#4663 = CARTESIAN_POINT('',(6.35,2.311400002311,2.283731155465));
#4664 = PCURVE('',#4215,#4665);
#4665 = DEFINITIONAL_REPRESENTATION('',(#4666),#4670);
#4666 = B_SPLINE_CURVE_WITH_KNOTS('',2,(#4667,#4668,#4669),
  .UNSPECIFIED.,.F.,.F.,(3,3),(0.4375,0.5),.PIECEWISE_BEZIER_KNOTS.);
#4667 = CARTESIAN_POINT('',(0.569780923,0.44083095));
#4668 = CARTESIAN_POINT('',(0.537762181,0.435406699));
#4669 = CARTESIAN_POINT('',(0.505116154,0.435406699));
#4670 = ( GEOMETRIC_REPRESENTATION_CONTEXT(2) 
PARAMETRIC_REPRESENTATION_CONTEXT() REPRESENTATION_CONTEXT('2D SPACE',''
  ) );
#4671 = ORIENTED_EDGE('',*,*,#4672,.T.);
#4672 = EDGE_CURVE('',#4657,#4673,#4675,.T.);
#4673 = VERTEX_POINT('',#4674);
#4674 = CARTESIAN_POINT('',(6.35,2.34019518117,1.991368797341));
#4675 = SURFACE_CURVE('',#4676,(#4680),.PCURVE_S1.);
#4676 = B_SPLINE_CURVE_WITH_KNOTS('',2,(#4677,#4678,#4679),
  .UNSPECIFIED.,.F.,.F.,(3,3),(0.5,0.5625),.PIECEWISE_BEZIER_KNOTS.);
#4677 = CARTESIAN_POINT('',(6.35,2.311400002311,2.283731155465));
#4678 = CARTESIAN_POINT('',(6.35,2.311400002311,2.136131938192));
#4679 = CARTESIAN_POINT('',(6.35,2.34019518117,1.991368797341));
#4680 = PCURVE('',#4215,#4681);
#4681 = DEFINITIONAL_REPRESENTATION('',(#4682),#4686);
#4682 = B_SPLINE_CURVE_WITH_KNOTS('',2,(#4683,#4684,#4685),
  .UNSPECIFIED.,.F.,.F.,(3,3),(0.5,0.5625),.PIECEWISE_BEZIER_KNOTS.);
#4683 = CARTESIAN_POINT('',(0.505116154,0.435406699));
#4684 = CARTESIAN_POINT('',(0.472470127,0.435406699));
#4685 = CARTESIAN_POINT('',(0.440451384,0.44083095));
#4686 = ( GEOMETRIC_REPRESENTATION_CONTEXT(2) 
PARAMETRIC_REPRESENTATION_CONTEXT() REPRESENTATION_CONTEXT('2D SPACE',''
  ) );
#4687 = ORIENTED_EDGE('',*,*,#4688,.T.);
#4688 = EDGE_CURVE('',#4673,#4689,#4691,.T.);
#4689 = VERTEX_POINT('',#4690);
#4690 = CARTESIAN_POINT('',(6.35,2.425474134767,1.710241761374));
#4691 = SURFACE_CURVE('',#4692,(#4696),.PCURVE_S1.);
#4692 = B_SPLINE_CURVE_WITH_KNOTS('',2,(#4693,#4694,#4695),
  .UNSPECIFIED.,.F.,.F.,(3,3),(0.5625,0.625),.PIECEWISE_BEZIER_KNOTS.);
#4693 = CARTESIAN_POINT('',(6.35,2.34019518117,1.991368797341));
#4694 = CARTESIAN_POINT('',(6.35,2.368990360029,1.846605656489));
#4695 = CARTESIAN_POINT('',(6.35,2.425474134767,1.710241761374));
#4696 = PCURVE('',#4215,#4697);
#4697 = DEFINITIONAL_REPRESENTATION('',(#4698),#4702);
#4698 = B_SPLINE_CURVE_WITH_KNOTS('',2,(#4699,#4700,#4701),
  .UNSPECIFIED.,.F.,.F.,(3,3),(0.5625,0.625),.PIECEWISE_BEZIER_KNOTS.);
#4699 = CARTESIAN_POINT('',(0.440451384,0.44083095));
#4700 = CARTESIAN_POINT('',(0.408432641,0.446255201));
#4701 = CARTESIAN_POINT('',(0.378271645,0.456895252));
#4702 = ( GEOMETRIC_REPRESENTATION_CONTEXT(2) 
PARAMETRIC_REPRESENTATION_CONTEXT() REPRESENTATION_CONTEXT('2D SPACE',''
  ) );
#4703 = ORIENTED_EDGE('',*,*,#4704,.T.);
#4704 = EDGE_CURVE('',#4689,#4705,#4707,.T.);
#4705 = VERTEX_POINT('',#4706);
#4706 = CARTESIAN_POINT('',(6.35,2.563959641362,1.451153604164));
#4707 = SURFACE_CURVE('',#4708,(#4712),.PCURVE_S1.);
#4708 = B_SPLINE_CURVE_WITH_KNOTS('',2,(#4709,#4710,#4711),
  .UNSPECIFIED.,.F.,.F.,(3,3),(0.625,0.6875),.PIECEWISE_BEZIER_KNOTS.);
#4709 = CARTESIAN_POINT('',(6.35,2.425474134767,1.710241761374));
#4710 = CARTESIAN_POINT('',(6.35,2.481957909506,1.573877866259));
#4711 = CARTESIAN_POINT('',(6.35,2.563959641362,1.451153604164));
#4712 = PCURVE('',#4215,#4713);
#4713 = DEFINITIONAL_REPRESENTATION('',(#4714),#4718);
#4714 = B_SPLINE_CURVE_WITH_KNOTS('',2,(#4715,#4716,#4717),
  .UNSPECIFIED.,.F.,.F.,(3,3),(0.625,0.6875),.PIECEWISE_BEZIER_KNOTS.);
#4715 = CARTESIAN_POINT('',(0.378271645,0.456895252));
#4716 = CARTESIAN_POINT('',(0.348110649,0.467535303));
#4717 = CARTESIAN_POINT('',(0.32096647,0.482982263));
#4718 = ( GEOMETRIC_REPRESENTATION_CONTEXT(2) 
PARAMETRIC_REPRESENTATION_CONTEXT() REPRESENTATION_CONTEXT('2D SPACE',''
  ) );
#4719 = ORIENTED_EDGE('',*,*,#4720,.T.);
#4720 = EDGE_CURVE('',#4705,#4721,#4723,.T.);
#4721 = VERTEX_POINT('',#4722);
#4722 = CARTESIAN_POINT('',(6.35,2.750329776368,1.224060930436));
#4723 = SURFACE_CURVE('',#4724,(#4728),.PCURVE_S1.);
#4724 = B_SPLINE_CURVE_WITH_KNOTS('',2,(#4725,#4726,#4727),
  .UNSPECIFIED.,.F.,.F.,(3,3),(0.6875,0.75),.PIECEWISE_BEZIER_KNOTS.);
#4725 = CARTESIAN_POINT('',(6.35,2.563959641362,1.451153604164));
#4726 = CARTESIAN_POINT('',(6.35,2.645961367909,1.328429337548));
#4727 = CARTESIAN_POINT('',(6.35,2.750329776368,1.224060930436));
#4728 = PCURVE('',#4215,#4729);
#4729 = DEFINITIONAL_REPRESENTATION('',(#4730),#4734);
#4730 = B_SPLINE_CURVE_WITH_KNOTS('',2,(#4731,#4732,#4733),
  .UNSPECIFIED.,.F.,.F.,(3,3),(0.6875,0.75),.PIECEWISE_BEZIER_KNOTS.);
#4731 = CARTESIAN_POINT('',(0.32096647,0.482982263));
#4732 = CARTESIAN_POINT('',(0.29382229,0.498429222));
#4733 = CARTESIAN_POINT('',(0.270738063,0.518089473));
#4734 = ( GEOMETRIC_REPRESENTATION_CONTEXT(2) 
PARAMETRIC_REPRESENTATION_CONTEXT() REPRESENTATION_CONTEXT('2D SPACE',''
  ) );
#4735 = ORIENTED_EDGE('',*,*,#4736,.T.);
#4736 = EDGE_CURVE('',#4721,#4737,#4739,.T.);
#4737 = VERTEX_POINT('',#4738);
#4738 = CARTESIAN_POINT('',(6.35,2.977422447404,1.037690795531));
#4739 = SURFACE_CURVE('',#4740,(#4744),.PCURVE_S1.);
#4740 = B_SPLINE_CURVE_WITH_KNOTS('',2,(#4741,#4742,#4743),
  .UNSPECIFIED.,.F.,.F.,(3,3),(0.75,0.8125),.PIECEWISE_BEZIER_KNOTS.);
#4741 = CARTESIAN_POINT('',(6.35,2.750329776368,1.224060930436));
#4742 = CARTESIAN_POINT('',(6.35,2.854698184826,1.119692523323));
#4743 = CARTESIAN_POINT('',(6.35,2.977422447404,1.037690795531));
#4744 = PCURVE('',#4215,#4745);
#4745 = DEFINITIONAL_REPRESENTATION('',(#4746),#4750);
#4746 = B_SPLINE_CURVE_WITH_KNOTS('',2,(#4747,#4748,#4749),
  .UNSPECIFIED.,.F.,.F.,(3,3),(0.75,0.8125),.PIECEWISE_BEZIER_KNOTS.);
#4747 = CARTESIAN_POINT('',(0.270738063,0.518089473));
#4748 = CARTESIAN_POINT('',(0.247653836,0.537749724));
#4749 = CARTESIAN_POINT('',(0.229516676,0.560867733));
#4750 = ( GEOMETRIC_REPRESENTATION_CONTEXT(2) 
PARAMETRIC_REPRESENTATION_CONTEXT() REPRESENTATION_CONTEXT('2D SPACE',''
  ) );
#4751 = ORIENTED_EDGE('',*,*,#4752,.T.);
#4752 = EDGE_CURVE('',#4737,#4753,#4755,.T.);
#4753 = VERTEX_POINT('',#4754);
#4754 = CARTESIAN_POINT('',(6.35,3.236510608043,0.899205286625));
#4755 = SURFACE_CURVE('',#4756,(#4760),.PCURVE_S1.);
#4756 = B_SPLINE_CURVE_WITH_KNOTS('',2,(#4757,#4758,#4759),
  .UNSPECIFIED.,.F.,.F.,(3,3),(0.8125,0.875),.PIECEWISE_BEZIER_KNOTS.);
#4757 = CARTESIAN_POINT('',(6.35,2.977422447404,1.037690795531));
#4758 = CARTESIAN_POINT('',(6.35,3.100146709981,0.955689063218));
#4759 = CARTESIAN_POINT('',(6.35,3.236510608043,0.899205286625));
#4760 = PCURVE('',#4215,#4761);
#4761 = DEFINITIONAL_REPRESENTATION('',(#4762),#4766);
#4762 = B_SPLINE_CURVE_WITH_KNOTS('',2,(#4763,#4764,#4765),
  .UNSPECIFIED.,.F.,.F.,(3,3),(0.8125,0.875),.PIECEWISE_BEZIER_KNOTS.);
#4763 = CARTESIAN_POINT('',(0.229516676,0.560867733));
#4764 = CARTESIAN_POINT('',(0.211379515,0.583985742));
#4765 = CARTESIAN_POINT('',(0.198886421,0.609673098));
#4766 = ( GEOMETRIC_REPRESENTATION_CONTEXT(2) 
PARAMETRIC_REPRESENTATION_CONTEXT() REPRESENTATION_CONTEXT('2D SPACE',''
  ) );
#4767 = ORIENTED_EDGE('',*,*,#4768,.T.);
#4768 = EDGE_CURVE('',#4753,#4769,#4771,.T.);
#4769 = VERTEX_POINT('',#4770);
#4770 = CARTESIAN_POINT('',(6.35,3.517637644543,0.813926335365));
#4771 = SURFACE_CURVE('',#4772,(#4776),.PCURVE_S1.);
#4772 = B_SPLINE_CURVE_WITH_KNOTS('',2,(#4773,#4774,#4775),
  .UNSPECIFIED.,.F.,.F.,(3,3),(0.875,0.9375),.PIECEWISE_BEZIER_KNOTS.);
#4773 = CARTESIAN_POINT('',(6.35,3.236510608043,0.899205286625));
#4774 = CARTESIAN_POINT('',(6.35,3.372874506104,0.842721510032));
#4775 = CARTESIAN_POINT('',(6.35,3.517637644543,0.813926335365));
#4776 = PCURVE('',#4215,#4777);
#4777 = DEFINITIONAL_REPRESENTATION('',(#4778),#4782);
#4778 = B_SPLINE_CURVE_WITH_KNOTS('',2,(#4779,#4780,#4781),
  .UNSPECIFIED.,.F.,.F.,(3,3),(0.875,0.9375),.PIECEWISE_BEZIER_KNOTS.);
#4779 = CARTESIAN_POINT('',(0.198886421,0.609673098));
#4780 = CARTESIAN_POINT('',(0.186393327,0.635360454));
#4781 = CARTESIAN_POINT('',(0.180024404,0.662630005));
#4782 = ( GEOMETRIC_REPRESENTATION_CONTEXT(2) 
PARAMETRIC_REPRESENTATION_CONTEXT() REPRESENTATION_CONTEXT('2D SPACE',''
  ) );
#4783 = ORIENTED_EDGE('',*,*,#4784,.T.);
#4784 = EDGE_CURVE('',#4769,#4785,#4787,.T.);
#4785 = VERTEX_POINT('',#4786);
#4786 = CARTESIAN_POINT('',(6.35,3.809999998501,0.785131156176));
#4787 = SURFACE_CURVE('',#4788,(#4792),.PCURVE_S1.);
#4788 = B_SPLINE_CURVE_WITH_KNOTS('',2,(#4789,#4790,#4791),
  .UNSPECIFIED.,.F.,.F.,(3,3),(0.9375,1.),.PIECEWISE_BEZIER_KNOTS.);
#4789 = CARTESIAN_POINT('',(6.35,3.517637644543,0.813926335365));
#4790 = CARTESIAN_POINT('',(6.35,3.662400782982,0.785131156176));
#4791 = CARTESIAN_POINT('',(6.35,3.809999998501,0.785131156176));
#4792 = PCURVE('',#4215,#4793);
#4793 = DEFINITIONAL_REPRESENTATION('',(#4794),#4798);
#4794 = B_SPLINE_CURVE_WITH_KNOTS('',2,(#4795,#4796,#4797),
  .UNSPECIFIED.,.F.,.F.,(3,3),(0.9375,1.),.PIECEWISE_BEZIER_KNOTS.);
#4795 = CARTESIAN_POINT('',(0.180024404,0.662630005));
#4796 = CARTESIAN_POINT('',(0.17365548,0.689899556));
#4797 = CARTESIAN_POINT('',(0.17365548,0.717703349));
#4798 = ( GEOMETRIC_REPRESENTATION_CONTEXT(2) 
PARAMETRIC_REPRESENTATION_CONTEXT() REPRESENTATION_CONTEXT('2D SPACE',''
  ) );
#4799 = ORIENTED_EDGE('',*,*,#4800,.T.);
#4800 = EDGE_CURVE('',#4785,#4801,#4803,.T.);
#4801 = VERTEX_POINT('',#4802);
#4802 = CARTESIAN_POINT('',(6.35,4.102362357768,0.813926335365));
#4803 = SURFACE_CURVE('',#4804,(#4808),.PCURVE_S1.);
#4804 = B_SPLINE_CURVE_WITH_KNOTS('',2,(#4805,#4806,#4807),
  .UNSPECIFIED.,.F.,.F.,(3,3),(0.,0.125),.PIECEWISE_BEZIER_KNOTS.);
#4805 = CARTESIAN_POINT('',(6.35,3.809999998501,0.785131156176));
#4806 = CARTESIAN_POINT('',(6.35,3.95759921933,0.785131156176));
#4807 = CARTESIAN_POINT('',(6.35,4.102362357768,0.813926335365));
#4808 = PCURVE('',#4215,#4809);
#4809 = DEFINITIONAL_REPRESENTATION('',(#4810),#4814);
#4810 = B_SPLINE_CURVE_WITH_KNOTS('',2,(#4811,#4812,#4813),
  .UNSPECIFIED.,.F.,.F.,(3,3),(0.,0.125),.PIECEWISE_BEZIER_KNOTS.);
#4811 = CARTESIAN_POINT('',(0.17365548,0.717703349));
#4812 = CARTESIAN_POINT('',(0.17365548,0.745507143));
#4813 = CARTESIAN_POINT('',(0.180024404,0.772776694));
#4814 = ( GEOMETRIC_REPRESENTATION_CONTEXT(2) 
PARAMETRIC_REPRESENTATION_CONTEXT() REPRESENTATION_CONTEXT('2D SPACE',''
  ) );
#4815 = ORIENTED_EDGE('',*,*,#4816,.T.);
#4816 = EDGE_CURVE('',#4801,#4817,#4819,.T.);
#4817 = VERTEX_POINT('',#4818);
#4818 = CARTESIAN_POINT('',(6.35,4.383489394269,0.899205286625));
#4819 = SURFACE_CURVE('',#4820,(#4824),.PCURVE_S1.);
#4820 = B_SPLINE_CURVE_WITH_KNOTS('',2,(#4821,#4822,#4823),
  .UNSPECIFIED.,.F.,.F.,(3,3),(0.125,0.25),.PIECEWISE_BEZIER_KNOTS.);
#4821 = CARTESIAN_POINT('',(6.35,4.102362357768,0.813926335365));
#4822 = CARTESIAN_POINT('',(6.35,4.247125496207,0.842721510032));
#4823 = CARTESIAN_POINT('',(6.35,4.383489394269,0.899205286625));
#4824 = PCURVE('',#4215,#4825);
#4825 = DEFINITIONAL_REPRESENTATION('',(#4826),#4830);
#4826 = B_SPLINE_CURVE_WITH_KNOTS('',2,(#4827,#4828,#4829),
  .UNSPECIFIED.,.F.,.F.,(3,3),(0.125,0.25),.PIECEWISE_BEZIER_KNOTS.);
#4827 = CARTESIAN_POINT('',(0.180024404,0.772776694));
#4828 = CARTESIAN_POINT('',(0.186393327,0.800046245));
#4829 = CARTESIAN_POINT('',(0.198886421,0.825733601));
#4830 = ( GEOMETRIC_REPRESENTATION_CONTEXT(2) 
PARAMETRIC_REPRESENTATION_CONTEXT() REPRESENTATION_CONTEXT('2D SPACE',''
  ) );
#4831 = ORIENTED_EDGE('',*,*,#4832,.T.);
#4832 = EDGE_CURVE('',#4817,#4833,#4835,.T.);
#4833 = VERTEX_POINT('',#4834);
#4834 = CARTESIAN_POINT('',(6.35,4.642577549599,1.037690795531));
#4835 = SURFACE_CURVE('',#4836,(#4840),.PCURVE_S1.);
#4836 = B_SPLINE_CURVE_WITH_KNOTS('',2,(#4837,#4838,#4839),
  .UNSPECIFIED.,.F.,.F.,(3,3),(0.25,0.375),.PIECEWISE_BEZIER_KNOTS.);
#4837 = CARTESIAN_POINT('',(6.35,4.383489394269,0.899205286625));
#4838 = CARTESIAN_POINT('',(6.35,4.519853287022,0.955689063218));
#4839 = CARTESIAN_POINT('',(6.35,4.642577549599,1.037690795531));
#4840 = PCURVE('',#4215,#4841);
#4841 = DEFINITIONAL_REPRESENTATION('',(#4842),#4846);
#4842 = B_SPLINE_CURVE_WITH_KNOTS('',2,(#4843,#4844,#4845),
  .UNSPECIFIED.,.F.,.F.,(3,3),(0.25,0.375),.PIECEWISE_BEZIER_KNOTS.);
#4843 = CARTESIAN_POINT('',(0.198886421,0.825733601));
#4844 = CARTESIAN_POINT('',(0.211379515,0.851420956));
#4845 = CARTESIAN_POINT('',(0.229516676,0.874538965));
#4846 = ( GEOMETRIC_REPRESENTATION_CONTEXT(2) 
PARAMETRIC_REPRESENTATION_CONTEXT() REPRESENTATION_CONTEXT('2D SPACE',''
  ) );
#4847 = ORIENTED_EDGE('',*,*,#4848,.T.);
#4848 = EDGE_CURVE('',#4833,#4849,#4851,.T.);
#4849 = VERTEX_POINT('',#4850);
#4850 = CARTESIAN_POINT('',(6.35,4.869670220635,1.224060930436));
#4851 = SURFACE_CURVE('',#4852,(#4856),.PCURVE_S1.);
#4852 = B_SPLINE_CURVE_WITH_KNOTS('',2,(#4853,#4854,#4855),
  .UNSPECIFIED.,.F.,.F.,(3,3),(0.375,0.5),.PIECEWISE_BEZIER_KNOTS.);
#4853 = CARTESIAN_POINT('',(6.35,4.642577549599,1.037690795531));
#4854 = CARTESIAN_POINT('',(6.35,4.765301817485,1.119692523323));
#4855 = CARTESIAN_POINT('',(6.35,4.869670220635,1.224060930436));
#4856 = PCURVE('',#4215,#4857);
#4857 = DEFINITIONAL_REPRESENTATION('',(#4858),#4862);
#4858 = B_SPLINE_CURVE_WITH_KNOTS('',2,(#4859,#4860,#4861),
  .UNSPECIFIED.,.F.,.F.,(3,3),(0.375,0.5),.PIECEWISE_BEZIER_KNOTS.);
#4859 = CARTESIAN_POINT('',(0.229516676,0.874538965));
#4860 = CARTESIAN_POINT('',(0.247653836,0.897656975));
#4861 = CARTESIAN_POINT('',(0.270738063,0.917317225));
#4862 = ( GEOMETRIC_REPRESENTATION_CONTEXT(2) 
PARAMETRIC_REPRESENTATION_CONTEXT() REPRESENTATION_CONTEXT('2D SPACE',''
  ) );
#4863 = ORIENTED_EDGE('',*,*,#4864,.T.);
#4864 = EDGE_CURVE('',#4849,#4865,#4867,.T.);
#4865 = VERTEX_POINT('',#4866);
#4866 = CARTESIAN_POINT('',(6.35,5.05604036095,1.451153604164));
#4867 = SURFACE_CURVE('',#4868,(#4872),.PCURVE_S1.);
#4868 = B_SPLINE_CURVE_WITH_KNOTS('',2,(#4869,#4870,#4871),
  .UNSPECIFIED.,.F.,.F.,(3,3),(0.5,0.625),.PIECEWISE_BEZIER_KNOTS.);
#4869 = CARTESIAN_POINT('',(6.35,4.869670220635,1.224060930436));
#4870 = CARTESIAN_POINT('',(6.35,4.974038629094,1.328429337548));
#4871 = CARTESIAN_POINT('',(6.35,5.05604036095,1.451153604164));
#4872 = PCURVE('',#4215,#4873);
#4873 = DEFINITIONAL_REPRESENTATION('',(#4874),#4878);
#4874 = B_SPLINE_CURVE_WITH_KNOTS('',2,(#4875,#4876,#4877),
  .UNSPECIFIED.,.F.,.F.,(3,3),(0.5,0.625),.PIECEWISE_BEZIER_KNOTS.);
#4875 = CARTESIAN_POINT('',(0.270738063,0.917317225));
#4876 = CARTESIAN_POINT('',(0.29382229,0.936977476));
#4877 = CARTESIAN_POINT('',(0.32096647,0.952424436));
#4878 = ( GEOMETRIC_REPRESENTATION_CONTEXT(2) 
PARAMETRIC_REPRESENTATION_CONTEXT() REPRESENTATION_CONTEXT('2D SPACE',''
  ) );
#4879 = ORIENTED_EDGE('',*,*,#4880,.T.);
#4880 = EDGE_CURVE('',#4865,#4881,#4883,.T.);
#4881 = VERTEX_POINT('',#4882);
#4882 = CARTESIAN_POINT('',(6.35,5.194525867544,1.710241761374));
#4883 = SURFACE_CURVE('',#4884,(#4888),.PCURVE_S1.);
#4884 = B_SPLINE_CURVE_WITH_KNOTS('',2,(#4885,#4886,#4887),
  .UNSPECIFIED.,.F.,.F.,(3,3),(0.625,0.75),.PIECEWISE_BEZIER_KNOTS.);
#4885 = CARTESIAN_POINT('',(6.35,5.05604036095,1.451153604164));
#4886 = CARTESIAN_POINT('',(6.35,5.138042092806,1.573877866259));
#4887 = CARTESIAN_POINT('',(6.35,5.194525867544,1.710241761374));
#4888 = PCURVE('',#4215,#4889);
#4889 = DEFINITIONAL_REPRESENTATION('',(#4890),#4894);
#4890 = B_SPLINE_CURVE_WITH_KNOTS('',2,(#4891,#4892,#4893),
  .UNSPECIFIED.,.F.,.F.,(3,3),(0.625,0.75),.PIECEWISE_BEZIER_KNOTS.);
#4891 = CARTESIAN_POINT('',(0.32096647,0.952424436));
#4892 = CARTESIAN_POINT('',(0.348110649,0.967871396));
#4893 = CARTESIAN_POINT('',(0.378271645,0.978511447));
#4894 = ( GEOMETRIC_REPRESENTATION_CONTEXT(2) 
PARAMETRIC_REPRESENTATION_CONTEXT() REPRESENTATION_CONTEXT('2D SPACE',''
  ) );
#4895 = ORIENTED_EDGE('',*,*,#4896,.T.);
#4896 = EDGE_CURVE('',#4881,#4897,#4899,.T.);
#4897 = VERTEX_POINT('',#4898);
#4898 = CARTESIAN_POINT('',(6.35,5.279804821141,1.991368797341));
#4899 = SURFACE_CURVE('',#4900,(#4904),.PCURVE_S1.);
#4900 = B_SPLINE_CURVE_WITH_KNOTS('',2,(#4901,#4902,#4903),
  .UNSPECIFIED.,.F.,.F.,(3,3),(0.75,0.875),.PIECEWISE_BEZIER_KNOTS.);
#4901 = CARTESIAN_POINT('',(6.35,5.194525867544,1.710241761374));
#4902 = CARTESIAN_POINT('',(6.35,5.251009642283,1.846605656489));
#4903 = CARTESIAN_POINT('',(6.35,5.279804821141,1.991368797341));
#4904 = PCURVE('',#4215,#4905);
#4905 = DEFINITIONAL_REPRESENTATION('',(#4906),#4910);
#4906 = B_SPLINE_CURVE_WITH_KNOTS('',2,(#4907,#4908,#4909),
  .UNSPECIFIED.,.F.,.F.,(3,3),(0.75,0.875),.PIECEWISE_BEZIER_KNOTS.);
#4907 = CARTESIAN_POINT('',(0.378271645,0.978511447));
#4908 = CARTESIAN_POINT('',(0.408432641,0.989151498));
#4909 = CARTESIAN_POINT('',(0.440451384,0.994575749));
#4910 = ( GEOMETRIC_REPRESENTATION_CONTEXT(2) 
PARAMETRIC_REPRESENTATION_CONTEXT() REPRESENTATION_CONTEXT('2D SPACE',''
  ) );
#4911 = ORIENTED_EDGE('',*,*,#4912,.T.);
#4912 = EDGE_CURVE('',#4897,#4415,#4913,.T.);
#4913 = SURFACE_CURVE('',#4914,(#4918),.PCURVE_S1.);
#4914 = B_SPLINE_CURVE_WITH_KNOTS('',2,(#4915,#4916,#4917),
  .UNSPECIFIED.,.F.,.F.,(3,3),(0.875,1.),.PIECEWISE_BEZIER_KNOTS.);
#4915 = CARTESIAN_POINT('',(6.35,5.279804821141,1.991368797341));
#4916 = CARTESIAN_POINT('',(6.35,5.3086,2.136131938192));
#4917 = CARTESIAN_POINT('',(6.35,5.3086,2.283731155465));
#4918 = PCURVE('',#4215,#4919);
#4919 = DEFINITIONAL_REPRESENTATION('',(#4920),#4924);
#4920 = B_SPLINE_CURVE_WITH_KNOTS('',2,(#4921,#4922,#4923),
  .UNSPECIFIED.,.F.,.F.,(3,3),(0.875,1.),.PIECEWISE_BEZIER_KNOTS.);
#4921 = CARTESIAN_POINT('',(0.440451384,0.994575749));
#4922 = CARTESIAN_POINT('',(0.472470127,1.));
#4923 = CARTESIAN_POINT('',(0.505116154,1.));
#4924 = ( GEOMETRIC_REPRESENTATION_CONTEXT(2) 
PARAMETRIC_REPRESENTATION_CONTEXT() REPRESENTATION_CONTEXT('2D SPACE',''
  ) );
#4925 = ( GEOMETRIC_REPRESENTATION_CONTEXT(3) 
GLOBAL_UNCERTAINTY_ASSIGNED_CONTEXT((#4929)) 
GLOBAL_UNIT_ASSIGNED_CONTEXT((#4926,#4927,#4928)) REPRESENTATION_CONTEXT
('Context #1','3D Context with UNIT and UNCERTAINTY') );
#4926 = ( LENGTH_UNIT() NAMED_UNIT(*) SI_UNIT(.MILLI.,.METRE.) );
#4927 = ( NAMED_UNIT(*) PLANE_ANGLE_UNIT() SI_UNIT($,.RADIAN.) );
#4928 = ( NAMED_UNIT(*) SI_UNIT($,.STERADIAN.) SOLID_ANGLE_UNIT() );
#4929 = UNCERTAINTY_MEASURE_WITH_UNIT(LENGTH_MEASURE(1.E-05),#4926,
  'distance_accuracy_value','confusion accuracy');
#4930 = PRODUCT_RELATED_PRODUCT_CATEGORY('part',$,(#4194));
#4931 = SHAPE_DEFINITION_REPRESENTATION(#4932,#4938);
#4932 = PRODUCT_DEFINITION_SHAPE('','',#4933);
#4933 = PRODUCT_DEFINITION('design','',#4934,#4937);
#4934 = PRODUCT_DEFINITION_FORMATION('','',#4935);
#4935 = PRODUCT('FACE','FACE','',(#4936));
#4936 = PRODUCT_CONTEXT('',#2,'mechanical');
#4937 = PRODUCT_DEFINITION_CONTEXT('part definition',#2,'design');
#4938 = MANIFOLD_SURFACE_SHAPE_REPRESENTATION('',(#11,#4939),#5009);
#4939 = SHELL_BASED_SURFACE_MODEL('',(#4940));
#4940 = OPEN_SHELL('',(#4941));
#4941 = ADVANCED_FACE('',(#4942),#4956,.T.);
#4942 = FACE_BOUND('',#4943,.T.);
#4943 = EDGE_LOOP('',(#4944,#4966,#4981,#4996));
#4944 = ORIENTED_EDGE('',*,*,#4945,.T.);
#4945 = EDGE_CURVE('',#4946,#4948,#4950,.T.);
#4946 = VERTEX_POINT('',#4947);
#4947 = CARTESIAN_POINT('',(0.,2.54,0.));
#4948 = VERTEX_POINT('',#4949);
#4949 = CARTESIAN_POINT('',(0.,2.54,4.5212));
#4950 = SURFACE_CURVE('',#4951,(#4955),.PCURVE_S1.);
#4951 = LINE('',#4952,#4953);
#4952 = CARTESIAN_POINT('',(0.,2.54,0.));
#4953 = VECTOR('',#4954,1.);
#4954 = DIRECTION('',(0.,0.,1.));
#4955 = PCURVE('',#4956,#4961);
#4956 = B_SPLINE_SURFACE_WITH_KNOTS('',1,1,(
    (#4957,#4958)
    ,(#4959,#4960
    )),.UNSPECIFIED.,.F.,.F.,.F.,(2,2),(2,2),(0.,1.),(0.,1.),
  .PIECEWISE_BEZIER_KNOTS.);
#4957 = CARTESIAN_POINT('',(0.,0.,4.5212));
#4958 = CARTESIAN_POINT('',(0.,2.54,4.5212));
#4959 = CARTESIAN_POINT('',(0.,0.,0.));
#4960 = CARTESIAN_POINT('',(0.,2.54,0.));
#4961 = DEFINITIONAL_REPRESENTATION('',(#4962),#4965);
#4962 = B_SPLINE_CURVE_WITH_KNOTS('',1,(#4963,#4964),.UNSPECIFIED.,.F.,
  .F.,(2,2),(0.,4.5212),.PIECEWISE_BEZIER_KNOTS.);
#4963 = CARTESIAN_POINT('',(1.,1.));
#4964 = CARTESIAN_POINT('',(0.,1.));
#4965 = ( GEOMETRIC_REPRESENTATION_CONTEXT(2) 
PARAMETRIC_REPRESENTATION_CONTEXT() REPRESENTATION_CONTEXT('2D SPACE',''
  ) );
#4966 = ORIENTED_EDGE('',*,*,#4967,.T.);
#4967 = EDGE_CURVE('',#4948,#4968,#4970,.T.);
#4968 = VERTEX_POINT('',#4969);
#4969 = CARTESIAN_POINT('',(0.,0.,4.5212));
#4970 = SURFACE_CURVE('',#4971,(#4975),.PCURVE_S1.);
#4971 = LINE('',#4972,#4973);
#4972 = CARTESIAN_POINT('',(0.,2.54,4.5212));
#4973 = VECTOR('',#4974,1.);
#4974 = DIRECTION('',(0.,-1.,0.));
#4975 = PCURVE('',#4956,#4976);
#4976 = DEFINITIONAL_REPRESENTATION('',(#4977),#4980);
#4977 = B_SPLINE_CURVE_WITH_KNOTS('',1,(#4978,#4979),.UNSPECIFIED.,.F.,
  .F.,(2,2),(0.,2.54),.PIECEWISE_BEZIER_KNOTS.);
#4978 = CARTESIAN_POINT('',(0.,1.));
#4979 = CARTESIAN_POINT('',(0.,0.));
#4980 = ( GEOMETRIC_REPRESENTATION_CONTEXT(2) 
PARAMETRIC_REPRESENTATION_CONTEXT() REPRESENTATION_CONTEXT('2D SPACE',''
  ) );
#4981 = ORIENTED_EDGE('',*,*,#4982,.T.);
#4982 = EDGE_CURVE('',#4968,#4983,#4985,.T.);
#4983 = VERTEX_POINT('',#4984);
#4984 = CARTESIAN_POINT('',(0.,0.,0.));
#4985 = SURFACE_CURVE('',#4986,(#4990),.PCURVE_S1.);
#4986 = LINE('',#4987,#4988);
#4987 = CARTESIAN_POINT('',(0.,0.,4.5212));
#4988 = VECTOR('',#4989,1.);
#4989 = DIRECTION('',(0.,0.,-1.));
#4990 = PCURVE('',#4956,#4991);
#4991 = DEFINITIONAL_REPRESENTATION('',(#4992),#4995);
#4992 = B_SPLINE_CURVE_WITH_KNOTS('',1,(#4993,#4994),.UNSPECIFIED.,.F.,
  .F.,(2,2),(0.,4.5212),.PIECEWISE_BEZIER_KNOTS.);
#4993 = CARTESIAN_POINT('',(0.,0.));
#4994 = CARTESIAN_POINT('',(1.,0.));
#4995 = ( GEOMETRIC_REPRESENTATION_CONTEXT(2) 
PARAMETRIC_REPRESENTATION_CONTEXT() REPRESENTATION_CONTEXT('2D SPACE',''
  ) );
#4996 = ORIENTED_EDGE('',*,*,#4997,.T.);
#4997 = EDGE_CURVE('',#4983,#4946,#4998,.T.);
#4998 = SURFACE_CURVE('',#4999,(#5003),.PCURVE_S1.);
#4999 = LINE('',#5000,#5001);
#5000 = CARTESIAN_POINT('',(0.,0.,0.));
#5001 = VECTOR('',#5002,1.);
#5002 = DIRECTION('',(0.,1.,0.));
#5003 = PCURVE('',#4956,#5004);
#5004 = DEFINITIONAL_REPRESENTATION('',(#5005),#5008);
#5005 = B_SPLINE_CURVE_WITH_KNOTS('',1,(#5006,#5007),.UNSPECIFIED.,.F.,
  .F.,(2,2),(0.,2.54),.PIECEWISE_BEZIER_KNOTS.);
#5006 = CARTESIAN_POINT('',(1.,0.));
#5007 = CARTESIAN_POINT('',(1.,1.));
#5008 = ( GEOMETRIC_REPRESENTATION_CONTEXT(2) 
PARAMETRIC_REPRESENTATION_CONTEXT() REPRESENTATION_CONTEXT('2D SPACE',''
  ) );
#5009 = ( GEOMETRIC_REPRESENTATION_CONTEXT(3) 
GLOBAL_UNCERTAINTY_ASSIGNED_CONTEXT((#5013)) 
GLOBAL_UNIT_ASSIGNED_CONTEXT((#5010,#5011,#5012)) REPRESENTATION_CONTEXT
('Context #1','3D Context with UNIT and UNCERTAINTY') );
#5010 = ( LENGTH_UNIT() NAMED_UNIT(*) SI_UNIT(.MILLI.,.METRE.) );
#5011 = ( NAMED_UNIT(*) PLANE_ANGLE_UNIT() SI_UNIT($,.RADIAN.) );
#5012 = ( NAMED_UNIT(*) SI_UNIT($,.STERADIAN.) SOLID_ANGLE_UNIT() );
#5013 = UNCERTAINTY_MEASURE_WITH_UNIT(LENGTH_MEASURE(1.E-07),#5010,
  'distance_accuracy_value','confusion accuracy');
#5014 = PRODUCT_RELATED_PRODUCT_CATEGORY('part',$,(#4935));
#5015 = SHAPE_DEFINITION_REPRESENTATION(#5016,#5022);
#5016 = PRODUCT_DEFINITION_SHAPE('','',#5017);
#5017 = PRODUCT_DEFINITION('design','',#5018,#5021);
#5018 = PRODUCT_DEFINITION_FORMATION('','',#5019);
#5019 = PRODUCT('FACE','FACE','',(#5020));
#5020 = PRODUCT_CONTEXT('',#2,'mechanical');
#5021 = PRODUCT_DEFINITION_CONTEXT('part definition',#2,'design');
#5022 = MANIFOLD_SURFACE_SHAPE_REPRESENTATION('',(#11,#5023),#5093);
#5023 = SHELL_BASED_SURFACE_MODEL('',(#5024));
#5024 = OPEN_SHELL('',(#5025));
#5025 = ADVANCED_FACE('',(#5026),#5040,.T.);
#5026 = FACE_BOUND('',#5027,.T.);
#5027 = EDGE_LOOP('',(#5028,#5050,#5065,#5080));
#5028 = ORIENTED_EDGE('',*,*,#5029,.T.);
#5029 = EDGE_CURVE('',#5030,#5032,#5034,.T.);
#5030 = VERTEX_POINT('',#5031);
#5031 = CARTESIAN_POINT('',(2.0574,0.,0.));
#5032 = VERTEX_POINT('',#5033);
#5033 = CARTESIAN_POINT('',(2.0574,0.,4.5212));
#5034 = SURFACE_CURVE('',#5035,(#5039),.PCURVE_S1.);
#5035 = LINE('',#5036,#5037);
#5036 = CARTESIAN_POINT('',(2.0574,0.,0.));
#5037 = VECTOR('',#5038,1.);
#5038 = DIRECTION('',(0.,0.,1.));
#5039 = PCURVE('',#5040,#5045);
#5040 = B_SPLINE_SURFACE_WITH_KNOTS('',1,1,(
    (#5041,#5042)
    ,(#5043,#5044
    )),.UNSPECIFIED.,.F.,.F.,.F.,(2,2),(2,2),(0.,1.),(0.,1.),
  .PIECEWISE_BEZIER_KNOTS.);
#5041 = CARTESIAN_POINT('',(2.0574,0.,0.));
#5042 = CARTESIAN_POINT('',(2.0574,1.524,0.));
#5043 = CARTESIAN_POINT('',(2.0574,0.,4.5212));
#5044 = CARTESIAN_POINT('',(2.0574,1.524,4.5212));
#5045 = DEFINITIONAL_REPRESENTATION('',(#5046),#5049);
#5046 = B_SPLINE_CURVE_WITH_KNOTS('',1,(#5047,#5048),.UNSPECIFIED.,.F.,
  .F.,(2,2),(0.,4.5212),.PIECEWISE_BEZIER_KNOTS.);
#5047 = CARTESIAN_POINT('',(0.,0.));
#5048 = CARTESIAN_POINT('',(1.,0.));
#5049 = ( GEOMETRIC_REPRESENTATION_CONTEXT(2) 
PARAMETRIC_REPRESENTATION_CONTEXT() REPRESENTATION_CONTEXT('2D SPACE',''
  ) );
#5050 = ORIENTED_EDGE('',*,*,#5051,.T.);
#5051 = EDGE_CURVE('',#5032,#5052,#5054,.T.);
#5052 = VERTEX_POINT('',#5053);
#5053 = CARTESIAN_POINT('',(2.0574,1.524,4.5212));
#5054 = SURFACE_CURVE('',#5055,(#5059),.PCURVE_S1.);
#5055 = LINE('',#5056,#5057);
#5056 = CARTESIAN_POINT('',(2.0574,0.,4.5212));
#5057 = VECTOR('',#5058,1.);
#5058 = DIRECTION('',(0.,1.,0.));
#5059 = PCURVE('',#5040,#5060);
#5060 = DEFINITIONAL_REPRESENTATION('',(#5061),#5064);
#5061 = B_SPLINE_CURVE_WITH_KNOTS('',1,(#5062,#5063),.UNSPECIFIED.,.F.,
  .F.,(2,2),(0.,1.524),.PIECEWISE_BEZIER_KNOTS.);
#5062 = CARTESIAN_POINT('',(1.,0.));
#5063 = CARTESIAN_POINT('',(1.,1.));
#5064 = ( GEOMETRIC_REPRESENTATION_CONTEXT(2) 
PARAMETRIC_REPRESENTATION_CONTEXT() REPRESENTATION_CONTEXT('2D SPACE',''
  ) );
#5065 = ORIENTED_EDGE('',*,*,#5066,.T.);
#5066 = EDGE_CURVE('',#5052,#5067,#5069,.T.);
#5067 = VERTEX_POINT('',#5068);
#5068 = CARTESIAN_POINT('',(2.0574,1.524,0.));
#5069 = SURFACE_CURVE('',#5070,(#5074),.PCURVE_S1.);
#5070 = LINE('',#5071,#5072);
#5071 = CARTESIAN_POINT('',(2.0574,1.524,4.5212));
#5072 = VECTOR('',#5073,1.);
#5073 = DIRECTION('',(0.,0.,-1.));
#5074 = PCURVE('',#5040,#5075);
#5075 = DEFINITIONAL_REPRESENTATION('',(#5076),#5079);
#5076 = B_SPLINE_CURVE_WITH_KNOTS('',1,(#5077,#5078),.UNSPECIFIED.,.F.,
  .F.,(2,2),(0.,4.5212),.PIECEWISE_BEZIER_KNOTS.);
#5077 = CARTESIAN_POINT('',(1.,1.));
#5078 = CARTESIAN_POINT('',(0.,1.));
#5079 = ( GEOMETRIC_REPRESENTATION_CONTEXT(2) 
PARAMETRIC_REPRESENTATION_CONTEXT() REPRESENTATION_CONTEXT('2D SPACE',''
  ) );
#5080 = ORIENTED_EDGE('',*,*,#5081,.T.);
#5081 = EDGE_CURVE('',#5067,#5030,#5082,.T.);
#5082 = SURFACE_CURVE('',#5083,(#5087),.PCURVE_S1.);
#5083 = LINE('',#5084,#5085);
#5084 = CARTESIAN_POINT('',(2.0574,1.524,0.));
#5085 = VECTOR('',#5086,1.);
#5086 = DIRECTION('',(0.,-1.,0.));
#5087 = PCURVE('',#5040,#5088);
#5088 = DEFINITIONAL_REPRESENTATION('',(#5089),#5092);
#5089 = B_SPLINE_CURVE_WITH_KNOTS('',1,(#5090,#5091),.UNSPECIFIED.,.F.,
  .F.,(2,2),(0.,1.524),.PIECEWISE_BEZIER_KNOTS.);
#5090 = CARTESIAN_POINT('',(0.,1.));
#5091 = CARTESIAN_POINT('',(0.,0.));
#5092 = ( GEOMETRIC_REPRESENTATION_CONTEXT(2) 
PARAMETRIC_REPRESENTATION_CONTEXT() REPRESENTATION_CONTEXT('2D SPACE',''
  ) );
#5093 = ( GEOMETRIC_REPRESENTATION_CONTEXT(3) 
GLOBAL_UNCERTAINTY_ASSIGNED_CONTEXT((#5097)) 
GLOBAL_UNIT_ASSIGNED_CONTEXT((#5094,#5095,#5096)) REPRESENTATION_CONTEXT
('Context #1','3D Context with UNIT and UNCERTAINTY') );
#5094 = ( LENGTH_UNIT() NAMED_UNIT(*) SI_UNIT(.MILLI.,.METRE.) );
#5095 = ( NAMED_UNIT(*) PLANE_ANGLE_UNIT() SI_UNIT($,.RADIAN.) );
#5096 = ( NAMED_UNIT(*) SI_UNIT($,.STERADIAN.) SOLID_ANGLE_UNIT() );
#5097 = UNCERTAINTY_MEASURE_WITH_UNIT(LENGTH_MEASURE(1.E-07),#5094,
  'distance_accuracy_value','confusion accuracy');
#5098 = PRODUCT_RELATED_PRODUCT_CATEGORY('part',$,(#5019));
#5099 = SHAPE_DEFINITION_REPRESENTATION(#5100,#5106);
#5100 = PRODUCT_DEFINITION_SHAPE('','',#5101);
#5101 = PRODUCT_DEFINITION('design','',#5102,#5105);
#5102 = PRODUCT_DEFINITION_FORMATION('','',#5103);
#5103 = PRODUCT('FACE','FACE','',(#5104));
#5104 = PRODUCT_CONTEXT('',#2,'mechanical');
#5105 = PRODUCT_DEFINITION_CONTEXT('part definition',#2,'design');
#5106 = MANIFOLD_SURFACE_SHAPE_REPRESENTATION('',(#11,#5107),#5177);
#5107 = SHELL_BASED_SURFACE_MODEL('',(#5108));
#5108 = OPEN_SHELL('',(#5109));
#5109 = ADVANCED_FACE('',(#5110),#5124,.T.);
#5110 = FACE_BOUND('',#5111,.T.);
#5111 = EDGE_LOOP('',(#5112,#5134,#5149,#5164));
#5112 = ORIENTED_EDGE('',*,*,#5113,.T.);
#5113 = EDGE_CURVE('',#5114,#5116,#5118,.T.);
#5114 = VERTEX_POINT('',#5115);
#5115 = CARTESIAN_POINT('',(2.0574,1.524,0.));
#5116 = VERTEX_POINT('',#5117);
#5117 = CARTESIAN_POINT('',(2.0574,1.524,4.5212));
#5118 = SURFACE_CURVE('',#5119,(#5123),.PCURVE_S1.);
#5119 = LINE('',#5120,#5121);
#5120 = CARTESIAN_POINT('',(2.0574,1.524,0.));
#5121 = VECTOR('',#5122,1.);
#5122 = DIRECTION('',(0.,0.,1.));
#5123 = PCURVE('',#5124,#5129);
#5124 = B_SPLINE_SURFACE_WITH_KNOTS('',1,1,(
    (#5125,#5126)
    ,(#5127,#5128
    )),.UNSPECIFIED.,.F.,.F.,.F.,(2,2),(2,2),(0.,1.),(0.,1.),
  .PIECEWISE_BEZIER_KNOTS.);
#5125 = CARTESIAN_POINT('',(2.0574,1.524,0.));
#5126 = CARTESIAN_POINT('',(5.6134,1.524,0.));
#5127 = CARTESIAN_POINT('',(2.0574,1.524,4.5212));
#5128 = CARTESIAN_POINT('',(5.6134,1.524,4.5212));
#5129 = DEFINITIONAL_REPRESENTATION('',(#5130),#5133);
#5130 = B_SPLINE_CURVE_WITH_KNOTS('',1,(#5131,#5132),.UNSPECIFIED.,.F.,
  .F.,(2,2),(0.,4.5212),.PIECEWISE_BEZIER_KNOTS.);
#5131 = CARTESIAN_POINT('',(0.,0.));
#5132 = CARTESIAN_POINT('',(1.,0.));
#5133 = ( GEOMETRIC_REPRESENTATION_CONTEXT(2) 
PARAMETRIC_REPRESENTATION_CONTEXT() REPRESENTATION_CONTEXT('2D SPACE',''
  ) );
#5134 = ORIENTED_EDGE('',*,*,#5135,.T.);
#5135 = EDGE_CURVE('',#5116,#5136,#5138,.T.);
#5136 = VERTEX_POINT('',#5137);
#5137 = CARTESIAN_POINT('',(5.6134,1.524,4.5212));
#5138 = SURFACE_CURVE('',#5139,(#5143),.PCURVE_S1.);
#5139 = LINE('',#5140,#5141);
#5140 = CARTESIAN_POINT('',(2.0574,1.524,4.5212));
#5141 = VECTOR('',#5142,1.);
#5142 = DIRECTION('',(1.,0.,0.));
#5143 = PCURVE('',#5124,#5144);
#5144 = DEFINITIONAL_REPRESENTATION('',(#5145),#5148);
#5145 = B_SPLINE_CURVE_WITH_KNOTS('',1,(#5146,#5147),.UNSPECIFIED.,.F.,
  .F.,(2,2),(0.,3.556),.PIECEWISE_BEZIER_KNOTS.);
#5146 = CARTESIAN_POINT('',(1.,0.));
#5147 = CARTESIAN_POINT('',(1.,1.));
#5148 = ( GEOMETRIC_REPRESENTATION_CONTEXT(2) 
PARAMETRIC_REPRESENTATION_CONTEXT() REPRESENTATION_CONTEXT('2D SPACE',''
  ) );
#5149 = ORIENTED_EDGE('',*,*,#5150,.T.);
#5150 = EDGE_CURVE('',#5136,#5151,#5153,.T.);
#5151 = VERTEX_POINT('',#5152);
#5152 = CARTESIAN_POINT('',(5.6134,1.524,0.));
#5153 = SURFACE_CURVE('',#5154,(#5158),.PCURVE_S1.);
#5154 = LINE('',#5155,#5156);
#5155 = CARTESIAN_POINT('',(5.6134,1.524,4.5212));
#5156 = VECTOR('',#5157,1.);
#5157 = DIRECTION('',(0.,0.,-1.));
#5158 = PCURVE('',#5124,#5159);
#5159 = DEFINITIONAL_REPRESENTATION('',(#5160),#5163);
#5160 = B_SPLINE_CURVE_WITH_KNOTS('',1,(#5161,#5162),.UNSPECIFIED.,.F.,
  .F.,(2,2),(0.,4.5212),.PIECEWISE_BEZIER_KNOTS.);
#5161 = CARTESIAN_POINT('',(1.,1.));
#5162 = CARTESIAN_POINT('',(0.,1.));
#5163 = ( GEOMETRIC_REPRESENTATION_CONTEXT(2) 
PARAMETRIC_REPRESENTATION_CONTEXT() REPRESENTATION_CONTEXT('2D SPACE',''
  ) );
#5164 = ORIENTED_EDGE('',*,*,#5165,.T.);
#5165 = EDGE_CURVE('',#5151,#5114,#5166,.T.);
#5166 = SURFACE_CURVE('',#5167,(#5171),.PCURVE_S1.);
#5167 = LINE('',#5168,#5169);
#5168 = CARTESIAN_POINT('',(5.6134,1.524,0.));
#5169 = VECTOR('',#5170,1.);
#5170 = DIRECTION('',(-1.,0.,0.));
#5171 = PCURVE('',#5124,#5172);
#5172 = DEFINITIONAL_REPRESENTATION('',(#5173),#5176);
#5173 = B_SPLINE_CURVE_WITH_KNOTS('',1,(#5174,#5175),.UNSPECIFIED.,.F.,
  .F.,(2,2),(0.,3.556),.PIECEWISE_BEZIER_KNOTS.);
#5174 = CARTESIAN_POINT('',(0.,1.));
#5175 = CARTESIAN_POINT('',(0.,0.));
#5176 = ( GEOMETRIC_REPRESENTATION_CONTEXT(2) 
PARAMETRIC_REPRESENTATION_CONTEXT() REPRESENTATION_CONTEXT('2D SPACE',''
  ) );
#5177 = ( GEOMETRIC_REPRESENTATION_CONTEXT(3) 
GLOBAL_UNCERTAINTY_ASSIGNED_CONTEXT((#5181)) 
GLOBAL_UNIT_ASSIGNED_CONTEXT((#5178,#5179,#5180)) REPRESENTATION_CONTEXT
('Context #1','3D Context with UNIT and UNCERTAINTY') );
#5178 = ( LENGTH_UNIT() NAMED_UNIT(*) SI_UNIT(.MILLI.,.METRE.) );
#5179 = ( NAMED_UNIT(*) PLANE_ANGLE_UNIT() SI_UNIT($,.RADIAN.) );
#5180 = ( NAMED_UNIT(*) SI_UNIT($,.STERADIAN.) SOLID_ANGLE_UNIT() );
#5181 = UNCERTAINTY_MEASURE_WITH_UNIT(LENGTH_MEASURE(1.E-07),#5178,
  'distance_accuracy_value','confusion accuracy');
#5182 = PRODUCT_RELATED_PRODUCT_CATEGORY('part',$,(#5103));
#5183 = SHAPE_DEFINITION_REPRESENTATION(#5184,#5190);
#5184 = PRODUCT_DEFINITION_SHAPE('','',#5185);
#5185 = PRODUCT_DEFINITION('design','',#5186,#5189);
#5186 = PRODUCT_DEFINITION_FORMATION('','',#5187);
#5187 = PRODUCT('FACE','FACE','',(#5188));
#5188 = PRODUCT_CONTEXT('',#2,'mechanical');
#5189 = PRODUCT_DEFINITION_CONTEXT('part definition',#2,'design');
#5190 = MANIFOLD_SURFACE_SHAPE_REPRESENTATION('',(#11,#5191),#5261);
#5191 = SHELL_BASED_SURFACE_MODEL('',(#5192));
#5192 = OPEN_SHELL('',(#5193));
#5193 = ADVANCED_FACE('',(#5194),#5208,.T.);
#5194 = FACE_BOUND('',#5195,.T.);
#5195 = EDGE_LOOP('',(#5196,#5218,#5233,#5248));
#5196 = ORIENTED_EDGE('',*,*,#5197,.T.);
#5197 = EDGE_CURVE('',#5198,#5200,#5202,.T.);
#5198 = VERTEX_POINT('',#5199);
#5199 = CARTESIAN_POINT('',(5.6134,1.524,0.));
#5200 = VERTEX_POINT('',#5201);
#5201 = CARTESIAN_POINT('',(5.6134,1.524,4.5212));
#5202 = SURFACE_CURVE('',#5203,(#5207),.PCURVE_S1.);
#5203 = LINE('',#5204,#5205);
#5204 = CARTESIAN_POINT('',(5.6134,1.524,0.));
#5205 = VECTOR('',#5206,1.);
#5206 = DIRECTION('',(0.,0.,1.));
#5207 = PCURVE('',#5208,#5213);
#5208 = B_SPLINE_SURFACE_WITH_KNOTS('',1,1,(
    (#5209,#5210)
    ,(#5211,#5212
    )),.UNSPECIFIED.,.F.,.F.,.F.,(2,2),(2,2),(0.,1.),(0.,1.),
  .PIECEWISE_BEZIER_KNOTS.);
#5209 = CARTESIAN_POINT('',(5.6134,0.,4.5212));
#5210 = CARTESIAN_POINT('',(5.6134,1.524,4.5212));
#5211 = CARTESIAN_POINT('',(5.6134,0.,0.));
#5212 = CARTESIAN_POINT('',(5.6134,1.524,0.));
#5213 = DEFINITIONAL_REPRESENTATION('',(#5214),#5217);
#5214 = B_SPLINE_CURVE_WITH_KNOTS('',1,(#5215,#5216),.UNSPECIFIED.,.F.,
  .F.,(2,2),(0.,4.5212),.PIECEWISE_BEZIER_KNOTS.);
#5215 = CARTESIAN_POINT('',(1.,1.));
#5216 = CARTESIAN_POINT('',(0.,1.));
#5217 = ( GEOMETRIC_REPRESENTATION_CONTEXT(2) 
PARAMETRIC_REPRESENTATION_CONTEXT() REPRESENTATION_CONTEXT('2D SPACE',''
  ) );
#5218 = ORIENTED_EDGE('',*,*,#5219,.T.);
#5219 = EDGE_CURVE('',#5200,#5220,#5222,.T.);
#5220 = VERTEX_POINT('',#5221);
#5221 = CARTESIAN_POINT('',(5.6134,0.,4.5212));
#5222 = SURFACE_CURVE('',#5223,(#5227),.PCURVE_S1.);
#5223 = LINE('',#5224,#5225);
#5224 = CARTESIAN_POINT('',(5.6134,1.524,4.5212));
#5225 = VECTOR('',#5226,1.);
#5226 = DIRECTION('',(0.,-1.,0.));
#5227 = PCURVE('',#5208,#5228);
#5228 = DEFINITIONAL_REPRESENTATION('',(#5229),#5232);
#5229 = B_SPLINE_CURVE_WITH_KNOTS('',1,(#5230,#5231),.UNSPECIFIED.,.F.,
  .F.,(2,2),(0.,1.524),.PIECEWISE_BEZIER_KNOTS.);
#5230 = CARTESIAN_POINT('',(0.,1.));
#5231 = CARTESIAN_POINT('',(0.,0.));
#5232 = ( GEOMETRIC_REPRESENTATION_CONTEXT(2) 
PARAMETRIC_REPRESENTATION_CONTEXT() REPRESENTATION_CONTEXT('2D SPACE',''
  ) );
#5233 = ORIENTED_EDGE('',*,*,#5234,.T.);
#5234 = EDGE_CURVE('',#5220,#5235,#5237,.T.);
#5235 = VERTEX_POINT('',#5236);
#5236 = CARTESIAN_POINT('',(5.6134,0.,0.));
#5237 = SURFACE_CURVE('',#5238,(#5242),.PCURVE_S1.);
#5238 = LINE('',#5239,#5240);
#5239 = CARTESIAN_POINT('',(5.6134,0.,4.5212));
#5240 = VECTOR('',#5241,1.);
#5241 = DIRECTION('',(0.,0.,-1.));
#5242 = PCURVE('',#5208,#5243);
#5243 = DEFINITIONAL_REPRESENTATION('',(#5244),#5247);
#5244 = B_SPLINE_CURVE_WITH_KNOTS('',1,(#5245,#5246),.UNSPECIFIED.,.F.,
  .F.,(2,2),(0.,4.5212),.PIECEWISE_BEZIER_KNOTS.);
#5245 = CARTESIAN_POINT('',(0.,0.));
#5246 = CARTESIAN_POINT('',(1.,0.));
#5247 = ( GEOMETRIC_REPRESENTATION_CONTEXT(2) 
PARAMETRIC_REPRESENTATION_CONTEXT() REPRESENTATION_CONTEXT('2D SPACE',''
  ) );
#5248 = ORIENTED_EDGE('',*,*,#5249,.T.);
#5249 = EDGE_CURVE('',#5235,#5198,#5250,.T.);
#5250 = SURFACE_CURVE('',#5251,(#5255),.PCURVE_S1.);
#5251 = LINE('',#5252,#5253);
#5252 = CARTESIAN_POINT('',(5.6134,0.,0.));
#5253 = VECTOR('',#5254,1.);
#5254 = DIRECTION('',(0.,1.,0.));
#5255 = PCURVE('',#5208,#5256);
#5256 = DEFINITIONAL_REPRESENTATION('',(#5257),#5260);
#5257 = B_SPLINE_CURVE_WITH_KNOTS('',1,(#5258,#5259),.UNSPECIFIED.,.F.,
  .F.,(2,2),(0.,1.524),.PIECEWISE_BEZIER_KNOTS.);
#5258 = CARTESIAN_POINT('',(1.,0.));
#5259 = CARTESIAN_POINT('',(1.,1.));
#5260 = ( GEOMETRIC_REPRESENTATION_CONTEXT(2) 
PARAMETRIC_REPRESENTATION_CONTEXT() REPRESENTATION_CONTEXT('2D SPACE',''
  ) );
#5261 = ( GEOMETRIC_REPRESENTATION_CONTEXT(3) 
GLOBAL_UNCERTAINTY_ASSIGNED_CONTEXT((#5265)) 
GLOBAL_UNIT_ASSIGNED_CONTEXT((#5262,#5263,#5264)) REPRESENTATION_CONTEXT
('Context #1','3D Context with UNIT and UNCERTAINTY') );
#5262 = ( LENGTH_UNIT() NAMED_UNIT(*) SI_UNIT(.MILLI.,.METRE.) );
#5263 = ( NAMED_UNIT(*) PLANE_ANGLE_UNIT() SI_UNIT($,.RADIAN.) );
#5264 = ( NAMED_UNIT(*) SI_UNIT($,.STERADIAN.) SOLID_ANGLE_UNIT() );
#5265 = UNCERTAINTY_MEASURE_WITH_UNIT(LENGTH_MEASURE(1.E-07),#5262,
  'distance_accuracy_value','confusion accuracy');
#5266 = PRODUCT_RELATED_PRODUCT_CATEGORY('part',$,(#5187));
#5267 = SHAPE_DEFINITION_REPRESENTATION(#5268,#5274);
#5268 = PRODUCT_DEFINITION_SHAPE('','',#5269);
#5269 = PRODUCT_DEFINITION('design','',#5270,#5273);
#5270 = PRODUCT_DEFINITION_FORMATION('','',#5271);
#5271 = PRODUCT('FACE','FACE','',(#5272));
#5272 = PRODUCT_CONTEXT('',#2,'mechanical');
#5273 = PRODUCT_DEFINITION_CONTEXT('part definition',#2,'design');
#5274 = MANIFOLD_SURFACE_SHAPE_REPRESENTATION('',(#11,#5275),#5345);
#5275 = SHELL_BASED_SURFACE_MODEL('',(#5276));
#5276 = OPEN_SHELL('',(#5277));
#5277 = ADVANCED_FACE('',(#5278),#5292,.T.);
#5278 = FACE_BOUND('',#5279,.T.);
#5279 = EDGE_LOOP('',(#5280,#5302,#5317,#5332));
#5280 = ORIENTED_EDGE('',*,*,#5281,.T.);
#5281 = EDGE_CURVE('',#5282,#5284,#5286,.T.);
#5282 = VERTEX_POINT('',#5283);
#5283 = CARTESIAN_POINT('',(5.6134,0.,0.));
#5284 = VERTEX_POINT('',#5285);
#5285 = CARTESIAN_POINT('',(5.6134,0.,4.5212));
#5286 = SURFACE_CURVE('',#5287,(#5291),.PCURVE_S1.);
#5287 = LINE('',#5288,#5289);
#5288 = CARTESIAN_POINT('',(5.6134,0.,0.));
#5289 = VECTOR('',#5290,1.);
#5290 = DIRECTION('',(0.,0.,1.));
#5291 = PCURVE('',#5292,#5297);
#5292 = B_SPLINE_SURFACE_WITH_KNOTS('',1,1,(
    (#5293,#5294)
    ,(#5295,#5296
    )),.UNSPECIFIED.,.F.,.F.,.F.,(2,2),(2,2),(0.,1.),(0.,1.),
  .PIECEWISE_BEZIER_KNOTS.);
#5293 = CARTESIAN_POINT('',(5.6134,0.,0.));
#5294 = CARTESIAN_POINT('',(6.35,0.,0.));
#5295 = CARTESIAN_POINT('',(5.6134,0.,4.5212));
#5296 = CARTESIAN_POINT('',(6.35,0.,4.5212));
#5297 = DEFINITIONAL_REPRESENTATION('',(#5298),#5301);
#5298 = B_SPLINE_CURVE_WITH_KNOTS('',1,(#5299,#5300),.UNSPECIFIED.,.F.,
  .F.,(2,2),(0.,4.5212),.PIECEWISE_BEZIER_KNOTS.);
#5299 = CARTESIAN_POINT('',(0.,0.));
#5300 = CARTESIAN_POINT('',(1.,0.));
#5301 = ( GEOMETRIC_REPRESENTATION_CONTEXT(2) 
PARAMETRIC_REPRESENTATION_CONTEXT() REPRESENTATION_CONTEXT('2D SPACE',''
  ) );
#5302 = ORIENTED_EDGE('',*,*,#5303,.T.);
#5303 = EDGE_CURVE('',#5284,#5304,#5306,.T.);
#5304 = VERTEX_POINT('',#5305);
#5305 = CARTESIAN_POINT('',(6.35,0.,4.5212));
#5306 = SURFACE_CURVE('',#5307,(#5311),.PCURVE_S1.);
#5307 = LINE('',#5308,#5309);
#5308 = CARTESIAN_POINT('',(5.6134,0.,4.5212));
#5309 = VECTOR('',#5310,1.);
#5310 = DIRECTION('',(1.,0.,0.));
#5311 = PCURVE('',#5292,#5312);
#5312 = DEFINITIONAL_REPRESENTATION('',(#5313),#5316);
#5313 = B_SPLINE_CURVE_WITH_KNOTS('',1,(#5314,#5315),.UNSPECIFIED.,.F.,
  .F.,(2,2),(0.,0.7366),.PIECEWISE_BEZIER_KNOTS.);
#5314 = CARTESIAN_POINT('',(1.,0.));
#5315 = CARTESIAN_POINT('',(1.,1.));
#5316 = ( GEOMETRIC_REPRESENTATION_CONTEXT(2) 
PARAMETRIC_REPRESENTATION_CONTEXT() REPRESENTATION_CONTEXT('2D SPACE',''
  ) );
#5317 = ORIENTED_EDGE('',*,*,#5318,.T.);
#5318 = EDGE_CURVE('',#5304,#5319,#5321,.T.);
#5319 = VERTEX_POINT('',#5320);
#5320 = CARTESIAN_POINT('',(6.35,0.,0.));
#5321 = SURFACE_CURVE('',#5322,(#5326),.PCURVE_S1.);
#5322 = LINE('',#5323,#5324);
#5323 = CARTESIAN_POINT('',(6.35,0.,4.5212));
#5324 = VECTOR('',#5325,1.);
#5325 = DIRECTION('',(0.,0.,-1.));
#5326 = PCURVE('',#5292,#5327);
#5327 = DEFINITIONAL_REPRESENTATION('',(#5328),#5331);
#5328 = B_SPLINE_CURVE_WITH_KNOTS('',1,(#5329,#5330),.UNSPECIFIED.,.F.,
  .F.,(2,2),(0.,4.5212),.PIECEWISE_BEZIER_KNOTS.);
#5329 = CARTESIAN_POINT('',(1.,1.));
#5330 = CARTESIAN_POINT('',(0.,1.));
#5331 = ( GEOMETRIC_REPRESENTATION_CONTEXT(2) 
PARAMETRIC_REPRESENTATION_CONTEXT() REPRESENTATION_CONTEXT('2D SPACE',''
  ) );
#5332 = ORIENTED_EDGE('',*,*,#5333,.T.);
#5333 = EDGE_CURVE('',#5319,#5282,#5334,.T.);
#5334 = SURFACE_CURVE('',#5335,(#5339),.PCURVE_S1.);
#5335 = LINE('',#5336,#5337);
#5336 = CARTESIAN_POINT('',(6.35,0.,0.));
#5337 = VECTOR('',#5338,1.);
#5338 = DIRECTION('',(-1.,0.,0.));
#5339 = PCURVE('',#5292,#5340);
#5340 = DEFINITIONAL_REPRESENTATION('',(#5341),#5344);
#5341 = B_SPLINE_CURVE_WITH_KNOTS('',1,(#5342,#5343),.UNSPECIFIED.,.F.,
  .F.,(2,2),(0.,0.7366),.PIECEWISE_BEZIER_KNOTS.);
#5342 = CARTESIAN_POINT('',(0.,1.));
#5343 = CARTESIAN_POINT('',(0.,0.));
#5344 = ( GEOMETRIC_REPRESENTATION_CONTEXT(2) 
PARAMETRIC_REPRESENTATION_CONTEXT() REPRESENTATION_CONTEXT('2D SPACE',''
  ) );
#5345 = ( GEOMETRIC_REPRESENTATION_CONTEXT(3) 
GLOBAL_UNCERTAINTY_ASSIGNED_CONTEXT((#5349)) 
GLOBAL_UNIT_ASSIGNED_CONTEXT((#5346,#5347,#5348)) REPRESENTATION_CONTEXT
('Context #1','3D Context with UNIT and UNCERTAINTY') );
#5346 = ( LENGTH_UNIT() NAMED_UNIT(*) SI_UNIT(.MILLI.,.METRE.) );
#5347 = ( NAMED_UNIT(*) PLANE_ANGLE_UNIT() SI_UNIT($,.RADIAN.) );
#5348 = ( NAMED_UNIT(*) SI_UNIT($,.STERADIAN.) SOLID_ANGLE_UNIT() );
#5349 = UNCERTAINTY_MEASURE_WITH_UNIT(LENGTH_MEASURE(1.E-07),#5346,
  'distance_accuracy_value','confusion accuracy');
#5350 = PRODUCT_RELATED_PRODUCT_CATEGORY('part',$,(#5271));
#5351 = SHAPE_DEFINITION_REPRESENTATION(#5352,#5358);
#5352 = PRODUCT_DEFINITION_SHAPE('','',#5353);
#5353 = PRODUCT_DEFINITION('design','',#5354,#5357);
#5354 = PRODUCT_DEFINITION_FORMATION('','',#5355);
#5355 = PRODUCT('FACE','FACE','',(#5356));
#5356 = PRODUCT_CONTEXT('',#2,'mechanical');
#5357 = PRODUCT_DEFINITION_CONTEXT('part definition',#2,'design');
#5358 = MANIFOLD_SURFACE_SHAPE_REPRESENTATION('',(#11,#5359),#5444);
#5359 = SHELL_BASED_SURFACE_MODEL('',(#5360));
#5360 = OPEN_SHELL('',(#5361));
#5361 = ADVANCED_FACE('',(#5362),#5376,.T.);
#5362 = FACE_BOUND('',#5363,.T.);
#5363 = EDGE_LOOP('',(#5364,#5386,#5401,#5416,#5431));
#5364 = ORIENTED_EDGE('',*,*,#5365,.T.);
#5365 = EDGE_CURVE('',#5366,#5368,#5370,.T.);
#5366 = VERTEX_POINT('',#5367);
#5367 = CARTESIAN_POINT('',(6.35,5.3086,2.283731145));
#5368 = VERTEX_POINT('',#5369);
#5369 = CARTESIAN_POINT('',(6.35,5.3086,4.191));
#5370 = SURFACE_CURVE('',#5371,(#5375),.PCURVE_S1.);
#5371 = LINE('',#5372,#5373);
#5372 = CARTESIAN_POINT('',(6.35,5.3086,2.283731145));
#5373 = VECTOR('',#5374,1.);
#5374 = DIRECTION('',(0.,0.,1.));
#5375 = PCURVE('',#5376,#5381);
#5376 = B_SPLINE_SURFACE_WITH_KNOTS('',1,1,(
    (#5377,#5378)
    ,(#5379,#5380
    )),.UNSPECIFIED.,.F.,.F.,.F.,(2,2),(2,2),(0.,1.),(0.,1.),
  .PIECEWISE_BEZIER_KNOTS.);
#5377 = CARTESIAN_POINT('',(5.1054,5.3086,4.191));
#5378 = CARTESIAN_POINT('',(6.35,5.3086,4.191));
#5379 = CARTESIAN_POINT('',(5.1054,5.3086,0.3302));
#5380 = CARTESIAN_POINT('',(6.35,5.3086,0.3302));
#5381 = DEFINITIONAL_REPRESENTATION('',(#5382),#5385);
#5382 = B_SPLINE_CURVE_WITH_KNOTS('',1,(#5383,#5384),.UNSPECIFIED.,.F.,
  .F.,(2,2),(0.,1.907268855),.PIECEWISE_BEZIER_KNOTS.);
#5383 = CARTESIAN_POINT('',(0.494008715,1.));
#5384 = CARTESIAN_POINT('',(0.,1.));
#5385 = ( GEOMETRIC_REPRESENTATION_CONTEXT(2) 
PARAMETRIC_REPRESENTATION_CONTEXT() REPRESENTATION_CONTEXT('2D SPACE',''
  ) );
#5386 = ORIENTED_EDGE('',*,*,#5387,.T.);
#5387 = EDGE_CURVE('',#5368,#5388,#5390,.T.);
#5388 = VERTEX_POINT('',#5389);
#5389 = CARTESIAN_POINT('',(5.1054,5.3086,4.191));
#5390 = SURFACE_CURVE('',#5391,(#5395),.PCURVE_S1.);
#5391 = LINE('',#5392,#5393);
#5392 = CARTESIAN_POINT('',(6.35,5.3086,4.191));
#5393 = VECTOR('',#5394,1.);
#5394 = DIRECTION('',(-1.,0.,0.));
#5395 = PCURVE('',#5376,#5396);
#5396 = DEFINITIONAL_REPRESENTATION('',(#5397),#5400);
#5397 = B_SPLINE_CURVE_WITH_KNOTS('',1,(#5398,#5399),.UNSPECIFIED.,.F.,
  .F.,(2,2),(0.,1.2446),.PIECEWISE_BEZIER_KNOTS.);
#5398 = CARTESIAN_POINT('',(0.,1.));
#5399 = CARTESIAN_POINT('',(0.,0.));
#5400 = ( GEOMETRIC_REPRESENTATION_CONTEXT(2) 
PARAMETRIC_REPRESENTATION_CONTEXT() REPRESENTATION_CONTEXT('2D SPACE',''
  ) );
#5401 = ORIENTED_EDGE('',*,*,#5402,.T.);
#5402 = EDGE_CURVE('',#5388,#5403,#5405,.T.);
#5403 = VERTEX_POINT('',#5404);
#5404 = CARTESIAN_POINT('',(5.1054,5.3086,0.3302));
#5405 = SURFACE_CURVE('',#5406,(#5410),.PCURVE_S1.);
#5406 = LINE('',#5407,#5408);
#5407 = CARTESIAN_POINT('',(5.1054,5.3086,4.191));
#5408 = VECTOR('',#5409,1.);
#5409 = DIRECTION('',(0.,0.,-1.));
#5410 = PCURVE('',#5376,#5411);
#5411 = DEFINITIONAL_REPRESENTATION('',(#5412),#5415);
#5412 = B_SPLINE_CURVE_WITH_KNOTS('',1,(#5413,#5414),.UNSPECIFIED.,.F.,
  .F.,(2,2),(0.,3.8608),.PIECEWISE_BEZIER_KNOTS.);
#5413 = CARTESIAN_POINT('',(0.,0.));
#5414 = CARTESIAN_POINT('',(1.,0.));
#5415 = ( GEOMETRIC_REPRESENTATION_CONTEXT(2) 
PARAMETRIC_REPRESENTATION_CONTEXT() REPRESENTATION_CONTEXT('2D SPACE',''
  ) );
#5416 = ORIENTED_EDGE('',*,*,#5417,.T.);
#5417 = EDGE_CURVE('',#5403,#5418,#5420,.T.);
#5418 = VERTEX_POINT('',#5419);
#5419 = CARTESIAN_POINT('',(6.35,5.3086,0.3302));
#5420 = SURFACE_CURVE('',#5421,(#5425),.PCURVE_S1.);
#5421 = LINE('',#5422,#5423);
#5422 = CARTESIAN_POINT('',(5.1054,5.3086,0.3302));
#5423 = VECTOR('',#5424,1.);
#5424 = DIRECTION('',(1.,0.,0.));
#5425 = PCURVE('',#5376,#5426);
#5426 = DEFINITIONAL_REPRESENTATION('',(#5427),#5430);
#5427 = B_SPLINE_CURVE_WITH_KNOTS('',1,(#5428,#5429),.UNSPECIFIED.,.F.,
  .F.,(2,2),(0.,1.2446),.PIECEWISE_BEZIER_KNOTS.);
#5428 = CARTESIAN_POINT('',(1.,0.));
#5429 = CARTESIAN_POINT('',(1.,1.));
#5430 = ( GEOMETRIC_REPRESENTATION_CONTEXT(2) 
PARAMETRIC_REPRESENTATION_CONTEXT() REPRESENTATION_CONTEXT('2D SPACE',''
  ) );
#5431 = ORIENTED_EDGE('',*,*,#5432,.T.);
#5432 = EDGE_CURVE('',#5418,#5366,#5433,.T.);
#5433 = SURFACE_CURVE('',#5434,(#5438),.PCURVE_S1.);
#5434 = LINE('',#5435,#5436);
#5435 = CARTESIAN_POINT('',(6.35,5.3086,0.3302));
#5436 = VECTOR('',#5437,1.);
#5437 = DIRECTION('',(0.,0.,1.));
#5438 = PCURVE('',#5376,#5439);
#5439 = DEFINITIONAL_REPRESENTATION('',(#5440),#5443);
#5440 = B_SPLINE_CURVE_WITH_KNOTS('',1,(#5441,#5442),.UNSPECIFIED.,.F.,
  .F.,(2,2),(0.,1.953531145),.PIECEWISE_BEZIER_KNOTS.);
#5441 = CARTESIAN_POINT('',(1.,1.));
#5442 = CARTESIAN_POINT('',(0.494008715,1.));
#5443 = ( GEOMETRIC_REPRESENTATION_CONTEXT(2) 
PARAMETRIC_REPRESENTATION_CONTEXT() REPRESENTATION_CONTEXT('2D SPACE',''
  ) );
#5444 = ( GEOMETRIC_REPRESENTATION_CONTEXT(3) 
GLOBAL_UNCERTAINTY_ASSIGNED_CONTEXT((#5448)) 
GLOBAL_UNIT_ASSIGNED_CONTEXT((#5445,#5446,#5447)) REPRESENTATION_CONTEXT
('Context #1','3D Context with UNIT and UNCERTAINTY') );
#5445 = ( LENGTH_UNIT() NAMED_UNIT(*) SI_UNIT(.MILLI.,.METRE.) );
#5446 = ( NAMED_UNIT(*) PLANE_ANGLE_UNIT() SI_UNIT($,.RADIAN.) );
#5447 = ( NAMED_UNIT(*) SI_UNIT($,.STERADIAN.) SOLID_ANGLE_UNIT() );
#5448 = UNCERTAINTY_MEASURE_WITH_UNIT(LENGTH_MEASURE(1.E-07),#5445,
  'distance_accuracy_value','confusion accuracy');
#5449 = PRODUCT_RELATED_PRODUCT_CATEGORY('part',$,(#5355));
#5450 = SHAPE_DEFINITION_REPRESENTATION(#5451,#5457);
#5451 = PRODUCT_DEFINITION_SHAPE('','',#5452);
#5452 = PRODUCT_DEFINITION('design','',#5453,#5456);
#5453 = PRODUCT_DEFINITION_FORMATION('','',#5454);
#5454 = PRODUCT('FACE','FACE','',(#5455));
#5455 = PRODUCT_CONTEXT('',#2,'mechanical');
#5456 = PRODUCT_DEFINITION_CONTEXT('part definition',#2,'design');
#5457 = MANIFOLD_SURFACE_SHAPE_REPRESENTATION('',(#11,#5458),#5656);
#5458 = SHELL_BASED_SURFACE_MODEL('',(#5459));
#5459 = OPEN_SHELL('',(#5460));
#5460 = ADVANCED_FACE('',(#5461),#5475,.T.);
#5461 = FACE_BOUND('',#5462,.T.);
#5462 = EDGE_LOOP('',(#5463,#5486,#5502,#5518,#5534,#5549,#5564,#5579,
    #5595,#5611,#5627,#5643));
#5463 = ORIENTED_EDGE('',*,*,#5464,.T.);
#5464 = EDGE_CURVE('',#5465,#5467,#5469,.T.);
#5465 = VERTEX_POINT('',#5466);
#5466 = CARTESIAN_POINT('',(5.1054,5.3086,4.190999999695));
#5467 = VERTEX_POINT('',#5468);
#5468 = CARTESIAN_POINT('',(5.083515233676,5.283465020687,4.317362068738
    ));
#5469 = SURFACE_CURVE('',#5470,(#5474),.PCURVE_S1.);
#5470 = B_SPLINE_CURVE_WITH_KNOTS('',2,(#5471,#5472,#5473),
  .UNSPECIFIED.,.F.,.F.,(3,3),(0.,0.25),.PIECEWISE_BEZIER_KNOTS.);
#5471 = CARTESIAN_POINT('',(5.1054,5.3086,4.19099999939));
#5472 = CARTESIAN_POINT('',(5.1054,5.3086,4.25668086432));
#5473 = CARTESIAN_POINT('',(5.083515233676,5.283465020687,4.317362068738
    ));
#5474 = PCURVE('',#5475,#5480);
#5475 = B_SPLINE_SURFACE_WITH_KNOTS('',1,1,(
    (#5476,#5477)
    ,(#5478,#5479
    )),.UNSPECIFIED.,.F.,.F.,.F.,(2,2),(2,2),(0.,1.),(0.,1.),
  .PIECEWISE_BEZIER_KNOTS.);
#5476 = CARTESIAN_POINT('',(3.0744640822,2.9760399204,0.));
#5477 = CARTESIAN_POINT('',(3.0744640822,2.9760399204,4.5212));
#5478 = CARTESIAN_POINT('',(5.1054,5.3086,0.));
#5479 = CARTESIAN_POINT('',(5.1054,5.3086,4.5212));
#5480 = DEFINITIONAL_REPRESENTATION('',(#5481),#5485);
#5481 = B_SPLINE_CURVE_WITH_KNOTS('',2,(#5482,#5483,#5484),
  .UNSPECIFIED.,.F.,.F.,(3,3),(0.,0.25),.PIECEWISE_BEZIER_KNOTS.);
#5482 = CARTESIAN_POINT('',(1.,0.926966292));
#5483 = CARTESIAN_POINT('',(1.,0.9414936));
#5484 = CARTESIAN_POINT('',(0.989224295,0.954915082));
#5485 = ( GEOMETRIC_REPRESENTATION_CONTEXT(2) 
PARAMETRIC_REPRESENTATION_CONTEXT() REPRESENTATION_CONTEXT('2D SPACE',''
  ) );
#5486 = ORIENTED_EDGE('',*,*,#5487,.T.);
#5487 = EDGE_CURVE('',#5467,#5488,#5490,.T.);
#5488 = VERTEX_POINT('',#5489);
#5489 = CARTESIAN_POINT('',(5.021192695231,5.211886659223,4.424486658146
    ));
#5490 = SURFACE_CURVE('',#5491,(#5495),.PCURVE_S1.);
#5491 = B_SPLINE_CURVE_WITH_KNOTS('',2,(#5492,#5493,#5494),
  .UNSPECIFIED.,.F.,.F.,(3,3),(0.25,0.5),.PIECEWISE_BEZIER_KNOTS.);
#5492 = CARTESIAN_POINT('',(5.083515233676,5.283465020687,4.317362068738
    ));
#5493 = CARTESIAN_POINT('',(5.061630469383,5.258330043707,4.378043273157
    ));
#5494 = CARTESIAN_POINT('',(5.021192695231,5.211886659223,4.424486658146
    ));
#5495 = PCURVE('',#5475,#5496);
#5496 = DEFINITIONAL_REPRESENTATION('',(#5497),#5501);
#5497 = B_SPLINE_CURVE_WITH_KNOTS('',2,(#5498,#5499,#5500),
  .UNSPECIFIED.,.F.,.F.,(3,3),(0.25,0.5),.PIECEWISE_BEZIER_KNOTS.);
#5498 = CARTESIAN_POINT('',(0.989224295,0.954915082));
#5499 = CARTESIAN_POINT('',(0.978448591,0.968336564));
#5500 = CARTESIAN_POINT('',(0.958537685,0.978608922));
#5501 = ( GEOMETRIC_REPRESENTATION_CONTEXT(2) 
PARAMETRIC_REPRESENTATION_CONTEXT() REPRESENTATION_CONTEXT('2D SPACE',''
  ) );
#5502 = ORIENTED_EDGE('',*,*,#5503,.T.);
#5503 = EDGE_CURVE('',#5488,#5504,#5506,.T.);
#5504 = VERTEX_POINT('',#5505);
#5505 = CARTESIAN_POINT('',(4.927920423757,5.104762069487,4.496065021568
    ));
#5506 = SURFACE_CURVE('',#5507,(#5511),.PCURVE_S1.);
#5507 = B_SPLINE_CURVE_WITH_KNOTS('',2,(#5508,#5509,#5510),
  .UNSPECIFIED.,.F.,.F.,(3,3),(0.5,0.75),.PIECEWISE_BEZIER_KNOTS.);
#5508 = CARTESIAN_POINT('',(5.021192695231,5.211886659223,4.424486658146
    ));
#5509 = CARTESIAN_POINT('',(4.98075492108,5.165443274739,4.470930043136)
  );
#5510 = CARTESIAN_POINT('',(4.927920423757,5.104762069487,4.496065021568
    ));
#5511 = PCURVE('',#5475,#5512);
#5512 = DEFINITIONAL_REPRESENTATION('',(#5513),#5517);
#5513 = B_SPLINE_CURVE_WITH_KNOTS('',2,(#5514,#5515,#5516),
  .UNSPECIFIED.,.F.,.F.,(3,3),(0.5,0.75),.PIECEWISE_BEZIER_KNOTS.);
#5514 = CARTESIAN_POINT('',(0.958537685,0.978608922));
#5515 = CARTESIAN_POINT('',(0.938626779,0.98888128));
#5516 = CARTESIAN_POINT('',(0.912611927,0.99444064));
#5517 = ( GEOMETRIC_REPRESENTATION_CONTEXT(2) 
PARAMETRIC_REPRESENTATION_CONTEXT() REPRESENTATION_CONTEXT('2D SPACE',''
  ) );
#5518 = ORIENTED_EDGE('',*,*,#5519,.T.);
#5519 = EDGE_CURVE('',#5504,#5520,#5522,.T.);
#5520 = VERTEX_POINT('',#5521);
#5521 = CARTESIAN_POINT('',(4.817898269992,4.978399999196,4.5212));
#5522 = SURFACE_CURVE('',#5523,(#5527),.PCURVE_S1.);
#5523 = B_SPLINE_CURVE_WITH_KNOTS('',2,(#5524,#5525,#5526),
  .UNSPECIFIED.,.F.,.F.,(3,3),(0.75,1.),.PIECEWISE_BEZIER_KNOTS.);
#5524 = CARTESIAN_POINT('',(4.927920423757,5.104762069487,4.496065021568
    ));
#5525 = CARTESIAN_POINT('',(4.875085926434,5.044080864235,4.5212));
#5526 = CARTESIAN_POINT('',(4.817898276384,4.978399998392,4.5212));
#5527 = PCURVE('',#5475,#5528);
#5528 = DEFINITIONAL_REPRESENTATION('',(#5529),#5533);
#5529 = B_SPLINE_CURVE_WITH_KNOTS('',2,(#5530,#5531,#5532),
  .UNSPECIFIED.,.F.,.F.,(3,3),(0.75,1.),.PIECEWISE_BEZIER_KNOTS.);
#5530 = CARTESIAN_POINT('',(0.912611927,0.99444064));
#5531 = CARTESIAN_POINT('',(0.886597075,1.));
#5532 = CARTESIAN_POINT('',(0.858438801,1.));
#5533 = ( GEOMETRIC_REPRESENTATION_CONTEXT(2) 
PARAMETRIC_REPRESENTATION_CONTEXT() REPRESENTATION_CONTEXT('2D SPACE',''
  ) );
#5534 = ORIENTED_EDGE('',*,*,#5535,.T.);
#5535 = EDGE_CURVE('',#5520,#5536,#5538,.T.);
#5536 = VERTEX_POINT('',#5537);
#5537 = CARTESIAN_POINT('',(3.0744640822,2.9760399204,4.5212));
#5538 = SURFACE_CURVE('',#5539,(#5543),.PCURVE_S1.);
#5539 = LINE('',#5540,#5541);
#5540 = CARTESIAN_POINT('',(4.8178982636,4.9784,4.5212));
#5541 = VECTOR('',#5542,1.);
#5542 = DIRECTION('',(-0.656661470959,-0.754185462972,0.));
#5543 = PCURVE('',#5475,#5544);
#5544 = DEFINITIONAL_REPRESENTATION('',(#5545),#5548);
#5545 = B_SPLINE_CURVE_WITH_KNOTS('',1,(#5546,#5547),.UNSPECIFIED.,.F.,
  .F.,(2,2),(0.,2.654996917748),.PIECEWISE_BEZIER_KNOTS.);
#5546 = CARTESIAN_POINT('',(0.858438801,1.));
#5547 = CARTESIAN_POINT('',(0.,1.));
#5548 = ( GEOMETRIC_REPRESENTATION_CONTEXT(2) 
PARAMETRIC_REPRESENTATION_CONTEXT() REPRESENTATION_CONTEXT('2D SPACE',''
  ) );
#5549 = ORIENTED_EDGE('',*,*,#5550,.T.);
#5550 = EDGE_CURVE('',#5536,#5551,#5553,.T.);
#5551 = VERTEX_POINT('',#5552);
#5552 = CARTESIAN_POINT('',(3.0744640822,2.9760399204,0.));
#5553 = SURFACE_CURVE('',#5554,(#5558),.PCURVE_S1.);
#5554 = LINE('',#5555,#5556);
#5555 = CARTESIAN_POINT('',(3.0744640822,2.9760399204,4.5212));
#5556 = VECTOR('',#5557,1.);
#5557 = DIRECTION('',(0.,0.,-1.));
#5558 = PCURVE('',#5475,#5559);
#5559 = DEFINITIONAL_REPRESENTATION('',(#5560),#5563);
#5560 = B_SPLINE_CURVE_WITH_KNOTS('',1,(#5561,#5562),.UNSPECIFIED.,.F.,
  .F.,(2,2),(0.,4.5212),.PIECEWISE_BEZIER_KNOTS.);
#5561 = CARTESIAN_POINT('',(0.,1.));
#5562 = CARTESIAN_POINT('',(0.,0.));
#5563 = ( GEOMETRIC_REPRESENTATION_CONTEXT(2) 
PARAMETRIC_REPRESENTATION_CONTEXT() REPRESENTATION_CONTEXT('2D SPACE',''
  ) );
#5564 = ORIENTED_EDGE('',*,*,#5565,.T.);
#5565 = EDGE_CURVE('',#5551,#5566,#5568,.T.);
#5566 = VERTEX_POINT('',#5567);
#5567 = CARTESIAN_POINT('',(4.817898269992,4.978399999196,0.));
#5568 = SURFACE_CURVE('',#5569,(#5573),.PCURVE_S1.);
#5569 = LINE('',#5570,#5571);
#5570 = CARTESIAN_POINT('',(3.0744640822,2.9760399204,0.));
#5571 = VECTOR('',#5572,1.);
#5572 = DIRECTION('',(0.656661470959,0.754185462972,0.));
#5573 = PCURVE('',#5475,#5574);
#5574 = DEFINITIONAL_REPRESENTATION('',(#5575),#5578);
#5575 = B_SPLINE_CURVE_WITH_KNOTS('',1,(#5576,#5577),.UNSPECIFIED.,.F.,
  .F.,(2,2),(0.,2.654996917748),.PIECEWISE_BEZIER_KNOTS.);
#5576 = CARTESIAN_POINT('',(0.,0.));
#5577 = CARTESIAN_POINT('',(0.858438801,0.));
#5578 = ( GEOMETRIC_REPRESENTATION_CONTEXT(2) 
PARAMETRIC_REPRESENTATION_CONTEXT() REPRESENTATION_CONTEXT('2D SPACE',''
  ) );
#5579 = ORIENTED_EDGE('',*,*,#5580,.T.);
#5580 = EDGE_CURVE('',#5566,#5581,#5583,.T.);
#5581 = VERTEX_POINT('',#5582);
#5582 = CARTESIAN_POINT('',(4.927920423757,5.104762069487,
    2.5134978432E-02));
#5583 = SURFACE_CURVE('',#5584,(#5588),.PCURVE_S1.);
#5584 = B_SPLINE_CURVE_WITH_KNOTS('',2,(#5585,#5586,#5587),
  .UNSPECIFIED.,.F.,.F.,(3,3),(0.,0.25),.PIECEWISE_BEZIER_KNOTS.);
#5585 = CARTESIAN_POINT('',(4.817898276384,4.978399998392,
    3.382710778155E-17));
#5586 = CARTESIAN_POINT('',(4.875085926434,5.044080864235,
    -7.285838599103E-17));
#5587 = CARTESIAN_POINT('',(4.927920423757,5.104762069487,
    2.5134978432E-02));
#5588 = PCURVE('',#5475,#5589);
#5589 = DEFINITIONAL_REPRESENTATION('',(#5590),#5594);
#5590 = B_SPLINE_CURVE_WITH_KNOTS('',2,(#5591,#5592,#5593),
  .UNSPECIFIED.,.F.,.F.,(3,3),(0.,0.25),.PIECEWISE_BEZIER_KNOTS.);
#5591 = CARTESIAN_POINT('',(0.858438801,0.));
#5592 = CARTESIAN_POINT('',(0.886597075,0.));
#5593 = CARTESIAN_POINT('',(0.912611927,5.55936E-03));
#5594 = ( GEOMETRIC_REPRESENTATION_CONTEXT(2) 
PARAMETRIC_REPRESENTATION_CONTEXT() REPRESENTATION_CONTEXT('2D SPACE',''
  ) );
#5595 = ORIENTED_EDGE('',*,*,#5596,.T.);
#5596 = EDGE_CURVE('',#5581,#5597,#5599,.T.);
#5597 = VERTEX_POINT('',#5598);
#5598 = CARTESIAN_POINT('',(5.021192695231,5.211886659223,
    9.67133418536E-02));
#5599 = SURFACE_CURVE('',#5600,(#5604),.PCURVE_S1.);
#5600 = B_SPLINE_CURVE_WITH_KNOTS('',2,(#5601,#5602,#5603),
  .UNSPECIFIED.,.F.,.F.,(3,3),(0.25,0.5),.PIECEWISE_BEZIER_KNOTS.);
#5601 = CARTESIAN_POINT('',(4.927920423757,5.104762069487,
    2.5134978432E-02));
#5602 = CARTESIAN_POINT('',(4.98075492108,5.165443274739,
    5.0269956864E-02));
#5603 = CARTESIAN_POINT('',(5.021192695231,5.211886659223,
    9.67133418536E-02));
#5604 = PCURVE('',#5475,#5605);
#5605 = DEFINITIONAL_REPRESENTATION('',(#5606),#5610);
#5606 = B_SPLINE_CURVE_WITH_KNOTS('',2,(#5607,#5608,#5609),
  .UNSPECIFIED.,.F.,.F.,(3,3),(0.25,0.5),.PIECEWISE_BEZIER_KNOTS.);
#5607 = CARTESIAN_POINT('',(0.912611927,5.55936E-03));
#5608 = CARTESIAN_POINT('',(0.938626779,1.111872E-02));
#5609 = CARTESIAN_POINT('',(0.958537685,2.1391078E-02));
#5610 = ( GEOMETRIC_REPRESENTATION_CONTEXT(2) 
PARAMETRIC_REPRESENTATION_CONTEXT() REPRESENTATION_CONTEXT('2D SPACE',''
  ) );
#5611 = ORIENTED_EDGE('',*,*,#5612,.T.);
#5612 = EDGE_CURVE('',#5597,#5613,#5615,.T.);
#5613 = VERTEX_POINT('',#5614);
#5614 = CARTESIAN_POINT('',(5.083515233676,5.283465020687,0.203837931262
    ));
#5615 = SURFACE_CURVE('',#5616,(#5620),.PCURVE_S1.);
#5616 = B_SPLINE_CURVE_WITH_KNOTS('',2,(#5617,#5618,#5619),
  .UNSPECIFIED.,.F.,.F.,(3,3),(0.5,0.75),.PIECEWISE_BEZIER_KNOTS.);
#5617 = CARTESIAN_POINT('',(5.021192695231,5.211886659223,
    9.67133418536E-02));
#5618 = CARTESIAN_POINT('',(5.061630469383,5.258330043707,0.143156726843
    ));
#5619 = CARTESIAN_POINT('',(5.083515233676,5.283465020687,0.203837931262
    ));
#5620 = PCURVE('',#5475,#5621);
#5621 = DEFINITIONAL_REPRESENTATION('',(#5622),#5626);
#5622 = B_SPLINE_CURVE_WITH_KNOTS('',2,(#5623,#5624,#5625),
  .UNSPECIFIED.,.F.,.F.,(3,3),(0.5,0.75),.PIECEWISE_BEZIER_KNOTS.);
#5623 = CARTESIAN_POINT('',(0.958537685,2.1391078E-02));
#5624 = CARTESIAN_POINT('',(0.978448591,3.1663436E-02));
#5625 = CARTESIAN_POINT('',(0.989224295,4.5084918E-02));
#5626 = ( GEOMETRIC_REPRESENTATION_CONTEXT(2) 
PARAMETRIC_REPRESENTATION_CONTEXT() REPRESENTATION_CONTEXT('2D SPACE',''
  ) );
#5627 = ORIENTED_EDGE('',*,*,#5628,.T.);
#5628 = EDGE_CURVE('',#5613,#5629,#5631,.T.);
#5629 = VERTEX_POINT('',#5630);
#5630 = CARTESIAN_POINT('',(5.1054,5.3086,0.330200000305));
#5631 = SURFACE_CURVE('',#5632,(#5636),.PCURVE_S1.);
#5632 = B_SPLINE_CURVE_WITH_KNOTS('',2,(#5633,#5634,#5635),
  .UNSPECIFIED.,.F.,.F.,(3,3),(0.75,1.),.PIECEWISE_BEZIER_KNOTS.);
#5633 = CARTESIAN_POINT('',(5.083515233676,5.283465020687,0.203837931262
    ));
#5634 = CARTESIAN_POINT('',(5.1054,5.3086,0.26451913568));
#5635 = CARTESIAN_POINT('',(5.1054,5.3086,0.33020000061));
#5636 = PCURVE('',#5475,#5637);
#5637 = DEFINITIONAL_REPRESENTATION('',(#5638),#5642);
#5638 = B_SPLINE_CURVE_WITH_KNOTS('',2,(#5639,#5640,#5641),
  .UNSPECIFIED.,.F.,.F.,(3,3),(0.75,1.),.PIECEWISE_BEZIER_KNOTS.);
#5639 = CARTESIAN_POINT('',(0.989224295,4.5084918E-02));
#5640 = CARTESIAN_POINT('',(1.,5.85064E-02));
#5641 = CARTESIAN_POINT('',(1.,7.3033708E-02));
#5642 = ( GEOMETRIC_REPRESENTATION_CONTEXT(2) 
PARAMETRIC_REPRESENTATION_CONTEXT() REPRESENTATION_CONTEXT('2D SPACE',''
  ) );
#5643 = ORIENTED_EDGE('',*,*,#5644,.T.);
#5644 = EDGE_CURVE('',#5629,#5465,#5645,.T.);
#5645 = SURFACE_CURVE('',#5646,(#5650),.PCURVE_S1.);
#5646 = LINE('',#5647,#5648);
#5647 = CARTESIAN_POINT('',(5.1054,5.3086,0.3302));
#5648 = VECTOR('',#5649,1.);
#5649 = DIRECTION('',(0.,0.,1.));
#5650 = PCURVE('',#5475,#5651);
#5651 = DEFINITIONAL_REPRESENTATION('',(#5652),#5655);
#5652 = B_SPLINE_CURVE_WITH_KNOTS('',1,(#5653,#5654),.UNSPECIFIED.,.F.,
  .F.,(2,2),(0.,3.8608),.PIECEWISE_BEZIER_KNOTS.);
#5653 = CARTESIAN_POINT('',(1.,7.3033708E-02));
#5654 = CARTESIAN_POINT('',(1.,0.926966292));
#5655 = ( GEOMETRIC_REPRESENTATION_CONTEXT(2) 
PARAMETRIC_REPRESENTATION_CONTEXT() REPRESENTATION_CONTEXT('2D SPACE',''
  ) );
#5656 = ( GEOMETRIC_REPRESENTATION_CONTEXT(3) 
GLOBAL_UNCERTAINTY_ASSIGNED_CONTEXT((#5660)) 
GLOBAL_UNIT_ASSIGNED_CONTEXT((#5657,#5658,#5659)) REPRESENTATION_CONTEXT
('Context #1','3D Context with UNIT and UNCERTAINTY') );
#5657 = ( LENGTH_UNIT() NAMED_UNIT(*) SI_UNIT(.MILLI.,.METRE.) );
#5658 = ( NAMED_UNIT(*) PLANE_ANGLE_UNIT() SI_UNIT($,.RADIAN.) );
#5659 = ( NAMED_UNIT(*) SI_UNIT($,.STERADIAN.) SOLID_ANGLE_UNIT() );
#5660 = UNCERTAINTY_MEASURE_WITH_UNIT(LENGTH_MEASURE(1.E-05),#5657,
  'distance_accuracy_value','confusion accuracy');
#5661 = PRODUCT_RELATED_PRODUCT_CATEGORY('part',$,(#5454));
#5662 = SHAPE_DEFINITION_REPRESENTATION(#5663,#5669);
#5663 = PRODUCT_DEFINITION_SHAPE('','',#5664);
#5664 = PRODUCT_DEFINITION('design','',#5665,#5668);
#5665 = PRODUCT_DEFINITION_FORMATION('','',#5666);
#5666 = PRODUCT('FACE','FACE','',(#5667));
#5667 = PRODUCT_CONTEXT('',#2,'mechanical');
#5668 = PRODUCT_DEFINITION_CONTEXT('part definition',#2,'design');
#5669 = MANIFOLD_SURFACE_SHAPE_REPRESENTATION('',(#11,#5670),#5740);
#5670 = SHELL_BASED_SURFACE_MODEL('',(#5671));
#5671 = OPEN_SHELL('',(#5672));
#5672 = ADVANCED_FACE('',(#5673),#5687,.T.);
#5673 = FACE_BOUND('',#5674,.T.);
#5674 = EDGE_LOOP('',(#5675,#5697,#5712,#5727));
#5675 = ORIENTED_EDGE('',*,*,#5676,.T.);
#5676 = EDGE_CURVE('',#5677,#5679,#5681,.T.);
#5677 = VERTEX_POINT('',#5678);
#5678 = CARTESIAN_POINT('',(0.,2.54,4.5212));
#5679 = VERTEX_POINT('',#5680);
#5680 = CARTESIAN_POINT('',(0.,2.54,0.));
#5681 = SURFACE_CURVE('',#5682,(#5686),.PCURVE_S1.);
#5682 = LINE('',#5683,#5684);
#5683 = CARTESIAN_POINT('',(0.,2.54,4.5212));
#5684 = VECTOR('',#5685,1.);
#5685 = DIRECTION('',(0.,0.,-1.));
#5686 = PCURVE('',#5687,#5692);
#5687 = B_SPLINE_SURFACE_WITH_KNOTS('',1,1,(
    (#5688,#5689)
    ,(#5690,#5691
    )),.UNSPECIFIED.,.F.,.F.,.F.,(2,2),(2,2),(0.,1.),(0.,1.),
  .PIECEWISE_BEZIER_KNOTS.);
#5688 = CARTESIAN_POINT('',(0.,2.54,0.));
#5689 = CARTESIAN_POINT('',(0.,2.54,4.5212));
#5690 = CARTESIAN_POINT('',(2.116648548,2.54,0.));
#5691 = CARTESIAN_POINT('',(2.116648548,2.54,4.5212));
#5692 = DEFINITIONAL_REPRESENTATION('',(#5693),#5696);
#5693 = B_SPLINE_CURVE_WITH_KNOTS('',1,(#5694,#5695),.UNSPECIFIED.,.F.,
  .F.,(2,2),(0.,4.5212),.PIECEWISE_BEZIER_KNOTS.);
#5694 = CARTESIAN_POINT('',(0.,1.));
#5695 = CARTESIAN_POINT('',(0.,0.));
#5696 = ( GEOMETRIC_REPRESENTATION_CONTEXT(2) 
PARAMETRIC_REPRESENTATION_CONTEXT() REPRESENTATION_CONTEXT('2D SPACE',''
  ) );
#5697 = ORIENTED_EDGE('',*,*,#5698,.T.);
#5698 = EDGE_CURVE('',#5679,#5699,#5701,.T.);
#5699 = VERTEX_POINT('',#5700);
#5700 = CARTESIAN_POINT('',(2.116648548,2.54,0.));
#5701 = SURFACE_CURVE('',#5702,(#5706),.PCURVE_S1.);
#5702 = LINE('',#5703,#5704);
#5703 = CARTESIAN_POINT('',(0.,2.54,0.));
#5704 = VECTOR('',#5705,1.);
#5705 = DIRECTION('',(1.,0.,0.));
#5706 = PCURVE('',#5687,#5707);
#5707 = DEFINITIONAL_REPRESENTATION('',(#5708),#5711);
#5708 = B_SPLINE_CURVE_WITH_KNOTS('',1,(#5709,#5710),.UNSPECIFIED.,.F.,
  .F.,(2,2),(0.,2.116648548),.PIECEWISE_BEZIER_KNOTS.);
#5709 = CARTESIAN_POINT('',(0.,0.));
#5710 = CARTESIAN_POINT('',(1.,0.));
#5711 = ( GEOMETRIC_REPRESENTATION_CONTEXT(2) 
PARAMETRIC_REPRESENTATION_CONTEXT() REPRESENTATION_CONTEXT('2D SPACE',''
  ) );
#5712 = ORIENTED_EDGE('',*,*,#5713,.T.);
#5713 = EDGE_CURVE('',#5699,#5714,#5716,.T.);
#5714 = VERTEX_POINT('',#5715);
#5715 = CARTESIAN_POINT('',(2.116648548,2.54,4.5212));
#5716 = SURFACE_CURVE('',#5717,(#5721),.PCURVE_S1.);
#5717 = LINE('',#5718,#5719);
#5718 = CARTESIAN_POINT('',(2.116648548,2.54,0.));
#5719 = VECTOR('',#5720,1.);
#5720 = DIRECTION('',(0.,0.,1.));
#5721 = PCURVE('',#5687,#5722);
#5722 = DEFINITIONAL_REPRESENTATION('',(#5723),#5726);
#5723 = B_SPLINE_CURVE_WITH_KNOTS('',1,(#5724,#5725),.UNSPECIFIED.,.F.,
  .F.,(2,2),(0.,4.5212),.PIECEWISE_BEZIER_KNOTS.);
#5724 = CARTESIAN_POINT('',(1.,0.));
#5725 = CARTESIAN_POINT('',(1.,1.));
#5726 = ( GEOMETRIC_REPRESENTATION_CONTEXT(2) 
PARAMETRIC_REPRESENTATION_CONTEXT() REPRESENTATION_CONTEXT('2D SPACE',''
  ) );
#5727 = ORIENTED_EDGE('',*,*,#5728,.T.);
#5728 = EDGE_CURVE('',#5714,#5677,#5729,.T.);
#5729 = SURFACE_CURVE('',#5730,(#5734),.PCURVE_S1.);
#5730 = LINE('',#5731,#5732);
#5731 = CARTESIAN_POINT('',(2.116648548,2.54,4.5212));
#5732 = VECTOR('',#5733,1.);
#5733 = DIRECTION('',(-1.,0.,0.));
#5734 = PCURVE('',#5687,#5735);
#5735 = DEFINITIONAL_REPRESENTATION('',(#5736),#5739);
#5736 = B_SPLINE_CURVE_WITH_KNOTS('',1,(#5737,#5738),.UNSPECIFIED.,.F.,
  .F.,(2,2),(0.,2.116648548),.PIECEWISE_BEZIER_KNOTS.);
#5737 = CARTESIAN_POINT('',(1.,1.));
#5738 = CARTESIAN_POINT('',(0.,1.));
#5739 = ( GEOMETRIC_REPRESENTATION_CONTEXT(2) 
PARAMETRIC_REPRESENTATION_CONTEXT() REPRESENTATION_CONTEXT('2D SPACE',''
  ) );
#5740 = ( GEOMETRIC_REPRESENTATION_CONTEXT(3) 
GLOBAL_UNCERTAINTY_ASSIGNED_CONTEXT((#5744)) 
GLOBAL_UNIT_ASSIGNED_CONTEXT((#5741,#5742,#5743)) REPRESENTATION_CONTEXT
('Context #1','3D Context with UNIT and UNCERTAINTY') );
#5741 = ( LENGTH_UNIT() NAMED_UNIT(*) SI_UNIT(.MILLI.,.METRE.) );
#5742 = ( NAMED_UNIT(*) PLANE_ANGLE_UNIT() SI_UNIT($,.RADIAN.) );
#5743 = ( NAMED_UNIT(*) SI_UNIT($,.STERADIAN.) SOLID_ANGLE_UNIT() );
#5744 = UNCERTAINTY_MEASURE_WITH_UNIT(LENGTH_MEASURE(1.E-07),#5741,
  'distance_accuracy_value','confusion accuracy');
#5745 = PRODUCT_RELATED_PRODUCT_CATEGORY('part',$,(#5666));
#5746 = SHAPE_DEFINITION_REPRESENTATION(#5747,#5753);
#5747 = PRODUCT_DEFINITION_SHAPE('','',#5748);
#5748 = PRODUCT_DEFINITION('design','',#5749,#5752);
#5749 = PRODUCT_DEFINITION_FORMATION('','',#5750);
#5750 = PRODUCT('FACE','FACE','',(#5751));
#5751 = PRODUCT_CONTEXT('',#2,'mechanical');
#5752 = PRODUCT_DEFINITION_CONTEXT('part definition',#2,'design');
#5753 = MANIFOLD_SURFACE_SHAPE_REPRESENTATION('',(#11,#5754),#5978);
#5754 = SHELL_BASED_SURFACE_MODEL('',(#5755));
#5755 = OPEN_SHELL('',(#5756));
#5756 = ADVANCED_FACE('',(#5757),#5771,.T.);
#5757 = FACE_BOUND('',#5758,.T.);
#5758 = EDGE_LOOP('',(#5759,#5781,#5796,#5811,#5827,#5843,#5859,#5875,
    #5890,#5905,#5920,#5935,#5950,#5965));
#5759 = ORIENTED_EDGE('',*,*,#5760,.T.);
#5760 = EDGE_CURVE('',#5761,#5763,#5765,.T.);
#5761 = VERTEX_POINT('',#5762);
#5762 = CARTESIAN_POINT('',(6.35,0.,4.5212));
#5763 = VERTEX_POINT('',#5764);
#5764 = CARTESIAN_POINT('',(6.35,4.9784,4.5212));
#5765 = SURFACE_CURVE('',#5766,(#5770),.PCURVE_S1.);
#5766 = LINE('',#5767,#5768);
#5767 = CARTESIAN_POINT('',(6.35,0.,4.5212));
#5768 = VECTOR('',#5769,1.);
#5769 = DIRECTION('',(0.,1.,0.));
#5770 = PCURVE('',#5771,#5776);
#5771 = B_SPLINE_SURFACE_WITH_KNOTS('',1,1,(
    (#5772,#5773)
    ,(#5774,#5775
    )),.UNSPECIFIED.,.F.,.F.,.F.,(2,2),(2,2),(0.,1.),(0.,1.),
  .PIECEWISE_BEZIER_KNOTS.);
#5772 = CARTESIAN_POINT('',(0.,0.,4.5212));
#5773 = CARTESIAN_POINT('',(0.,4.9784,4.5212));
#5774 = CARTESIAN_POINT('',(6.35,0.,4.5212));
#5775 = CARTESIAN_POINT('',(6.35,4.9784,4.5212));
#5776 = DEFINITIONAL_REPRESENTATION('',(#5777),#5780);
#5777 = B_SPLINE_CURVE_WITH_KNOTS('',1,(#5778,#5779),.UNSPECIFIED.,.F.,
  .F.,(2,2),(0.,4.9784),.PIECEWISE_BEZIER_KNOTS.);
#5778 = CARTESIAN_POINT('',(1.,0.));
#5779 = CARTESIAN_POINT('',(1.,1.));
#5780 = ( GEOMETRIC_REPRESENTATION_CONTEXT(2) 
PARAMETRIC_REPRESENTATION_CONTEXT() REPRESENTATION_CONTEXT('2D SPACE',''
  ) );
#5781 = ORIENTED_EDGE('',*,*,#5782,.T.);
#5782 = EDGE_CURVE('',#5763,#5783,#5785,.T.);
#5783 = VERTEX_POINT('',#5784);
#5784 = CARTESIAN_POINT('',(4.8178982636,4.9784,4.5212));
#5785 = SURFACE_CURVE('',#5786,(#5790),.PCURVE_S1.);
#5786 = LINE('',#5787,#5788);
#5787 = CARTESIAN_POINT('',(6.35,4.9784,4.5212));
#5788 = VECTOR('',#5789,1.);
#5789 = DIRECTION('',(-1.,0.,0.));
#5790 = PCURVE('',#5771,#5791);
#5791 = DEFINITIONAL_REPRESENTATION('',(#5792),#5795);
#5792 = B_SPLINE_CURVE_WITH_KNOTS('',1,(#5793,#5794),.UNSPECIFIED.,.F.,
  .F.,(2,2),(0.,1.5321017364),.PIECEWISE_BEZIER_KNOTS.);
#5793 = CARTESIAN_POINT('',(1.,1.));
#5794 = CARTESIAN_POINT('',(0.758724138,1.));
#5795 = ( GEOMETRIC_REPRESENTATION_CONTEXT(2) 
PARAMETRIC_REPRESENTATION_CONTEXT() REPRESENTATION_CONTEXT('2D SPACE',''
  ) );
#5796 = ORIENTED_EDGE('',*,*,#5797,.T.);
#5797 = EDGE_CURVE('',#5783,#5798,#5800,.T.);
#5798 = VERTEX_POINT('',#5799);
#5799 = CARTESIAN_POINT('',(3.07446407585,2.976039923448,4.5212));
#5800 = SURFACE_CURVE('',#5801,(#5805),.PCURVE_S1.);
#5801 = LINE('',#5802,#5803);
#5802 = CARTESIAN_POINT('',(4.8178982636,4.9784,4.5212));
#5803 = VECTOR('',#5804,1.);
#5804 = DIRECTION('',(-0.656661470959,-0.754185462972,0.));
#5805 = PCURVE('',#5771,#5806);
#5806 = DEFINITIONAL_REPRESENTATION('',(#5807),#5810);
#5807 = B_SPLINE_CURVE_WITH_KNOTS('',1,(#5808,#5809),.UNSPECIFIED.,.F.,
  .F.,(2,2),(0.,2.654996917748),.PIECEWISE_BEZIER_KNOTS.);
#5808 = CARTESIAN_POINT('',(0.758724138,1.));
#5809 = CARTESIAN_POINT('',(0.48416757,0.59779044));
#5810 = ( GEOMETRIC_REPRESENTATION_CONTEXT(2) 
PARAMETRIC_REPRESENTATION_CONTEXT() REPRESENTATION_CONTEXT('2D SPACE',''
  ) );
#5811 = ORIENTED_EDGE('',*,*,#5812,.T.);
#5812 = EDGE_CURVE('',#5798,#5813,#5815,.T.);
#5813 = VERTEX_POINT('',#5814);
#5814 = CARTESIAN_POINT('',(2.8759112154,2.791952753498,4.5212));
#5815 = SURFACE_CURVE('',#5816,(#5820),.PCURVE_S1.);
#5816 = B_SPLINE_CURVE_WITH_KNOTS('',2,(#5817,#5818,#5819),
  .UNSPECIFIED.,.F.,.F.,(3,3),(0.,0.25),.PIECEWISE_BEZIER_KNOTS.);
#5817 = CARTESIAN_POINT('',(3.0744640695,2.976039926496,4.5212));
#5818 = CARTESIAN_POINT('',(2.98505559325,2.873352958896,4.5212));
#5819 = CARTESIAN_POINT('',(2.8759112154,2.791952753498,4.5212));
#5820 = PCURVE('',#5771,#5821);
#5821 = DEFINITIONAL_REPRESENTATION('',(#5822),#5826);
#5822 = B_SPLINE_CURVE_WITH_KNOTS('',2,(#5823,#5824,#5825),
  .UNSPECIFIED.,.F.,.F.,(3,3),(0.,0.25),.PIECEWISE_BEZIER_KNOTS.);
#5823 = CARTESIAN_POINT('',(0.48416757,0.59779044));
#5824 = CARTESIAN_POINT('',(0.470087495,0.57716394));
#5825 = CARTESIAN_POINT('',(0.452899404,0.560813264));
#5826 = ( GEOMETRIC_REPRESENTATION_CONTEXT(2) 
PARAMETRIC_REPRESENTATION_CONTEXT() REPRESENTATION_CONTEXT('2D SPACE',''
  ) );
#5827 = ORIENTED_EDGE('',*,*,#5828,.T.);
#5828 = EDGE_CURVE('',#5813,#5829,#5831,.T.);
#5829 = VERTEX_POINT('',#5830);
#5830 = CARTESIAN_POINT('',(2.6428475083,2.654139001998,4.5212));
#5831 = SURFACE_CURVE('',#5832,(#5836),.PCURVE_S1.);
#5832 = B_SPLINE_CURVE_WITH_KNOTS('',2,(#5833,#5834,#5835),
  .UNSPECIFIED.,.F.,.F.,(3,3),(0.25,0.5),.PIECEWISE_BEZIER_KNOTS.);
#5833 = CARTESIAN_POINT('',(2.8759112154,2.791952753498,4.5212));
#5834 = CARTESIAN_POINT('',(2.76676683755,2.710552553078,4.5212));
#5835 = CARTESIAN_POINT('',(2.6428475083,2.654139001998,4.5212));
#5836 = PCURVE('',#5771,#5837);
#5837 = DEFINITIONAL_REPRESENTATION('',(#5838),#5842);
#5838 = B_SPLINE_CURVE_WITH_KNOTS('',2,(#5839,#5840,#5841),
  .UNSPECIFIED.,.F.,.F.,(3,3),(0.25,0.5),.PIECEWISE_BEZIER_KNOTS.);
#5839 = CARTESIAN_POINT('',(0.452899404,0.560813264));
#5840 = CARTESIAN_POINT('',(0.435711313,0.544462589));
#5841 = CARTESIAN_POINT('',(0.416196458,0.533130926));
#5842 = ( GEOMETRIC_REPRESENTATION_CONTEXT(2) 
PARAMETRIC_REPRESENTATION_CONTEXT() REPRESENTATION_CONTEXT('2D SPACE',''
  ) );
#5843 = ORIENTED_EDGE('',*,*,#5844,.T.);
#5844 = EDGE_CURVE('',#5829,#5845,#5847,.T.);
#5845 = VERTEX_POINT('',#5846);
#5846 = CARTESIAN_POINT('',(2.38586641825,2.568862723885,4.5212));
#5847 = SURFACE_CURVE('',#5848,(#5852),.PCURVE_S1.);
#5848 = B_SPLINE_CURVE_WITH_KNOTS('',2,(#5849,#5850,#5851),
  .UNSPECIFIED.,.F.,.F.,(3,3),(0.5,0.75),.PIECEWISE_BEZIER_KNOTS.);
#5849 = CARTESIAN_POINT('',(2.6428475083,2.654139001998,4.5212));
#5850 = CARTESIAN_POINT('',(2.51892817905,2.597725450919,4.5212));
#5851 = CARTESIAN_POINT('',(2.38586641825,2.568862723885,4.5212));
#5852 = PCURVE('',#5771,#5853);
#5853 = DEFINITIONAL_REPRESENTATION('',(#5854),#5858);
#5854 = B_SPLINE_CURVE_WITH_KNOTS('',2,(#5855,#5856,#5857),
  .UNSPECIFIED.,.F.,.F.,(3,3),(0.5,0.75),.PIECEWISE_BEZIER_KNOTS.);
#5855 = CARTESIAN_POINT('',(0.416196458,0.533130926));
#5856 = CARTESIAN_POINT('',(0.396681603,0.521799263));
#5857 = CARTESIAN_POINT('',(0.375726995,0.516001672));
#5858 = ( GEOMETRIC_REPRESENTATION_CONTEXT(2) 
PARAMETRIC_REPRESENTATION_CONTEXT() REPRESENTATION_CONTEXT('2D SPACE',''
  ) );
#5859 = ORIENTED_EDGE('',*,*,#5860,.T.);
#5860 = EDGE_CURVE('',#5845,#5861,#5863,.T.);
#5861 = VERTEX_POINT('',#5862);
#5862 = CARTESIAN_POINT('',(2.116648544825,2.540000000914,4.5212));
#5863 = SURFACE_CURVE('',#5864,(#5868),.PCURVE_S1.);
#5864 = B_SPLINE_CURVE_WITH_KNOTS('',2,(#5865,#5866,#5867),
  .UNSPECIFIED.,.F.,.F.,(3,3),(0.75,1.),.PIECEWISE_BEZIER_KNOTS.);
#5865 = CARTESIAN_POINT('',(2.38586641825,2.568862723885,4.5212));
#5866 = CARTESIAN_POINT('',(2.25280465745,2.540000001829,4.5212));
#5867 = CARTESIAN_POINT('',(2.11664854165,2.540000001829,4.5212));
#5868 = PCURVE('',#5771,#5869);
#5869 = DEFINITIONAL_REPRESENTATION('',(#5870),#5874);
#5870 = B_SPLINE_CURVE_WITH_KNOTS('',2,(#5871,#5872,#5873),
  .UNSPECIFIED.,.F.,.F.,(3,3),(0.75,1.),.PIECEWISE_BEZIER_KNOTS.);
#5871 = CARTESIAN_POINT('',(0.375726995,0.516001672));
#5872 = CARTESIAN_POINT('',(0.354772387,0.510204082));
#5873 = CARTESIAN_POINT('',(0.333330479,0.510204082));
#5874 = ( GEOMETRIC_REPRESENTATION_CONTEXT(2) 
PARAMETRIC_REPRESENTATION_CONTEXT() REPRESENTATION_CONTEXT('2D SPACE',''
  ) );
#5875 = ORIENTED_EDGE('',*,*,#5876,.T.);
#5876 = EDGE_CURVE('',#5861,#5877,#5879,.T.);
#5877 = VERTEX_POINT('',#5878);
#5878 = CARTESIAN_POINT('',(0.,2.54,4.5212));
#5879 = SURFACE_CURVE('',#5880,(#5884),.PCURVE_S1.);
#5880 = LINE('',#5881,#5882);
#5881 = CARTESIAN_POINT('',(2.116648548,2.54,4.5212));
#5882 = VECTOR('',#5883,1.);
#5883 = DIRECTION('',(-1.,0.,0.));
#5884 = PCURVE('',#5771,#5885);
#5885 = DEFINITIONAL_REPRESENTATION('',(#5886),#5889);
#5886 = B_SPLINE_CURVE_WITH_KNOTS('',1,(#5887,#5888),.UNSPECIFIED.,.F.,
  .F.,(2,2),(0.,2.116648548),.PIECEWISE_BEZIER_KNOTS.);
#5887 = CARTESIAN_POINT('',(0.333330479,0.510204082));
#5888 = CARTESIAN_POINT('',(0.,0.510204082));
#5889 = ( GEOMETRIC_REPRESENTATION_CONTEXT(2) 
PARAMETRIC_REPRESENTATION_CONTEXT() REPRESENTATION_CONTEXT('2D SPACE',''
  ) );
#5890 = ORIENTED_EDGE('',*,*,#5891,.T.);
#5891 = EDGE_CURVE('',#5877,#5892,#5894,.T.);
#5892 = VERTEX_POINT('',#5893);
#5893 = CARTESIAN_POINT('',(0.,0.,4.5212));
#5894 = SURFACE_CURVE('',#5895,(#5899),.PCURVE_S1.);
#5895 = LINE('',#5896,#5897);
#5896 = CARTESIAN_POINT('',(0.,2.54,4.5212));
#5897 = VECTOR('',#5898,1.);
#5898 = DIRECTION('',(0.,-1.,0.));
#5899 = PCURVE('',#5771,#5900);
#5900 = DEFINITIONAL_REPRESENTATION('',(#5901),#5904);
#5901 = B_SPLINE_CURVE_WITH_KNOTS('',1,(#5902,#5903),.UNSPECIFIED.,.F.,
  .F.,(2,2),(0.,2.54),.PIECEWISE_BEZIER_KNOTS.);
#5902 = CARTESIAN_POINT('',(0.,0.510204082));
#5903 = CARTESIAN_POINT('',(0.,0.));
#5904 = ( GEOMETRIC_REPRESENTATION_CONTEXT(2) 
PARAMETRIC_REPRESENTATION_CONTEXT() REPRESENTATION_CONTEXT('2D SPACE',''
  ) );
#5905 = ORIENTED_EDGE('',*,*,#5906,.T.);
#5906 = EDGE_CURVE('',#5892,#5907,#5909,.T.);
#5907 = VERTEX_POINT('',#5908);
#5908 = CARTESIAN_POINT('',(2.0574,0.,4.5212));
#5909 = SURFACE_CURVE('',#5910,(#5914),.PCURVE_S1.);
#5910 = LINE('',#5911,#5912);
#5911 = CARTESIAN_POINT('',(0.,0.,4.5212));
#5912 = VECTOR('',#5913,1.);
#5913 = DIRECTION('',(1.,0.,0.));
#5914 = PCURVE('',#5771,#5915);
#5915 = DEFINITIONAL_REPRESENTATION('',(#5916),#5919);
#5916 = B_SPLINE_CURVE_WITH_KNOTS('',1,(#5917,#5918),.UNSPECIFIED.,.F.,
  .F.,(2,2),(0.,2.0574),.PIECEWISE_BEZIER_KNOTS.);
#5917 = CARTESIAN_POINT('',(0.,0.));
#5918 = CARTESIAN_POINT('',(0.324,0.));
#5919 = ( GEOMETRIC_REPRESENTATION_CONTEXT(2) 
PARAMETRIC_REPRESENTATION_CONTEXT() REPRESENTATION_CONTEXT('2D SPACE',''
  ) );
#5920 = ORIENTED_EDGE('',*,*,#5921,.T.);
#5921 = EDGE_CURVE('',#5907,#5922,#5924,.T.);
#5922 = VERTEX_POINT('',#5923);
#5923 = CARTESIAN_POINT('',(2.0574,1.524,4.5212));
#5924 = SURFACE_CURVE('',#5925,(#5929),.PCURVE_S1.);
#5925 = LINE('',#5926,#5927);
#5926 = CARTESIAN_POINT('',(2.0574,0.,4.5212));
#5927 = VECTOR('',#5928,1.);
#5928 = DIRECTION('',(0.,1.,0.));
#5929 = PCURVE('',#5771,#5930);
#5930 = DEFINITIONAL_REPRESENTATION('',(#5931),#5934);
#5931 = B_SPLINE_CURVE_WITH_KNOTS('',1,(#5932,#5933),.UNSPECIFIED.,.F.,
  .F.,(2,2),(0.,1.524),.PIECEWISE_BEZIER_KNOTS.);
#5932 = CARTESIAN_POINT('',(0.324,0.));
#5933 = CARTESIAN_POINT('',(0.324,0.306122449));
#5934 = ( GEOMETRIC_REPRESENTATION_CONTEXT(2) 
PARAMETRIC_REPRESENTATION_CONTEXT() REPRESENTATION_CONTEXT('2D SPACE',''
  ) );
#5935 = ORIENTED_EDGE('',*,*,#5936,.T.);
#5936 = EDGE_CURVE('',#5922,#5937,#5939,.T.);
#5937 = VERTEX_POINT('',#5938);
#5938 = CARTESIAN_POINT('',(5.6134,1.524,4.5212));
#5939 = SURFACE_CURVE('',#5940,(#5944),.PCURVE_S1.);
#5940 = LINE('',#5941,#5942);
#5941 = CARTESIAN_POINT('',(2.0574,1.524,4.5212));
#5942 = VECTOR('',#5943,1.);
#5943 = DIRECTION('',(1.,0.,0.));
#5944 = PCURVE('',#5771,#5945);
#5945 = DEFINITIONAL_REPRESENTATION('',(#5946),#5949);
#5946 = B_SPLINE_CURVE_WITH_KNOTS('',1,(#5947,#5948),.UNSPECIFIED.,.F.,
  .F.,(2,2),(0.,3.556),.PIECEWISE_BEZIER_KNOTS.);
#5947 = CARTESIAN_POINT('',(0.324,0.306122449));
#5948 = CARTESIAN_POINT('',(0.884,0.306122449));
#5949 = ( GEOMETRIC_REPRESENTATION_CONTEXT(2) 
PARAMETRIC_REPRESENTATION_CONTEXT() REPRESENTATION_CONTEXT('2D SPACE',''
  ) );
#5950 = ORIENTED_EDGE('',*,*,#5951,.T.);
#5951 = EDGE_CURVE('',#5937,#5952,#5954,.T.);
#5952 = VERTEX_POINT('',#5953);
#5953 = CARTESIAN_POINT('',(5.6134,0.,4.5212));
#5954 = SURFACE_CURVE('',#5955,(#5959),.PCURVE_S1.);
#5955 = LINE('',#5956,#5957);
#5956 = CARTESIAN_POINT('',(5.6134,1.524,4.5212));
#5957 = VECTOR('',#5958,1.);
#5958 = DIRECTION('',(0.,-1.,0.));
#5959 = PCURVE('',#5771,#5960);
#5960 = DEFINITIONAL_REPRESENTATION('',(#5961),#5964);
#5961 = B_SPLINE_CURVE_WITH_KNOTS('',1,(#5962,#5963),.UNSPECIFIED.,.F.,
  .F.,(2,2),(0.,1.524),.PIECEWISE_BEZIER_KNOTS.);
#5962 = CARTESIAN_POINT('',(0.884,0.306122449));
#5963 = CARTESIAN_POINT('',(0.884,0.));
#5964 = ( GEOMETRIC_REPRESENTATION_CONTEXT(2) 
PARAMETRIC_REPRESENTATION_CONTEXT() REPRESENTATION_CONTEXT('2D SPACE',''
  ) );
#5965 = ORIENTED_EDGE('',*,*,#5966,.T.);
#5966 = EDGE_CURVE('',#5952,#5761,#5967,.T.);
#5967 = SURFACE_CURVE('',#5968,(#5972),.PCURVE_S1.);
#5968 = LINE('',#5969,#5970);
#5969 = CARTESIAN_POINT('',(5.6134,0.,4.5212));
#5970 = VECTOR('',#5971,1.);
#5971 = DIRECTION('',(1.,0.,0.));
#5972 = PCURVE('',#5771,#5973);
#5973 = DEFINITIONAL_REPRESENTATION('',(#5974),#5977);
#5974 = B_SPLINE_CURVE_WITH_KNOTS('',1,(#5975,#5976),.UNSPECIFIED.,.F.,
  .F.,(2,2),(0.,0.7366),.PIECEWISE_BEZIER_KNOTS.);
#5975 = CARTESIAN_POINT('',(0.884,0.));
#5976 = CARTESIAN_POINT('',(1.,0.));
#5977 = ( GEOMETRIC_REPRESENTATION_CONTEXT(2) 
PARAMETRIC_REPRESENTATION_CONTEXT() REPRESENTATION_CONTEXT('2D SPACE',''
  ) );
#5978 = ( GEOMETRIC_REPRESENTATION_CONTEXT(3) 
GLOBAL_UNCERTAINTY_ASSIGNED_CONTEXT((#5982)) 
GLOBAL_UNIT_ASSIGNED_CONTEXT((#5979,#5980,#5981)) REPRESENTATION_CONTEXT
('Context #1','3D Context with UNIT and UNCERTAINTY') );
#5979 = ( LENGTH_UNIT() NAMED_UNIT(*) SI_UNIT(.MILLI.,.METRE.) );
#5980 = ( NAMED_UNIT(*) PLANE_ANGLE_UNIT() SI_UNIT($,.RADIAN.) );
#5981 = ( NAMED_UNIT(*) SI_UNIT($,.STERADIAN.) SOLID_ANGLE_UNIT() );
#5982 = UNCERTAINTY_MEASURE_WITH_UNIT(LENGTH_MEASURE(2.E-06),#5979,
  'distance_accuracy_value','confusion accuracy');
#5983 = PRODUCT_RELATED_PRODUCT_CATEGORY('part',$,(#5750));
#5984 = SHAPE_DEFINITION_REPRESENTATION(#5985,#5991);
#5985 = PRODUCT_DEFINITION_SHAPE('','',#5986);
#5986 = PRODUCT_DEFINITION('design','',#5987,#5990);
#5987 = PRODUCT_DEFINITION_FORMATION('','',#5988);
#5988 = PRODUCT('FACE','FACE','',(#5989));
#5989 = PRODUCT_CONTEXT('',#2,'mechanical');
#5990 = PRODUCT_DEFINITION_CONTEXT('part definition',#2,'design');
#5991 = MANIFOLD_SURFACE_SHAPE_REPRESENTATION('',(#11,#5992),#6216);
#5992 = SHELL_BASED_SURFACE_MODEL('',(#5993));
#5993 = OPEN_SHELL('',(#5994));
#5994 = ADVANCED_FACE('',(#5995),#6009,.T.);
#5995 = FACE_BOUND('',#5996,.T.);
#5996 = EDGE_LOOP('',(#5997,#6020,#6036,#6052,#6068,#6083,#6098,#6113,
    #6128,#6143,#6158,#6173,#6188,#6203));
#5997 = ORIENTED_EDGE('',*,*,#5998,.T.);
#5998 = EDGE_CURVE('',#5999,#6001,#6003,.T.);
#5999 = VERTEX_POINT('',#6000);
#6000 = CARTESIAN_POINT('',(3.07446407585,2.976039923448,0.));
#6001 = VERTEX_POINT('',#6002);
#6002 = CARTESIAN_POINT('',(2.8759112154,2.791952753498,0.));
#6003 = SURFACE_CURVE('',#6004,(#6008),.PCURVE_S1.);
#6004 = B_SPLINE_CURVE_WITH_KNOTS('',2,(#6005,#6006,#6007),
  .UNSPECIFIED.,.F.,.F.,(3,3),(0.,0.25),.PIECEWISE_BEZIER_KNOTS.);
#6005 = CARTESIAN_POINT('',(3.0744640695,2.976039926496,0.));
#6006 = CARTESIAN_POINT('',(2.98505559325,2.873352958896,0.));
#6007 = CARTESIAN_POINT('',(2.8759112154,2.791952753498,0.));
#6008 = PCURVE('',#6009,#6014);
#6009 = B_SPLINE_SURFACE_WITH_KNOTS('',1,1,(
    (#6010,#6011)
    ,(#6012,#6013
    )),.UNSPECIFIED.,.F.,.F.,.F.,(2,2),(2,2),(0.,1.),(0.,1.),
  .PIECEWISE_BEZIER_KNOTS.);
#6010 = CARTESIAN_POINT('',(0.,0.,0.));
#6011 = CARTESIAN_POINT('',(0.,4.9784,0.));
#6012 = CARTESIAN_POINT('',(6.35,0.,0.));
#6013 = CARTESIAN_POINT('',(6.35,4.9784,0.));
#6014 = DEFINITIONAL_REPRESENTATION('',(#6015),#6019);
#6015 = B_SPLINE_CURVE_WITH_KNOTS('',2,(#6016,#6017,#6018),
  .UNSPECIFIED.,.F.,.F.,(3,3),(0.,0.25),.PIECEWISE_BEZIER_KNOTS.);
#6016 = CARTESIAN_POINT('',(0.48416757,0.59779044));
#6017 = CARTESIAN_POINT('',(0.470087495,0.57716394));
#6018 = CARTESIAN_POINT('',(0.452899404,0.560813264));
#6019 = ( GEOMETRIC_REPRESENTATION_CONTEXT(2) 
PARAMETRIC_REPRESENTATION_CONTEXT() REPRESENTATION_CONTEXT('2D SPACE',''
  ) );
#6020 = ORIENTED_EDGE('',*,*,#6021,.T.);
#6021 = EDGE_CURVE('',#6001,#6022,#6024,.T.);
#6022 = VERTEX_POINT('',#6023);
#6023 = CARTESIAN_POINT('',(2.6428475083,2.654139001998,0.));
#6024 = SURFACE_CURVE('',#6025,(#6029),.PCURVE_S1.);
#6025 = B_SPLINE_CURVE_WITH_KNOTS('',2,(#6026,#6027,#6028),
  .UNSPECIFIED.,.F.,.F.,(3,3),(0.25,0.5),.PIECEWISE_BEZIER_KNOTS.);
#6026 = CARTESIAN_POINT('',(2.8759112154,2.791952753498,0.));
#6027 = CARTESIAN_POINT('',(2.76676683755,2.710552553078,0.));
#6028 = CARTESIAN_POINT('',(2.6428475083,2.654139001998,0.));
#6029 = PCURVE('',#6009,#6030);
#6030 = DEFINITIONAL_REPRESENTATION('',(#6031),#6035);
#6031 = B_SPLINE_CURVE_WITH_KNOTS('',2,(#6032,#6033,#6034),
  .UNSPECIFIED.,.F.,.F.,(3,3),(0.25,0.5),.PIECEWISE_BEZIER_KNOTS.);
#6032 = CARTESIAN_POINT('',(0.452899404,0.560813264));
#6033 = CARTESIAN_POINT('',(0.435711313,0.544462589));
#6034 = CARTESIAN_POINT('',(0.416196458,0.533130926));
#6035 = ( GEOMETRIC_REPRESENTATION_CONTEXT(2) 
PARAMETRIC_REPRESENTATION_CONTEXT() REPRESENTATION_CONTEXT('2D SPACE',''
  ) );
#6036 = ORIENTED_EDGE('',*,*,#6037,.T.);
#6037 = EDGE_CURVE('',#6022,#6038,#6040,.T.);
#6038 = VERTEX_POINT('',#6039);
#6039 = CARTESIAN_POINT('',(2.38586641825,2.568862723885,0.));
#6040 = SURFACE_CURVE('',#6041,(#6045),.PCURVE_S1.);
#6041 = B_SPLINE_CURVE_WITH_KNOTS('',2,(#6042,#6043,#6044),
  .UNSPECIFIED.,.F.,.F.,(3,3),(0.5,0.75),.PIECEWISE_BEZIER_KNOTS.);
#6042 = CARTESIAN_POINT('',(2.6428475083,2.654139001998,0.));
#6043 = CARTESIAN_POINT('',(2.51892817905,2.597725450919,0.));
#6044 = CARTESIAN_POINT('',(2.38586641825,2.568862723885,0.));
#6045 = PCURVE('',#6009,#6046);
#6046 = DEFINITIONAL_REPRESENTATION('',(#6047),#6051);
#6047 = B_SPLINE_CURVE_WITH_KNOTS('',2,(#6048,#6049,#6050),
  .UNSPECIFIED.,.F.,.F.,(3,3),(0.5,0.75),.PIECEWISE_BEZIER_KNOTS.);
#6048 = CARTESIAN_POINT('',(0.416196458,0.533130926));
#6049 = CARTESIAN_POINT('',(0.396681603,0.521799263));
#6050 = CARTESIAN_POINT('',(0.375726995,0.516001672));
#6051 = ( GEOMETRIC_REPRESENTATION_CONTEXT(2) 
PARAMETRIC_REPRESENTATION_CONTEXT() REPRESENTATION_CONTEXT('2D SPACE',''
  ) );
#6052 = ORIENTED_EDGE('',*,*,#6053,.T.);
#6053 = EDGE_CURVE('',#6038,#6054,#6056,.T.);
#6054 = VERTEX_POINT('',#6055);
#6055 = CARTESIAN_POINT('',(2.116648544825,2.540000000914,0.));
#6056 = SURFACE_CURVE('',#6057,(#6061),.PCURVE_S1.);
#6057 = B_SPLINE_CURVE_WITH_KNOTS('',2,(#6058,#6059,#6060),
  .UNSPECIFIED.,.F.,.F.,(3,3),(0.75,1.),.PIECEWISE_BEZIER_KNOTS.);
#6058 = CARTESIAN_POINT('',(2.38586641825,2.568862723885,0.));
#6059 = CARTESIAN_POINT('',(2.25280465745,2.540000001829,0.));
#6060 = CARTESIAN_POINT('',(2.11664854165,2.540000001829,0.));
#6061 = PCURVE('',#6009,#6062);
#6062 = DEFINITIONAL_REPRESENTATION('',(#6063),#6067);
#6063 = B_SPLINE_CURVE_WITH_KNOTS('',2,(#6064,#6065,#6066),
  .UNSPECIFIED.,.F.,.F.,(3,3),(0.75,1.),.PIECEWISE_BEZIER_KNOTS.);
#6064 = CARTESIAN_POINT('',(0.375726995,0.516001672));
#6065 = CARTESIAN_POINT('',(0.354772387,0.510204082));
#6066 = CARTESIAN_POINT('',(0.333330479,0.510204082));
#6067 = ( GEOMETRIC_REPRESENTATION_CONTEXT(2) 
PARAMETRIC_REPRESENTATION_CONTEXT() REPRESENTATION_CONTEXT('2D SPACE',''
  ) );
#6068 = ORIENTED_EDGE('',*,*,#6069,.T.);
#6069 = EDGE_CURVE('',#6054,#6070,#6072,.T.);
#6070 = VERTEX_POINT('',#6071);
#6071 = CARTESIAN_POINT('',(0.,2.54,0.));
#6072 = SURFACE_CURVE('',#6073,(#6077),.PCURVE_S1.);
#6073 = LINE('',#6074,#6075);
#6074 = CARTESIAN_POINT('',(2.116648548,2.54,0.));
#6075 = VECTOR('',#6076,1.);
#6076 = DIRECTION('',(-1.,0.,0.));
#6077 = PCURVE('',#6009,#6078);
#6078 = DEFINITIONAL_REPRESENTATION('',(#6079),#6082);
#6079 = B_SPLINE_CURVE_WITH_KNOTS('',1,(#6080,#6081),.UNSPECIFIED.,.F.,
  .F.,(2,2),(0.,2.116648548),.PIECEWISE_BEZIER_KNOTS.);
#6080 = CARTESIAN_POINT('',(0.333330479,0.510204082));
#6081 = CARTESIAN_POINT('',(0.,0.510204082));
#6082 = ( GEOMETRIC_REPRESENTATION_CONTEXT(2) 
PARAMETRIC_REPRESENTATION_CONTEXT() REPRESENTATION_CONTEXT('2D SPACE',''
  ) );
#6083 = ORIENTED_EDGE('',*,*,#6084,.T.);
#6084 = EDGE_CURVE('',#6070,#6085,#6087,.T.);
#6085 = VERTEX_POINT('',#6086);
#6086 = CARTESIAN_POINT('',(0.,0.,0.));
#6087 = SURFACE_CURVE('',#6088,(#6092),.PCURVE_S1.);
#6088 = LINE('',#6089,#6090);
#6089 = CARTESIAN_POINT('',(0.,2.54,0.));
#6090 = VECTOR('',#6091,1.);
#6091 = DIRECTION('',(0.,-1.,0.));
#6092 = PCURVE('',#6009,#6093);
#6093 = DEFINITIONAL_REPRESENTATION('',(#6094),#6097);
#6094 = B_SPLINE_CURVE_WITH_KNOTS('',1,(#6095,#6096),.UNSPECIFIED.,.F.,
  .F.,(2,2),(0.,2.54),.PIECEWISE_BEZIER_KNOTS.);
#6095 = CARTESIAN_POINT('',(0.,0.510204082));
#6096 = CARTESIAN_POINT('',(0.,0.));
#6097 = ( GEOMETRIC_REPRESENTATION_CONTEXT(2) 
PARAMETRIC_REPRESENTATION_CONTEXT() REPRESENTATION_CONTEXT('2D SPACE',''
  ) );
#6098 = ORIENTED_EDGE('',*,*,#6099,.T.);
#6099 = EDGE_CURVE('',#6085,#6100,#6102,.T.);
#6100 = VERTEX_POINT('',#6101);
#6101 = CARTESIAN_POINT('',(2.0574,0.,0.));
#6102 = SURFACE_CURVE('',#6103,(#6107),.PCURVE_S1.);
#6103 = LINE('',#6104,#6105);
#6104 = CARTESIAN_POINT('',(0.,0.,0.));
#6105 = VECTOR('',#6106,1.);
#6106 = DIRECTION('',(1.,0.,0.));
#6107 = PCURVE('',#6009,#6108);
#6108 = DEFINITIONAL_REPRESENTATION('',(#6109),#6112);
#6109 = B_SPLINE_CURVE_WITH_KNOTS('',1,(#6110,#6111),.UNSPECIFIED.,.F.,
  .F.,(2,2),(0.,2.0574),.PIECEWISE_BEZIER_KNOTS.);
#6110 = CARTESIAN_POINT('',(0.,0.));
#6111 = CARTESIAN_POINT('',(0.324,0.));
#6112 = ( GEOMETRIC_REPRESENTATION_CONTEXT(2) 
PARAMETRIC_REPRESENTATION_CONTEXT() REPRESENTATION_CONTEXT('2D SPACE',''
  ) );
#6113 = ORIENTED_EDGE('',*,*,#6114,.T.);
#6114 = EDGE_CURVE('',#6100,#6115,#6117,.T.);
#6115 = VERTEX_POINT('',#6116);
#6116 = CARTESIAN_POINT('',(2.0574,1.524,0.));
#6117 = SURFACE_CURVE('',#6118,(#6122),.PCURVE_S1.);
#6118 = LINE('',#6119,#6120);
#6119 = CARTESIAN_POINT('',(2.0574,0.,0.));
#6120 = VECTOR('',#6121,1.);
#6121 = DIRECTION('',(0.,1.,0.));
#6122 = PCURVE('',#6009,#6123);
#6123 = DEFINITIONAL_REPRESENTATION('',(#6124),#6127);
#6124 = B_SPLINE_CURVE_WITH_KNOTS('',1,(#6125,#6126),.UNSPECIFIED.,.F.,
  .F.,(2,2),(0.,1.524),.PIECEWISE_BEZIER_KNOTS.);
#6125 = CARTESIAN_POINT('',(0.324,0.));
#6126 = CARTESIAN_POINT('',(0.324,0.306122449));
#6127 = ( GEOMETRIC_REPRESENTATION_CONTEXT(2) 
PARAMETRIC_REPRESENTATION_CONTEXT() REPRESENTATION_CONTEXT('2D SPACE',''
  ) );
#6128 = ORIENTED_EDGE('',*,*,#6129,.T.);
#6129 = EDGE_CURVE('',#6115,#6130,#6132,.T.);
#6130 = VERTEX_POINT('',#6131);
#6131 = CARTESIAN_POINT('',(5.6134,1.524,0.));
#6132 = SURFACE_CURVE('',#6133,(#6137),.PCURVE_S1.);
#6133 = LINE('',#6134,#6135);
#6134 = CARTESIAN_POINT('',(2.0574,1.524,0.));
#6135 = VECTOR('',#6136,1.);
#6136 = DIRECTION('',(1.,0.,0.));
#6137 = PCURVE('',#6009,#6138);
#6138 = DEFINITIONAL_REPRESENTATION('',(#6139),#6142);
#6139 = B_SPLINE_CURVE_WITH_KNOTS('',1,(#6140,#6141),.UNSPECIFIED.,.F.,
  .F.,(2,2),(0.,3.556),.PIECEWISE_BEZIER_KNOTS.);
#6140 = CARTESIAN_POINT('',(0.324,0.306122449));
#6141 = CARTESIAN_POINT('',(0.884,0.306122449));
#6142 = ( GEOMETRIC_REPRESENTATION_CONTEXT(2) 
PARAMETRIC_REPRESENTATION_CONTEXT() REPRESENTATION_CONTEXT('2D SPACE',''
  ) );
#6143 = ORIENTED_EDGE('',*,*,#6144,.T.);
#6144 = EDGE_CURVE('',#6130,#6145,#6147,.T.);
#6145 = VERTEX_POINT('',#6146);
#6146 = CARTESIAN_POINT('',(5.6134,0.,0.));
#6147 = SURFACE_CURVE('',#6148,(#6152),.PCURVE_S1.);
#6148 = LINE('',#6149,#6150);
#6149 = CARTESIAN_POINT('',(5.6134,1.524,0.));
#6150 = VECTOR('',#6151,1.);
#6151 = DIRECTION('',(0.,-1.,0.));
#6152 = PCURVE('',#6009,#6153);
#6153 = DEFINITIONAL_REPRESENTATION('',(#6154),#6157);
#6154 = B_SPLINE_CURVE_WITH_KNOTS('',1,(#6155,#6156),.UNSPECIFIED.,.F.,
  .F.,(2,2),(0.,1.524),.PIECEWISE_BEZIER_KNOTS.);
#6155 = CARTESIAN_POINT('',(0.884,0.306122449));
#6156 = CARTESIAN_POINT('',(0.884,0.));
#6157 = ( GEOMETRIC_REPRESENTATION_CONTEXT(2) 
PARAMETRIC_REPRESENTATION_CONTEXT() REPRESENTATION_CONTEXT('2D SPACE',''
  ) );
#6158 = ORIENTED_EDGE('',*,*,#6159,.T.);
#6159 = EDGE_CURVE('',#6145,#6160,#6162,.T.);
#6160 = VERTEX_POINT('',#6161);
#6161 = CARTESIAN_POINT('',(6.35,0.,0.));
#6162 = SURFACE_CURVE('',#6163,(#6167),.PCURVE_S1.);
#6163 = LINE('',#6164,#6165);
#6164 = CARTESIAN_POINT('',(5.6134,0.,0.));
#6165 = VECTOR('',#6166,1.);
#6166 = DIRECTION('',(1.,0.,0.));
#6167 = PCURVE('',#6009,#6168);
#6168 = DEFINITIONAL_REPRESENTATION('',(#6169),#6172);
#6169 = B_SPLINE_CURVE_WITH_KNOTS('',1,(#6170,#6171),.UNSPECIFIED.,.F.,
  .F.,(2,2),(0.,0.7366),.PIECEWISE_BEZIER_KNOTS.);
#6170 = CARTESIAN_POINT('',(0.884,0.));
#6171 = CARTESIAN_POINT('',(1.,0.));
#6172 = ( GEOMETRIC_REPRESENTATION_CONTEXT(2) 
PARAMETRIC_REPRESENTATION_CONTEXT() REPRESENTATION_CONTEXT('2D SPACE',''
  ) );
#6173 = ORIENTED_EDGE('',*,*,#6174,.T.);
#6174 = EDGE_CURVE('',#6160,#6175,#6177,.T.);
#6175 = VERTEX_POINT('',#6176);
#6176 = CARTESIAN_POINT('',(6.35,4.9784,0.));
#6177 = SURFACE_CURVE('',#6178,(#6182),.PCURVE_S1.);
#6178 = LINE('',#6179,#6180);
#6179 = CARTESIAN_POINT('',(6.35,0.,0.));
#6180 = VECTOR('',#6181,1.);
#6181 = DIRECTION('',(0.,1.,0.));
#6182 = PCURVE('',#6009,#6183);
#6183 = DEFINITIONAL_REPRESENTATION('',(#6184),#6187);
#6184 = B_SPLINE_CURVE_WITH_KNOTS('',1,(#6185,#6186),.UNSPECIFIED.,.F.,
  .F.,(2,2),(0.,4.9784),.PIECEWISE_BEZIER_KNOTS.);
#6185 = CARTESIAN_POINT('',(1.,0.));
#6186 = CARTESIAN_POINT('',(1.,1.));
#6187 = ( GEOMETRIC_REPRESENTATION_CONTEXT(2) 
PARAMETRIC_REPRESENTATION_CONTEXT() REPRESENTATION_CONTEXT('2D SPACE',''
  ) );
#6188 = ORIENTED_EDGE('',*,*,#6189,.T.);
#6189 = EDGE_CURVE('',#6175,#6190,#6192,.T.);
#6190 = VERTEX_POINT('',#6191);
#6191 = CARTESIAN_POINT('',(4.8178982636,4.9784,0.));
#6192 = SURFACE_CURVE('',#6193,(#6197),.PCURVE_S1.);
#6193 = LINE('',#6194,#6195);
#6194 = CARTESIAN_POINT('',(6.35,4.9784,0.));
#6195 = VECTOR('',#6196,1.);
#6196 = DIRECTION('',(-1.,0.,0.));
#6197 = PCURVE('',#6009,#6198);
#6198 = DEFINITIONAL_REPRESENTATION('',(#6199),#6202);
#6199 = B_SPLINE_CURVE_WITH_KNOTS('',1,(#6200,#6201),.UNSPECIFIED.,.F.,
  .F.,(2,2),(0.,1.5321017364),.PIECEWISE_BEZIER_KNOTS.);
#6200 = CARTESIAN_POINT('',(1.,1.));
#6201 = CARTESIAN_POINT('',(0.758724138,1.));
#6202 = ( GEOMETRIC_REPRESENTATION_CONTEXT(2) 
PARAMETRIC_REPRESENTATION_CONTEXT() REPRESENTATION_CONTEXT('2D SPACE',''
  ) );
#6203 = ORIENTED_EDGE('',*,*,#6204,.T.);
#6204 = EDGE_CURVE('',#6190,#5999,#6205,.T.);
#6205 = SURFACE_CURVE('',#6206,(#6210),.PCURVE_S1.);
#6206 = LINE('',#6207,#6208);
#6207 = CARTESIAN_POINT('',(4.8178982636,4.9784,0.));
#6208 = VECTOR('',#6209,1.);
#6209 = DIRECTION('',(-0.656661470959,-0.754185462972,0.));
#6210 = PCURVE('',#6009,#6211);
#6211 = DEFINITIONAL_REPRESENTATION('',(#6212),#6215);
#6212 = B_SPLINE_CURVE_WITH_KNOTS('',1,(#6213,#6214),.UNSPECIFIED.,.F.,
  .F.,(2,2),(0.,2.654996917748),.PIECEWISE_BEZIER_KNOTS.);
#6213 = CARTESIAN_POINT('',(0.758724138,1.));
#6214 = CARTESIAN_POINT('',(0.48416757,0.59779044));
#6215 = ( GEOMETRIC_REPRESENTATION_CONTEXT(2) 
PARAMETRIC_REPRESENTATION_CONTEXT() REPRESENTATION_CONTEXT('2D SPACE',''
  ) );
#6216 = ( GEOMETRIC_REPRESENTATION_CONTEXT(3) 
GLOBAL_UNCERTAINTY_ASSIGNED_CONTEXT((#6220)) 
GLOBAL_UNIT_ASSIGNED_CONTEXT((#6217,#6218,#6219)) REPRESENTATION_CONTEXT
('Context #1','3D Context with UNIT and UNCERTAINTY') );
#6217 = ( LENGTH_UNIT() NAMED_UNIT(*) SI_UNIT(.MILLI.,.METRE.) );
#6218 = ( NAMED_UNIT(*) PLANE_ANGLE_UNIT() SI_UNIT($,.RADIAN.) );
#6219 = ( NAMED_UNIT(*) SI_UNIT($,.STERADIAN.) SOLID_ANGLE_UNIT() );
#6220 = UNCERTAINTY_MEASURE_WITH_UNIT(LENGTH_MEASURE(2.E-06),#6217,
  'distance_accuracy_value','confusion accuracy');
#6221 = PRODUCT_RELATED_PRODUCT_CATEGORY('part',$,(#5988));
#6222 = SHAPE_DEFINITION_REPRESENTATION(#6223,#6229);
#6223 = PRODUCT_DEFINITION_SHAPE('','',#6224);
#6224 = PRODUCT_DEFINITION('design','',#6225,#6228);
#6225 = PRODUCT_DEFINITION_FORMATION('','',#6226);
#6226 = PRODUCT('FACE','FACE','',(#6227));
#6227 = PRODUCT_CONTEXT('',#2,'mechanical');
#6228 = PRODUCT_DEFINITION_CONTEXT('part definition',#2,'design');
#6229 = MANIFOLD_SURFACE_SHAPE_REPRESENTATION('',(#11,#6230),#6305);
#6230 = SHELL_BASED_SURFACE_MODEL('',(#6231));
#6231 = OPEN_SHELL('',(#6232));
#6232 = ADVANCED_FACE('',(#6233),#6248,.T.);
#6233 = FACE_BOUND('',#6234,.T.);
#6234 = EDGE_LOOP('',(#6235,#6261,#6276,#6292));
#6235 = ORIENTED_EDGE('',*,*,#6236,.F.);
#6236 = EDGE_CURVE('',#6237,#6239,#6241,.T.);
#6237 = VERTEX_POINT('',#6238);
#6238 = CARTESIAN_POINT('',(3.074464080123,2.976039920212,4.5212));
#6239 = VERTEX_POINT('',#6240);
#6240 = CARTESIAN_POINT('',(2.116648548005,2.539999997586,4.5212));
#6241 = SURFACE_CURVE('',#6242,(#6247),.PCURVE_S1.);
#6242 = CIRCLE('',#6243,1.27);
#6243 = AXIS2_PLACEMENT_3D('',#6244,#6245,#6246);
#6244 = CARTESIAN_POINT('',(2.116648546193,3.809999995172,4.5212));
#6245 = DIRECTION('',(-6.982966722219E-15,0.,-1.));
#6246 = DIRECTION('',(0.754185458152,-0.656661476495,-5.266451956657E-15
    ));
#6247 = PCURVE('',#6248,#6256);
#6248 = SURFACE_OF_REVOLUTION('',#6249,#6253);
#6249 = LINE('',#6250,#6251);
#6250 = CARTESIAN_POINT('',(3.386648548,3.81,0.));
#6251 = VECTOR('',#6252,1.);
#6252 = DIRECTION('',(0.,0.,1.));
#6253 = AXIS1_PLACEMENT('',#6254,#6255);
#6254 = CARTESIAN_POINT('',(2.116648548,3.81,4.5212));
#6255 = DIRECTION('',(0.,0.,-1.));
#6256 = DEFINITIONAL_REPRESENTATION('',(#6257),#6260);
#6257 = B_SPLINE_CURVE_WITH_KNOTS('',1,(#6258,#6259),.UNSPECIFIED.,.F.,
  .F.,(2,2),(2.22044604925E-16,0.854412804042),
  .PIECEWISE_BEZIER_KNOTS.);
#6258 = CARTESIAN_POINT('',(0.71638352118,4.5212));
#6259 = CARTESIAN_POINT('',(1.57079632718,4.5212));
#6260 = ( GEOMETRIC_REPRESENTATION_CONTEXT(2) 
PARAMETRIC_REPRESENTATION_CONTEXT() REPRESENTATION_CONTEXT('2D SPACE',''
  ) );
#6261 = ORIENTED_EDGE('',*,*,#6262,.F.);
#6262 = EDGE_CURVE('',#6263,#6237,#6265,.T.);
#6263 = VERTEX_POINT('',#6264);
#6264 = CARTESIAN_POINT('',(3.07446408043,2.976039921941,0.));
#6265 = SURFACE_CURVE('',#6266,(#6270),.PCURVE_S1.);
#6266 = LINE('',#6267,#6268);
#6267 = CARTESIAN_POINT('',(3.0744640822,2.9760399204,0.));
#6268 = VECTOR('',#6269,1.);
#6269 = DIRECTION('',(0.,0.,1.));
#6270 = PCURVE('',#6248,#6271);
#6271 = DEFINITIONAL_REPRESENTATION('',(#6272),#6275);
#6272 = B_SPLINE_CURVE_WITH_KNOTS('',1,(#6273,#6274),.UNSPECIFIED.,.F.,
  .F.,(2,2),(0.,4.5212),.PIECEWISE_BEZIER_KNOTS.);
#6273 = CARTESIAN_POINT('',(0.71638352118,-7.191831965419E-16));
#6274 = CARTESIAN_POINT('',(0.71638352118,4.5212));
#6275 = ( GEOMETRIC_REPRESENTATION_CONTEXT(2) 
PARAMETRIC_REPRESENTATION_CONTEXT() REPRESENTATION_CONTEXT('2D SPACE',''
  ) );
#6276 = ORIENTED_EDGE('',*,*,#6277,.F.);
#6277 = EDGE_CURVE('',#6278,#6263,#6280,.T.);
#6278 = VERTEX_POINT('',#6279);
#6279 = CARTESIAN_POINT('',(2.116648548,2.54,0.));
#6280 = SURFACE_CURVE('',#6281,(#6286),.PCURVE_S1.);
#6281 = CIRCLE('',#6282,1.27);
#6282 = AXIS2_PLACEMENT_3D('',#6283,#6284,#6285);
#6283 = CARTESIAN_POINT('',(2.116648548,3.81,0.));
#6284 = DIRECTION('',(0.,0.,1.));
#6285 = DIRECTION('',(1.,0.,-0.));
#6286 = PCURVE('',#6248,#6287);
#6287 = DEFINITIONAL_REPRESENTATION('',(#6288),#6291);
#6288 = B_SPLINE_CURVE_WITH_KNOTS('',1,(#6289,#6290),.UNSPECIFIED.,.F.,
  .F.,(2,2),(4.712388980385,5.566801784427),.PIECEWISE_BEZIER_KNOTS.);
#6289 = CARTESIAN_POINT('',(1.57079632718,-1.576935105706E-15));
#6290 = CARTESIAN_POINT('',(0.71638352118,-7.191831965419E-16));
#6291 = ( GEOMETRIC_REPRESENTATION_CONTEXT(2) 
PARAMETRIC_REPRESENTATION_CONTEXT() REPRESENTATION_CONTEXT('2D SPACE',''
  ) );
#6292 = ORIENTED_EDGE('',*,*,#6293,.F.);
#6293 = EDGE_CURVE('',#6239,#6278,#6294,.T.);
#6294 = SURFACE_CURVE('',#6295,(#6299),.PCURVE_S1.);
#6295 = LINE('',#6296,#6297);
#6296 = CARTESIAN_POINT('',(2.116648548,2.54,4.5212));
#6297 = VECTOR('',#6298,1.);
#6298 = DIRECTION('',(0.,0.,-1.));
#6299 = PCURVE('',#6248,#6300);
#6300 = DEFINITIONAL_REPRESENTATION('',(#6301),#6304);
#6301 = B_SPLINE_CURVE_WITH_KNOTS('',1,(#6302,#6303),.UNSPECIFIED.,.F.,
  .F.,(2,2),(0.,4.5212),.PIECEWISE_BEZIER_KNOTS.);
#6302 = CARTESIAN_POINT('',(1.57079632718,4.5212));
#6303 = CARTESIAN_POINT('',(1.57079632718,-1.576935105706E-15));
#6304 = ( GEOMETRIC_REPRESENTATION_CONTEXT(2) 
PARAMETRIC_REPRESENTATION_CONTEXT() REPRESENTATION_CONTEXT('2D SPACE',''
  ) );
#6305 = ( GEOMETRIC_REPRESENTATION_CONTEXT(3) 
GLOBAL_UNCERTAINTY_ASSIGNED_CONTEXT((#6309)) 
GLOBAL_UNIT_ASSIGNED_CONTEXT((#6306,#6307,#6308)) REPRESENTATION_CONTEXT
('Context #1','3D Context with UNIT and UNCERTAINTY') );
#6306 = ( LENGTH_UNIT() NAMED_UNIT(*) SI_UNIT(.MILLI.,.METRE.) );
#6307 = ( NAMED_UNIT(*) PLANE_ANGLE_UNIT() SI_UNIT($,.RADIAN.) );
#6308 = ( NAMED_UNIT(*) SI_UNIT($,.STERADIAN.) SOLID_ANGLE_UNIT() );
#6309 = UNCERTAINTY_MEASURE_WITH_UNIT(LENGTH_MEASURE(1.E-07),#6306,
  'distance_accuracy_value','confusion accuracy');
#6310 = PRODUCT_RELATED_PRODUCT_CATEGORY('part',$,(#6226));
#6311 = SHAPE_DEFINITION_REPRESENTATION(#6312,#6318);
#6312 = PRODUCT_DEFINITION_SHAPE('','',#6313);
#6313 = PRODUCT_DEFINITION('design','',#6314,#6317);
#6314 = PRODUCT_DEFINITION_FORMATION('','',#6315);
#6315 = PRODUCT('FACE','FACE','',(#6316));
#6316 = PRODUCT_CONTEXT('',#2,'mechanical');
#6317 = PRODUCT_DEFINITION_CONTEXT('part definition',#2,'design');
#6318 = MANIFOLD_SURFACE_SHAPE_REPRESENTATION('',(#11,#6319),#6394);
#6319 = SHELL_BASED_SURFACE_MODEL('',(#6320));
#6320 = OPEN_SHELL('',(#6321));
#6321 = ADVANCED_FACE('',(#6322),#6337,.T.);
#6322 = FACE_BOUND('',#6323,.T.);
#6323 = EDGE_LOOP('',(#6324,#6350,#6365,#6381));
#6324 = ORIENTED_EDGE('',*,*,#6325,.F.);
#6325 = EDGE_CURVE('',#6326,#6328,#6330,.T.);
#6326 = VERTEX_POINT('',#6327);
#6327 = CARTESIAN_POINT('',(6.349999995158,3.81,3.782331149842));
#6328 = VERTEX_POINT('',#6329);
#6329 = CARTESIAN_POINT('',(6.349999995158,3.81,0.785131149842));
#6330 = SURFACE_CURVE('',#6331,(#6336),.PCURVE_S1.);
#6331 = CIRCLE('',#6332,1.4986);
#6332 = AXIS2_PLACEMENT_3D('',#6333,#6334,#6335);
#6333 = CARTESIAN_POINT('',(6.349999990316,3.81,2.283731154684));
#6334 = DIRECTION('',(1.,0.,6.123031769112E-17));
#6335 = DIRECTION('',(-6.123031769112E-17,-6.982966722219E-15,1.));
#6336 = PCURVE('',#6337,#6345);
#6337 = SURFACE_OF_REVOLUTION('',#6338,#6342);
#6338 = LINE('',#6339,#6340);
#6339 = CARTESIAN_POINT('',(8.89,3.81,3.782331145));
#6340 = VECTOR('',#6341,1.);
#6341 = DIRECTION('',(-1.,0.,0.));
#6342 = AXIS1_PLACEMENT('',#6343,#6344);
#6343 = CARTESIAN_POINT('',(8.89,3.81,2.283731145));
#6344 = DIRECTION('',(1.,0.,0.));
#6345 = DEFINITIONAL_REPRESENTATION('',(#6346),#6349);
#6346 = B_SPLINE_CURVE_WITH_KNOTS('',1,(#6347,#6348),.UNSPECIFIED.,.F.,
  .F.,(2,2),(7.353555294113E-17,3.14159265359),
  .PIECEWISE_BEZIER_KNOTS.);
#6347 = CARTESIAN_POINT('',(1.795896764634E-10,2.54));
#6348 = CARTESIAN_POINT('',(3.14159265318,2.54));
#6349 = ( GEOMETRIC_REPRESENTATION_CONTEXT(2) 
PARAMETRIC_REPRESENTATION_CONTEXT() REPRESENTATION_CONTEXT('2D SPACE',''
  ) );
#6350 = ORIENTED_EDGE('',*,*,#6351,.F.);
#6351 = EDGE_CURVE('',#6352,#6326,#6354,.T.);
#6352 = VERTEX_POINT('',#6353);
#6353 = CARTESIAN_POINT('',(8.890000004842,3.81,3.782331149842));
#6354 = SURFACE_CURVE('',#6355,(#6359),.PCURVE_S1.);
#6355 = LINE('',#6356,#6357);
#6356 = CARTESIAN_POINT('',(8.89,3.81,3.782331145));
#6357 = VECTOR('',#6358,1.);
#6358 = DIRECTION('',(-1.,0.,0.));
#6359 = PCURVE('',#6337,#6360);
#6360 = DEFINITIONAL_REPRESENTATION('',(#6361),#6364);
#6361 = B_SPLINE_CURVE_WITH_KNOTS('',1,(#6362,#6363),.UNSPECIFIED.,.F.,
  .F.,(2,2),(0.,2.54),.PIECEWISE_BEZIER_KNOTS.);
#6362 = CARTESIAN_POINT('',(1.795896764634E-10,-1.012854014954E-25));
#6363 = CARTESIAN_POINT('',(1.795896764634E-10,2.54));
#6364 = ( GEOMETRIC_REPRESENTATION_CONTEXT(2) 
PARAMETRIC_REPRESENTATION_CONTEXT() REPRESENTATION_CONTEXT('2D SPACE',''
  ) );
#6365 = ORIENTED_EDGE('',*,*,#6366,.F.);
#6366 = EDGE_CURVE('',#6367,#6352,#6369,.T.);
#6367 = VERTEX_POINT('',#6368);
#6368 = CARTESIAN_POINT('',(8.890000004842,3.81,0.785131149842));
#6369 = SURFACE_CURVE('',#6370,(#6375),.PCURVE_S1.);
#6370 = CIRCLE('',#6371,1.4986);
#6371 = AXIS2_PLACEMENT_3D('',#6372,#6373,#6374);
#6372 = CARTESIAN_POINT('',(8.890000009684,3.81,2.283731154684));
#6373 = DIRECTION('',(-1.,0.,6.123031769112E-17));
#6374 = DIRECTION('',(-6.123031769112E-17,-6.982966722219E-15,-1.));
#6375 = PCURVE('',#6337,#6376);
#6376 = DEFINITIONAL_REPRESENTATION('',(#6377),#6380);
#6377 = B_SPLINE_CURVE_WITH_KNOTS('',1,(#6378,#6379),.UNSPECIFIED.,.F.,
  .F.,(2,2),(7.353555294113E-17,3.14159265359),
  .PIECEWISE_BEZIER_KNOTS.);
#6378 = CARTESIAN_POINT('',(3.14159265318,-1.771837196757E-15));
#6379 = CARTESIAN_POINT('',(1.795896764634E-10,-1.012854014954E-25));
#6380 = ( GEOMETRIC_REPRESENTATION_CONTEXT(2) 
PARAMETRIC_REPRESENTATION_CONTEXT() REPRESENTATION_CONTEXT('2D SPACE',''
  ) );
#6381 = ORIENTED_EDGE('',*,*,#6382,.F.);
#6382 = EDGE_CURVE('',#6328,#6367,#6383,.T.);
#6383 = SURFACE_CURVE('',#6384,(#6388),.PCURVE_S1.);
#6384 = LINE('',#6385,#6386);
#6385 = CARTESIAN_POINT('',(6.35,3.81,0.785131145));
#6386 = VECTOR('',#6387,1.);
#6387 = DIRECTION('',(1.,0.,0.));
#6388 = PCURVE('',#6337,#6389);
#6389 = DEFINITIONAL_REPRESENTATION('',(#6390),#6393);
#6390 = B_SPLINE_CURVE_WITH_KNOTS('',1,(#6391,#6392),.UNSPECIFIED.,.F.,
  .F.,(2,2),(0.,2.54),.PIECEWISE_BEZIER_KNOTS.);
#6391 = CARTESIAN_POINT('',(3.14159265318,2.54));
#6392 = CARTESIAN_POINT('',(3.14159265318,-1.771837196757E-15));
#6393 = ( GEOMETRIC_REPRESENTATION_CONTEXT(2) 
PARAMETRIC_REPRESENTATION_CONTEXT() REPRESENTATION_CONTEXT('2D SPACE',''
  ) );
#6394 = ( GEOMETRIC_REPRESENTATION_CONTEXT(3) 
GLOBAL_UNCERTAINTY_ASSIGNED_CONTEXT((#6398)) 
GLOBAL_UNIT_ASSIGNED_CONTEXT((#6395,#6396,#6397)) REPRESENTATION_CONTEXT
('Context #1','3D Context with UNIT and UNCERTAINTY') );
#6395 = ( LENGTH_UNIT() NAMED_UNIT(*) SI_UNIT(.MILLI.,.METRE.) );
#6396 = ( NAMED_UNIT(*) PLANE_ANGLE_UNIT() SI_UNIT($,.RADIAN.) );
#6397 = ( NAMED_UNIT(*) SI_UNIT($,.STERADIAN.) SOLID_ANGLE_UNIT() );
#6398 = UNCERTAINTY_MEASURE_WITH_UNIT(LENGTH_MEASURE(1.E-07),#6395,
  'distance_accuracy_value','confusion accuracy');
#6399 = PRODUCT_RELATED_PRODUCT_CATEGORY('part',$,(#6315));
#6400 = SHAPE_DEFINITION_REPRESENTATION(#6401,#6407);
#6401 = PRODUCT_DEFINITION_SHAPE('','',#6402);
#6402 = PRODUCT_DEFINITION('design','',#6403,#6406);
#6403 = PRODUCT_DEFINITION_FORMATION('','',#6404);
#6404 = PRODUCT('FACE','FACE','',(#6405));
#6405 = PRODUCT_CONTEXT('',#2,'mechanical');
#6406 = PRODUCT_DEFINITION_CONTEXT('part definition',#2,'design');
#6407 = MANIFOLD_SURFACE_SHAPE_REPRESENTATION('',(#11,#6408),#6930);
#6408 = SHELL_BASED_SURFACE_MODEL('',(#6409));
#6409 = OPEN_SHELL('',(#6410));
#6410 = ADVANCED_FACE('',(#6411),#6425,.T.);
#6411 = FACE_BOUND('',#6412,.T.);
#6412 = EDGE_LOOP('',(#6413,#6436,#6452,#6468,#6484,#6500,#6516,#6532,
    #6548,#6564,#6580,#6596,#6612,#6628,#6644,#6660,#6676,#6692,#6708,
    #6724,#6740,#6756,#6772,#6788,#6804,#6820,#6836,#6852,#6868,#6884,
    #6900,#6916));
#6413 = ORIENTED_EDGE('',*,*,#6414,.T.);
#6414 = EDGE_CURVE('',#6415,#6417,#6419,.T.);
#6415 = VERTEX_POINT('',#6416);
#6416 = CARTESIAN_POINT('',(8.89,3.81,3.782331144257));
#6417 = VERTEX_POINT('',#6418);
#6418 = CARTESIAN_POINT('',(8.89,3.517637643487,3.753535967095));
#6419 = SURFACE_CURVE('',#6420,(#6424),.PCURVE_S1.);
#6420 = B_SPLINE_CURVE_WITH_KNOTS('',2,(#6421,#6422,#6423),
  .UNSPECIFIED.,.F.,.F.,(3,3),(0.,6.25E-02),.PIECEWISE_BEZIER_KNOTS.);
#6421 = CARTESIAN_POINT('',(8.89,3.81,3.782331144257));
#6422 = CARTESIAN_POINT('',(8.89,3.66240078157,3.782331144257));
#6423 = CARTESIAN_POINT('',(8.89,3.517637643487,3.753535967095));
#6424 = PCURVE('',#6425,#6430);
#6425 = B_SPLINE_SURFACE_WITH_KNOTS('',1,1,(
    (#6426,#6427)
    ,(#6428,#6429
    )),.UNSPECIFIED.,.F.,.F.,.F.,(2,2),(2,2),(0.,1.),(0.,1.),
  .PIECEWISE_BEZIER_KNOTS.);
#6426 = CARTESIAN_POINT('',(8.89,2.2934168,3.800314345));
#6427 = CARTESIAN_POINT('',(8.89,5.3265832,3.800314345));
#6428 = CARTESIAN_POINT('',(8.89,2.2934168,0.767147945));
#6429 = CARTESIAN_POINT('',(8.89,5.3265832,0.767147945));
#6430 = DEFINITIONAL_REPRESENTATION('',(#6431),#6435);
#6431 = B_SPLINE_CURVE_WITH_KNOTS('',2,(#6432,#6433,#6434),
  .UNSPECIFIED.,.F.,.F.,(3,3),(0.,6.25E-02),.PIECEWISE_BEZIER_KNOTS.);
#6432 = CARTESIAN_POINT('',(5.928854E-03,0.5));
#6433 = CARTESIAN_POINT('',(5.928854E-03,0.451338239));
#6434 = CARTESIAN_POINT('',(1.5422292E-02,0.403611501));
#6435 = ( GEOMETRIC_REPRESENTATION_CONTEXT(2) 
PARAMETRIC_REPRESENTATION_CONTEXT() REPRESENTATION_CONTEXT('2D SPACE',''
  ) );
#6436 = ORIENTED_EDGE('',*,*,#6437,.T.);
#6437 = EDGE_CURVE('',#6417,#6438,#6440,.T.);
#6438 = VERTEX_POINT('',#6439);
#6439 = CARTESIAN_POINT('',(8.89,3.236510608493,3.668257013573));
#6440 = SURFACE_CURVE('',#6441,(#6445),.PCURVE_S1.);
#6441 = B_SPLINE_CURVE_WITH_KNOTS('',2,(#6442,#6443,#6444),
  .UNSPECIFIED.,.F.,.F.,(3,3),(6.25E-02,0.125),
  .PIECEWISE_BEZIER_KNOTS.);
#6442 = CARTESIAN_POINT('',(8.89,3.517637643487,3.753535967095));
#6443 = CARTESIAN_POINT('',(8.89,3.372874505404,3.724740786899));
#6444 = CARTESIAN_POINT('',(8.89,3.236510608493,3.668257013573));
#6445 = PCURVE('',#6425,#6446);
#6446 = DEFINITIONAL_REPRESENTATION('',(#6447),#6451);
#6447 = B_SPLINE_CURVE_WITH_KNOTS('',2,(#6448,#6449,#6450),
  .UNSPECIFIED.,.F.,.F.,(3,3),(6.25E-02,0.125),
  .PIECEWISE_BEZIER_KNOTS.);
#6448 = CARTESIAN_POINT('',(1.5422292E-02,0.403611501));
#6449 = CARTESIAN_POINT('',(2.4915731E-02,0.355884763));
#6450 = CARTESIAN_POINT('',(4.353778E-02,0.310927158));
#6451 = ( GEOMETRIC_REPRESENTATION_CONTEXT(2) 
PARAMETRIC_REPRESENTATION_CONTEXT() REPRESENTATION_CONTEXT('2D SPACE',''
  ) );
#6452 = ORIENTED_EDGE('',*,*,#6453,.T.);
#6453 = EDGE_CURVE('',#6438,#6454,#6456,.T.);
#6454 = VERTEX_POINT('',#6455);
#6455 = CARTESIAN_POINT('',(8.89,2.977422448335,3.529771504728));
#6456 = SURFACE_CURVE('',#6457,(#6461),.PCURVE_S1.);
#6457 = B_SPLINE_CURVE_WITH_KNOTS('',2,(#6458,#6459,#6460),
  .UNSPECIFIED.,.F.,.F.,(3,3),(0.125,0.1875),.PIECEWISE_BEZIER_KNOTS.);
#6458 = CARTESIAN_POINT('',(8.89,3.236510608493,3.668257013573));
#6459 = CARTESIAN_POINT('',(8.89,3.100146711583,3.611773237214));
#6460 = CARTESIAN_POINT('',(8.89,2.977422448335,3.529771504728));
#6461 = PCURVE('',#6425,#6462);
#6462 = DEFINITIONAL_REPRESENTATION('',(#6463),#6467);
#6463 = B_SPLINE_CURVE_WITH_KNOTS('',2,(#6464,#6465,#6466),
  .UNSPECIFIED.,.F.,.F.,(3,3),(0.125,0.1875),.PIECEWISE_BEZIER_KNOTS.);
#6464 = CARTESIAN_POINT('',(4.353778E-02,0.310927158));
#6465 = CARTESIAN_POINT('',(6.215983E-02,0.265969553));
#6466 = CARTESIAN_POINT('',(8.9194856E-02,0.225508778));
#6467 = ( GEOMETRIC_REPRESENTATION_CONTEXT(2) 
PARAMETRIC_REPRESENTATION_CONTEXT() REPRESENTATION_CONTEXT('2D SPACE',''
  ) );
#6468 = ORIENTED_EDGE('',*,*,#6469,.T.);
#6469 = EDGE_CURVE('',#6454,#6470,#6472,.T.);
#6470 = VERTEX_POINT('',#6471);
#6471 = CARTESIAN_POINT('',(8.89,2.750329777406,3.343401367594));
#6472 = SURFACE_CURVE('',#6473,(#6477),.PCURVE_S1.);
#6473 = B_SPLINE_CURVE_WITH_KNOTS('',2,(#6474,#6475,#6476),
  .UNSPECIFIED.,.F.,.F.,(3,3),(0.1875,0.25),.PIECEWISE_BEZIER_KNOTS.);
#6474 = CARTESIAN_POINT('',(8.89,2.977422448335,3.529771504728));
#6475 = CARTESIAN_POINT('',(8.89,2.854698185087,3.447769775275));
#6476 = CARTESIAN_POINT('',(8.89,2.750329777406,3.343401367594));
#6477 = PCURVE('',#6425,#6478);
#6478 = DEFINITIONAL_REPRESENTATION('',(#6479),#6483);
#6479 = B_SPLINE_CURVE_WITH_KNOTS('',2,(#6480,#6481,#6482),
  .UNSPECIFIED.,.F.,.F.,(3,3),(0.1875,0.25),.PIECEWISE_BEZIER_KNOTS.);
#6480 = CARTESIAN_POINT('',(8.9194856E-02,0.225508778));
#6481 = CARTESIAN_POINT('',(0.116229881,0.185048003));
#6482 = CARTESIAN_POINT('',(0.150638942,0.150638942));
#6483 = ( GEOMETRIC_REPRESENTATION_CONTEXT(2) 
PARAMETRIC_REPRESENTATION_CONTEXT() REPRESENTATION_CONTEXT('2D SPACE',''
  ) );
#6484 = ORIENTED_EDGE('',*,*,#6485,.T.);
#6485 = EDGE_CURVE('',#6470,#6486,#6488,.T.);
#6486 = VERTEX_POINT('',#6487);
#6487 = CARTESIAN_POINT('',(8.89,2.563959640272,3.116308696665));
#6488 = SURFACE_CURVE('',#6489,(#6493),.PCURVE_S1.);
#6489 = B_SPLINE_CURVE_WITH_KNOTS('',2,(#6490,#6491,#6492),
  .UNSPECIFIED.,.F.,.F.,(3,3),(0.25,0.3125),.PIECEWISE_BEZIER_KNOTS.);
#6490 = CARTESIAN_POINT('',(8.89,2.750329777406,3.343401367594));
#6491 = CARTESIAN_POINT('',(8.89,2.645961369725,3.239032959913));
#6492 = CARTESIAN_POINT('',(8.89,2.563959640272,3.116308696665));
#6493 = PCURVE('',#6425,#6494);
#6494 = DEFINITIONAL_REPRESENTATION('',(#6495),#6499);
#6495 = B_SPLINE_CURVE_WITH_KNOTS('',2,(#6496,#6497,#6498),
  .UNSPECIFIED.,.F.,.F.,(3,3),(0.25,0.3125),.PIECEWISE_BEZIER_KNOTS.);
#6496 = CARTESIAN_POINT('',(0.150638942,0.150638942));
#6497 = CARTESIAN_POINT('',(0.185048003,0.116229881));
#6498 = CARTESIAN_POINT('',(0.225508778,8.9194856E-02));
#6499 = ( GEOMETRIC_REPRESENTATION_CONTEXT(2) 
PARAMETRIC_REPRESENTATION_CONTEXT() REPRESENTATION_CONTEXT('2D SPACE',''
  ) );
#6500 = ORIENTED_EDGE('',*,*,#6501,.T.);
#6501 = EDGE_CURVE('',#6486,#6502,#6504,.T.);
#6502 = VERTEX_POINT('',#6503);
#6503 = CARTESIAN_POINT('',(8.89,2.425474131427,2.857220536507));
#6504 = SURFACE_CURVE('',#6505,(#6509),.PCURVE_S1.);
#6505 = B_SPLINE_CURVE_WITH_KNOTS('',2,(#6506,#6507,#6508),
  .UNSPECIFIED.,.F.,.F.,(3,3),(0.3125,0.375),.PIECEWISE_BEZIER_KNOTS.);
#6506 = CARTESIAN_POINT('',(8.89,2.563959640272,3.116308696665));
#6507 = CARTESIAN_POINT('',(8.89,2.481957907786,2.993584433417));
#6508 = CARTESIAN_POINT('',(8.89,2.425474131427,2.857220536507));
#6509 = PCURVE('',#6425,#6510);
#6510 = DEFINITIONAL_REPRESENTATION('',(#6511),#6515);
#6511 = B_SPLINE_CURVE_WITH_KNOTS('',2,(#6512,#6513,#6514),
  .UNSPECIFIED.,.F.,.F.,(3,3),(0.3125,0.375),.PIECEWISE_BEZIER_KNOTS.);
#6512 = CARTESIAN_POINT('',(0.225508778,8.9194856E-02));
#6513 = CARTESIAN_POINT('',(0.265969553,6.215983E-02));
#6514 = CARTESIAN_POINT('',(0.310927158,4.353778E-02));
#6515 = ( GEOMETRIC_REPRESENTATION_CONTEXT(2) 
PARAMETRIC_REPRESENTATION_CONTEXT() REPRESENTATION_CONTEXT('2D SPACE',''
  ) );
#6516 = ORIENTED_EDGE('',*,*,#6517,.T.);
#6517 = EDGE_CURVE('',#6502,#6518,#6520,.T.);
#6518 = VERTEX_POINT('',#6519);
#6519 = CARTESIAN_POINT('',(8.89,2.340195177905,2.576093501513));
#6520 = SURFACE_CURVE('',#6521,(#6525),.PCURVE_S1.);
#6521 = B_SPLINE_CURVE_WITH_KNOTS('',2,(#6522,#6523,#6524),
  .UNSPECIFIED.,.F.,.F.,(3,3),(0.375,0.4375),.PIECEWISE_BEZIER_KNOTS.);
#6522 = CARTESIAN_POINT('',(8.89,2.425474131427,2.857220536507));
#6523 = CARTESIAN_POINT('',(8.89,2.368990358101,2.720856639596));
#6524 = CARTESIAN_POINT('',(8.89,2.340195177905,2.576093501513));
#6525 = PCURVE('',#6425,#6526);
#6526 = DEFINITIONAL_REPRESENTATION('',(#6527),#6531);
#6527 = B_SPLINE_CURVE_WITH_KNOTS('',2,(#6528,#6529,#6530),
  .UNSPECIFIED.,.F.,.F.,(3,3),(0.375,0.4375),.PIECEWISE_BEZIER_KNOTS.);
#6528 = CARTESIAN_POINT('',(0.310927158,4.353778E-02));
#6529 = CARTESIAN_POINT('',(0.355884763,2.4915731E-02));
#6530 = CARTESIAN_POINT('',(0.403611501,1.5422292E-02));
#6531 = ( GEOMETRIC_REPRESENTATION_CONTEXT(2) 
PARAMETRIC_REPRESENTATION_CONTEXT() REPRESENTATION_CONTEXT('2D SPACE',''
  ) );
#6532 = ORIENTED_EDGE('',*,*,#6533,.T.);
#6533 = EDGE_CURVE('',#6518,#6534,#6536,.T.);
#6534 = VERTEX_POINT('',#6535);
#6535 = CARTESIAN_POINT('',(8.89,2.311400000743,2.283731145));
#6536 = SURFACE_CURVE('',#6537,(#6541),.PCURVE_S1.);
#6537 = B_SPLINE_CURVE_WITH_KNOTS('',2,(#6538,#6539,#6540),
  .UNSPECIFIED.,.F.,.F.,(3,3),(0.4375,0.5),.PIECEWISE_BEZIER_KNOTS.);
#6538 = CARTESIAN_POINT('',(8.89,2.340195177905,2.576093501513));
#6539 = CARTESIAN_POINT('',(8.89,2.311400000743,2.43133036343));
#6540 = CARTESIAN_POINT('',(8.89,2.311400000743,2.283731145));
#6541 = PCURVE('',#6425,#6542);
#6542 = DEFINITIONAL_REPRESENTATION('',(#6543),#6547);
#6543 = B_SPLINE_CURVE_WITH_KNOTS('',2,(#6544,#6545,#6546),
  .UNSPECIFIED.,.F.,.F.,(3,3),(0.4375,0.5),.PIECEWISE_BEZIER_KNOTS.);
#6544 = CARTESIAN_POINT('',(0.403611501,1.5422292E-02));
#6545 = CARTESIAN_POINT('',(0.451338239,5.928854E-03));
#6546 = CARTESIAN_POINT('',(0.5,5.928854E-03));
#6547 = ( GEOMETRIC_REPRESENTATION_CONTEXT(2) 
PARAMETRIC_REPRESENTATION_CONTEXT() REPRESENTATION_CONTEXT('2D SPACE',''
  ) );
#6548 = ORIENTED_EDGE('',*,*,#6549,.T.);
#6549 = EDGE_CURVE('',#6534,#6550,#6552,.T.);
#6550 = VERTEX_POINT('',#6551);
#6551 = CARTESIAN_POINT('',(8.89,2.340195177905,1.991368788487));
#6552 = SURFACE_CURVE('',#6553,(#6557),.PCURVE_S1.);
#6553 = B_SPLINE_CURVE_WITH_KNOTS('',2,(#6554,#6555,#6556),
  .UNSPECIFIED.,.F.,.F.,(3,3),(0.5,0.5625),.PIECEWISE_BEZIER_KNOTS.);
#6554 = CARTESIAN_POINT('',(8.89,2.311400000743,2.283731145));
#6555 = CARTESIAN_POINT('',(8.89,2.311400000743,2.13613192657));
#6556 = CARTESIAN_POINT('',(8.89,2.340195177905,1.991368788487));
#6557 = PCURVE('',#6425,#6558);
#6558 = DEFINITIONAL_REPRESENTATION('',(#6559),#6563);
#6559 = B_SPLINE_CURVE_WITH_KNOTS('',2,(#6560,#6561,#6562),
  .UNSPECIFIED.,.F.,.F.,(3,3),(0.5,0.5625),.PIECEWISE_BEZIER_KNOTS.);
#6560 = CARTESIAN_POINT('',(0.5,5.928854E-03));
#6561 = CARTESIAN_POINT('',(0.548661761,5.928854E-03));
#6562 = CARTESIAN_POINT('',(0.596388499,1.5422292E-02));
#6563 = ( GEOMETRIC_REPRESENTATION_CONTEXT(2) 
PARAMETRIC_REPRESENTATION_CONTEXT() REPRESENTATION_CONTEXT('2D SPACE',''
  ) );
#6564 = ORIENTED_EDGE('',*,*,#6565,.T.);
#6565 = EDGE_CURVE('',#6550,#6566,#6568,.T.);
#6566 = VERTEX_POINT('',#6567);
#6567 = CARTESIAN_POINT('',(8.89,2.425474131427,1.710241753493));
#6568 = SURFACE_CURVE('',#6569,(#6573),.PCURVE_S1.);
#6569 = B_SPLINE_CURVE_WITH_KNOTS('',2,(#6570,#6571,#6572),
  .UNSPECIFIED.,.F.,.F.,(3,3),(0.5625,0.625),.PIECEWISE_BEZIER_KNOTS.);
#6570 = CARTESIAN_POINT('',(8.89,2.340195177905,1.991368788487));
#6571 = CARTESIAN_POINT('',(8.89,2.368990358101,1.846605650404));
#6572 = CARTESIAN_POINT('',(8.89,2.425474131427,1.710241753493));
#6573 = PCURVE('',#6425,#6574);
#6574 = DEFINITIONAL_REPRESENTATION('',(#6575),#6579);
#6575 = B_SPLINE_CURVE_WITH_KNOTS('',2,(#6576,#6577,#6578),
  .UNSPECIFIED.,.F.,.F.,(3,3),(0.5625,0.625),.PIECEWISE_BEZIER_KNOTS.);
#6576 = CARTESIAN_POINT('',(0.596388499,1.5422292E-02));
#6577 = CARTESIAN_POINT('',(0.644115237,2.4915731E-02));
#6578 = CARTESIAN_POINT('',(0.689072842,4.353778E-02));
#6579 = ( GEOMETRIC_REPRESENTATION_CONTEXT(2) 
PARAMETRIC_REPRESENTATION_CONTEXT() REPRESENTATION_CONTEXT('2D SPACE',''
  ) );
#6580 = ORIENTED_EDGE('',*,*,#6581,.T.);
#6581 = EDGE_CURVE('',#6566,#6582,#6584,.T.);
#6582 = VERTEX_POINT('',#6583);
#6583 = CARTESIAN_POINT('',(8.89,2.563959640272,1.451153593335));
#6584 = SURFACE_CURVE('',#6585,(#6589),.PCURVE_S1.);
#6585 = B_SPLINE_CURVE_WITH_KNOTS('',2,(#6586,#6587,#6588),
  .UNSPECIFIED.,.F.,.F.,(3,3),(0.625,0.6875),.PIECEWISE_BEZIER_KNOTS.);
#6586 = CARTESIAN_POINT('',(8.89,2.425474131427,1.710241753493));
#6587 = CARTESIAN_POINT('',(8.89,2.481957907786,1.573877856583));
#6588 = CARTESIAN_POINT('',(8.89,2.563959640272,1.451153593335));
#6589 = PCURVE('',#6425,#6590);
#6590 = DEFINITIONAL_REPRESENTATION('',(#6591),#6595);
#6591 = B_SPLINE_CURVE_WITH_KNOTS('',2,(#6592,#6593,#6594),
  .UNSPECIFIED.,.F.,.F.,(3,3),(0.625,0.6875),.PIECEWISE_BEZIER_KNOTS.);
#6592 = CARTESIAN_POINT('',(0.689072842,4.353778E-02));
#6593 = CARTESIAN_POINT('',(0.734030447,6.215983E-02));
#6594 = CARTESIAN_POINT('',(0.774491222,8.9194856E-02));
#6595 = ( GEOMETRIC_REPRESENTATION_CONTEXT(2) 
PARAMETRIC_REPRESENTATION_CONTEXT() REPRESENTATION_CONTEXT('2D SPACE',''
  ) );
#6596 = ORIENTED_EDGE('',*,*,#6597,.T.);
#6597 = EDGE_CURVE('',#6582,#6598,#6600,.T.);
#6598 = VERTEX_POINT('',#6599);
#6599 = CARTESIAN_POINT('',(8.89,2.750329777406,1.224060922406));
#6600 = SURFACE_CURVE('',#6601,(#6605),.PCURVE_S1.);
#6601 = B_SPLINE_CURVE_WITH_KNOTS('',2,(#6602,#6603,#6604),
  .UNSPECIFIED.,.F.,.F.,(3,3),(0.6875,0.75),.PIECEWISE_BEZIER_KNOTS.);
#6602 = CARTESIAN_POINT('',(8.89,2.563959640272,1.451153593335));
#6603 = CARTESIAN_POINT('',(8.89,2.645961369725,1.328429330087));
#6604 = CARTESIAN_POINT('',(8.89,2.750329777406,1.224060922406));
#6605 = PCURVE('',#6425,#6606);
#6606 = DEFINITIONAL_REPRESENTATION('',(#6607),#6611);
#6607 = B_SPLINE_CURVE_WITH_KNOTS('',2,(#6608,#6609,#6610),
  .UNSPECIFIED.,.F.,.F.,(3,3),(0.6875,0.75),.PIECEWISE_BEZIER_KNOTS.);
#6608 = CARTESIAN_POINT('',(0.774491222,8.9194856E-02));
#6609 = CARTESIAN_POINT('',(0.814951997,0.116229881));
#6610 = CARTESIAN_POINT('',(0.849361058,0.150638942));
#6611 = ( GEOMETRIC_REPRESENTATION_CONTEXT(2) 
PARAMETRIC_REPRESENTATION_CONTEXT() REPRESENTATION_CONTEXT('2D SPACE',''
  ) );
#6612 = ORIENTED_EDGE('',*,*,#6613,.T.);
#6613 = EDGE_CURVE('',#6598,#6614,#6616,.T.);
#6614 = VERTEX_POINT('',#6615);
#6615 = CARTESIAN_POINT('',(8.89,2.977422448335,1.037690785272));
#6616 = SURFACE_CURVE('',#6617,(#6621),.PCURVE_S1.);
#6617 = B_SPLINE_CURVE_WITH_KNOTS('',2,(#6618,#6619,#6620),
  .UNSPECIFIED.,.F.,.F.,(3,3),(0.75,0.8125),.PIECEWISE_BEZIER_KNOTS.);
#6618 = CARTESIAN_POINT('',(8.89,2.750329777406,1.224060922406));
#6619 = CARTESIAN_POINT('',(8.89,2.854698185087,1.119692514725));
#6620 = CARTESIAN_POINT('',(8.89,2.977422448335,1.037690785272));
#6621 = PCURVE('',#6425,#6622);
#6622 = DEFINITIONAL_REPRESENTATION('',(#6623),#6627);
#6623 = B_SPLINE_CURVE_WITH_KNOTS('',2,(#6624,#6625,#6626),
  .UNSPECIFIED.,.F.,.F.,(3,3),(0.75,0.8125),.PIECEWISE_BEZIER_KNOTS.);
#6624 = CARTESIAN_POINT('',(0.849361058,0.150638942));
#6625 = CARTESIAN_POINT('',(0.883770119,0.185048003));
#6626 = CARTESIAN_POINT('',(0.910805144,0.225508778));
#6627 = ( GEOMETRIC_REPRESENTATION_CONTEXT(2) 
PARAMETRIC_REPRESENTATION_CONTEXT() REPRESENTATION_CONTEXT('2D SPACE',''
  ) );
#6628 = ORIENTED_EDGE('',*,*,#6629,.T.);
#6629 = EDGE_CURVE('',#6614,#6630,#6632,.T.);
#6630 = VERTEX_POINT('',#6631);
#6631 = CARTESIAN_POINT('',(8.89,3.236510608493,0.899205276427));
#6632 = SURFACE_CURVE('',#6633,(#6637),.PCURVE_S1.);
#6633 = B_SPLINE_CURVE_WITH_KNOTS('',2,(#6634,#6635,#6636),
  .UNSPECIFIED.,.F.,.F.,(3,3),(0.8125,0.875),.PIECEWISE_BEZIER_KNOTS.);
#6634 = CARTESIAN_POINT('',(8.89,2.977422448335,1.037690785272));
#6635 = CARTESIAN_POINT('',(8.89,3.100146711583,0.955689052786));
#6636 = CARTESIAN_POINT('',(8.89,3.236510608493,0.899205276427));
#6637 = PCURVE('',#6425,#6638);
#6638 = DEFINITIONAL_REPRESENTATION('',(#6639),#6643);
#6639 = B_SPLINE_CURVE_WITH_KNOTS('',2,(#6640,#6641,#6642),
  .UNSPECIFIED.,.F.,.F.,(3,3),(0.8125,0.875),.PIECEWISE_BEZIER_KNOTS.);
#6640 = CARTESIAN_POINT('',(0.910805144,0.225508778));
#6641 = CARTESIAN_POINT('',(0.93784017,0.265969553));
#6642 = CARTESIAN_POINT('',(0.95646222,0.310927158));
#6643 = ( GEOMETRIC_REPRESENTATION_CONTEXT(2) 
PARAMETRIC_REPRESENTATION_CONTEXT() REPRESENTATION_CONTEXT('2D SPACE',''
  ) );
#6644 = ORIENTED_EDGE('',*,*,#6645,.T.);
#6645 = EDGE_CURVE('',#6630,#6646,#6648,.T.);
#6646 = VERTEX_POINT('',#6647);
#6647 = CARTESIAN_POINT('',(8.89,3.517637643487,0.813926322905));
#6648 = SURFACE_CURVE('',#6649,(#6653),.PCURVE_S1.);
#6649 = B_SPLINE_CURVE_WITH_KNOTS('',2,(#6650,#6651,#6652),
  .UNSPECIFIED.,.F.,.F.,(3,3),(0.875,0.9375),.PIECEWISE_BEZIER_KNOTS.);
#6650 = CARTESIAN_POINT('',(8.89,3.236510608493,0.899205276427));
#6651 = CARTESIAN_POINT('',(8.89,3.372874505404,0.842721503101));
#6652 = CARTESIAN_POINT('',(8.89,3.517637643487,0.813926322905));
#6653 = PCURVE('',#6425,#6654);
#6654 = DEFINITIONAL_REPRESENTATION('',(#6655),#6659);
#6655 = B_SPLINE_CURVE_WITH_KNOTS('',2,(#6656,#6657,#6658),
  .UNSPECIFIED.,.F.,.F.,(3,3),(0.875,0.9375),.PIECEWISE_BEZIER_KNOTS.);
#6656 = CARTESIAN_POINT('',(0.95646222,0.310927158));
#6657 = CARTESIAN_POINT('',(0.975084269,0.355884763));
#6658 = CARTESIAN_POINT('',(0.984577708,0.403611501));
#6659 = ( GEOMETRIC_REPRESENTATION_CONTEXT(2) 
PARAMETRIC_REPRESENTATION_CONTEXT() REPRESENTATION_CONTEXT('2D SPACE',''
  ) );
#6660 = ORIENTED_EDGE('',*,*,#6661,.T.);
#6661 = EDGE_CURVE('',#6646,#6662,#6664,.T.);
#6662 = VERTEX_POINT('',#6663);
#6663 = CARTESIAN_POINT('',(8.89,3.81,0.785131145743));
#6664 = SURFACE_CURVE('',#6665,(#6669),.PCURVE_S1.);
#6665 = B_SPLINE_CURVE_WITH_KNOTS('',2,(#6666,#6667,#6668),
  .UNSPECIFIED.,.F.,.F.,(3,3),(0.9375,1.),.PIECEWISE_BEZIER_KNOTS.);
#6666 = CARTESIAN_POINT('',(8.89,3.517637643487,0.813926322905));
#6667 = CARTESIAN_POINT('',(8.89,3.66240078157,0.785131145743));
#6668 = CARTESIAN_POINT('',(8.89,3.81,0.785131145743));
#6669 = PCURVE('',#6425,#6670);
#6670 = DEFINITIONAL_REPRESENTATION('',(#6671),#6675);
#6671 = B_SPLINE_CURVE_WITH_KNOTS('',2,(#6672,#6673,#6674),
  .UNSPECIFIED.,.F.,.F.,(3,3),(0.9375,1.),.PIECEWISE_BEZIER_KNOTS.);
#6672 = CARTESIAN_POINT('',(0.984577708,0.403611501));
#6673 = CARTESIAN_POINT('',(0.994071146,0.451338239));
#6674 = CARTESIAN_POINT('',(0.994071146,0.5));
#6675 = ( GEOMETRIC_REPRESENTATION_CONTEXT(2) 
PARAMETRIC_REPRESENTATION_CONTEXT() REPRESENTATION_CONTEXT('2D SPACE',''
  ) );
#6676 = ORIENTED_EDGE('',*,*,#6677,.T.);
#6677 = EDGE_CURVE('',#6662,#6678,#6680,.T.);
#6678 = VERTEX_POINT('',#6679);
#6679 = CARTESIAN_POINT('',(8.89,4.102362356513,0.813926322905));
#6680 = SURFACE_CURVE('',#6681,(#6685),.PCURVE_S1.);
#6681 = B_SPLINE_CURVE_WITH_KNOTS('',2,(#6682,#6683,#6684),
  .UNSPECIFIED.,.F.,.F.,(3,3),(0.,6.25E-02),.PIECEWISE_BEZIER_KNOTS.);
#6682 = CARTESIAN_POINT('',(8.89,3.81,0.785131145743));
#6683 = CARTESIAN_POINT('',(8.89,3.95759921843,0.785131145743));
#6684 = CARTESIAN_POINT('',(8.89,4.102362356513,0.813926322905));
#6685 = PCURVE('',#6425,#6686);
#6686 = DEFINITIONAL_REPRESENTATION('',(#6687),#6691);
#6687 = B_SPLINE_CURVE_WITH_KNOTS('',2,(#6688,#6689,#6690),
  .UNSPECIFIED.,.F.,.F.,(3,3),(0.,6.25E-02),.PIECEWISE_BEZIER_KNOTS.);
#6688 = CARTESIAN_POINT('',(0.994071146,0.5));
#6689 = CARTESIAN_POINT('',(0.994071146,0.548661761));
#6690 = CARTESIAN_POINT('',(0.984577708,0.596388499));
#6691 = ( GEOMETRIC_REPRESENTATION_CONTEXT(2) 
PARAMETRIC_REPRESENTATION_CONTEXT() REPRESENTATION_CONTEXT('2D SPACE',''
  ) );
#6692 = ORIENTED_EDGE('',*,*,#6693,.T.);
#6693 = EDGE_CURVE('',#6678,#6694,#6696,.T.);
#6694 = VERTEX_POINT('',#6695);
#6695 = CARTESIAN_POINT('',(8.89,4.383489391507,0.899205276427));
#6696 = SURFACE_CURVE('',#6697,(#6701),.PCURVE_S1.);
#6697 = B_SPLINE_CURVE_WITH_KNOTS('',2,(#6698,#6699,#6700),
  .UNSPECIFIED.,.F.,.F.,(3,3),(6.25E-02,0.125),
  .PIECEWISE_BEZIER_KNOTS.);
#6698 = CARTESIAN_POINT('',(8.89,4.102362356513,0.813926322905));
#6699 = CARTESIAN_POINT('',(8.89,4.247125494596,0.842721503101));
#6700 = CARTESIAN_POINT('',(8.89,4.383489391507,0.899205276427));
#6701 = PCURVE('',#6425,#6702);
#6702 = DEFINITIONAL_REPRESENTATION('',(#6703),#6707);
#6703 = B_SPLINE_CURVE_WITH_KNOTS('',2,(#6704,#6705,#6706),
  .UNSPECIFIED.,.F.,.F.,(3,3),(6.25E-02,0.125),
  .PIECEWISE_BEZIER_KNOTS.);
#6704 = CARTESIAN_POINT('',(0.984577708,0.596388499));
#6705 = CARTESIAN_POINT('',(0.975084269,0.644115237));
#6706 = CARTESIAN_POINT('',(0.95646222,0.689072842));
#6707 = ( GEOMETRIC_REPRESENTATION_CONTEXT(2) 
PARAMETRIC_REPRESENTATION_CONTEXT() REPRESENTATION_CONTEXT('2D SPACE',''
  ) );
#6708 = ORIENTED_EDGE('',*,*,#6709,.T.);
#6709 = EDGE_CURVE('',#6694,#6710,#6712,.T.);
#6710 = VERTEX_POINT('',#6711);
#6711 = CARTESIAN_POINT('',(8.89,4.642577551665,1.037690785272));
#6712 = SURFACE_CURVE('',#6713,(#6717),.PCURVE_S1.);
#6713 = B_SPLINE_CURVE_WITH_KNOTS('',2,(#6714,#6715,#6716),
  .UNSPECIFIED.,.F.,.F.,(3,3),(0.125,0.1875),.PIECEWISE_BEZIER_KNOTS.);
#6714 = CARTESIAN_POINT('',(8.89,4.383489391507,0.899205276427));
#6715 = CARTESIAN_POINT('',(8.89,4.519853288417,0.955689052786));
#6716 = CARTESIAN_POINT('',(8.89,4.642577551665,1.037690785272));
#6717 = PCURVE('',#6425,#6718);
#6718 = DEFINITIONAL_REPRESENTATION('',(#6719),#6723);
#6719 = B_SPLINE_CURVE_WITH_KNOTS('',2,(#6720,#6721,#6722),
  .UNSPECIFIED.,.F.,.F.,(3,3),(0.125,0.1875),.PIECEWISE_BEZIER_KNOTS.);
#6720 = CARTESIAN_POINT('',(0.95646222,0.689072842));
#6721 = CARTESIAN_POINT('',(0.93784017,0.734030447));
#6722 = CARTESIAN_POINT('',(0.910805144,0.774491222));
#6723 = ( GEOMETRIC_REPRESENTATION_CONTEXT(2) 
PARAMETRIC_REPRESENTATION_CONTEXT() REPRESENTATION_CONTEXT('2D SPACE',''
  ) );
#6724 = ORIENTED_EDGE('',*,*,#6725,.T.);
#6725 = EDGE_CURVE('',#6710,#6726,#6728,.T.);
#6726 = VERTEX_POINT('',#6727);
#6727 = CARTESIAN_POINT('',(8.89,4.869670222594,1.224060922406));
#6728 = SURFACE_CURVE('',#6729,(#6733),.PCURVE_S1.);
#6729 = B_SPLINE_CURVE_WITH_KNOTS('',2,(#6730,#6731,#6732),
  .UNSPECIFIED.,.F.,.F.,(3,3),(0.1875,0.25),.PIECEWISE_BEZIER_KNOTS.);
#6730 = CARTESIAN_POINT('',(8.89,4.642577551665,1.037690785272));
#6731 = CARTESIAN_POINT('',(8.89,4.765301814913,1.119692514725));
#6732 = CARTESIAN_POINT('',(8.89,4.869670222594,1.224060922406));
#6733 = PCURVE('',#6425,#6734);
#6734 = DEFINITIONAL_REPRESENTATION('',(#6735),#6739);
#6735 = B_SPLINE_CURVE_WITH_KNOTS('',2,(#6736,#6737,#6738),
  .UNSPECIFIED.,.F.,.F.,(3,3),(0.1875,0.25),.PIECEWISE_BEZIER_KNOTS.);
#6736 = CARTESIAN_POINT('',(0.910805144,0.774491222));
#6737 = CARTESIAN_POINT('',(0.883770119,0.814951997));
#6738 = CARTESIAN_POINT('',(0.849361058,0.849361058));
#6739 = ( GEOMETRIC_REPRESENTATION_CONTEXT(2) 
PARAMETRIC_REPRESENTATION_CONTEXT() REPRESENTATION_CONTEXT('2D SPACE',''
  ) );
#6740 = ORIENTED_EDGE('',*,*,#6741,.T.);
#6741 = EDGE_CURVE('',#6726,#6742,#6744,.T.);
#6742 = VERTEX_POINT('',#6743);
#6743 = CARTESIAN_POINT('',(8.89,5.056040359728,1.451153593335));
#6744 = SURFACE_CURVE('',#6745,(#6749),.PCURVE_S1.);
#6745 = B_SPLINE_CURVE_WITH_KNOTS('',2,(#6746,#6747,#6748),
  .UNSPECIFIED.,.F.,.F.,(3,3),(0.25,0.3125),.PIECEWISE_BEZIER_KNOTS.);
#6746 = CARTESIAN_POINT('',(8.89,4.869670222594,1.224060922406));
#6747 = CARTESIAN_POINT('',(8.89,4.974038630275,1.328429330087));
#6748 = CARTESIAN_POINT('',(8.89,5.056040359728,1.451153593335));
#6749 = PCURVE('',#6425,#6750);
#6750 = DEFINITIONAL_REPRESENTATION('',(#6751),#6755);
#6751 = B_SPLINE_CURVE_WITH_KNOTS('',2,(#6752,#6753,#6754),
  .UNSPECIFIED.,.F.,.F.,(3,3),(0.25,0.3125),.PIECEWISE_BEZIER_KNOTS.);
#6752 = CARTESIAN_POINT('',(0.849361058,0.849361058));
#6753 = CARTESIAN_POINT('',(0.814951997,0.883770119));
#6754 = CARTESIAN_POINT('',(0.774491222,0.910805144));
#6755 = ( GEOMETRIC_REPRESENTATION_CONTEXT(2) 
PARAMETRIC_REPRESENTATION_CONTEXT() REPRESENTATION_CONTEXT('2D SPACE',''
  ) );
#6756 = ORIENTED_EDGE('',*,*,#6757,.T.);
#6757 = EDGE_CURVE('',#6742,#6758,#6760,.T.);
#6758 = VERTEX_POINT('',#6759);
#6759 = CARTESIAN_POINT('',(8.89,5.194525868573,1.710241753493));
#6760 = SURFACE_CURVE('',#6761,(#6765),.PCURVE_S1.);
#6761 = B_SPLINE_CURVE_WITH_KNOTS('',2,(#6762,#6763,#6764),
  .UNSPECIFIED.,.F.,.F.,(3,3),(0.3125,0.375),.PIECEWISE_BEZIER_KNOTS.);
#6762 = CARTESIAN_POINT('',(8.89,5.056040359728,1.451153593335));
#6763 = CARTESIAN_POINT('',(8.89,5.138042092214,1.573877856583));
#6764 = CARTESIAN_POINT('',(8.89,5.194525868573,1.710241753493));
#6765 = PCURVE('',#6425,#6766);
#6766 = DEFINITIONAL_REPRESENTATION('',(#6767),#6771);
#6767 = B_SPLINE_CURVE_WITH_KNOTS('',2,(#6768,#6769,#6770),
  .UNSPECIFIED.,.F.,.F.,(3,3),(0.3125,0.375),.PIECEWISE_BEZIER_KNOTS.);
#6768 = CARTESIAN_POINT('',(0.774491222,0.910805144));
#6769 = CARTESIAN_POINT('',(0.734030447,0.93784017));
#6770 = CARTESIAN_POINT('',(0.689072842,0.95646222));
#6771 = ( GEOMETRIC_REPRESENTATION_CONTEXT(2) 
PARAMETRIC_REPRESENTATION_CONTEXT() REPRESENTATION_CONTEXT('2D SPACE',''
  ) );
#6772 = ORIENTED_EDGE('',*,*,#6773,.T.);
#6773 = EDGE_CURVE('',#6758,#6774,#6776,.T.);
#6774 = VERTEX_POINT('',#6775);
#6775 = CARTESIAN_POINT('',(8.89,5.279804822095,1.991368788487));
#6776 = SURFACE_CURVE('',#6777,(#6781),.PCURVE_S1.);
#6777 = B_SPLINE_CURVE_WITH_KNOTS('',2,(#6778,#6779,#6780),
  .UNSPECIFIED.,.F.,.F.,(3,3),(0.375,0.4375),.PIECEWISE_BEZIER_KNOTS.);
#6778 = CARTESIAN_POINT('',(8.89,5.194525868573,1.710241753493));
#6779 = CARTESIAN_POINT('',(8.89,5.251009641899,1.846605650404));
#6780 = CARTESIAN_POINT('',(8.89,5.279804822095,1.991368788487));
#6781 = PCURVE('',#6425,#6782);
#6782 = DEFINITIONAL_REPRESENTATION('',(#6783),#6787);
#6783 = B_SPLINE_CURVE_WITH_KNOTS('',2,(#6784,#6785,#6786),
  .UNSPECIFIED.,.F.,.F.,(3,3),(0.375,0.4375),.PIECEWISE_BEZIER_KNOTS.);
#6784 = CARTESIAN_POINT('',(0.689072842,0.95646222));
#6785 = CARTESIAN_POINT('',(0.644115237,0.975084269));
#6786 = CARTESIAN_POINT('',(0.596388499,0.984577708));
#6787 = ( GEOMETRIC_REPRESENTATION_CONTEXT(2) 
PARAMETRIC_REPRESENTATION_CONTEXT() REPRESENTATION_CONTEXT('2D SPACE',''
  ) );
#6788 = ORIENTED_EDGE('',*,*,#6789,.T.);
#6789 = EDGE_CURVE('',#6774,#6790,#6792,.T.);
#6790 = VERTEX_POINT('',#6791);
#6791 = CARTESIAN_POINT('',(8.89,5.308599999257,2.283731145));
#6792 = SURFACE_CURVE('',#6793,(#6797),.PCURVE_S1.);
#6793 = B_SPLINE_CURVE_WITH_KNOTS('',2,(#6794,#6795,#6796),
  .UNSPECIFIED.,.F.,.F.,(3,3),(0.4375,0.5),.PIECEWISE_BEZIER_KNOTS.);
#6794 = CARTESIAN_POINT('',(8.89,5.279804822095,1.991368788487));
#6795 = CARTESIAN_POINT('',(8.89,5.308599999257,2.13613192657));
#6796 = CARTESIAN_POINT('',(8.89,5.308599999257,2.283731145));
#6797 = PCURVE('',#6425,#6798);
#6798 = DEFINITIONAL_REPRESENTATION('',(#6799),#6803);
#6799 = B_SPLINE_CURVE_WITH_KNOTS('',2,(#6800,#6801,#6802),
  .UNSPECIFIED.,.F.,.F.,(3,3),(0.4375,0.5),.PIECEWISE_BEZIER_KNOTS.);
#6800 = CARTESIAN_POINT('',(0.596388499,0.984577708));
#6801 = CARTESIAN_POINT('',(0.548661761,0.994071146));
#6802 = CARTESIAN_POINT('',(0.5,0.994071146));
#6803 = ( GEOMETRIC_REPRESENTATION_CONTEXT(2) 
PARAMETRIC_REPRESENTATION_CONTEXT() REPRESENTATION_CONTEXT('2D SPACE',''
  ) );
#6804 = ORIENTED_EDGE('',*,*,#6805,.T.);
#6805 = EDGE_CURVE('',#6790,#6806,#6808,.T.);
#6806 = VERTEX_POINT('',#6807);
#6807 = CARTESIAN_POINT('',(8.89,5.279804822095,2.576093501513));
#6808 = SURFACE_CURVE('',#6809,(#6813),.PCURVE_S1.);
#6809 = B_SPLINE_CURVE_WITH_KNOTS('',2,(#6810,#6811,#6812),
  .UNSPECIFIED.,.F.,.F.,(3,3),(0.5,0.5625),.PIECEWISE_BEZIER_KNOTS.);
#6810 = CARTESIAN_POINT('',(8.89,5.308599999257,2.283731145));
#6811 = CARTESIAN_POINT('',(8.89,5.308599999257,2.43133036343));
#6812 = CARTESIAN_POINT('',(8.89,5.279804822095,2.576093501513));
#6813 = PCURVE('',#6425,#6814);
#6814 = DEFINITIONAL_REPRESENTATION('',(#6815),#6819);
#6815 = B_SPLINE_CURVE_WITH_KNOTS('',2,(#6816,#6817,#6818),
  .UNSPECIFIED.,.F.,.F.,(3,3),(0.5,0.5625),.PIECEWISE_BEZIER_KNOTS.);
#6816 = CARTESIAN_POINT('',(0.5,0.994071146));
#6817 = CARTESIAN_POINT('',(0.451338239,0.994071146));
#6818 = CARTESIAN_POINT('',(0.403611501,0.984577708));
#6819 = ( GEOMETRIC_REPRESENTATION_CONTEXT(2) 
PARAMETRIC_REPRESENTATION_CONTEXT() REPRESENTATION_CONTEXT('2D SPACE',''
  ) );
#6820 = ORIENTED_EDGE('',*,*,#6821,.T.);
#6821 = EDGE_CURVE('',#6806,#6822,#6824,.T.);
#6822 = VERTEX_POINT('',#6823);
#6823 = CARTESIAN_POINT('',(8.89,5.194525868573,2.857220536507));
#6824 = SURFACE_CURVE('',#6825,(#6829),.PCURVE_S1.);
#6825 = B_SPLINE_CURVE_WITH_KNOTS('',2,(#6826,#6827,#6828),
  .UNSPECIFIED.,.F.,.F.,(3,3),(0.5625,0.625),.PIECEWISE_BEZIER_KNOTS.);
#6826 = CARTESIAN_POINT('',(8.89,5.279804822095,2.576093501513));
#6827 = CARTESIAN_POINT('',(8.89,5.251009641899,2.720856639596));
#6828 = CARTESIAN_POINT('',(8.89,5.194525868573,2.857220536507));
#6829 = PCURVE('',#6425,#6830);
#6830 = DEFINITIONAL_REPRESENTATION('',(#6831),#6835);
#6831 = B_SPLINE_CURVE_WITH_KNOTS('',2,(#6832,#6833,#6834),
  .UNSPECIFIED.,.F.,.F.,(3,3),(0.5625,0.625),.PIECEWISE_BEZIER_KNOTS.);
#6832 = CARTESIAN_POINT('',(0.403611501,0.984577708));
#6833 = CARTESIAN_POINT('',(0.355884763,0.975084269));
#6834 = CARTESIAN_POINT('',(0.310927158,0.95646222));
#6835 = ( GEOMETRIC_REPRESENTATION_CONTEXT(2) 
PARAMETRIC_REPRESENTATION_CONTEXT() REPRESENTATION_CONTEXT('2D SPACE',''
  ) );
#6836 = ORIENTED_EDGE('',*,*,#6837,.T.);
#6837 = EDGE_CURVE('',#6822,#6838,#6840,.T.);
#6838 = VERTEX_POINT('',#6839);
#6839 = CARTESIAN_POINT('',(8.89,5.056040359728,3.116308696665));
#6840 = SURFACE_CURVE('',#6841,(#6845),.PCURVE_S1.);
#6841 = B_SPLINE_CURVE_WITH_KNOTS('',2,(#6842,#6843,#6844),
  .UNSPECIFIED.,.F.,.F.,(3,3),(0.625,0.6875),.PIECEWISE_BEZIER_KNOTS.);
#6842 = CARTESIAN_POINT('',(8.89,5.194525868573,2.857220536507));
#6843 = CARTESIAN_POINT('',(8.89,5.138042092214,2.993584433417));
#6844 = CARTESIAN_POINT('',(8.89,5.056040359728,3.116308696665));
#6845 = PCURVE('',#6425,#6846);
#6846 = DEFINITIONAL_REPRESENTATION('',(#6847),#6851);
#6847 = B_SPLINE_CURVE_WITH_KNOTS('',2,(#6848,#6849,#6850),
  .UNSPECIFIED.,.F.,.F.,(3,3),(0.625,0.6875),.PIECEWISE_BEZIER_KNOTS.);
#6848 = CARTESIAN_POINT('',(0.310927158,0.95646222));
#6849 = CARTESIAN_POINT('',(0.265969553,0.93784017));
#6850 = CARTESIAN_POINT('',(0.225508778,0.910805144));
#6851 = ( GEOMETRIC_REPRESENTATION_CONTEXT(2) 
PARAMETRIC_REPRESENTATION_CONTEXT() REPRESENTATION_CONTEXT('2D SPACE',''
  ) );
#6852 = ORIENTED_EDGE('',*,*,#6853,.T.);
#6853 = EDGE_CURVE('',#6838,#6854,#6856,.T.);
#6854 = VERTEX_POINT('',#6855);
#6855 = CARTESIAN_POINT('',(8.89,4.869670222594,3.343401367594));
#6856 = SURFACE_CURVE('',#6857,(#6861),.PCURVE_S1.);
#6857 = B_SPLINE_CURVE_WITH_KNOTS('',2,(#6858,#6859,#6860),
  .UNSPECIFIED.,.F.,.F.,(3,3),(0.6875,0.75),.PIECEWISE_BEZIER_KNOTS.);
#6858 = CARTESIAN_POINT('',(8.89,5.056040359728,3.116308696665));
#6859 = CARTESIAN_POINT('',(8.89,4.974038630275,3.239032959913));
#6860 = CARTESIAN_POINT('',(8.89,4.869670222594,3.343401367594));
#6861 = PCURVE('',#6425,#6862);
#6862 = DEFINITIONAL_REPRESENTATION('',(#6863),#6867);
#6863 = B_SPLINE_CURVE_WITH_KNOTS('',2,(#6864,#6865,#6866),
  .UNSPECIFIED.,.F.,.F.,(3,3),(0.6875,0.75),.PIECEWISE_BEZIER_KNOTS.);
#6864 = CARTESIAN_POINT('',(0.225508778,0.910805144));
#6865 = CARTESIAN_POINT('',(0.185048003,0.883770119));
#6866 = CARTESIAN_POINT('',(0.150638942,0.849361058));
#6867 = ( GEOMETRIC_REPRESENTATION_CONTEXT(2) 
PARAMETRIC_REPRESENTATION_CONTEXT() REPRESENTATION_CONTEXT('2D SPACE',''
  ) );
#6868 = ORIENTED_EDGE('',*,*,#6869,.T.);
#6869 = EDGE_CURVE('',#6854,#6870,#6872,.T.);
#6870 = VERTEX_POINT('',#6871);
#6871 = CARTESIAN_POINT('',(8.89,4.642577551665,3.529771504728));
#6872 = SURFACE_CURVE('',#6873,(#6877),.PCURVE_S1.);
#6873 = B_SPLINE_CURVE_WITH_KNOTS('',2,(#6874,#6875,#6876),
  .UNSPECIFIED.,.F.,.F.,(3,3),(0.75,0.8125),.PIECEWISE_BEZIER_KNOTS.);
#6874 = CARTESIAN_POINT('',(8.89,4.869670222594,3.343401367594));
#6875 = CARTESIAN_POINT('',(8.89,4.765301814913,3.447769775275));
#6876 = CARTESIAN_POINT('',(8.89,4.642577551665,3.529771504728));
#6877 = PCURVE('',#6425,#6878);
#6878 = DEFINITIONAL_REPRESENTATION('',(#6879),#6883);
#6879 = B_SPLINE_CURVE_WITH_KNOTS('',2,(#6880,#6881,#6882),
  .UNSPECIFIED.,.F.,.F.,(3,3),(0.75,0.8125),.PIECEWISE_BEZIER_KNOTS.);
#6880 = CARTESIAN_POINT('',(0.150638942,0.849361058));
#6881 = CARTESIAN_POINT('',(0.116229881,0.814951997));
#6882 = CARTESIAN_POINT('',(8.9194856E-02,0.774491222));
#6883 = ( GEOMETRIC_REPRESENTATION_CONTEXT(2) 
PARAMETRIC_REPRESENTATION_CONTEXT() REPRESENTATION_CONTEXT('2D SPACE',''
  ) );
#6884 = ORIENTED_EDGE('',*,*,#6885,.T.);
#6885 = EDGE_CURVE('',#6870,#6886,#6888,.T.);
#6886 = VERTEX_POINT('',#6887);
#6887 = CARTESIAN_POINT('',(8.89,4.383489391507,3.668257013573));
#6888 = SURFACE_CURVE('',#6889,(#6893),.PCURVE_S1.);
#6889 = B_SPLINE_CURVE_WITH_KNOTS('',2,(#6890,#6891,#6892),
  .UNSPECIFIED.,.F.,.F.,(3,3),(0.8125,0.875),.PIECEWISE_BEZIER_KNOTS.);
#6890 = CARTESIAN_POINT('',(8.89,4.642577551665,3.529771504728));
#6891 = CARTESIAN_POINT('',(8.89,4.519853288417,3.611773237214));
#6892 = CARTESIAN_POINT('',(8.89,4.383489391507,3.668257013573));
#6893 = PCURVE('',#6425,#6894);
#6894 = DEFINITIONAL_REPRESENTATION('',(#6895),#6899);
#6895 = B_SPLINE_CURVE_WITH_KNOTS('',2,(#6896,#6897,#6898),
  .UNSPECIFIED.,.F.,.F.,(3,3),(0.8125,0.875),.PIECEWISE_BEZIER_KNOTS.);
#6896 = CARTESIAN_POINT('',(8.9194856E-02,0.774491222));
#6897 = CARTESIAN_POINT('',(6.215983E-02,0.734030447));
#6898 = CARTESIAN_POINT('',(4.353778E-02,0.689072842));
#6899 = ( GEOMETRIC_REPRESENTATION_CONTEXT(2) 
PARAMETRIC_REPRESENTATION_CONTEXT() REPRESENTATION_CONTEXT('2D SPACE',''
  ) );
#6900 = ORIENTED_EDGE('',*,*,#6901,.T.);
#6901 = EDGE_CURVE('',#6886,#6902,#6904,.T.);
#6902 = VERTEX_POINT('',#6903);
#6903 = CARTESIAN_POINT('',(8.89,4.102362356513,3.753535967095));
#6904 = SURFACE_CURVE('',#6905,(#6909),.PCURVE_S1.);
#6905 = B_SPLINE_CURVE_WITH_KNOTS('',2,(#6906,#6907,#6908),
  .UNSPECIFIED.,.F.,.F.,(3,3),(0.875,0.9375),.PIECEWISE_BEZIER_KNOTS.);
#6906 = CARTESIAN_POINT('',(8.89,4.383489391507,3.668257013573));
#6907 = CARTESIAN_POINT('',(8.89,4.247125494596,3.724740786899));
#6908 = CARTESIAN_POINT('',(8.89,4.102362356513,3.753535967095));
#6909 = PCURVE('',#6425,#6910);
#6910 = DEFINITIONAL_REPRESENTATION('',(#6911),#6915);
#6911 = B_SPLINE_CURVE_WITH_KNOTS('',2,(#6912,#6913,#6914),
  .UNSPECIFIED.,.F.,.F.,(3,3),(0.875,0.9375),.PIECEWISE_BEZIER_KNOTS.);
#6912 = CARTESIAN_POINT('',(4.353778E-02,0.689072842));
#6913 = CARTESIAN_POINT('',(2.4915731E-02,0.644115237));
#6914 = CARTESIAN_POINT('',(1.5422292E-02,0.596388499));
#6915 = ( GEOMETRIC_REPRESENTATION_CONTEXT(2) 
PARAMETRIC_REPRESENTATION_CONTEXT() REPRESENTATION_CONTEXT('2D SPACE',''
  ) );
#6916 = ORIENTED_EDGE('',*,*,#6917,.T.);
#6917 = EDGE_CURVE('',#6902,#6415,#6918,.T.);
#6918 = SURFACE_CURVE('',#6919,(#6923),.PCURVE_S1.);
#6919 = B_SPLINE_CURVE_WITH_KNOTS('',2,(#6920,#6921,#6922),
  .UNSPECIFIED.,.F.,.F.,(3,3),(0.9375,1.),.PIECEWISE_BEZIER_KNOTS.);
#6920 = CARTESIAN_POINT('',(8.89,4.102362356513,3.753535967095));
#6921 = CARTESIAN_POINT('',(8.89,3.95759921843,3.782331144257));
#6922 = CARTESIAN_POINT('',(8.89,3.81,3.782331144257));
#6923 = PCURVE('',#6425,#6924);
#6924 = DEFINITIONAL_REPRESENTATION('',(#6925),#6929);
#6925 = B_SPLINE_CURVE_WITH_KNOTS('',2,(#6926,#6927,#6928),
  .UNSPECIFIED.,.F.,.F.,(3,3),(0.9375,1.),.PIECEWISE_BEZIER_KNOTS.);
#6926 = CARTESIAN_POINT('',(1.5422292E-02,0.596388499));
#6927 = CARTESIAN_POINT('',(5.928854E-03,0.548661761));
#6928 = CARTESIAN_POINT('',(5.928854E-03,0.5));
#6929 = ( GEOMETRIC_REPRESENTATION_CONTEXT(2) 
PARAMETRIC_REPRESENTATION_CONTEXT() REPRESENTATION_CONTEXT('2D SPACE',''
  ) );
#6930 = ( GEOMETRIC_REPRESENTATION_CONTEXT(3) 
GLOBAL_UNCERTAINTY_ASSIGNED_CONTEXT((#6934)) 
GLOBAL_UNIT_ASSIGNED_CONTEXT((#6931,#6932,#6933)) REPRESENTATION_CONTEXT
('Context #1','3D Context with UNIT and UNCERTAINTY') );
#6931 = ( LENGTH_UNIT() NAMED_UNIT(*) SI_UNIT(.MILLI.,.METRE.) );
#6932 = ( NAMED_UNIT(*) PLANE_ANGLE_UNIT() SI_UNIT($,.RADIAN.) );
#6933 = ( NAMED_UNIT(*) SI_UNIT($,.STERADIAN.) SOLID_ANGLE_UNIT() );
#6934 = UNCERTAINTY_MEASURE_WITH_UNIT(LENGTH_MEASURE(1.E-05),#6931,
  'distance_accuracy_value','confusion accuracy');
#6935 = PRODUCT_RELATED_PRODUCT_CATEGORY('part',$,(#6404));
#6936 = SHAPE_DEFINITION_REPRESENTATION(#6937,#6943);
#6937 = PRODUCT_DEFINITION_SHAPE('','',#6938);
#6938 = PRODUCT_DEFINITION('design','',#6939,#6942);
#6939 = PRODUCT_DEFINITION_FORMATION('','',#6940);
#6940 = PRODUCT('FACE','FACE','',(#6941));
#6941 = PRODUCT_CONTEXT('',#2,'mechanical');
#6942 = PRODUCT_DEFINITION_CONTEXT('part definition',#2,'design');
#6943 = MANIFOLD_SURFACE_SHAPE_REPRESENTATION('',(#11,#6944),#7076);
#6944 = SHELL_BASED_SURFACE_MODEL('',(#6945));
#6945 = OPEN_SHELL('',(#6946));
#6946 = ADVANCED_FACE('',(#6947),#6961,.T.);
#6947 = FACE_BOUND('',#6948,.T.);
#6948 = EDGE_LOOP('',(#6949,#6974,#6992,#7010,#7028,#7047,#7062));
#6949 = ORIENTED_EDGE('',*,*,#6950,.F.);
#6950 = EDGE_CURVE('',#6951,#6953,#6955,.T.);
#6951 = VERTEX_POINT('',#6952);
#6952 = CARTESIAN_POINT('',(5.10540000351,5.3086,0.330199999966));
#6953 = VERTEX_POINT('',#6954);
#6954 = CARTESIAN_POINT('',(6.35,5.3086,0.3302));
#6955 = SURFACE_CURVE('',#6956,(#6960),.PCURVE_S1.);
#6956 = LINE('',#6957,#6958);
#6957 = CARTESIAN_POINT('',(5.1054,5.3086,0.3302));
#6958 = VECTOR('',#6959,1.);
#6959 = DIRECTION('',(1.,0.,0.));
#6960 = PCURVE('',#6961,#6969);
#6961 = SURFACE_OF_REVOLUTION('',#6962,#6966);
#6962 = LINE('',#6963,#6964);
#6963 = CARTESIAN_POINT('',(6.35,4.9784,0.6604));
#6964 = VECTOR('',#6965,1.);
#6965 = DIRECTION('',(-1.,0.,0.));
#6966 = AXIS1_PLACEMENT('',#6967,#6968);
#6967 = CARTESIAN_POINT('',(6.35,4.9784,0.3302));
#6968 = DIRECTION('',(1.,0.,0.));
#6969 = DEFINITIONAL_REPRESENTATION('',(#6970),#6973);
#6970 = B_SPLINE_CURVE_WITH_KNOTS('',1,(#6971,#6972),.UNSPECIFIED.,.F.,
  .F.,(2,2),(0.,1.2446),.PIECEWISE_BEZIER_KNOTS.);
#6971 = CARTESIAN_POINT('',(4.71238898018,1.244599992981));
#6972 = CARTESIAN_POINT('',(4.71238898018,-1.612749578302E-15));
#6973 = ( GEOMETRIC_REPRESENTATION_CONTEXT(2) 
PARAMETRIC_REPRESENTATION_CONTEXT() REPRESENTATION_CONTEXT('2D SPACE',''
  ) );
#6974 = ORIENTED_EDGE('',*,*,#6975,.F.);
#6975 = EDGE_CURVE('',#6976,#6951,#6978,.T.);
#6976 = VERTEX_POINT('',#6977);
#6977 = CARTESIAN_POINT('',(5.083515241317,5.283465021698,0.203837930784
    ));
#6978 = SURFACE_CURVE('',#6979,(#6985),.PCURVE_S1.);
#6979 = B_SPLINE_CURVE_WITH_KNOTS('',4,(#6980,#6981,#6982,#6983,#6984),
  .UNSPECIFIED.,.F.,.F.,(5,5),(0.75,1.),.PIECEWISE_BEZIER_KNOTS.);
#6980 = CARTESIAN_POINT('',(5.083515241317,5.283465021698,0.203837930784
    ));
#6981 = CARTESIAN_POINT('',(5.094457624168,5.296032510841,0.234178533561
    ));
#6982 = CARTESIAN_POINT('',(5.101752546069,5.304467698458,0.265927364244
    ));
#6983 = CARTESIAN_POINT('',(5.105400007019,5.308599999993,0.298205813451
    ));
#6984 = CARTESIAN_POINT('',(5.105400007019,5.3086,0.330199999932));
#6985 = PCURVE('',#6961,#6986);
#6986 = DEFINITIONAL_REPRESENTATION('',(#6987),#6991);
#6987 = B_SPLINE_CURVE_WITH_KNOTS('',2,(#6988,#6989,#6990),
  .UNSPECIFIED.,.F.,.F.,(3,3),(0.75,1.),.PIECEWISE_BEZIER_KNOTS.);
#6988 = CARTESIAN_POINT('',(4.31968989918,1.266484758683));
#6989 = CARTESIAN_POINT('',(4.51860226618,1.244599992981));
#6990 = CARTESIAN_POINT('',(4.71238898018,1.244599992981));
#6991 = ( GEOMETRIC_REPRESENTATION_CONTEXT(2) 
PARAMETRIC_REPRESENTATION_CONTEXT() REPRESENTATION_CONTEXT('2D SPACE',''
  ) );
#6992 = ORIENTED_EDGE('',*,*,#6993,.F.);
#6993 = EDGE_CURVE('',#6994,#6976,#6996,.T.);
#6994 = VERTEX_POINT('',#6995);
#6995 = CARTESIAN_POINT('',(5.021192701586,5.211886659193,
    9.671334089711E-02));
#6996 = SURFACE_CURVE('',#6997,(#7003),.PCURVE_S1.);
#6997 = B_SPLINE_CURVE_WITH_KNOTS('',4,(#6998,#6999,#7000,#7001,#7002),
  .UNSPECIFIED.,.F.,.F.,(5,5),(0.5,0.75),.PIECEWISE_BEZIER_KNOTS.);
#6998 = CARTESIAN_POINT('',(5.021192701586,5.211886659193,
    9.671334089711E-02));
#6999 = CARTESIAN_POINT('',(5.042026159676,5.235814195385,0.120640877099
    ));
#7000 = CARTESIAN_POINT('',(5.059357735661,5.25579866082,0.147171133889)
  );
#7001 = CARTESIAN_POINT('',(5.073187429541,5.271603376668,0.17520138644)
  );
#7002 = CARTESIAN_POINT('',(5.083515241317,5.283465021698,0.203837930784
    ));
#7003 = PCURVE('',#6961,#7004);
#7004 = DEFINITIONAL_REPRESENTATION('',(#7005),#7009);
#7005 = B_SPLINE_CURVE_WITH_KNOTS('',2,(#7006,#7007,#7008),
  .UNSPECIFIED.,.F.,.F.,(3,3),(0.5,0.75),.PIECEWISE_BEZIER_KNOTS.);
#7006 = CARTESIAN_POINT('',(3.92699081718,1.328807298414));
#7007 = CARTESIAN_POINT('',(4.13194930418,1.287140382234));
#7008 = CARTESIAN_POINT('',(4.31968989918,1.266484758683));
#7009 = ( GEOMETRIC_REPRESENTATION_CONTEXT(2) 
PARAMETRIC_REPRESENTATION_CONTEXT() REPRESENTATION_CONTEXT('2D SPACE',''
  ) );
#7010 = ORIENTED_EDGE('',*,*,#7011,.F.);
#7011 = EDGE_CURVE('',#7012,#6994,#7014,.T.);
#7012 = VERTEX_POINT('',#7013);
#7013 = CARTESIAN_POINT('',(4.927920429241,5.104762069334,
    2.513497835101E-02));
#7014 = SURFACE_CURVE('',#7015,(#7021),.PCURVE_S1.);
#7015 = B_SPLINE_CURVE_WITH_KNOTS('',4,(#7016,#7017,#7018,#7019,#7020),
  .UNSPECIFIED.,.F.,.F.,(5,5),(0.25,0.5),.PIECEWISE_BEZIER_KNOTS.);
#7016 = CARTESIAN_POINT('',(4.927920429241,5.104762069334,
    2.513497835101E-02));
#7017 = CARTESIAN_POINT('',(4.956558201869,5.137652976029,
    3.875883797866E-02));
#7018 = CARTESIAN_POINT('',(4.981649504803,5.166613721267,
    5.630508812097E-02));
#7019 = CARTESIAN_POINT('',(5.003194338042,5.191215270978,
    7.604195267406E-02));
#7020 = CARTESIAN_POINT('',(5.021192701586,5.211886659193,
    9.671334089711E-02));
#7021 = PCURVE('',#6961,#7022);
#7022 = DEFINITIONAL_REPRESENTATION('',(#7023),#7027);
#7023 = B_SPLINE_CURVE_WITH_KNOTS('',2,(#7024,#7025,#7026),
  .UNSPECIFIED.,.F.,.F.,(3,3),(0.25,0.5),.PIECEWISE_BEZIER_KNOTS.);
#7024 = CARTESIAN_POINT('',(3.53429173518,1.422079570759));
#7025 = CARTESIAN_POINT('',(3.74992384218,1.364804025503));
#7026 = CARTESIAN_POINT('',(3.92699081718,1.328807298414));
#7027 = ( GEOMETRIC_REPRESENTATION_CONTEXT(2) 
PARAMETRIC_REPRESENTATION_CONTEXT() REPRESENTATION_CONTEXT('2D SPACE',''
  ) );
#7028 = ORIENTED_EDGE('',*,*,#7029,.F.);
#7029 = EDGE_CURVE('',#7030,#7012,#7032,.T.);
#7030 = VERTEX_POINT('',#7031);
#7031 = CARTESIAN_POINT('',(4.817898273871,4.978399999932,
    -5.551115123126E-17));
#7032 = SURFACE_CURVE('',#7033,(#7040),.PCURVE_S1.);
#7033 = B_SPLINE_CURVE_WITH_KNOTS('',5,(#7034,#7035,#7036,#7037,#7038,
    #7039),.UNSPECIFIED.,.F.,.F.,(6,6),(0.,0.25),
  .PIECEWISE_BEZIER_KNOTS.);
#7034 = CARTESIAN_POINT('',(4.817898284142,4.978399999865,
    -1.110223024625E-16));
#7035 = CARTESIAN_POINT('',(4.847927584144,5.012889097175,
    -1.414789946785E-11));
#7036 = CARTESIAN_POINT('',(4.873944448655,5.043098093885,
    4.507753496625E-03));
#7037 = CARTESIAN_POINT('',(4.895948877674,5.068258243252,
    1.12571597179E-02));
#7038 = CARTESIAN_POINT('',(4.913940871203,5.088706338855,
    1.848447703479E-02));
#7039 = CARTESIAN_POINT('',(4.927920429241,5.104762069334,
    2.513497835101E-02));
#7040 = PCURVE('',#6961,#7041);
#7041 = DEFINITIONAL_REPRESENTATION('',(#7042),#7046);
#7042 = B_SPLINE_CURVE_WITH_KNOTS('',2,(#7043,#7044,#7045),
  .UNSPECIFIED.,.F.,.F.,(3,3),(0.,0.25),.PIECEWISE_BEZIER_KNOTS.);
#7043 = CARTESIAN_POINT('',(3.14159265318,1.532101715858));
#7044 = CARTESIAN_POINT('',(3.40271543718,1.457028465854));
#7045 = CARTESIAN_POINT('',(3.53429173518,1.422079570759));
#7046 = ( GEOMETRIC_REPRESENTATION_CONTEXT(2) 
PARAMETRIC_REPRESENTATION_CONTEXT() REPRESENTATION_CONTEXT('2D SPACE',''
  ) );
#7047 = ORIENTED_EDGE('',*,*,#7048,.F.);
#7048 = EDGE_CURVE('',#7049,#7030,#7051,.T.);
#7049 = VERTEX_POINT('',#7050);
#7050 = CARTESIAN_POINT('',(6.35,4.9784,0.));
#7051 = SURFACE_CURVE('',#7052,(#7056),.PCURVE_S1.);
#7052 = LINE('',#7053,#7054);
#7053 = CARTESIAN_POINT('',(6.35,4.9784,0.));
#7054 = VECTOR('',#7055,1.);
#7055 = DIRECTION('',(-1.,0.,0.));
#7056 = PCURVE('',#6961,#7057);
#7057 = DEFINITIONAL_REPRESENTATION('',(#7058),#7061);
#7058 = B_SPLINE_CURVE_WITH_KNOTS('',1,(#7059,#7060),.UNSPECIFIED.,.F.,
  .F.,(2,2),(0.,1.5321017364),.PIECEWISE_BEZIER_KNOTS.);
#7059 = CARTESIAN_POINT('',(3.14159265318,-1.075166385441E-15));
#7060 = CARTESIAN_POINT('',(3.14159265318,1.532101715858));
#7061 = ( GEOMETRIC_REPRESENTATION_CONTEXT(2) 
PARAMETRIC_REPRESENTATION_CONTEXT() REPRESENTATION_CONTEXT('2D SPACE',''
  ) );
#7062 = ORIENTED_EDGE('',*,*,#7063,.F.);
#7063 = EDGE_CURVE('',#6953,#7049,#7064,.T.);
#7064 = SURFACE_CURVE('',#7065,(#7070),.PCURVE_S1.);
#7065 = CIRCLE('',#7066,0.3302);
#7066 = AXIS2_PLACEMENT_3D('',#7067,#7068,#7069);
#7067 = CARTESIAN_POINT('',(6.35,4.9784,0.3302));
#7068 = DIRECTION('',(-1.,0.,6.123031769112E-17));
#7069 = DIRECTION('',(3.749151804555E-33,1.,6.123031769112E-17));
#7070 = PCURVE('',#6961,#7071);
#7071 = DEFINITIONAL_REPRESENTATION('',(#7072),#7075);
#7072 = B_SPLINE_CURVE_WITH_KNOTS('',1,(#7073,#7074),.UNSPECIFIED.,.F.,
  .F.,(2,2),(6.123031769112E-17,1.570796326795),
  .PIECEWISE_BEZIER_KNOTS.);
#7073 = CARTESIAN_POINT('',(4.71238898018,-1.612749578302E-15));
#7074 = CARTESIAN_POINT('',(3.14159265318,-1.075166385441E-15));
#7075 = ( GEOMETRIC_REPRESENTATION_CONTEXT(2) 
PARAMETRIC_REPRESENTATION_CONTEXT() REPRESENTATION_CONTEXT('2D SPACE',''
  ) );
#7076 = ( GEOMETRIC_REPRESENTATION_CONTEXT(3) 
GLOBAL_UNCERTAINTY_ASSIGNED_CONTEXT((#7080)) 
GLOBAL_UNIT_ASSIGNED_CONTEXT((#7077,#7078,#7079)) REPRESENTATION_CONTEXT
('Context #1','3D Context with UNIT and UNCERTAINTY') );
#7077 = ( LENGTH_UNIT() NAMED_UNIT(*) SI_UNIT(.MILLI.,.METRE.) );
#7078 = ( NAMED_UNIT(*) PLANE_ANGLE_UNIT() SI_UNIT($,.RADIAN.) );
#7079 = ( NAMED_UNIT(*) SI_UNIT($,.STERADIAN.) SOLID_ANGLE_UNIT() );
#7080 = UNCERTAINTY_MEASURE_WITH_UNIT(LENGTH_MEASURE(5.E-06),#7077,
  'distance_accuracy_value','confusion accuracy');
#7081 = PRODUCT_RELATED_PRODUCT_CATEGORY('part',$,(#6940));
#7082 = SHAPE_DEFINITION_REPRESENTATION(#7083,#7089);
#7083 = PRODUCT_DEFINITION_SHAPE('','',#7084);
#7084 = PRODUCT_DEFINITION('design','',#7085,#7088);
#7085 = PRODUCT_DEFINITION_FORMATION('','',#7086);
#7086 = PRODUCT('FACE','FACE','',(#7087));
#7087 = PRODUCT_CONTEXT('',#2,'mechanical');
#7088 = PRODUCT_DEFINITION_CONTEXT('part definition',#2,'design');
#7089 = MANIFOLD_SURFACE_SHAPE_REPRESENTATION('',(#11,#7090),#7222);
#7090 = SHELL_BASED_SURFACE_MODEL('',(#7091));
#7091 = OPEN_SHELL('',(#7092));
#7092 = ADVANCED_FACE('',(#7093),#7107,.T.);
#7093 = FACE_BOUND('',#7094,.T.);
#7094 = EDGE_LOOP('',(#7095,#7120,#7139,#7157,#7175,#7193,#7208));
#7095 = ORIENTED_EDGE('',*,*,#7096,.F.);
#7096 = EDGE_CURVE('',#7097,#7099,#7101,.T.);
#7097 = VERTEX_POINT('',#7098);
#7098 = CARTESIAN_POINT('',(4.817898273871,4.978399999932,4.5212));
#7099 = VERTEX_POINT('',#7100);
#7100 = CARTESIAN_POINT('',(6.35,4.9784,4.5212));
#7101 = SURFACE_CURVE('',#7102,(#7106),.PCURVE_S1.);
#7102 = LINE('',#7103,#7104);
#7103 = CARTESIAN_POINT('',(4.8178982636,4.9784,4.5212));
#7104 = VECTOR('',#7105,1.);
#7105 = DIRECTION('',(1.,0.,0.));
#7106 = PCURVE('',#7107,#7115);
#7107 = SURFACE_OF_REVOLUTION('',#7108,#7112);
#7108 = LINE('',#7109,#7110);
#7109 = CARTESIAN_POINT('',(4.8087056734,4.9784,3.8608));
#7110 = VECTOR('',#7111,1.);
#7111 = DIRECTION('',(1.,0.,0.));
#7112 = AXIS1_PLACEMENT('',#7113,#7114);
#7113 = CARTESIAN_POINT('',(0.,4.9784,4.191));
#7114 = DIRECTION('',(-1.,0.,0.));
#7115 = DEFINITIONAL_REPRESENTATION('',(#7116),#7119);
#7116 = B_SPLINE_CURVE_WITH_KNOTS('',1,(#7117,#7118),.UNSPECIFIED.,.F.,
  .F.,(2,2),(0.,1.5321017364),.PIECEWISE_BEZIER_KNOTS.);
#7117 = CARTESIAN_POINT('',(3.14159265318,9.192610742122E-03));
#7118 = CARTESIAN_POINT('',(3.14159265318,1.5412943266));
#7119 = ( GEOMETRIC_REPRESENTATION_CONTEXT(2) 
PARAMETRIC_REPRESENTATION_CONTEXT() REPRESENTATION_CONTEXT('2D SPACE',''
  ) );
#7120 = ORIENTED_EDGE('',*,*,#7121,.F.);
#7121 = EDGE_CURVE('',#7122,#7097,#7124,.T.);
#7122 = VERTEX_POINT('',#7123);
#7123 = CARTESIAN_POINT('',(4.927920429241,5.104762069334,4.496065021649
    ));
#7124 = SURFACE_CURVE('',#7125,(#7132),.PCURVE_S1.);
#7125 = B_SPLINE_CURVE_WITH_KNOTS('',5,(#7126,#7127,#7128,#7129,#7130,
    #7131),.UNSPECIFIED.,.F.,.F.,(6,6),(0.75,1.),
  .PIECEWISE_BEZIER_KNOTS.);
#7126 = CARTESIAN_POINT('',(4.927920429241,5.104762069334,4.496065021649
    ));
#7127 = CARTESIAN_POINT('',(4.913940871203,5.088706338855,4.502715522965
    ));
#7128 = CARTESIAN_POINT('',(4.895948877674,5.068258243252,4.509942840282
    ));
#7129 = CARTESIAN_POINT('',(4.873944448655,5.043098093885,4.516692246503
    ));
#7130 = CARTESIAN_POINT('',(4.847927584144,5.012889097175,4.521200000014
    ));
#7131 = CARTESIAN_POINT('',(4.817898284142,4.978399999865,4.5212));
#7132 = PCURVE('',#7107,#7133);
#7133 = DEFINITIONAL_REPRESENTATION('',(#7134),#7138);
#7134 = B_SPLINE_CURVE_WITH_KNOTS('',2,(#7135,#7136,#7137),
  .UNSPECIFIED.,.F.,.F.,(3,3),(0.75,1.),.PIECEWISE_BEZIER_KNOTS.);
#7135 = CARTESIAN_POINT('',(3.53429173518,0.119214755841));
#7136 = CARTESIAN_POINT('',(3.40271543718,8.426586074637E-02));
#7137 = CARTESIAN_POINT('',(3.14159265318,9.192610742122E-03));
#7138 = ( GEOMETRIC_REPRESENTATION_CONTEXT(2) 
PARAMETRIC_REPRESENTATION_CONTEXT() REPRESENTATION_CONTEXT('2D SPACE',''
  ) );
#7139 = ORIENTED_EDGE('',*,*,#7140,.F.);
#7140 = EDGE_CURVE('',#7141,#7122,#7143,.T.);
#7141 = VERTEX_POINT('',#7142);
#7142 = CARTESIAN_POINT('',(5.021192701586,5.211886659193,4.424486659103
    ));
#7143 = SURFACE_CURVE('',#7144,(#7150),.PCURVE_S1.);
#7144 = B_SPLINE_CURVE_WITH_KNOTS('',4,(#7145,#7146,#7147,#7148,#7149),
  .UNSPECIFIED.,.F.,.F.,(5,5),(0.5,0.75),.PIECEWISE_BEZIER_KNOTS.);
#7145 = CARTESIAN_POINT('',(5.021192701586,5.211886659193,4.424486659103
    ));
#7146 = CARTESIAN_POINT('',(5.003194338042,5.191215270978,4.445158047326
    ));
#7147 = CARTESIAN_POINT('',(4.981649504803,5.166613721267,4.464894911879
    ));
#7148 = CARTESIAN_POINT('',(4.956558201869,5.137652976029,4.482441162021
    ));
#7149 = CARTESIAN_POINT('',(4.927920429241,5.104762069334,4.496065021649
    ));
#7150 = PCURVE('',#7107,#7151);
#7151 = DEFINITIONAL_REPRESENTATION('',(#7152),#7156);
#7152 = B_SPLINE_CURVE_WITH_KNOTS('',2,(#7153,#7154,#7155),
  .UNSPECIFIED.,.F.,.F.,(3,3),(0.5,0.75),.PIECEWISE_BEZIER_KNOTS.);
#7153 = CARTESIAN_POINT('',(3.92699081718,0.212487028186));
#7154 = CARTESIAN_POINT('',(3.74992384218,0.176490301097));
#7155 = CARTESIAN_POINT('',(3.53429173518,0.119214755841));
#7156 = ( GEOMETRIC_REPRESENTATION_CONTEXT(2) 
PARAMETRIC_REPRESENTATION_CONTEXT() REPRESENTATION_CONTEXT('2D SPACE',''
  ) );
#7157 = ORIENTED_EDGE('',*,*,#7158,.F.);
#7158 = EDGE_CURVE('',#7159,#7141,#7161,.T.);
#7159 = VERTEX_POINT('',#7160);
#7160 = CARTESIAN_POINT('',(5.083515241317,5.283465021698,4.317362069216
    ));
#7161 = SURFACE_CURVE('',#7162,(#7168),.PCURVE_S1.);
#7162 = B_SPLINE_CURVE_WITH_KNOTS('',4,(#7163,#7164,#7165,#7166,#7167),
  .UNSPECIFIED.,.F.,.F.,(5,5),(0.25,0.5),.PIECEWISE_BEZIER_KNOTS.);
#7163 = CARTESIAN_POINT('',(5.083515241317,5.283465021698,4.317362069216
    ));
#7164 = CARTESIAN_POINT('',(5.073187429541,5.271603376668,4.34599861356)
  );
#7165 = CARTESIAN_POINT('',(5.059357735661,5.25579866082,4.374028866111)
  );
#7166 = CARTESIAN_POINT('',(5.042026159676,5.235814195385,4.400559122901
    ));
#7167 = CARTESIAN_POINT('',(5.021192701586,5.211886659193,4.424486659103
    ));
#7168 = PCURVE('',#7107,#7169);
#7169 = DEFINITIONAL_REPRESENTATION('',(#7170),#7174);
#7170 = B_SPLINE_CURVE_WITH_KNOTS('',2,(#7171,#7172,#7173),
  .UNSPECIFIED.,.F.,.F.,(3,3),(0.25,0.5),.PIECEWISE_BEZIER_KNOTS.);
#7171 = CARTESIAN_POINT('',(4.31968989918,0.274809567917));
#7172 = CARTESIAN_POINT('',(4.13194930418,0.254153944366));
#7173 = CARTESIAN_POINT('',(3.92699081718,0.212487028186));
#7174 = ( GEOMETRIC_REPRESENTATION_CONTEXT(2) 
PARAMETRIC_REPRESENTATION_CONTEXT() REPRESENTATION_CONTEXT('2D SPACE',''
  ) );
#7175 = ORIENTED_EDGE('',*,*,#7176,.F.);
#7176 = EDGE_CURVE('',#7177,#7159,#7179,.T.);
#7177 = VERTEX_POINT('',#7178);
#7178 = CARTESIAN_POINT('',(5.10540000351,5.3086,4.191000000034));
#7179 = SURFACE_CURVE('',#7180,(#7186),.PCURVE_S1.);
#7180 = B_SPLINE_CURVE_WITH_KNOTS('',4,(#7181,#7182,#7183,#7184,#7185),
  .UNSPECIFIED.,.F.,.F.,(5,5),(0.,0.25),.PIECEWISE_BEZIER_KNOTS.);
#7181 = CARTESIAN_POINT('',(5.105400007019,5.3086,4.191000000068));
#7182 = CARTESIAN_POINT('',(5.105400007019,5.308599999993,4.222994186549
    ));
#7183 = CARTESIAN_POINT('',(5.101752546069,5.304467698458,4.255272635756
    ));
#7184 = CARTESIAN_POINT('',(5.094457624168,5.296032510841,4.287021466439
    ));
#7185 = CARTESIAN_POINT('',(5.083515241317,5.283465021698,4.317362069216
    ));
#7186 = PCURVE('',#7107,#7187);
#7187 = DEFINITIONAL_REPRESENTATION('',(#7188),#7192);
#7188 = B_SPLINE_CURVE_WITH_KNOTS('',2,(#7189,#7190,#7191),
  .UNSPECIFIED.,.F.,.F.,(3,3),(0.,0.25),.PIECEWISE_BEZIER_KNOTS.);
#7189 = CARTESIAN_POINT('',(4.71238898018,0.296694333619));
#7190 = CARTESIAN_POINT('',(4.51860226618,0.296694333619));
#7191 = CARTESIAN_POINT('',(4.31968989918,0.274809567917));
#7192 = ( GEOMETRIC_REPRESENTATION_CONTEXT(2) 
PARAMETRIC_REPRESENTATION_CONTEXT() REPRESENTATION_CONTEXT('2D SPACE',''
  ) );
#7193 = ORIENTED_EDGE('',*,*,#7194,.F.);
#7194 = EDGE_CURVE('',#7195,#7177,#7197,.T.);
#7195 = VERTEX_POINT('',#7196);
#7196 = CARTESIAN_POINT('',(6.35,5.3086,4.191));
#7197 = SURFACE_CURVE('',#7198,(#7202),.PCURVE_S1.);
#7198 = LINE('',#7199,#7200);
#7199 = CARTESIAN_POINT('',(6.35,5.3086,4.191));
#7200 = VECTOR('',#7201,1.);
#7201 = DIRECTION('',(-1.,0.,0.));
#7202 = PCURVE('',#7107,#7203);
#7203 = DEFINITIONAL_REPRESENTATION('',(#7204),#7207);
#7204 = B_SPLINE_CURVE_WITH_KNOTS('',1,(#7205,#7206),.UNSPECIFIED.,.F.,
  .F.,(2,2),(0.,1.2446),.PIECEWISE_BEZIER_KNOTS.);
#7205 = CARTESIAN_POINT('',(4.71238898018,1.5412943266));
#7206 = CARTESIAN_POINT('',(4.71238898018,0.296694333619));
#7207 = ( GEOMETRIC_REPRESENTATION_CONTEXT(2) 
PARAMETRIC_REPRESENTATION_CONTEXT() REPRESENTATION_CONTEXT('2D SPACE',''
  ) );
#7208 = ORIENTED_EDGE('',*,*,#7209,.F.);
#7209 = EDGE_CURVE('',#7099,#7195,#7210,.T.);
#7210 = SURFACE_CURVE('',#7211,(#7216),.PCURVE_S1.);
#7211 = CIRCLE('',#7212,0.3302);
#7212 = AXIS2_PLACEMENT_3D('',#7213,#7214,#7215);
#7213 = CARTESIAN_POINT('',(6.35,4.9784,4.191));
#7214 = DIRECTION('',(-1.,0.,6.123031769112E-17));
#7215 = DIRECTION('',(6.123031769112E-17,0.,1.));
#7216 = PCURVE('',#7107,#7217);
#7217 = DEFINITIONAL_REPRESENTATION('',(#7218),#7221);
#7218 = B_SPLINE_CURVE_WITH_KNOTS('',1,(#7219,#7220),.UNSPECIFIED.,.F.,
  .F.,(2,2),(0.,1.570796326795),.PIECEWISE_BEZIER_KNOTS.);
#7219 = CARTESIAN_POINT('',(3.14159265318,1.5412943266));
#7220 = CARTESIAN_POINT('',(4.71238898018,1.5412943266));
#7221 = ( GEOMETRIC_REPRESENTATION_CONTEXT(2) 
PARAMETRIC_REPRESENTATION_CONTEXT() REPRESENTATION_CONTEXT('2D SPACE',''
  ) );
#7222 = ( GEOMETRIC_REPRESENTATION_CONTEXT(3) 
GLOBAL_UNCERTAINTY_ASSIGNED_CONTEXT((#7226)) 
GLOBAL_UNIT_ASSIGNED_CONTEXT((#7223,#7224,#7225)) REPRESENTATION_CONTEXT
('Context #1','3D Context with UNIT and UNCERTAINTY') );
#7223 = ( LENGTH_UNIT() NAMED_UNIT(*) SI_UNIT(.MILLI.,.METRE.) );
#7224 = ( NAMED_UNIT(*) PLANE_ANGLE_UNIT() SI_UNIT($,.RADIAN.) );
#7225 = ( NAMED_UNIT(*) SI_UNIT($,.STERADIAN.) SOLID_ANGLE_UNIT() );
#7226 = UNCERTAINTY_MEASURE_WITH_UNIT(LENGTH_MEASURE(5.E-06),#7223,
  'distance_accuracy_value','confusion accuracy');
#7227 = PRODUCT_RELATED_PRODUCT_CATEGORY('part',$,(#7086));
#7228 = SHAPE_DEFINITION_REPRESENTATION(#7229,#7235);
#7229 = PRODUCT_DEFINITION_SHAPE('','',#7230);
#7230 = PRODUCT_DEFINITION('design','',#7231,#7234);
#7231 = PRODUCT_DEFINITION_FORMATION('','',#7232);
#7232 = PRODUCT('FACE','FACE','',(#7233));
#7233 = PRODUCT_CONTEXT('',#2,'mechanical');
#7234 = PRODUCT_DEFINITION_CONTEXT('part definition',#2,'design');
#7235 = MANIFOLD_SURFACE_SHAPE_REPRESENTATION('',(#11,#7236),#7502);
#7236 = SHELL_BASED_SURFACE_MODEL('',(#7237));
#7237 = OPEN_SHELL('',(#7238));
#7238 = ADVANCED_FACE('',(#7239),#7253,.T.);
#7239 = FACE_BOUND('',#7240,.T.);
#7240 = EDGE_LOOP('',(#7241,#7264,#7280,#7296,#7312,#7328,#7344,#7360,
    #7376,#7392,#7408,#7424,#7440,#7456,#7472,#7488));
#7241 = ORIENTED_EDGE('',*,*,#7242,.T.);
#7242 = EDGE_CURVE('',#7243,#7245,#7247,.T.);
#7243 = VERTEX_POINT('',#7244);
#7244 = CARTESIAN_POINT('',(1.143,-1.6002,3.911599999811));
#7245 = VERTEX_POINT('',#7246);
#7246 = CARTESIAN_POINT('',(0.997197612329,-1.6002,3.88259810218));
#7247 = SURFACE_CURVE('',#7248,(#7252),.PCURVE_S1.);
#7248 = B_SPLINE_CURVE_WITH_KNOTS('',2,(#7249,#7250,#7251),
  .UNSPECIFIED.,.F.,.F.,(3,3),(0.,0.125),.PIECEWISE_BEZIER_KNOTS.);
#7249 = CARTESIAN_POINT('',(1.143,-1.6002,3.911599999811));
#7250 = CARTESIAN_POINT('',(1.067214388301,-1.6002,3.911599999811));
#7251 = CARTESIAN_POINT('',(0.997197612329,-1.6002,3.88259810218));
#7252 = PCURVE('',#7253,#7258);
#7253 = B_SPLINE_SURFACE_WITH_KNOTS('',1,1,(
    (#7254,#7255)
    ,(#7256,#7257
    )),.UNSPECIFIED.,.F.,.F.,.F.,(2,2),(2,2),(0.,1.),(0.,1.),
  .PIECEWISE_BEZIER_KNOTS.);
#7254 = CARTESIAN_POINT('',(0.757428,-1.6002,3.145028));
#7255 = CARTESIAN_POINT('',(0.757428,-1.6002,3.916172));
#7256 = CARTESIAN_POINT('',(1.528572,-1.6002,3.145028));
#7257 = CARTESIAN_POINT('',(1.528572,-1.6002,3.916172));
#7258 = DEFINITIONAL_REPRESENTATION('',(#7259),#7263);
#7259 = B_SPLINE_CURVE_WITH_KNOTS('',2,(#7260,#7261,#7262),
  .UNSPECIFIED.,.F.,.F.,(3,3),(0.,0.125),.PIECEWISE_BEZIER_KNOTS.);
#7260 = CARTESIAN_POINT('',(0.5,0.994071146));
#7261 = CARTESIAN_POINT('',(0.401723139,0.994071146));
#7262 = CARTESIAN_POINT('',(0.310927158,0.95646222));
#7263 = ( GEOMETRIC_REPRESENTATION_CONTEXT(2) 
PARAMETRIC_REPRESENTATION_CONTEXT() REPRESENTATION_CONTEXT('2D SPACE',''
  ) );
#7264 = ORIENTED_EDGE('',*,*,#7265,.T.);
#7265 = EDGE_CURVE('',#7245,#7266,#7268,.T.);
#7266 = VERTEX_POINT('',#7267);
#7267 = CARTESIAN_POINT('',(0.87359231629,-1.6002,3.80000768371));
#7268 = SURFACE_CURVE('',#7269,(#7273),.PCURVE_S1.);
#7269 = B_SPLINE_CURVE_WITH_KNOTS('',2,(#7270,#7271,#7272),
  .UNSPECIFIED.,.F.,.F.,(3,3),(0.125,0.25),.PIECEWISE_BEZIER_KNOTS.);
#7270 = CARTESIAN_POINT('',(0.997197612329,-1.6002,3.88259810218));
#7271 = CARTESIAN_POINT('',(0.927180836356,-1.6002,3.853596203777));
#7272 = CARTESIAN_POINT('',(0.87359231629,-1.6002,3.80000768371));
#7273 = PCURVE('',#7253,#7274);
#7274 = DEFINITIONAL_REPRESENTATION('',(#7275),#7279);
#7275 = B_SPLINE_CURVE_WITH_KNOTS('',2,(#7276,#7277,#7278),
  .UNSPECIFIED.,.F.,.F.,(3,3),(0.125,0.25),.PIECEWISE_BEZIER_KNOTS.);
#7276 = CARTESIAN_POINT('',(0.310927158,0.95646222));
#7277 = CARTESIAN_POINT('',(0.220131177,0.918853293));
#7278 = CARTESIAN_POINT('',(0.150638942,0.849361058));
#7279 = ( GEOMETRIC_REPRESENTATION_CONTEXT(2) 
PARAMETRIC_REPRESENTATION_CONTEXT() REPRESENTATION_CONTEXT('2D SPACE',''
  ) );
#7280 = ORIENTED_EDGE('',*,*,#7281,.T.);
#7281 = EDGE_CURVE('',#7266,#7282,#7284,.T.);
#7282 = VERTEX_POINT('',#7283);
#7283 = CARTESIAN_POINT('',(0.79100189782,-1.6002,3.676402387671));
#7284 = SURFACE_CURVE('',#7285,(#7289),.PCURVE_S1.);
#7285 = B_SPLINE_CURVE_WITH_KNOTS('',2,(#7286,#7287,#7288),
  .UNSPECIFIED.,.F.,.F.,(3,3),(0.25,0.375),.PIECEWISE_BEZIER_KNOTS.);
#7286 = CARTESIAN_POINT('',(0.87359231629,-1.6002,3.80000768371));
#7287 = CARTESIAN_POINT('',(0.820003796223,-1.6002,3.746419163644));
#7288 = CARTESIAN_POINT('',(0.79100189782,-1.6002,3.676402387671));
#7289 = PCURVE('',#7253,#7290);
#7290 = DEFINITIONAL_REPRESENTATION('',(#7291),#7295);
#7291 = B_SPLINE_CURVE_WITH_KNOTS('',2,(#7292,#7293,#7294),
  .UNSPECIFIED.,.F.,.F.,(3,3),(0.25,0.375),.PIECEWISE_BEZIER_KNOTS.);
#7292 = CARTESIAN_POINT('',(0.150638942,0.849361058));
#7293 = CARTESIAN_POINT('',(8.1146707E-02,0.779868823));
#7294 = CARTESIAN_POINT('',(4.353778E-02,0.689072842));
#7295 = ( GEOMETRIC_REPRESENTATION_CONTEXT(2) 
PARAMETRIC_REPRESENTATION_CONTEXT() REPRESENTATION_CONTEXT('2D SPACE',''
  ) );
#7296 = ORIENTED_EDGE('',*,*,#7297,.T.);
#7297 = EDGE_CURVE('',#7282,#7298,#7300,.T.);
#7298 = VERTEX_POINT('',#7299);
#7299 = CARTESIAN_POINT('',(0.762000000189,-1.6002,3.5306));
#7300 = SURFACE_CURVE('',#7301,(#7305),.PCURVE_S1.);
#7301 = B_SPLINE_CURVE_WITH_KNOTS('',2,(#7302,#7303,#7304),
  .UNSPECIFIED.,.F.,.F.,(3,3),(0.375,0.5),.PIECEWISE_BEZIER_KNOTS.);
#7302 = CARTESIAN_POINT('',(0.79100189782,-1.6002,3.676402387671));
#7303 = CARTESIAN_POINT('',(0.762000000189,-1.6002,3.606385611699));
#7304 = CARTESIAN_POINT('',(0.762000000189,-1.6002,3.5306));
#7305 = PCURVE('',#7253,#7306);
#7306 = DEFINITIONAL_REPRESENTATION('',(#7307),#7311);
#7307 = B_SPLINE_CURVE_WITH_KNOTS('',2,(#7308,#7309,#7310),
  .UNSPECIFIED.,.F.,.F.,(3,3),(0.375,0.5),.PIECEWISE_BEZIER_KNOTS.);
#7308 = CARTESIAN_POINT('',(4.353778E-02,0.689072842));
#7309 = CARTESIAN_POINT('',(5.928854E-03,0.598276861));
#7310 = CARTESIAN_POINT('',(5.928854E-03,0.5));
#7311 = ( GEOMETRIC_REPRESENTATION_CONTEXT(2) 
PARAMETRIC_REPRESENTATION_CONTEXT() REPRESENTATION_CONTEXT('2D SPACE',''
  ) );
#7312 = ORIENTED_EDGE('',*,*,#7313,.T.);
#7313 = EDGE_CURVE('',#7298,#7314,#7316,.T.);
#7314 = VERTEX_POINT('',#7315);
#7315 = CARTESIAN_POINT('',(0.79100189782,-1.6002,3.384797612329));
#7316 = SURFACE_CURVE('',#7317,(#7321),.PCURVE_S1.);
#7317 = B_SPLINE_CURVE_WITH_KNOTS('',2,(#7318,#7319,#7320),
  .UNSPECIFIED.,.F.,.F.,(3,3),(0.5,0.625),.PIECEWISE_BEZIER_KNOTS.);
#7318 = CARTESIAN_POINT('',(0.762000000189,-1.6002,3.5306));
#7319 = CARTESIAN_POINT('',(0.762000000189,-1.6002,3.454814388301));
#7320 = CARTESIAN_POINT('',(0.79100189782,-1.6002,3.384797612329));
#7321 = PCURVE('',#7253,#7322);
#7322 = DEFINITIONAL_REPRESENTATION('',(#7323),#7327);
#7323 = B_SPLINE_CURVE_WITH_KNOTS('',2,(#7324,#7325,#7326),
  .UNSPECIFIED.,.F.,.F.,(3,3),(0.5,0.625),.PIECEWISE_BEZIER_KNOTS.);
#7324 = CARTESIAN_POINT('',(5.928854E-03,0.5));
#7325 = CARTESIAN_POINT('',(5.928854E-03,0.401723139));
#7326 = CARTESIAN_POINT('',(4.353778E-02,0.310927158));
#7327 = ( GEOMETRIC_REPRESENTATION_CONTEXT(2) 
PARAMETRIC_REPRESENTATION_CONTEXT() REPRESENTATION_CONTEXT('2D SPACE',''
  ) );
#7328 = ORIENTED_EDGE('',*,*,#7329,.T.);
#7329 = EDGE_CURVE('',#7314,#7330,#7332,.T.);
#7330 = VERTEX_POINT('',#7331);
#7331 = CARTESIAN_POINT('',(0.87359231629,-1.6002,3.26119231629));
#7332 = SURFACE_CURVE('',#7333,(#7337),.PCURVE_S1.);
#7333 = B_SPLINE_CURVE_WITH_KNOTS('',2,(#7334,#7335,#7336),
  .UNSPECIFIED.,.F.,.F.,(3,3),(0.625,0.75),.PIECEWISE_BEZIER_KNOTS.);
#7334 = CARTESIAN_POINT('',(0.79100189782,-1.6002,3.384797612329));
#7335 = CARTESIAN_POINT('',(0.820003796223,-1.6002,3.314780836356));
#7336 = CARTESIAN_POINT('',(0.87359231629,-1.6002,3.26119231629));
#7337 = PCURVE('',#7253,#7338);
#7338 = DEFINITIONAL_REPRESENTATION('',(#7339),#7343);
#7339 = B_SPLINE_CURVE_WITH_KNOTS('',2,(#7340,#7341,#7342),
  .UNSPECIFIED.,.F.,.F.,(3,3),(0.625,0.75),.PIECEWISE_BEZIER_KNOTS.);
#7340 = CARTESIAN_POINT('',(4.353778E-02,0.310927158));
#7341 = CARTESIAN_POINT('',(8.1146707E-02,0.220131177));
#7342 = CARTESIAN_POINT('',(0.150638942,0.150638942));
#7343 = ( GEOMETRIC_REPRESENTATION_CONTEXT(2) 
PARAMETRIC_REPRESENTATION_CONTEXT() REPRESENTATION_CONTEXT('2D SPACE',''
  ) );
#7344 = ORIENTED_EDGE('',*,*,#7345,.T.);
#7345 = EDGE_CURVE('',#7330,#7346,#7348,.T.);
#7346 = VERTEX_POINT('',#7347);
#7347 = CARTESIAN_POINT('',(0.997197612329,-1.6002,3.17860189782));
#7348 = SURFACE_CURVE('',#7349,(#7353),.PCURVE_S1.);
#7349 = B_SPLINE_CURVE_WITH_KNOTS('',2,(#7350,#7351,#7352),
  .UNSPECIFIED.,.F.,.F.,(3,3),(0.75,0.875),.PIECEWISE_BEZIER_KNOTS.);
#7350 = CARTESIAN_POINT('',(0.87359231629,-1.6002,3.26119231629));
#7351 = CARTESIAN_POINT('',(0.927180836356,-1.6002,3.207603796223));
#7352 = CARTESIAN_POINT('',(0.997197612329,-1.6002,3.17860189782));
#7353 = PCURVE('',#7253,#7354);
#7354 = DEFINITIONAL_REPRESENTATION('',(#7355),#7359);
#7355 = B_SPLINE_CURVE_WITH_KNOTS('',2,(#7356,#7357,#7358),
  .UNSPECIFIED.,.F.,.F.,(3,3),(0.75,0.875),.PIECEWISE_BEZIER_KNOTS.);
#7356 = CARTESIAN_POINT('',(0.150638942,0.150638942));
#7357 = CARTESIAN_POINT('',(0.220131177,8.1146707E-02));
#7358 = CARTESIAN_POINT('',(0.310927158,4.353778E-02));
#7359 = ( GEOMETRIC_REPRESENTATION_CONTEXT(2) 
PARAMETRIC_REPRESENTATION_CONTEXT() REPRESENTATION_CONTEXT('2D SPACE',''
  ) );
#7360 = ORIENTED_EDGE('',*,*,#7361,.T.);
#7361 = EDGE_CURVE('',#7346,#7362,#7364,.T.);
#7362 = VERTEX_POINT('',#7363);
#7363 = CARTESIAN_POINT('',(1.143,-1.6002,3.149600000189));
#7364 = SURFACE_CURVE('',#7365,(#7369),.PCURVE_S1.);
#7365 = B_SPLINE_CURVE_WITH_KNOTS('',2,(#7366,#7367,#7368),
  .UNSPECIFIED.,.F.,.F.,(3,3),(0.875,1.),.PIECEWISE_BEZIER_KNOTS.);
#7366 = CARTESIAN_POINT('',(0.997197612329,-1.6002,3.17860189782));
#7367 = CARTESIAN_POINT('',(1.067214388301,-1.6002,3.149600000189));
#7368 = CARTESIAN_POINT('',(1.143,-1.6002,3.149600000189));
#7369 = PCURVE('',#7253,#7370);
#7370 = DEFINITIONAL_REPRESENTATION('',(#7371),#7375);
#7371 = B_SPLINE_CURVE_WITH_KNOTS('',2,(#7372,#7373,#7374),
  .UNSPECIFIED.,.F.,.F.,(3,3),(0.875,1.),.PIECEWISE_BEZIER_KNOTS.);
#7372 = CARTESIAN_POINT('',(0.310927158,4.353778E-02));
#7373 = CARTESIAN_POINT('',(0.401723139,5.928854E-03));
#7374 = CARTESIAN_POINT('',(0.5,5.928854E-03));
#7375 = ( GEOMETRIC_REPRESENTATION_CONTEXT(2) 
PARAMETRIC_REPRESENTATION_CONTEXT() REPRESENTATION_CONTEXT('2D SPACE',''
  ) );
#7376 = ORIENTED_EDGE('',*,*,#7377,.T.);
#7377 = EDGE_CURVE('',#7362,#7378,#7380,.T.);
#7378 = VERTEX_POINT('',#7379);
#7379 = CARTESIAN_POINT('',(1.288802387671,-1.6002,3.17860189782));
#7380 = SURFACE_CURVE('',#7381,(#7385),.PCURVE_S1.);
#7381 = B_SPLINE_CURVE_WITH_KNOTS('',2,(#7382,#7383,#7384),
  .UNSPECIFIED.,.F.,.F.,(3,3),(0.,0.125),.PIECEWISE_BEZIER_KNOTS.);
#7382 = CARTESIAN_POINT('',(1.143,-1.6002,3.149600000189));
#7383 = CARTESIAN_POINT('',(1.218785611699,-1.6002,3.149600000189));
#7384 = CARTESIAN_POINT('',(1.288802387671,-1.6002,3.17860189782));
#7385 = PCURVE('',#7253,#7386);
#7386 = DEFINITIONAL_REPRESENTATION('',(#7387),#7391);
#7387 = B_SPLINE_CURVE_WITH_KNOTS('',2,(#7388,#7389,#7390),
  .UNSPECIFIED.,.F.,.F.,(3,3),(0.,0.125),.PIECEWISE_BEZIER_KNOTS.);
#7388 = CARTESIAN_POINT('',(0.5,5.928854E-03));
#7389 = CARTESIAN_POINT('',(0.598276861,5.928854E-03));
#7390 = CARTESIAN_POINT('',(0.689072842,4.353778E-02));
#7391 = ( GEOMETRIC_REPRESENTATION_CONTEXT(2) 
PARAMETRIC_REPRESENTATION_CONTEXT() REPRESENTATION_CONTEXT('2D SPACE',''
  ) );
#7392 = ORIENTED_EDGE('',*,*,#7393,.T.);
#7393 = EDGE_CURVE('',#7378,#7394,#7396,.T.);
#7394 = VERTEX_POINT('',#7395);
#7395 = CARTESIAN_POINT('',(1.41240768371,-1.6002,3.26119231629));
#7396 = SURFACE_CURVE('',#7397,(#7401),.PCURVE_S1.);
#7397 = B_SPLINE_CURVE_WITH_KNOTS('',2,(#7398,#7399,#7400),
  .UNSPECIFIED.,.F.,.F.,(3,3),(0.125,0.25),.PIECEWISE_BEZIER_KNOTS.);
#7398 = CARTESIAN_POINT('',(1.288802387671,-1.6002,3.17860189782));
#7399 = CARTESIAN_POINT('',(1.358819163644,-1.6002,3.207603796223));
#7400 = CARTESIAN_POINT('',(1.41240768371,-1.6002,3.26119231629));
#7401 = PCURVE('',#7253,#7402);
#7402 = DEFINITIONAL_REPRESENTATION('',(#7403),#7407);
#7403 = B_SPLINE_CURVE_WITH_KNOTS('',2,(#7404,#7405,#7406),
  .UNSPECIFIED.,.F.,.F.,(3,3),(0.125,0.25),.PIECEWISE_BEZIER_KNOTS.);
#7404 = CARTESIAN_POINT('',(0.689072842,4.353778E-02));
#7405 = CARTESIAN_POINT('',(0.779868823,8.1146707E-02));
#7406 = CARTESIAN_POINT('',(0.849361058,0.150638942));
#7407 = ( GEOMETRIC_REPRESENTATION_CONTEXT(2) 
PARAMETRIC_REPRESENTATION_CONTEXT() REPRESENTATION_CONTEXT('2D SPACE',''
  ) );
#7408 = ORIENTED_EDGE('',*,*,#7409,.T.);
#7409 = EDGE_CURVE('',#7394,#7410,#7412,.T.);
#7410 = VERTEX_POINT('',#7411);
#7411 = CARTESIAN_POINT('',(1.49499810218,-1.6002,3.384797612329));
#7412 = SURFACE_CURVE('',#7413,(#7417),.PCURVE_S1.);
#7413 = B_SPLINE_CURVE_WITH_KNOTS('',2,(#7414,#7415,#7416),
  .UNSPECIFIED.,.F.,.F.,(3,3),(0.25,0.375),.PIECEWISE_BEZIER_KNOTS.);
#7414 = CARTESIAN_POINT('',(1.41240768371,-1.6002,3.26119231629));
#7415 = CARTESIAN_POINT('',(1.465996203777,-1.6002,3.314780836356));
#7416 = CARTESIAN_POINT('',(1.49499810218,-1.6002,3.384797612329));
#7417 = PCURVE('',#7253,#7418);
#7418 = DEFINITIONAL_REPRESENTATION('',(#7419),#7423);
#7419 = B_SPLINE_CURVE_WITH_KNOTS('',2,(#7420,#7421,#7422),
  .UNSPECIFIED.,.F.,.F.,(3,3),(0.25,0.375),.PIECEWISE_BEZIER_KNOTS.);
#7420 = CARTESIAN_POINT('',(0.849361058,0.150638942));
#7421 = CARTESIAN_POINT('',(0.918853293,0.220131177));
#7422 = CARTESIAN_POINT('',(0.95646222,0.310927158));
#7423 = ( GEOMETRIC_REPRESENTATION_CONTEXT(2) 
PARAMETRIC_REPRESENTATION_CONTEXT() REPRESENTATION_CONTEXT('2D SPACE',''
  ) );
#7424 = ORIENTED_EDGE('',*,*,#7425,.T.);
#7425 = EDGE_CURVE('',#7410,#7426,#7428,.T.);
#7426 = VERTEX_POINT('',#7427);
#7427 = CARTESIAN_POINT('',(1.523999999811,-1.6002,3.5306));
#7428 = SURFACE_CURVE('',#7429,(#7433),.PCURVE_S1.);
#7429 = B_SPLINE_CURVE_WITH_KNOTS('',2,(#7430,#7431,#7432),
  .UNSPECIFIED.,.F.,.F.,(3,3),(0.375,0.5),.PIECEWISE_BEZIER_KNOTS.);
#7430 = CARTESIAN_POINT('',(1.49499810218,-1.6002,3.384797612329));
#7431 = CARTESIAN_POINT('',(1.523999999811,-1.6002,3.454814388301));
#7432 = CARTESIAN_POINT('',(1.523999999811,-1.6002,3.5306));
#7433 = PCURVE('',#7253,#7434);
#7434 = DEFINITIONAL_REPRESENTATION('',(#7435),#7439);
#7435 = B_SPLINE_CURVE_WITH_KNOTS('',2,(#7436,#7437,#7438),
  .UNSPECIFIED.,.F.,.F.,(3,3),(0.375,0.5),.PIECEWISE_BEZIER_KNOTS.);
#7436 = CARTESIAN_POINT('',(0.95646222,0.310927158));
#7437 = CARTESIAN_POINT('',(0.994071146,0.401723139));
#7438 = CARTESIAN_POINT('',(0.994071146,0.5));
#7439 = ( GEOMETRIC_REPRESENTATION_CONTEXT(2) 
PARAMETRIC_REPRESENTATION_CONTEXT() REPRESENTATION_CONTEXT('2D SPACE',''
  ) );
#7440 = ORIENTED_EDGE('',*,*,#7441,.T.);
#7441 = EDGE_CURVE('',#7426,#7442,#7444,.T.);
#7442 = VERTEX_POINT('',#7443);
#7443 = CARTESIAN_POINT('',(1.49499810218,-1.6002,3.676402387671));
#7444 = SURFACE_CURVE('',#7445,(#7449),.PCURVE_S1.);
#7445 = B_SPLINE_CURVE_WITH_KNOTS('',2,(#7446,#7447,#7448),
  .UNSPECIFIED.,.F.,.F.,(3,3),(0.5,0.625),.PIECEWISE_BEZIER_KNOTS.);
#7446 = CARTESIAN_POINT('',(1.523999999811,-1.6002,3.5306));
#7447 = CARTESIAN_POINT('',(1.523999999811,-1.6002,3.606385611699));
#7448 = CARTESIAN_POINT('',(1.49499810218,-1.6002,3.676402387671));
#7449 = PCURVE('',#7253,#7450);
#7450 = DEFINITIONAL_REPRESENTATION('',(#7451),#7455);
#7451 = B_SPLINE_CURVE_WITH_KNOTS('',2,(#7452,#7453,#7454),
  .UNSPECIFIED.,.F.,.F.,(3,3),(0.5,0.625),.PIECEWISE_BEZIER_KNOTS.);
#7452 = CARTESIAN_POINT('',(0.994071146,0.5));
#7453 = CARTESIAN_POINT('',(0.994071146,0.598276861));
#7454 = CARTESIAN_POINT('',(0.95646222,0.689072842));
#7455 = ( GEOMETRIC_REPRESENTATION_CONTEXT(2) 
PARAMETRIC_REPRESENTATION_CONTEXT() REPRESENTATION_CONTEXT('2D SPACE',''
  ) );
#7456 = ORIENTED_EDGE('',*,*,#7457,.T.);
#7457 = EDGE_CURVE('',#7442,#7458,#7460,.T.);
#7458 = VERTEX_POINT('',#7459);
#7459 = CARTESIAN_POINT('',(1.41240768371,-1.6002,3.80000768371));
#7460 = SURFACE_CURVE('',#7461,(#7465),.PCURVE_S1.);
#7461 = B_SPLINE_CURVE_WITH_KNOTS('',2,(#7462,#7463,#7464),
  .UNSPECIFIED.,.F.,.F.,(3,3),(0.625,0.75),.PIECEWISE_BEZIER_KNOTS.);
#7462 = CARTESIAN_POINT('',(1.49499810218,-1.6002,3.676402387671));
#7463 = CARTESIAN_POINT('',(1.465996203777,-1.6002,3.746419163644));
#7464 = CARTESIAN_POINT('',(1.41240768371,-1.6002,3.80000768371));
#7465 = PCURVE('',#7253,#7466);
#7466 = DEFINITIONAL_REPRESENTATION('',(#7467),#7471);
#7467 = B_SPLINE_CURVE_WITH_KNOTS('',2,(#7468,#7469,#7470),
  .UNSPECIFIED.,.F.,.F.,(3,3),(0.625,0.75),.PIECEWISE_BEZIER_KNOTS.);
#7468 = CARTESIAN_POINT('',(0.95646222,0.689072842));
#7469 = CARTESIAN_POINT('',(0.918853293,0.779868823));
#7470 = CARTESIAN_POINT('',(0.849361058,0.849361058));
#7471 = ( GEOMETRIC_REPRESENTATION_CONTEXT(2) 
PARAMETRIC_REPRESENTATION_CONTEXT() REPRESENTATION_CONTEXT('2D SPACE',''
  ) );
#7472 = ORIENTED_EDGE('',*,*,#7473,.T.);
#7473 = EDGE_CURVE('',#7458,#7474,#7476,.T.);
#7474 = VERTEX_POINT('',#7475);
#7475 = CARTESIAN_POINT('',(1.288802387671,-1.6002,3.88259810218));
#7476 = SURFACE_CURVE('',#7477,(#7481),.PCURVE_S1.);
#7477 = B_SPLINE_CURVE_WITH_KNOTS('',2,(#7478,#7479,#7480),
  .UNSPECIFIED.,.F.,.F.,(3,3),(0.75,0.875),.PIECEWISE_BEZIER_KNOTS.);
#7478 = CARTESIAN_POINT('',(1.41240768371,-1.6002,3.80000768371));
#7479 = CARTESIAN_POINT('',(1.358819163644,-1.6002,3.853596203777));
#7480 = CARTESIAN_POINT('',(1.288802387671,-1.6002,3.88259810218));
#7481 = PCURVE('',#7253,#7482);
#7482 = DEFINITIONAL_REPRESENTATION('',(#7483),#7487);
#7483 = B_SPLINE_CURVE_WITH_KNOTS('',2,(#7484,#7485,#7486),
  .UNSPECIFIED.,.F.,.F.,(3,3),(0.75,0.875),.PIECEWISE_BEZIER_KNOTS.);
#7484 = CARTESIAN_POINT('',(0.849361058,0.849361058));
#7485 = CARTESIAN_POINT('',(0.779868823,0.918853293));
#7486 = CARTESIAN_POINT('',(0.689072842,0.95646222));
#7487 = ( GEOMETRIC_REPRESENTATION_CONTEXT(2) 
PARAMETRIC_REPRESENTATION_CONTEXT() REPRESENTATION_CONTEXT('2D SPACE',''
  ) );
#7488 = ORIENTED_EDGE('',*,*,#7489,.T.);
#7489 = EDGE_CURVE('',#7474,#7243,#7490,.T.);
#7490 = SURFACE_CURVE('',#7491,(#7495),.PCURVE_S1.);
#7491 = B_SPLINE_CURVE_WITH_KNOTS('',2,(#7492,#7493,#7494),
  .UNSPECIFIED.,.F.,.F.,(3,3),(0.875,1.),.PIECEWISE_BEZIER_KNOTS.);
#7492 = CARTESIAN_POINT('',(1.288802387671,-1.6002,3.88259810218));
#7493 = CARTESIAN_POINT('',(1.218785611699,-1.6002,3.911599999811));
#7494 = CARTESIAN_POINT('',(1.143,-1.6002,3.911599999811));
#7495 = PCURVE('',#7253,#7496);
#7496 = DEFINITIONAL_REPRESENTATION('',(#7497),#7501);
#7497 = B_SPLINE_CURVE_WITH_KNOTS('',2,(#7498,#7499,#7500),
  .UNSPECIFIED.,.F.,.F.,(3,3),(0.875,1.),.PIECEWISE_BEZIER_KNOTS.);
#7498 = CARTESIAN_POINT('',(0.689072842,0.95646222));
#7499 = CARTESIAN_POINT('',(0.598276861,0.994071146));
#7500 = CARTESIAN_POINT('',(0.5,0.994071146));
#7501 = ( GEOMETRIC_REPRESENTATION_CONTEXT(2) 
PARAMETRIC_REPRESENTATION_CONTEXT() REPRESENTATION_CONTEXT('2D SPACE',''
  ) );
#7502 = ( GEOMETRIC_REPRESENTATION_CONTEXT(3) 
GLOBAL_UNCERTAINTY_ASSIGNED_CONTEXT((#7506)) 
GLOBAL_UNIT_ASSIGNED_CONTEXT((#7503,#7504,#7505)) REPRESENTATION_CONTEXT
('Context #1','3D Context with UNIT and UNCERTAINTY') );
#7503 = ( LENGTH_UNIT() NAMED_UNIT(*) SI_UNIT(.MILLI.,.METRE.) );
#7504 = ( NAMED_UNIT(*) PLANE_ANGLE_UNIT() SI_UNIT($,.RADIAN.) );
#7505 = ( NAMED_UNIT(*) SI_UNIT($,.STERADIAN.) SOLID_ANGLE_UNIT() );
#7506 = UNCERTAINTY_MEASURE_WITH_UNIT(LENGTH_MEASURE(1.E-05),#7503,
  'distance_accuracy_value','confusion accuracy');
#7507 = PRODUCT_RELATED_PRODUCT_CATEGORY('part',$,(#7232));
#7508 = SHAPE_DEFINITION_REPRESENTATION(#7509,#7515);
#7509 = PRODUCT_DEFINITION_SHAPE('','',#7510);
#7510 = PRODUCT_DEFINITION('design','',#7511,#7514);
#7511 = PRODUCT_DEFINITION_FORMATION('','',#7512);
#7512 = PRODUCT('FACE','FACE','',(#7513));
#7513 = PRODUCT_CONTEXT('',#2,'mechanical');
#7514 = PRODUCT_DEFINITION_CONTEXT('part definition',#2,'design');
#7515 = MANIFOLD_SURFACE_SHAPE_REPRESENTATION('',(#11,#7516),#7782);
#7516 = SHELL_BASED_SURFACE_MODEL('',(#7517));
#7517 = OPEN_SHELL('',(#7518));
#7518 = ADVANCED_FACE('',(#7519),#7533,.T.);
#7519 = FACE_BOUND('',#7520,.T.);
#7520 = EDGE_LOOP('',(#7521,#7544,#7560,#7576,#7592,#7608,#7624,#7640,
    #7656,#7672,#7688,#7704,#7720,#7736,#7752,#7768));
#7521 = ORIENTED_EDGE('',*,*,#7522,.T.);
#7522 = EDGE_CURVE('',#7523,#7525,#7527,.T.);
#7523 = VERTEX_POINT('',#7524);
#7524 = CARTESIAN_POINT('',(1.143,-1.6002,1.371599999811));
#7525 = VERTEX_POINT('',#7526);
#7526 = CARTESIAN_POINT('',(1.288802387671,-1.6002,1.34259810218));
#7527 = SURFACE_CURVE('',#7528,(#7532),.PCURVE_S1.);
#7528 = B_SPLINE_CURVE_WITH_KNOTS('',2,(#7529,#7530,#7531),
  .UNSPECIFIED.,.F.,.F.,(3,3),(0.,0.125),.PIECEWISE_BEZIER_KNOTS.);
#7529 = CARTESIAN_POINT('',(1.143,-1.6002,1.371599999811));
#7530 = CARTESIAN_POINT('',(1.218785611699,-1.6002,1.371599999811));
#7531 = CARTESIAN_POINT('',(1.288802387671,-1.6002,1.34259810218));
#7532 = PCURVE('',#7533,#7538);
#7533 = B_SPLINE_SURFACE_WITH_KNOTS('',1,1,(
    (#7534,#7535)
    ,(#7536,#7537
    )),.UNSPECIFIED.,.F.,.F.,.F.,(2,2),(2,2),(0.,1.),(0.,1.),
  .PIECEWISE_BEZIER_KNOTS.);
#7534 = CARTESIAN_POINT('',(1.528572,-1.6002,0.605028));
#7535 = CARTESIAN_POINT('',(1.528572,-1.6002,1.376172));
#7536 = CARTESIAN_POINT('',(0.757428,-1.6002,0.605028));
#7537 = CARTESIAN_POINT('',(0.757428,-1.6002,1.376172));
#7538 = DEFINITIONAL_REPRESENTATION('',(#7539),#7543);
#7539 = B_SPLINE_CURVE_WITH_KNOTS('',2,(#7540,#7541,#7542),
  .UNSPECIFIED.,.F.,.F.,(3,3),(0.,0.125),.PIECEWISE_BEZIER_KNOTS.);
#7540 = CARTESIAN_POINT('',(0.5,0.994071146));
#7541 = CARTESIAN_POINT('',(0.401723139,0.994071146));
#7542 = CARTESIAN_POINT('',(0.310927158,0.95646222));
#7543 = ( GEOMETRIC_REPRESENTATION_CONTEXT(2) 
PARAMETRIC_REPRESENTATION_CONTEXT() REPRESENTATION_CONTEXT('2D SPACE',''
  ) );
#7544 = ORIENTED_EDGE('',*,*,#7545,.T.);
#7545 = EDGE_CURVE('',#7525,#7546,#7548,.T.);
#7546 = VERTEX_POINT('',#7547);
#7547 = CARTESIAN_POINT('',(1.41240768371,-1.6002,1.26000768371));
#7548 = SURFACE_CURVE('',#7549,(#7553),.PCURVE_S1.);
#7549 = B_SPLINE_CURVE_WITH_KNOTS('',2,(#7550,#7551,#7552),
  .UNSPECIFIED.,.F.,.F.,(3,3),(0.125,0.25),.PIECEWISE_BEZIER_KNOTS.);
#7550 = CARTESIAN_POINT('',(1.288802387671,-1.6002,1.34259810218));
#7551 = CARTESIAN_POINT('',(1.358819163644,-1.6002,1.313596203777));
#7552 = CARTESIAN_POINT('',(1.41240768371,-1.6002,1.26000768371));
#7553 = PCURVE('',#7533,#7554);
#7554 = DEFINITIONAL_REPRESENTATION('',(#7555),#7559);
#7555 = B_SPLINE_CURVE_WITH_KNOTS('',2,(#7556,#7557,#7558),
  .UNSPECIFIED.,.F.,.F.,(3,3),(0.125,0.25),.PIECEWISE_BEZIER_KNOTS.);
#7556 = CARTESIAN_POINT('',(0.310927158,0.95646222));
#7557 = CARTESIAN_POINT('',(0.220131177,0.918853293));
#7558 = CARTESIAN_POINT('',(0.150638942,0.849361058));
#7559 = ( GEOMETRIC_REPRESENTATION_CONTEXT(2) 
PARAMETRIC_REPRESENTATION_CONTEXT() REPRESENTATION_CONTEXT('2D SPACE',''
  ) );
#7560 = ORIENTED_EDGE('',*,*,#7561,.T.);
#7561 = EDGE_CURVE('',#7546,#7562,#7564,.T.);
#7562 = VERTEX_POINT('',#7563);
#7563 = CARTESIAN_POINT('',(1.49499810218,-1.6002,1.136402387671));
#7564 = SURFACE_CURVE('',#7565,(#7569),.PCURVE_S1.);
#7565 = B_SPLINE_CURVE_WITH_KNOTS('',2,(#7566,#7567,#7568),
  .UNSPECIFIED.,.F.,.F.,(3,3),(0.25,0.375),.PIECEWISE_BEZIER_KNOTS.);
#7566 = CARTESIAN_POINT('',(1.41240768371,-1.6002,1.26000768371));
#7567 = CARTESIAN_POINT('',(1.465996203777,-1.6002,1.206419163644));
#7568 = CARTESIAN_POINT('',(1.49499810218,-1.6002,1.136402387671));
#7569 = PCURVE('',#7533,#7570);
#7570 = DEFINITIONAL_REPRESENTATION('',(#7571),#7575);
#7571 = B_SPLINE_CURVE_WITH_KNOTS('',2,(#7572,#7573,#7574),
  .UNSPECIFIED.,.F.,.F.,(3,3),(0.25,0.375),.PIECEWISE_BEZIER_KNOTS.);
#7572 = CARTESIAN_POINT('',(0.150638942,0.849361058));
#7573 = CARTESIAN_POINT('',(8.1146707E-02,0.779868823));
#7574 = CARTESIAN_POINT('',(4.353778E-02,0.689072842));
#7575 = ( GEOMETRIC_REPRESENTATION_CONTEXT(2) 
PARAMETRIC_REPRESENTATION_CONTEXT() REPRESENTATION_CONTEXT('2D SPACE',''
  ) );
#7576 = ORIENTED_EDGE('',*,*,#7577,.T.);
#7577 = EDGE_CURVE('',#7562,#7578,#7580,.T.);
#7578 = VERTEX_POINT('',#7579);
#7579 = CARTESIAN_POINT('',(1.523999999811,-1.6002,0.9906));
#7580 = SURFACE_CURVE('',#7581,(#7585),.PCURVE_S1.);
#7581 = B_SPLINE_CURVE_WITH_KNOTS('',2,(#7582,#7583,#7584),
  .UNSPECIFIED.,.F.,.F.,(3,3),(0.375,0.5),.PIECEWISE_BEZIER_KNOTS.);
#7582 = CARTESIAN_POINT('',(1.49499810218,-1.6002,1.136402387671));
#7583 = CARTESIAN_POINT('',(1.523999999811,-1.6002,1.066385611699));
#7584 = CARTESIAN_POINT('',(1.523999999811,-1.6002,0.9906));
#7585 = PCURVE('',#7533,#7586);
#7586 = DEFINITIONAL_REPRESENTATION('',(#7587),#7591);
#7587 = B_SPLINE_CURVE_WITH_KNOTS('',2,(#7588,#7589,#7590),
  .UNSPECIFIED.,.F.,.F.,(3,3),(0.375,0.5),.PIECEWISE_BEZIER_KNOTS.);
#7588 = CARTESIAN_POINT('',(4.353778E-02,0.689072842));
#7589 = CARTESIAN_POINT('',(5.928854E-03,0.598276861));
#7590 = CARTESIAN_POINT('',(5.928854E-03,0.5));
#7591 = ( GEOMETRIC_REPRESENTATION_CONTEXT(2) 
PARAMETRIC_REPRESENTATION_CONTEXT() REPRESENTATION_CONTEXT('2D SPACE',''
  ) );
#7592 = ORIENTED_EDGE('',*,*,#7593,.T.);
#7593 = EDGE_CURVE('',#7578,#7594,#7596,.T.);
#7594 = VERTEX_POINT('',#7595);
#7595 = CARTESIAN_POINT('',(1.49499810218,-1.6002,0.844797612329));
#7596 = SURFACE_CURVE('',#7597,(#7601),.PCURVE_S1.);
#7597 = B_SPLINE_CURVE_WITH_KNOTS('',2,(#7598,#7599,#7600),
  .UNSPECIFIED.,.F.,.F.,(3,3),(0.5,0.625),.PIECEWISE_BEZIER_KNOTS.);
#7598 = CARTESIAN_POINT('',(1.523999999811,-1.6002,0.9906));
#7599 = CARTESIAN_POINT('',(1.523999999811,-1.6002,0.914814388301));
#7600 = CARTESIAN_POINT('',(1.49499810218,-1.6002,0.844797612329));
#7601 = PCURVE('',#7533,#7602);
#7602 = DEFINITIONAL_REPRESENTATION('',(#7603),#7607);
#7603 = B_SPLINE_CURVE_WITH_KNOTS('',2,(#7604,#7605,#7606),
  .UNSPECIFIED.,.F.,.F.,(3,3),(0.5,0.625),.PIECEWISE_BEZIER_KNOTS.);
#7604 = CARTESIAN_POINT('',(5.928854E-03,0.5));
#7605 = CARTESIAN_POINT('',(5.928854E-03,0.401723139));
#7606 = CARTESIAN_POINT('',(4.353778E-02,0.310927158));
#7607 = ( GEOMETRIC_REPRESENTATION_CONTEXT(2) 
PARAMETRIC_REPRESENTATION_CONTEXT() REPRESENTATION_CONTEXT('2D SPACE',''
  ) );
#7608 = ORIENTED_EDGE('',*,*,#7609,.T.);
#7609 = EDGE_CURVE('',#7594,#7610,#7612,.T.);
#7610 = VERTEX_POINT('',#7611);
#7611 = CARTESIAN_POINT('',(1.41240768371,-1.6002,0.72119231629));
#7612 = SURFACE_CURVE('',#7613,(#7617),.PCURVE_S1.);
#7613 = B_SPLINE_CURVE_WITH_KNOTS('',2,(#7614,#7615,#7616),
  .UNSPECIFIED.,.F.,.F.,(3,3),(0.625,0.75),.PIECEWISE_BEZIER_KNOTS.);
#7614 = CARTESIAN_POINT('',(1.49499810218,-1.6002,0.844797612329));
#7615 = CARTESIAN_POINT('',(1.465996203777,-1.6002,0.774780836356));
#7616 = CARTESIAN_POINT('',(1.41240768371,-1.6002,0.72119231629));
#7617 = PCURVE('',#7533,#7618);
#7618 = DEFINITIONAL_REPRESENTATION('',(#7619),#7623);
#7619 = B_SPLINE_CURVE_WITH_KNOTS('',2,(#7620,#7621,#7622),
  .UNSPECIFIED.,.F.,.F.,(3,3),(0.625,0.75),.PIECEWISE_BEZIER_KNOTS.);
#7620 = CARTESIAN_POINT('',(4.353778E-02,0.310927158));
#7621 = CARTESIAN_POINT('',(8.1146707E-02,0.220131177));
#7622 = CARTESIAN_POINT('',(0.150638942,0.150638942));
#7623 = ( GEOMETRIC_REPRESENTATION_CONTEXT(2) 
PARAMETRIC_REPRESENTATION_CONTEXT() REPRESENTATION_CONTEXT('2D SPACE',''
  ) );
#7624 = ORIENTED_EDGE('',*,*,#7625,.T.);
#7625 = EDGE_CURVE('',#7610,#7626,#7628,.T.);
#7626 = VERTEX_POINT('',#7627);
#7627 = CARTESIAN_POINT('',(1.288802387671,-1.6002,0.63860189782));
#7628 = SURFACE_CURVE('',#7629,(#7633),.PCURVE_S1.);
#7629 = B_SPLINE_CURVE_WITH_KNOTS('',2,(#7630,#7631,#7632),
  .UNSPECIFIED.,.F.,.F.,(3,3),(0.75,0.875),.PIECEWISE_BEZIER_KNOTS.);
#7630 = CARTESIAN_POINT('',(1.41240768371,-1.6002,0.72119231629));
#7631 = CARTESIAN_POINT('',(1.358819163644,-1.6002,0.667603796223));
#7632 = CARTESIAN_POINT('',(1.288802387671,-1.6002,0.63860189782));
#7633 = PCURVE('',#7533,#7634);
#7634 = DEFINITIONAL_REPRESENTATION('',(#7635),#7639);
#7635 = B_SPLINE_CURVE_WITH_KNOTS('',2,(#7636,#7637,#7638),
  .UNSPECIFIED.,.F.,.F.,(3,3),(0.75,0.875),.PIECEWISE_BEZIER_KNOTS.);
#7636 = CARTESIAN_POINT('',(0.150638942,0.150638942));
#7637 = CARTESIAN_POINT('',(0.220131177,8.1146707E-02));
#7638 = CARTESIAN_POINT('',(0.310927158,4.353778E-02));
#7639 = ( GEOMETRIC_REPRESENTATION_CONTEXT(2) 
PARAMETRIC_REPRESENTATION_CONTEXT() REPRESENTATION_CONTEXT('2D SPACE',''
  ) );
#7640 = ORIENTED_EDGE('',*,*,#7641,.T.);
#7641 = EDGE_CURVE('',#7626,#7642,#7644,.T.);
#7642 = VERTEX_POINT('',#7643);
#7643 = CARTESIAN_POINT('',(1.143,-1.6002,0.609600000189));
#7644 = SURFACE_CURVE('',#7645,(#7649),.PCURVE_S1.);
#7645 = B_SPLINE_CURVE_WITH_KNOTS('',2,(#7646,#7647,#7648),
  .UNSPECIFIED.,.F.,.F.,(3,3),(0.875,1.),.PIECEWISE_BEZIER_KNOTS.);
#7646 = CARTESIAN_POINT('',(1.288802387671,-1.6002,0.63860189782));
#7647 = CARTESIAN_POINT('',(1.218785611699,-1.6002,0.609600000189));
#7648 = CARTESIAN_POINT('',(1.143,-1.6002,0.609600000189));
#7649 = PCURVE('',#7533,#7650);
#7650 = DEFINITIONAL_REPRESENTATION('',(#7651),#7655);
#7651 = B_SPLINE_CURVE_WITH_KNOTS('',2,(#7652,#7653,#7654),
  .UNSPECIFIED.,.F.,.F.,(3,3),(0.875,1.),.PIECEWISE_BEZIER_KNOTS.);
#7652 = CARTESIAN_POINT('',(0.310927158,4.353778E-02));
#7653 = CARTESIAN_POINT('',(0.401723139,5.928854E-03));
#7654 = CARTESIAN_POINT('',(0.5,5.928854E-03));
#7655 = ( GEOMETRIC_REPRESENTATION_CONTEXT(2) 
PARAMETRIC_REPRESENTATION_CONTEXT() REPRESENTATION_CONTEXT('2D SPACE',''
  ) );
#7656 = ORIENTED_EDGE('',*,*,#7657,.T.);
#7657 = EDGE_CURVE('',#7642,#7658,#7660,.T.);
#7658 = VERTEX_POINT('',#7659);
#7659 = CARTESIAN_POINT('',(0.997197612329,-1.6002,0.63860189782));
#7660 = SURFACE_CURVE('',#7661,(#7665),.PCURVE_S1.);
#7661 = B_SPLINE_CURVE_WITH_KNOTS('',2,(#7662,#7663,#7664),
  .UNSPECIFIED.,.F.,.F.,(3,3),(0.,0.125),.PIECEWISE_BEZIER_KNOTS.);
#7662 = CARTESIAN_POINT('',(1.143,-1.6002,0.609600000189));
#7663 = CARTESIAN_POINT('',(1.067214388301,-1.6002,0.609600000189));
#7664 = CARTESIAN_POINT('',(0.997197612329,-1.6002,0.63860189782));
#7665 = PCURVE('',#7533,#7666);
#7666 = DEFINITIONAL_REPRESENTATION('',(#7667),#7671);
#7667 = B_SPLINE_CURVE_WITH_KNOTS('',2,(#7668,#7669,#7670),
  .UNSPECIFIED.,.F.,.F.,(3,3),(0.,0.125),.PIECEWISE_BEZIER_KNOTS.);
#7668 = CARTESIAN_POINT('',(0.5,5.928854E-03));
#7669 = CARTESIAN_POINT('',(0.598276861,5.928854E-03));
#7670 = CARTESIAN_POINT('',(0.689072842,4.353778E-02));
#7671 = ( GEOMETRIC_REPRESENTATION_CONTEXT(2) 
PARAMETRIC_REPRESENTATION_CONTEXT() REPRESENTATION_CONTEXT('2D SPACE',''
  ) );
#7672 = ORIENTED_EDGE('',*,*,#7673,.T.);
#7673 = EDGE_CURVE('',#7658,#7674,#7676,.T.);
#7674 = VERTEX_POINT('',#7675);
#7675 = CARTESIAN_POINT('',(0.87359231629,-1.6002,0.72119231629));
#7676 = SURFACE_CURVE('',#7677,(#7681),.PCURVE_S1.);
#7677 = B_SPLINE_CURVE_WITH_KNOTS('',2,(#7678,#7679,#7680),
  .UNSPECIFIED.,.F.,.F.,(3,3),(0.125,0.25),.PIECEWISE_BEZIER_KNOTS.);
#7678 = CARTESIAN_POINT('',(0.997197612329,-1.6002,0.63860189782));
#7679 = CARTESIAN_POINT('',(0.927180836356,-1.6002,0.667603796223));
#7680 = CARTESIAN_POINT('',(0.87359231629,-1.6002,0.72119231629));
#7681 = PCURVE('',#7533,#7682);
#7682 = DEFINITIONAL_REPRESENTATION('',(#7683),#7687);
#7683 = B_SPLINE_CURVE_WITH_KNOTS('',2,(#7684,#7685,#7686),
  .UNSPECIFIED.,.F.,.F.,(3,3),(0.125,0.25),.PIECEWISE_BEZIER_KNOTS.);
#7684 = CARTESIAN_POINT('',(0.689072842,4.353778E-02));
#7685 = CARTESIAN_POINT('',(0.779868823,8.1146707E-02));
#7686 = CARTESIAN_POINT('',(0.849361058,0.150638942));
#7687 = ( GEOMETRIC_REPRESENTATION_CONTEXT(2) 
PARAMETRIC_REPRESENTATION_CONTEXT() REPRESENTATION_CONTEXT('2D SPACE',''
  ) );
#7688 = ORIENTED_EDGE('',*,*,#7689,.T.);
#7689 = EDGE_CURVE('',#7674,#7690,#7692,.T.);
#7690 = VERTEX_POINT('',#7691);
#7691 = CARTESIAN_POINT('',(0.79100189782,-1.6002,0.844797612329));
#7692 = SURFACE_CURVE('',#7693,(#7697),.PCURVE_S1.);
#7693 = B_SPLINE_CURVE_WITH_KNOTS('',2,(#7694,#7695,#7696),
  .UNSPECIFIED.,.F.,.F.,(3,3),(0.25,0.375),.PIECEWISE_BEZIER_KNOTS.);
#7694 = CARTESIAN_POINT('',(0.87359231629,-1.6002,0.72119231629));
#7695 = CARTESIAN_POINT('',(0.820003796223,-1.6002,0.774780836356));
#7696 = CARTESIAN_POINT('',(0.79100189782,-1.6002,0.844797612329));
#7697 = PCURVE('',#7533,#7698);
#7698 = DEFINITIONAL_REPRESENTATION('',(#7699),#7703);
#7699 = B_SPLINE_CURVE_WITH_KNOTS('',2,(#7700,#7701,#7702),
  .UNSPECIFIED.,.F.,.F.,(3,3),(0.25,0.375),.PIECEWISE_BEZIER_KNOTS.);
#7700 = CARTESIAN_POINT('',(0.849361058,0.150638942));
#7701 = CARTESIAN_POINT('',(0.918853293,0.220131177));
#7702 = CARTESIAN_POINT('',(0.95646222,0.310927158));
#7703 = ( GEOMETRIC_REPRESENTATION_CONTEXT(2) 
PARAMETRIC_REPRESENTATION_CONTEXT() REPRESENTATION_CONTEXT('2D SPACE',''
  ) );
#7704 = ORIENTED_EDGE('',*,*,#7705,.T.);
#7705 = EDGE_CURVE('',#7690,#7706,#7708,.T.);
#7706 = VERTEX_POINT('',#7707);
#7707 = CARTESIAN_POINT('',(0.762000000189,-1.6002,0.9906));
#7708 = SURFACE_CURVE('',#7709,(#7713),.PCURVE_S1.);
#7709 = B_SPLINE_CURVE_WITH_KNOTS('',2,(#7710,#7711,#7712),
  .UNSPECIFIED.,.F.,.F.,(3,3),(0.375,0.5),.PIECEWISE_BEZIER_KNOTS.);
#7710 = CARTESIAN_POINT('',(0.79100189782,-1.6002,0.844797612329));
#7711 = CARTESIAN_POINT('',(0.762000000189,-1.6002,0.914814388301));
#7712 = CARTESIAN_POINT('',(0.762000000189,-1.6002,0.9906));
#7713 = PCURVE('',#7533,#7714);
#7714 = DEFINITIONAL_REPRESENTATION('',(#7715),#7719);
#7715 = B_SPLINE_CURVE_WITH_KNOTS('',2,(#7716,#7717,#7718),
  .UNSPECIFIED.,.F.,.F.,(3,3),(0.375,0.5),.PIECEWISE_BEZIER_KNOTS.);
#7716 = CARTESIAN_POINT('',(0.95646222,0.310927158));
#7717 = CARTESIAN_POINT('',(0.994071146,0.401723139));
#7718 = CARTESIAN_POINT('',(0.994071146,0.5));
#7719 = ( GEOMETRIC_REPRESENTATION_CONTEXT(2) 
PARAMETRIC_REPRESENTATION_CONTEXT() REPRESENTATION_CONTEXT('2D SPACE',''
  ) );
#7720 = ORIENTED_EDGE('',*,*,#7721,.T.);
#7721 = EDGE_CURVE('',#7706,#7722,#7724,.T.);
#7722 = VERTEX_POINT('',#7723);
#7723 = CARTESIAN_POINT('',(0.79100189782,-1.6002,1.136402387671));
#7724 = SURFACE_CURVE('',#7725,(#7729),.PCURVE_S1.);
#7725 = B_SPLINE_CURVE_WITH_KNOTS('',2,(#7726,#7727,#7728),
  .UNSPECIFIED.,.F.,.F.,(3,3),(0.5,0.625),.PIECEWISE_BEZIER_KNOTS.);
#7726 = CARTESIAN_POINT('',(0.762000000189,-1.6002,0.9906));
#7727 = CARTESIAN_POINT('',(0.762000000189,-1.6002,1.066385611699));
#7728 = CARTESIAN_POINT('',(0.79100189782,-1.6002,1.136402387671));
#7729 = PCURVE('',#7533,#7730);
#7730 = DEFINITIONAL_REPRESENTATION('',(#7731),#7735);
#7731 = B_SPLINE_CURVE_WITH_KNOTS('',2,(#7732,#7733,#7734),
  .UNSPECIFIED.,.F.,.F.,(3,3),(0.5,0.625),.PIECEWISE_BEZIER_KNOTS.);
#7732 = CARTESIAN_POINT('',(0.994071146,0.5));
#7733 = CARTESIAN_POINT('',(0.994071146,0.598276861));
#7734 = CARTESIAN_POINT('',(0.95646222,0.689072842));
#7735 = ( GEOMETRIC_REPRESENTATION_CONTEXT(2) 
PARAMETRIC_REPRESENTATION_CONTEXT() REPRESENTATION_CONTEXT('2D SPACE',''
  ) );
#7736 = ORIENTED_EDGE('',*,*,#7737,.T.);
#7737 = EDGE_CURVE('',#7722,#7738,#7740,.T.);
#7738 = VERTEX_POINT('',#7739);
#7739 = CARTESIAN_POINT('',(0.87359231629,-1.6002,1.26000768371));
#7740 = SURFACE_CURVE('',#7741,(#7745),.PCURVE_S1.);
#7741 = B_SPLINE_CURVE_WITH_KNOTS('',2,(#7742,#7743,#7744),
  .UNSPECIFIED.,.F.,.F.,(3,3),(0.625,0.75),.PIECEWISE_BEZIER_KNOTS.);
#7742 = CARTESIAN_POINT('',(0.79100189782,-1.6002,1.136402387671));
#7743 = CARTESIAN_POINT('',(0.820003796223,-1.6002,1.206419163644));
#7744 = CARTESIAN_POINT('',(0.87359231629,-1.6002,1.26000768371));
#7745 = PCURVE('',#7533,#7746);
#7746 = DEFINITIONAL_REPRESENTATION('',(#7747),#7751);
#7747 = B_SPLINE_CURVE_WITH_KNOTS('',2,(#7748,#7749,#7750),
  .UNSPECIFIED.,.F.,.F.,(3,3),(0.625,0.75),.PIECEWISE_BEZIER_KNOTS.);
#7748 = CARTESIAN_POINT('',(0.95646222,0.689072842));
#7749 = CARTESIAN_POINT('',(0.918853293,0.779868823));
#7750 = CARTESIAN_POINT('',(0.849361058,0.849361058));
#7751 = ( GEOMETRIC_REPRESENTATION_CONTEXT(2) 
PARAMETRIC_REPRESENTATION_CONTEXT() REPRESENTATION_CONTEXT('2D SPACE',''
  ) );
#7752 = ORIENTED_EDGE('',*,*,#7753,.T.);
#7753 = EDGE_CURVE('',#7738,#7754,#7756,.T.);
#7754 = VERTEX_POINT('',#7755);
#7755 = CARTESIAN_POINT('',(0.997197612329,-1.6002,1.34259810218));
#7756 = SURFACE_CURVE('',#7757,(#7761),.PCURVE_S1.);
#7757 = B_SPLINE_CURVE_WITH_KNOTS('',2,(#7758,#7759,#7760),
  .UNSPECIFIED.,.F.,.F.,(3,3),(0.75,0.875),.PIECEWISE_BEZIER_KNOTS.);
#7758 = CARTESIAN_POINT('',(0.87359231629,-1.6002,1.26000768371));
#7759 = CARTESIAN_POINT('',(0.927180836356,-1.6002,1.313596203777));
#7760 = CARTESIAN_POINT('',(0.997197612329,-1.6002,1.34259810218));
#7761 = PCURVE('',#7533,#7762);
#7762 = DEFINITIONAL_REPRESENTATION('',(#7763),#7767);
#7763 = B_SPLINE_CURVE_WITH_KNOTS('',2,(#7764,#7765,#7766),
  .UNSPECIFIED.,.F.,.F.,(3,3),(0.75,0.875),.PIECEWISE_BEZIER_KNOTS.);
#7764 = CARTESIAN_POINT('',(0.849361058,0.849361058));
#7765 = CARTESIAN_POINT('',(0.779868823,0.918853293));
#7766 = CARTESIAN_POINT('',(0.689072842,0.95646222));
#7767 = ( GEOMETRIC_REPRESENTATION_CONTEXT(2) 
PARAMETRIC_REPRESENTATION_CONTEXT() REPRESENTATION_CONTEXT('2D SPACE',''
  ) );
#7768 = ORIENTED_EDGE('',*,*,#7769,.T.);
#7769 = EDGE_CURVE('',#7754,#7523,#7770,.T.);
#7770 = SURFACE_CURVE('',#7771,(#7775),.PCURVE_S1.);
#7771 = B_SPLINE_CURVE_WITH_KNOTS('',2,(#7772,#7773,#7774),
  .UNSPECIFIED.,.F.,.F.,(3,3),(0.875,1.),.PIECEWISE_BEZIER_KNOTS.);
#7772 = CARTESIAN_POINT('',(0.997197612329,-1.6002,1.34259810218));
#7773 = CARTESIAN_POINT('',(1.067214388301,-1.6002,1.371599999811));
#7774 = CARTESIAN_POINT('',(1.143,-1.6002,1.371599999811));
#7775 = PCURVE('',#7533,#7776);
#7776 = DEFINITIONAL_REPRESENTATION('',(#7777),#7781);
#7777 = B_SPLINE_CURVE_WITH_KNOTS('',2,(#7778,#7779,#7780),
  .UNSPECIFIED.,.F.,.F.,(3,3),(0.875,1.),.PIECEWISE_BEZIER_KNOTS.);
#7778 = CARTESIAN_POINT('',(0.689072842,0.95646222));
#7779 = CARTESIAN_POINT('',(0.598276861,0.994071146));
#7780 = CARTESIAN_POINT('',(0.5,0.994071146));
#7781 = ( GEOMETRIC_REPRESENTATION_CONTEXT(2) 
PARAMETRIC_REPRESENTATION_CONTEXT() REPRESENTATION_CONTEXT('2D SPACE',''
  ) );
#7782 = ( GEOMETRIC_REPRESENTATION_CONTEXT(3) 
GLOBAL_UNCERTAINTY_ASSIGNED_CONTEXT((#7786)) 
GLOBAL_UNIT_ASSIGNED_CONTEXT((#7783,#7784,#7785)) REPRESENTATION_CONTEXT
('Context #1','3D Context with UNIT and UNCERTAINTY') );
#7783 = ( LENGTH_UNIT() NAMED_UNIT(*) SI_UNIT(.MILLI.,.METRE.) );
#7784 = ( NAMED_UNIT(*) PLANE_ANGLE_UNIT() SI_UNIT($,.RADIAN.) );
#7785 = ( NAMED_UNIT(*) SI_UNIT($,.STERADIAN.) SOLID_ANGLE_UNIT() );
#7786 = UNCERTAINTY_MEASURE_WITH_UNIT(LENGTH_MEASURE(1.E-05),#7783,
  'distance_accuracy_value','confusion accuracy');
#7787 = PRODUCT_RELATED_PRODUCT_CATEGORY('part',$,(#7512));
#7788 = SHAPE_DEFINITION_REPRESENTATION(#7789,#7795);
#7789 = PRODUCT_DEFINITION_SHAPE('','',#7790);
#7790 = PRODUCT_DEFINITION('design','',#7791,#7794);
#7791 = PRODUCT_DEFINITION_FORMATION('','',#7792);
#7792 = PRODUCT('FACE','FACE','',(#7793));
#7793 = PRODUCT_CONTEXT('',#2,'mechanical');
#7794 = PRODUCT_DEFINITION_CONTEXT('part definition',#2,'design');
#7795 = MANIFOLD_SURFACE_SHAPE_REPRESENTATION('',(#11,#7796),#7951);
#7796 = SHELL_BASED_SURFACE_MODEL('',(#7797));
#7797 = OPEN_SHELL('',(#7798));
#7798 = ADVANCED_FACE('',(#7799),#7814,.T.);
#7799 = FACE_BOUND('',#7800,.T.);
#7800 = EDGE_LOOP('',(#7801,#7827,#7843,#7859,#7875,#7891,#7907,#7922,
    #7938));
#7801 = ORIENTED_EDGE('',*,*,#7802,.F.);
#7802 = EDGE_CURVE('',#7803,#7805,#7807,.T.);
#7803 = VERTEX_POINT('',#7804);
#7804 = CARTESIAN_POINT('',(0.952500001382,-1.4732,0.51967139551));
#7805 = VERTEX_POINT('',#7806);
#7806 = CARTESIAN_POINT('',(1.143000001037,-1.4732,0.4826));
#7807 = SURFACE_CURVE('',#7808,(#7813),.PCURVE_S1.);
#7808 = CIRCLE('',#7809,0.508);
#7809 = AXIS2_PLACEMENT_3D('',#7810,#7811,#7812);
#7810 = CARTESIAN_POINT('',(1.143,-1.4732,0.9906));
#7811 = DIRECTION('',(-1.330436532548E-16,-1.,6.123031769112E-17));
#7812 = DIRECTION('',(-0.375,-6.870653707619E-18,-0.927024810887));
#7813 = PCURVE('',#7814,#7822);
#7814 = SURFACE_OF_REVOLUTION('',#7815,#7819);
#7815 = LINE('',#7816,#7817);
#7816 = CARTESIAN_POINT('',(1.143,-1.6002,1.3716));
#7817 = VECTOR('',#7818,1.);
#7818 = DIRECTION('',(2.512147933894E-15,0.707106781187,0.707106781187)
  );
#7819 = AXIS1_PLACEMENT('',#7820,#7821);
#7820 = CARTESIAN_POINT('',(1.143,-1.001600199996E+03,0.9906));
#7821 = DIRECTION('',(0.,-1.,0.));
#7822 = DEFINITIONAL_REPRESENTATION('',(#7823),#7826);
#7823 = B_SPLINE_CURVE_WITH_KNOTS('',1,(#7824,#7825),.UNSPECIFIED.,.F.,
  .F.,(2,2),(1.110223024625E-16,0.384396778578),
  .PIECEWISE_BEZIER_KNOTS.);
#7824 = CARTESIAN_POINT('',(2.75719587918,0.179605122421));
#7825 = CARTESIAN_POINT('',(3.14159265318,0.179605122421));
#7826 = ( GEOMETRIC_REPRESENTATION_CONTEXT(2) 
PARAMETRIC_REPRESENTATION_CONTEXT() REPRESENTATION_CONTEXT('2D SPACE',''
  ) );
#7827 = ORIENTED_EDGE('',*,*,#7828,.F.);
#7828 = EDGE_CURVE('',#7829,#7803,#7831,.T.);
#7829 = VERTEX_POINT('',#7830);
#7830 = CARTESIAN_POINT('',(0.672071396458,-1.4732,0.800099999039));
#7831 = SURFACE_CURVE('',#7832,(#7837),.PCURVE_S1.);
#7832 = CIRCLE('',#7833,0.508);
#7833 = AXIS2_PLACEMENT_3D('',#7834,#7835,#7836);
#7834 = CARTESIAN_POINT('',(1.143,-1.4732,0.9906));
#7835 = DIRECTION('',(-3.08148791102E-33,-1.,6.123031769112E-17));
#7836 = DIRECTION('',(-0.927024810887,-2.296136913417E-17,-0.375));
#7837 = PCURVE('',#7814,#7838);
#7838 = DEFINITIONAL_REPRESENTATION('',(#7839),#7842);
#7839 = B_SPLINE_CURVE_WITH_KNOTS('',1,(#7840,#7841),.UNSPECIFIED.,.F.,
  .F.,(2,2),(0.,0.802002783672),.PIECEWISE_BEZIER_KNOTS.);
#7840 = CARTESIAN_POINT('',(1.95519310118,0.179605122421));
#7841 = CARTESIAN_POINT('',(2.75719587918,0.179605122421));
#7842 = ( GEOMETRIC_REPRESENTATION_CONTEXT(2) 
PARAMETRIC_REPRESENTATION_CONTEXT() REPRESENTATION_CONTEXT('2D SPACE',''
  ) );
#7843 = ORIENTED_EDGE('',*,*,#7844,.F.);
#7844 = EDGE_CURVE('',#7845,#7829,#7847,.T.);
#7845 = VERTEX_POINT('',#7846);
#7846 = CARTESIAN_POINT('',(0.635,-1.4732,0.990599998963));
#7847 = SURFACE_CURVE('',#7848,(#7853),.PCURVE_S1.);
#7848 = CIRCLE('',#7849,0.508);
#7849 = AXIS2_PLACEMENT_3D('',#7850,#7851,#7852);
#7850 = CARTESIAN_POINT('',(1.143,-1.4732,0.9906));
#7851 = DIRECTION('',(-1.330436532548E-16,-1.,6.123031769112E-17));
#7852 = DIRECTION('',(-1.,1.330436532548E-16,-7.116010375474E-15));
#7853 = PCURVE('',#7814,#7854);
#7854 = DEFINITIONAL_REPRESENTATION('',(#7855),#7858);
#7855 = B_SPLINE_CURVE_WITH_KNOTS('',1,(#7856,#7857),.UNSPECIFIED.,.F.,
  .F.,(2,2),(0.,0.384396778578),.PIECEWISE_BEZIER_KNOTS.);
#7856 = CARTESIAN_POINT('',(1.57079632718,0.179605122421));
#7857 = CARTESIAN_POINT('',(1.95519310118,0.179605122421));
#7858 = ( GEOMETRIC_REPRESENTATION_CONTEXT(2) 
PARAMETRIC_REPRESENTATION_CONTEXT() REPRESENTATION_CONTEXT('2D SPACE',''
  ) );
#7859 = ORIENTED_EDGE('',*,*,#7860,.F.);
#7860 = EDGE_CURVE('',#7861,#7845,#7863,.T.);
#7861 = VERTEX_POINT('',#7862);
#7862 = CARTESIAN_POINT('',(0.67207139551,-1.4732,1.181099998618));
#7863 = SURFACE_CURVE('',#7864,(#7869),.PCURVE_S1.);
#7864 = CIRCLE('',#7865,0.508);
#7865 = AXIS2_PLACEMENT_3D('',#7866,#7867,#7868);
#7866 = CARTESIAN_POINT('',(1.143,-1.4732,0.9906));
#7867 = DIRECTION('',(-1.330436532548E-16,-1.,6.123031769112E-17));
#7868 = DIRECTION('',(-0.927024810887,1.462961366324E-16,0.375));
#7869 = PCURVE('',#7814,#7870);
#7870 = DEFINITIONAL_REPRESENTATION('',(#7871),#7874);
#7871 = B_SPLINE_CURVE_WITH_KNOTS('',1,(#7872,#7873),.UNSPECIFIED.,.F.,
  .F.,(2,2),(1.110223024625E-16,0.384396778578),
  .PIECEWISE_BEZIER_KNOTS.);
#7872 = CARTESIAN_POINT('',(1.18639955218,0.179605122421));
#7873 = CARTESIAN_POINT('',(1.57079632718,0.179605122421));
#7874 = ( GEOMETRIC_REPRESENTATION_CONTEXT(2) 
PARAMETRIC_REPRESENTATION_CONTEXT() REPRESENTATION_CONTEXT('2D SPACE',''
  ) );
#7875 = ORIENTED_EDGE('',*,*,#7876,.F.);
#7876 = EDGE_CURVE('',#7877,#7861,#7879,.T.);
#7877 = VERTEX_POINT('',#7878);
#7878 = CARTESIAN_POINT('',(0.952499999039,-1.4732,1.461528603542));
#7879 = SURFACE_CURVE('',#7880,(#7885),.PCURVE_S1.);
#7880 = CIRCLE('',#7881,0.508);
#7881 = AXIS2_PLACEMENT_3D('',#7882,#7883,#7884);
#7882 = CARTESIAN_POINT('',(1.143,-1.4732,0.9906));
#7883 = DIRECTION('',(-3.08148791102E-33,-1.,6.123031769112E-17));
#7884 = DIRECTION('',(-0.375,5.676202367816E-17,0.927024810887));
#7885 = PCURVE('',#7814,#7886);
#7886 = DEFINITIONAL_REPRESENTATION('',(#7887),#7890);
#7887 = B_SPLINE_CURVE_WITH_KNOTS('',1,(#7888,#7889),.UNSPECIFIED.,.F.,
  .F.,(2,2),(0.,0.802002783672),.PIECEWISE_BEZIER_KNOTS.);
#7888 = CARTESIAN_POINT('',(0.38439677418,0.179605122421));
#7889 = CARTESIAN_POINT('',(1.18639955218,0.179605122421));
#7890 = ( GEOMETRIC_REPRESENTATION_CONTEXT(2) 
PARAMETRIC_REPRESENTATION_CONTEXT() REPRESENTATION_CONTEXT('2D SPACE',''
  ) );
#7891 = ORIENTED_EDGE('',*,*,#7892,.F.);
#7892 = EDGE_CURVE('',#7893,#7877,#7895,.T.);
#7893 = VERTEX_POINT('',#7894);
#7894 = CARTESIAN_POINT('',(1.143,-1.4732,1.4986));
#7895 = SURFACE_CURVE('',#7896,(#7901),.PCURVE_S1.);
#7896 = CIRCLE('',#7897,0.508);
#7897 = AXIS2_PLACEMENT_3D('',#7898,#7899,#7900);
#7898 = CARTESIAN_POINT('',(1.143,-1.4732,0.9906));
#7899 = DIRECTION('',(-1.330436532548E-16,-1.,6.123031769112E-17));
#7900 = DIRECTION('',(-7.181333556366E-17,6.123031769112E-17,1.));
#7901 = PCURVE('',#7814,#7902);
#7902 = DEFINITIONAL_REPRESENTATION('',(#7903),#7906);
#7903 = B_SPLINE_CURVE_WITH_KNOTS('',1,(#7904,#7905),.UNSPECIFIED.,.F.,
  .F.,(2,2),(2.751313596317E-16,0.384396778578),
  .PIECEWISE_BEZIER_KNOTS.);
#7904 = CARTESIAN_POINT('',(1.795889062348E-10,0.179605122421));
#7905 = CARTESIAN_POINT('',(0.38439677418,0.179605122421));
#7906 = ( GEOMETRIC_REPRESENTATION_CONTEXT(2) 
PARAMETRIC_REPRESENTATION_CONTEXT() REPRESENTATION_CONTEXT('2D SPACE',''
  ) );
#7907 = ORIENTED_EDGE('',*,*,#7908,.F.);
#7908 = EDGE_CURVE('',#7909,#7893,#7911,.T.);
#7909 = VERTEX_POINT('',#7910);
#7910 = CARTESIAN_POINT('',(1.143,-1.6002,1.3716));
#7911 = SURFACE_CURVE('',#7912,(#7916),.PCURVE_S1.);
#7912 = LINE('',#7913,#7914);
#7913 = CARTESIAN_POINT('',(1.143,-1.6002,1.3716));
#7914 = VECTOR('',#7915,1.);
#7915 = DIRECTION('',(0.,0.707106781187,0.707106781187));
#7916 = PCURVE('',#7814,#7917);
#7917 = DEFINITIONAL_REPRESENTATION('',(#7918),#7921);
#7918 = B_SPLINE_CURVE_WITH_KNOTS('',1,(#7919,#7920),.UNSPECIFIED.,.F.,
  .F.,(2,2),(0.,0.179605122421),.PIECEWISE_BEZIER_KNOTS.);
#7919 = CARTESIAN_POINT('',(1.795889062348E-10,-7.161969550888E-27));
#7920 = CARTESIAN_POINT('',(1.795889062348E-10,0.179605122421));
#7921 = ( GEOMETRIC_REPRESENTATION_CONTEXT(2) 
PARAMETRIC_REPRESENTATION_CONTEXT() REPRESENTATION_CONTEXT('2D SPACE',''
  ) );
#7922 = ORIENTED_EDGE('',*,*,#7923,.F.);
#7923 = EDGE_CURVE('',#7924,#7909,#7926,.T.);
#7924 = VERTEX_POINT('',#7925);
#7925 = CARTESIAN_POINT('',(1.143,-1.6002,0.6096));
#7926 = SURFACE_CURVE('',#7927,(#7932),.PCURVE_S1.);
#7927 = CIRCLE('',#7928,0.381);
#7928 = AXIS2_PLACEMENT_3D('',#7929,#7930,#7931);
#7929 = CARTESIAN_POINT('',(1.143,-1.6002,0.9906));
#7930 = DIRECTION('',(1.330436532548E-16,1.,6.123031769112E-17));
#7931 = DIRECTION('',(3.722758742864E-16,6.123031769112E-17,-1.));
#7932 = PCURVE('',#7814,#7933);
#7933 = DEFINITIONAL_REPRESENTATION('',(#7934),#7937);
#7934 = B_SPLINE_CURVE_WITH_KNOTS('',1,(#7935,#7936),.UNSPECIFIED.,.F.,
  .F.,(2,2),(-8.881784197001E-16,3.14159265359),
  .PIECEWISE_BEZIER_KNOTS.);
#7935 = CARTESIAN_POINT('',(3.14159265318,-1.252878096985E-16));
#7936 = CARTESIAN_POINT('',(1.795889062348E-10,-7.161969550888E-27));
#7937 = ( GEOMETRIC_REPRESENTATION_CONTEXT(2) 
PARAMETRIC_REPRESENTATION_CONTEXT() REPRESENTATION_CONTEXT('2D SPACE',''
  ) );
#7938 = ORIENTED_EDGE('',*,*,#7939,.F.);
#7939 = EDGE_CURVE('',#7805,#7924,#7940,.T.);
#7940 = SURFACE_CURVE('',#7941,(#7945),.PCURVE_S1.);
#7941 = LINE('',#7942,#7943);
#7942 = CARTESIAN_POINT('',(1.143,-1.4732,0.4826));
#7943 = VECTOR('',#7944,1.);
#7944 = DIRECTION('',(0.,-0.707106781187,0.707106781187));
#7945 = PCURVE('',#7814,#7946);
#7946 = DEFINITIONAL_REPRESENTATION('',(#7947),#7950);
#7947 = B_SPLINE_CURVE_WITH_KNOTS('',1,(#7948,#7949),.UNSPECIFIED.,.F.,
  .F.,(2,2),(0.,0.179605122421),.PIECEWISE_BEZIER_KNOTS.);
#7948 = CARTESIAN_POINT('',(3.14159265318,0.179605122421));
#7949 = CARTESIAN_POINT('',(3.14159265318,-1.252878096985E-16));
#7950 = ( GEOMETRIC_REPRESENTATION_CONTEXT(2) 
PARAMETRIC_REPRESENTATION_CONTEXT() REPRESENTATION_CONTEXT('2D SPACE',''
  ) );
#7951 = ( GEOMETRIC_REPRESENTATION_CONTEXT(3) 
GLOBAL_UNCERTAINTY_ASSIGNED_CONTEXT((#7955)) 
GLOBAL_UNIT_ASSIGNED_CONTEXT((#7952,#7953,#7954)) REPRESENTATION_CONTEXT
('Context #1','3D Context with UNIT and UNCERTAINTY') );
#7952 = ( LENGTH_UNIT() NAMED_UNIT(*) SI_UNIT(.MILLI.,.METRE.) );
#7953 = ( NAMED_UNIT(*) PLANE_ANGLE_UNIT() SI_UNIT($,.RADIAN.) );
#7954 = ( NAMED_UNIT(*) SI_UNIT($,.STERADIAN.) SOLID_ANGLE_UNIT() );
#7955 = UNCERTAINTY_MEASURE_WITH_UNIT(LENGTH_MEASURE(1.E-07),#7952,
  'distance_accuracy_value','confusion accuracy');
#7956 = PRODUCT_RELATED_PRODUCT_CATEGORY('part',$,(#7792));
#7957 = SHAPE_DEFINITION_REPRESENTATION(#7958,#7964);
#7958 = PRODUCT_DEFINITION_SHAPE('','',#7959);
#7959 = PRODUCT_DEFINITION('design','',#7960,#7963);
#7960 = PRODUCT_DEFINITION_FORMATION('','',#7961);
#7961 = PRODUCT('FACE','FACE','',(#7962));
#7962 = PRODUCT_CONTEXT('',#2,'mechanical');
#7963 = PRODUCT_DEFINITION_CONTEXT('part definition',#2,'design');
#7964 = MANIFOLD_SURFACE_SHAPE_REPRESENTATION('',(#11,#7965),#8120);
#7965 = SHELL_BASED_SURFACE_MODEL('',(#7966));
#7966 = OPEN_SHELL('',(#7967));
#7967 = ADVANCED_FACE('',(#7968),#7983,.T.);
#7968 = FACE_BOUND('',#7969,.T.);
#7969 = EDGE_LOOP('',(#7970,#7996,#8012,#8028,#8044,#8060,#8076,#8091,
    #8107));
#7970 = ORIENTED_EDGE('',*,*,#7971,.F.);
#7971 = EDGE_CURVE('',#7972,#7974,#7976,.T.);
#7972 = VERTEX_POINT('',#7973);
#7973 = CARTESIAN_POINT('',(0.952500001382,-1.4732,3.05967139551));
#7974 = VERTEX_POINT('',#7975);
#7975 = CARTESIAN_POINT('',(1.143000001037,-1.4732,3.0226));
#7976 = SURFACE_CURVE('',#7977,(#7982),.PCURVE_S1.);
#7977 = CIRCLE('',#7978,0.508);
#7978 = AXIS2_PLACEMENT_3D('',#7979,#7980,#7981);
#7979 = CARTESIAN_POINT('',(1.143,-1.4732,3.5306));
#7980 = DIRECTION('',(-1.330436532548E-16,-1.,6.123031769112E-17));
#7981 = DIRECTION('',(-0.375,-6.870653707619E-18,-0.927024810887));
#7982 = PCURVE('',#7983,#7991);
#7983 = SURFACE_OF_REVOLUTION('',#7984,#7988);
#7984 = LINE('',#7985,#7986);
#7985 = CARTESIAN_POINT('',(1.143,-1.6002,3.9116));
#7986 = VECTOR('',#7987,1.);
#7987 = DIRECTION('',(2.512147933894E-15,0.707106781187,0.707106781187)
  );
#7988 = AXIS1_PLACEMENT('',#7989,#7990);
#7989 = CARTESIAN_POINT('',(1.143,-1.001600199996E+03,3.5306));
#7990 = DIRECTION('',(0.,-1.,0.));
#7991 = DEFINITIONAL_REPRESENTATION('',(#7992),#7995);
#7992 = B_SPLINE_CURVE_WITH_KNOTS('',1,(#7993,#7994),.UNSPECIFIED.,.F.,
  .F.,(2,2),(0.,0.384396778578),.PIECEWISE_BEZIER_KNOTS.);
#7993 = CARTESIAN_POINT('',(2.75719587918,0.179605122421));
#7994 = CARTESIAN_POINT('',(3.14159265318,0.179605122421));
#7995 = ( GEOMETRIC_REPRESENTATION_CONTEXT(2) 
PARAMETRIC_REPRESENTATION_CONTEXT() REPRESENTATION_CONTEXT('2D SPACE',''
  ) );
#7996 = ORIENTED_EDGE('',*,*,#7997,.F.);
#7997 = EDGE_CURVE('',#7998,#7972,#8000,.T.);
#7998 = VERTEX_POINT('',#7999);
#7999 = CARTESIAN_POINT('',(0.672071396458,-1.4732,3.340099999039));
#8000 = SURFACE_CURVE('',#8001,(#8006),.PCURVE_S1.);
#8001 = CIRCLE('',#8002,0.508);
#8002 = AXIS2_PLACEMENT_3D('',#8003,#8004,#8005);
#8003 = CARTESIAN_POINT('',(1.143,-1.4732,3.5306));
#8004 = DIRECTION('',(3.08148791102E-33,-1.,6.123031769112E-17));
#8005 = DIRECTION('',(-0.927024810887,-2.296136913417E-17,-0.375));
#8006 = PCURVE('',#7983,#8007);
#8007 = DEFINITIONAL_REPRESENTATION('',(#8008),#8011);
#8008 = B_SPLINE_CURVE_WITH_KNOTS('',1,(#8009,#8010),.UNSPECIFIED.,.F.,
  .F.,(2,2),(0.,0.802002783672),.PIECEWISE_BEZIER_KNOTS.);
#8009 = CARTESIAN_POINT('',(1.95519310118,0.179605122421));
#8010 = CARTESIAN_POINT('',(2.75719587918,0.179605122421));
#8011 = ( GEOMETRIC_REPRESENTATION_CONTEXT(2) 
PARAMETRIC_REPRESENTATION_CONTEXT() REPRESENTATION_CONTEXT('2D SPACE',''
  ) );
#8012 = ORIENTED_EDGE('',*,*,#8013,.F.);
#8013 = EDGE_CURVE('',#8014,#7998,#8016,.T.);
#8014 = VERTEX_POINT('',#8015);
#8015 = CARTESIAN_POINT('',(0.635,-1.4732,3.530599998963));
#8016 = SURFACE_CURVE('',#8017,(#8022),.PCURVE_S1.);
#8017 = CIRCLE('',#8018,0.508);
#8018 = AXIS2_PLACEMENT_3D('',#8019,#8020,#8021);
#8019 = CARTESIAN_POINT('',(1.143,-1.4732,3.5306));
#8020 = DIRECTION('',(-1.330436532548E-16,-1.,6.123031769112E-17));
#8021 = DIRECTION('',(-1.,1.330436532548E-16,-1.058301787254E-17));
#8022 = PCURVE('',#7983,#8023);
#8023 = DEFINITIONAL_REPRESENTATION('',(#8024),#8027);
#8024 = B_SPLINE_CURVE_WITH_KNOTS('',1,(#8025,#8026),.UNSPECIFIED.,.F.,
  .F.,(2,2),(0.,0.384396778578),.PIECEWISE_BEZIER_KNOTS.);
#8025 = CARTESIAN_POINT('',(1.57079632718,0.179605122421));
#8026 = CARTESIAN_POINT('',(1.95519310118,0.179605122421));
#8027 = ( GEOMETRIC_REPRESENTATION_CONTEXT(2) 
PARAMETRIC_REPRESENTATION_CONTEXT() REPRESENTATION_CONTEXT('2D SPACE',''
  ) );
#8028 = ORIENTED_EDGE('',*,*,#8029,.F.);
#8029 = EDGE_CURVE('',#8030,#8014,#8032,.T.);
#8030 = VERTEX_POINT('',#8031);
#8031 = CARTESIAN_POINT('',(0.67207139551,-1.4732,3.721099998618));
#8032 = SURFACE_CURVE('',#8033,(#8038),.PCURVE_S1.);
#8033 = CIRCLE('',#8034,0.508);
#8034 = AXIS2_PLACEMENT_3D('',#8035,#8036,#8037);
#8035 = CARTESIAN_POINT('',(1.143,-1.4732,3.5306));
#8036 = DIRECTION('',(-1.330436532548E-16,-1.,6.123031769112E-17));
#8037 = DIRECTION('',(-0.927024810887,1.462961366324E-16,0.375));
#8038 = PCURVE('',#7983,#8039);
#8039 = DEFINITIONAL_REPRESENTATION('',(#8040),#8043);
#8040 = B_SPLINE_CURVE_WITH_KNOTS('',1,(#8041,#8042),.UNSPECIFIED.,.F.,
  .F.,(2,2),(-8.881784197001E-16,0.384396778578),
  .PIECEWISE_BEZIER_KNOTS.);
#8041 = CARTESIAN_POINT('',(1.18639955218,0.179605122421));
#8042 = CARTESIAN_POINT('',(1.57079632718,0.179605122421));
#8043 = ( GEOMETRIC_REPRESENTATION_CONTEXT(2) 
PARAMETRIC_REPRESENTATION_CONTEXT() REPRESENTATION_CONTEXT('2D SPACE',''
  ) );
#8044 = ORIENTED_EDGE('',*,*,#8045,.F.);
#8045 = EDGE_CURVE('',#8046,#8030,#8048,.T.);
#8046 = VERTEX_POINT('',#8047);
#8047 = CARTESIAN_POINT('',(0.952499999039,-1.4732,4.001528603542));
#8048 = SURFACE_CURVE('',#8049,(#8054),.PCURVE_S1.);
#8049 = CIRCLE('',#8050,0.508);
#8050 = AXIS2_PLACEMENT_3D('',#8051,#8052,#8053);
#8051 = CARTESIAN_POINT('',(1.143,-1.4732,3.5306));
#8052 = DIRECTION('',(-3.08148791102E-33,-1.,6.123031769112E-17));
#8053 = DIRECTION('',(-0.375,5.676202367816E-17,0.927024810887));
#8054 = PCURVE('',#7983,#8055);
#8055 = DEFINITIONAL_REPRESENTATION('',(#8056),#8059);
#8056 = B_SPLINE_CURVE_WITH_KNOTS('',1,(#8057,#8058),.UNSPECIFIED.,.F.,
  .F.,(2,2),(0.,0.802002783672),.PIECEWISE_BEZIER_KNOTS.);
#8057 = CARTESIAN_POINT('',(0.38439677418,0.179605122421));
#8058 = CARTESIAN_POINT('',(1.18639955218,0.179605122421));
#8059 = ( GEOMETRIC_REPRESENTATION_CONTEXT(2) 
PARAMETRIC_REPRESENTATION_CONTEXT() REPRESENTATION_CONTEXT('2D SPACE',''
  ) );
#8060 = ORIENTED_EDGE('',*,*,#8061,.F.);
#8061 = EDGE_CURVE('',#8062,#8046,#8064,.T.);
#8062 = VERTEX_POINT('',#8063);
#8063 = CARTESIAN_POINT('',(1.143,-1.4732,4.0386));
#8064 = SURFACE_CURVE('',#8065,(#8070),.PCURVE_S1.);
#8065 = CIRCLE('',#8066,0.508);
#8066 = AXIS2_PLACEMENT_3D('',#8067,#8068,#8069);
#8067 = CARTESIAN_POINT('',(1.143,-1.4732,3.5306));
#8068 = DIRECTION('',(-1.330436532548E-16,-1.,6.123031769112E-17));
#8069 = DIRECTION('',(-7.181333556366E-17,6.123031769112E-17,1.));
#8070 = PCURVE('',#7983,#8071);
#8071 = DEFINITIONAL_REPRESENTATION('',(#8072),#8075);
#8072 = B_SPLINE_CURVE_WITH_KNOTS('',1,(#8073,#8074),.UNSPECIFIED.,.F.,
  .F.,(2,2),(2.751313596317E-16,0.384396778578),
  .PIECEWISE_BEZIER_KNOTS.);
#8073 = CARTESIAN_POINT('',(1.795889062348E-10,0.179605122421));
#8074 = CARTESIAN_POINT('',(0.38439677418,0.179605122421));
#8075 = ( GEOMETRIC_REPRESENTATION_CONTEXT(2) 
PARAMETRIC_REPRESENTATION_CONTEXT() REPRESENTATION_CONTEXT('2D SPACE',''
  ) );
#8076 = ORIENTED_EDGE('',*,*,#8077,.F.);
#8077 = EDGE_CURVE('',#8078,#8062,#8080,.T.);
#8078 = VERTEX_POINT('',#8079);
#8079 = CARTESIAN_POINT('',(1.143,-1.6002,3.9116));
#8080 = SURFACE_CURVE('',#8081,(#8085),.PCURVE_S1.);
#8081 = LINE('',#8082,#8083);
#8082 = CARTESIAN_POINT('',(1.143,-1.6002,3.9116));
#8083 = VECTOR('',#8084,1.);
#8084 = DIRECTION('',(0.,0.707106781187,0.707106781187));
#8085 = PCURVE('',#7983,#8086);
#8086 = DEFINITIONAL_REPRESENTATION('',(#8087),#8090);
#8087 = B_SPLINE_CURVE_WITH_KNOTS('',1,(#8088,#8089),.UNSPECIFIED.,.F.,
  .F.,(2,2),(0.,0.179605122421),.PIECEWISE_BEZIER_KNOTS.);
#8088 = CARTESIAN_POINT('',(1.795889062348E-10,-7.161969550888E-27));
#8089 = CARTESIAN_POINT('',(1.795889062348E-10,0.179605122421));
#8090 = ( GEOMETRIC_REPRESENTATION_CONTEXT(2) 
PARAMETRIC_REPRESENTATION_CONTEXT() REPRESENTATION_CONTEXT('2D SPACE',''
  ) );
#8091 = ORIENTED_EDGE('',*,*,#8092,.F.);
#8092 = EDGE_CURVE('',#8093,#8078,#8095,.T.);
#8093 = VERTEX_POINT('',#8094);
#8094 = CARTESIAN_POINT('',(1.143,-1.6002,3.1496));
#8095 = SURFACE_CURVE('',#8096,(#8101),.PCURVE_S1.);
#8096 = CIRCLE('',#8097,0.381);
#8097 = AXIS2_PLACEMENT_3D('',#8098,#8099,#8100);
#8098 = CARTESIAN_POINT('',(1.143,-1.6002,3.5306));
#8099 = DIRECTION('',(1.330436532548E-16,1.,6.123031769112E-17));
#8100 = DIRECTION('',(-7.181333556366E-17,6.123031769112E-17,-1.));
#8101 = PCURVE('',#7983,#8102);
#8102 = DEFINITIONAL_REPRESENTATION('',(#8103),#8106);
#8103 = B_SPLINE_CURVE_WITH_KNOTS('',1,(#8104,#8105),.UNSPECIFIED.,.F.,
  .F.,(2,2),(0.,3.14159265359),.PIECEWISE_BEZIER_KNOTS.);
#8104 = CARTESIAN_POINT('',(3.14159265318,-1.252878096985E-16));
#8105 = CARTESIAN_POINT('',(1.795889062348E-10,-7.161969550888E-27));
#8106 = ( GEOMETRIC_REPRESENTATION_CONTEXT(2) 
PARAMETRIC_REPRESENTATION_CONTEXT() REPRESENTATION_CONTEXT('2D SPACE',''
  ) );
#8107 = ORIENTED_EDGE('',*,*,#8108,.F.);
#8108 = EDGE_CURVE('',#7974,#8093,#8109,.T.);
#8109 = SURFACE_CURVE('',#8110,(#8114),.PCURVE_S1.);
#8110 = LINE('',#8111,#8112);
#8111 = CARTESIAN_POINT('',(1.143,-1.4732,3.0226));
#8112 = VECTOR('',#8113,1.);
#8113 = DIRECTION('',(0.,-0.707106781187,0.707106781187));
#8114 = PCURVE('',#7983,#8115);
#8115 = DEFINITIONAL_REPRESENTATION('',(#8116),#8119);
#8116 = B_SPLINE_CURVE_WITH_KNOTS('',1,(#8117,#8118),.UNSPECIFIED.,.F.,
  .F.,(2,2),(0.,0.179605122421),.PIECEWISE_BEZIER_KNOTS.);
#8117 = CARTESIAN_POINT('',(3.14159265318,0.179605122421));
#8118 = CARTESIAN_POINT('',(3.14159265318,-1.252878096985E-16));
#8119 = ( GEOMETRIC_REPRESENTATION_CONTEXT(2) 
PARAMETRIC_REPRESENTATION_CONTEXT() REPRESENTATION_CONTEXT('2D SPACE',''
  ) );
#8120 = ( GEOMETRIC_REPRESENTATION_CONTEXT(3) 
GLOBAL_UNCERTAINTY_ASSIGNED_CONTEXT((#8124)) 
GLOBAL_UNIT_ASSIGNED_CONTEXT((#8121,#8122,#8123)) REPRESENTATION_CONTEXT
('Context #1','3D Context with UNIT and UNCERTAINTY') );
#8121 = ( LENGTH_UNIT() NAMED_UNIT(*) SI_UNIT(.MILLI.,.METRE.) );
#8122 = ( NAMED_UNIT(*) PLANE_ANGLE_UNIT() SI_UNIT($,.RADIAN.) );
#8123 = ( NAMED_UNIT(*) SI_UNIT($,.STERADIAN.) SOLID_ANGLE_UNIT() );
#8124 = UNCERTAINTY_MEASURE_WITH_UNIT(LENGTH_MEASURE(1.E-07),#8121,
  'distance_accuracy_value','confusion accuracy');
#8125 = PRODUCT_RELATED_PRODUCT_CATEGORY('part',$,(#7961));
#8126 = SHAPE_DEFINITION_REPRESENTATION(#8127,#8133);
#8127 = PRODUCT_DEFINITION_SHAPE('','',#8128);
#8128 = PRODUCT_DEFINITION('design','',#8129,#8132);
#8129 = PRODUCT_DEFINITION_FORMATION('','',#8130);
#8130 = PRODUCT('FACE','FACE','',(#8131));
#8131 = PRODUCT_CONTEXT('',#2,'mechanical');
#8132 = PRODUCT_DEFINITION_CONTEXT('part definition',#2,'design');
#8133 = MANIFOLD_SURFACE_SHAPE_REPRESENTATION('',(#11,#8134),#8235);
#8134 = SHELL_BASED_SURFACE_MODEL('',(#8135));
#8135 = OPEN_SHELL('',(#8136));
#8136 = ADVANCED_FACE('',(#8137),#8153,.T.);
#8137 = FACE_BOUND('',#8138,.T.);
#8138 = EDGE_LOOP('',(#8139,#8167,#8185,#8203,#8219));
#8139 = ORIENTED_EDGE('',*,*,#8140,.F.);
#8140 = EDGE_CURVE('',#8141,#8143,#8145,.T.);
#8141 = VERTEX_POINT('',#8142);
#8142 = CARTESIAN_POINT('',(1.778000002767,-1.123087225699,
    3.530568875214));
#8143 = VERTEX_POINT('',#8144);
#8144 = CARTESIAN_POINT('',(1.778000003082,-1.046008761953,
    3.721100001002));
#8145 = SURFACE_CURVE('',#8146,(#8152),.PCURVE_S1.);
#8146 = B_SPLINE_CURVE_WITH_KNOTS('',4,(#8147,#8148,#8149,#8150,#8151),
  .UNSPECIFIED.,.F.,.F.,(5,5),(0.5,1.),.PIECEWISE_BEZIER_KNOTS.);
#8147 = CARTESIAN_POINT('',(1.778000002767,-1.123087225699,
    3.530568875214));
#8148 = CARTESIAN_POINT('',(1.77800000271,-1.123093699949,3.578480625346
    ));
#8149 = CARTESIAN_POINT('',(1.777847641197,-1.110249447408,
    3.625293730827));
#8150 = CARTESIAN_POINT('',(1.778000002882,-1.084554468076,
    3.672440934797));
#8151 = CARTESIAN_POINT('',(1.778000003082,-1.046008761953,
    3.721100001002));
#8152 = PCURVE('',#8153,#8161);
#8153 = SURFACE_OF_REVOLUTION('',#8154,#8158);
#8154 = LINE('',#8155,#8156);
#8155 = CARTESIAN_POINT('',(0.635,-1.4732,3.5306));
#8156 = VECTOR('',#8157,1.);
#8157 = DIRECTION('',(-0.340998954621,0.940063674943,1.211471650539E-15)
  );
#8158 = AXIS1_PLACEMENT('',#8159,#8160);
#8159 = CARTESIAN_POINT('',(1.143,-1.001042528518E+03,3.5306));
#8160 = DIRECTION('',(0.,-1.,0.));
#8161 = DEFINITIONAL_REPRESENTATION('',(#8162),#8166);
#8162 = B_SPLINE_CURVE_WITH_KNOTS('',2,(#8163,#8164,#8165),
  .UNSPECIFIED.,.F.,.F.,(3,3),(0.5,1.),.PIECEWISE_BEZIER_KNOTS.);
#8163 = CARTESIAN_POINT('',(3.14154363818,0.372435169695));
#8164 = CARTESIAN_POINT('',(3.29244678718,0.372421395628));
#8165 = CARTESIAN_POINT('',(3.43304944818,0.454427981246));
#8166 = ( GEOMETRIC_REPRESENTATION_CONTEXT(2) 
PARAMETRIC_REPRESENTATION_CONTEXT() REPRESENTATION_CONTEXT('2D SPACE',''
  ) );
#8167 = ORIENTED_EDGE('',*,*,#8168,.F.);
#8168 = EDGE_CURVE('',#8169,#8141,#8171,.T.);
#8169 = VERTEX_POINT('',#8170);
#8170 = CARTESIAN_POINT('',(1.778000003116,-1.046008761953,
    3.340099999112));
#8171 = SURFACE_CURVE('',#8172,(#8178),.PCURVE_S1.);
#8172 = B_SPLINE_CURVE_WITH_KNOTS('',4,(#8173,#8174,#8175,#8176,#8177),
  .UNSPECIFIED.,.F.,.F.,(5,5),(0.,0.5),.PIECEWISE_BEZIER_KNOTS.);
#8173 = CARTESIAN_POINT('',(1.778000003116,-1.046008761953,
    3.340099999112));
#8174 = CARTESIAN_POINT('',(1.77800000295,-1.08454152194,3.388742722604)
  );
#8175 = CARTESIAN_POINT('',(1.777847854243,-1.110232185893,
    3.435874959894));
#8176 = CARTESIAN_POINT('',(1.778000002758,-1.123080753813,
    3.482673256623));
#8177 = CARTESIAN_POINT('',(1.778000002767,-1.123087225699,
    3.530568875214));
#8178 = PCURVE('',#8153,#8179);
#8179 = DEFINITIONAL_REPRESENTATION('',(#8180),#8184);
#8180 = B_SPLINE_CURVE_WITH_KNOTS('',2,(#8181,#8182,#8183),
  .UNSPECIFIED.,.F.,.F.,(3,3),(0.,0.5),.PIECEWISE_BEZIER_KNOTS.);
#8181 = CARTESIAN_POINT('',(2.85013585918,0.454427981246));
#8182 = CARTESIAN_POINT('',(2.99069129718,0.372448938733));
#8183 = CARTESIAN_POINT('',(3.14154363818,0.372435169695));
#8184 = ( GEOMETRIC_REPRESENTATION_CONTEXT(2) 
PARAMETRIC_REPRESENTATION_CONTEXT() REPRESENTATION_CONTEXT('2D SPACE',''
  ) );
#8185 = ORIENTED_EDGE('',*,*,#8186,.F.);
#8186 = EDGE_CURVE('',#8187,#8169,#8189,.T.);
#8187 = VERTEX_POINT('',#8188);
#8188 = CARTESIAN_POINT('',(1.613928604498,-1.4732,3.340100001402));
#8189 = SURFACE_CURVE('',#8190,(#8196),.PCURVE_S1.);
#8190 = B_SPLINE_CURVE_WITH_KNOTS('',4,(#8191,#8192,#8193,#8194,#8195),
  .UNSPECIFIED.,.F.,.F.,(5,5),(0.,1.),.PIECEWISE_BEZIER_KNOTS.);
#8191 = CARTESIAN_POINT('',(1.613928603947,-1.4732,3.34010000004));
#8192 = CARTESIAN_POINT('',(1.649728165517,-1.381710070819,
    3.340099999654));
#8193 = CARTESIAN_POINT('',(1.688993722742,-1.280014888084,
    3.340054874822));
#8194 = CARTESIAN_POINT('',(1.731757117519,-1.168114451796,3.34009999914
    ));
#8195 = CARTESIAN_POINT('',(1.778000003116,-1.046008761953,
    3.340099999112));
#8196 = PCURVE('',#8153,#8197);
#8197 = DEFINITIONAL_REPRESENTATION('',(#8198),#8202);
#8198 = B_SPLINE_CURVE_WITH_KNOTS('',2,(#8199,#8200,#8201),
  .UNSPECIFIED.,.F.,.F.,(3,3),(0.,1.),.PIECEWISE_BEZIER_KNOTS.);
#8199 = CARTESIAN_POINT('',(2.75719587918,-2.798793728741E-16));
#8200 = CARTESIAN_POINT('',(2.81004956118,0.194646238589));
#8201 = CARTESIAN_POINT('',(2.85013585918,0.454427981246));
#8202 = ( GEOMETRIC_REPRESENTATION_CONTEXT(2) 
PARAMETRIC_REPRESENTATION_CONTEXT() REPRESENTATION_CONTEXT('2D SPACE',''
  ) );
#8203 = ORIENTED_EDGE('',*,*,#8204,.F.);
#8204 = EDGE_CURVE('',#8205,#8187,#8207,.T.);
#8205 = VERTEX_POINT('',#8206);
#8206 = CARTESIAN_POINT('',(1.613928603922,-1.4732,3.721100000022));
#8207 = SURFACE_CURVE('',#8208,(#8213),.PCURVE_S1.);
#8208 = CIRCLE('',#8209,0.508);
#8209 = AXIS2_PLACEMENT_3D('',#8210,#8211,#8212);
#8210 = CARTESIAN_POINT('',(1.143,-1.4732,3.5306));
#8211 = DIRECTION('',(1.330436532548E-16,1.,6.123031769112E-17));
#8212 = DIRECTION('',(0.927024810887,-1.462961366324E-16,0.375));
#8213 = PCURVE('',#8153,#8214);
#8214 = DEFINITIONAL_REPRESENTATION('',(#8215),#8218);
#8215 = B_SPLINE_CURVE_WITH_KNOTS('',1,(#8216,#8217),.UNSPECIFIED.,.F.,
  .F.,(2,2),(4.996003610813E-16,0.768793543123),
  .PIECEWISE_BEZIER_KNOTS.);
#8216 = CARTESIAN_POINT('',(3.52598942818,-3.579186075867E-16));
#8217 = CARTESIAN_POINT('',(2.75719587918,-2.798793728741E-16));
#8218 = ( GEOMETRIC_REPRESENTATION_CONTEXT(2) 
PARAMETRIC_REPRESENTATION_CONTEXT() REPRESENTATION_CONTEXT('2D SPACE',''
  ) );
#8219 = ORIENTED_EDGE('',*,*,#8220,.F.);
#8220 = EDGE_CURVE('',#8143,#8205,#8221,.T.);
#8221 = SURFACE_CURVE('',#8222,(#8228),.PCURVE_S1.);
#8222 = B_SPLINE_CURVE_WITH_KNOTS('',4,(#8223,#8224,#8225,#8226,#8227),
  .UNSPECIFIED.,.F.,.F.,(5,5),(0.,1.),.PIECEWISE_BEZIER_KNOTS.);
#8223 = CARTESIAN_POINT('',(1.778000003082,-1.046008761953,
    3.721100001002));
#8224 = CARTESIAN_POINT('',(1.73175711758,-1.168114451796,3.721100000648
    ));
#8225 = CARTESIAN_POINT('',(1.688993722835,-1.280014888084,
    3.721145124915));
#8226 = CARTESIAN_POINT('',(1.649728165578,-1.381710070819,
    3.721100000201));
#8227 = CARTESIAN_POINT('',(1.613928603913,-1.4732,3.721100000044));
#8228 = PCURVE('',#8153,#8229);
#8229 = DEFINITIONAL_REPRESENTATION('',(#8230),#8234);
#8230 = B_SPLINE_CURVE_WITH_KNOTS('',2,(#8231,#8232,#8233),
  .UNSPECIFIED.,.F.,.F.,(3,3),(0.,1.),.PIECEWISE_BEZIER_KNOTS.);
#8231 = CARTESIAN_POINT('',(3.43304944818,0.454427981246));
#8232 = CARTESIAN_POINT('',(3.47313574518,0.194646238589));
#8233 = CARTESIAN_POINT('',(3.52598942818,-3.579186075867E-16));
#8234 = ( GEOMETRIC_REPRESENTATION_CONTEXT(2) 
PARAMETRIC_REPRESENTATION_CONTEXT() REPRESENTATION_CONTEXT('2D SPACE',''
  ) );
#8235 = ( GEOMETRIC_REPRESENTATION_CONTEXT(3) 
GLOBAL_UNCERTAINTY_ASSIGNED_CONTEXT((#8239)) 
GLOBAL_UNIT_ASSIGNED_CONTEXT((#8236,#8237,#8238)) REPRESENTATION_CONTEXT
('Context #1','3D Context with UNIT and UNCERTAINTY') );
#8236 = ( LENGTH_UNIT() NAMED_UNIT(*) SI_UNIT(.MILLI.,.METRE.) );
#8237 = ( NAMED_UNIT(*) PLANE_ANGLE_UNIT() SI_UNIT($,.RADIAN.) );
#8238 = ( NAMED_UNIT(*) SI_UNIT($,.STERADIAN.) SOLID_ANGLE_UNIT() );
#8239 = UNCERTAINTY_MEASURE_WITH_UNIT(LENGTH_MEASURE(1.E-05),#8236,
  'distance_accuracy_value','confusion accuracy');
#8240 = PRODUCT_RELATED_PRODUCT_CATEGORY('part',$,(#8130));
#8241 = SHAPE_DEFINITION_REPRESENTATION(#8242,#8248);
#8242 = PRODUCT_DEFINITION_SHAPE('','',#8243);
#8243 = PRODUCT_DEFINITION('design','',#8244,#8247);
#8244 = PRODUCT_DEFINITION_FORMATION('','',#8245);
#8245 = PRODUCT('FACE','FACE','',(#8246));
#8246 = PRODUCT_CONTEXT('',#2,'mechanical');
#8247 = PRODUCT_DEFINITION_CONTEXT('part definition',#2,'design');
#8248 = MANIFOLD_SURFACE_SHAPE_REPRESENTATION('',(#11,#8249),#8366);
#8249 = SHELL_BASED_SURFACE_MODEL('',(#8250));
#8250 = OPEN_SHELL('',(#8251));
#8251 = ADVANCED_FACE('',(#8252),#8267,.T.);
#8252 = FACE_BOUND('',#8253,.T.);
#8253 = EDGE_LOOP('',(#8254,#8280,#8296,#8314,#8332,#8350));
#8254 = ORIENTED_EDGE('',*,*,#8255,.F.);
#8255 = EDGE_CURVE('',#8256,#8258,#8260,.T.);
#8256 = VERTEX_POINT('',#8257);
#8257 = CARTESIAN_POINT('',(1.142999998963,-1.4732,3.0226));
#8258 = VERTEX_POINT('',#8259);
#8259 = CARTESIAN_POINT('',(0.952499999011,-1.4732,3.05967139647));
#8260 = SURFACE_CURVE('',#8261,(#8266),.PCURVE_S1.);
#8261 = CIRCLE('',#8262,0.508);
#8262 = AXIS2_PLACEMENT_3D('',#8263,#8264,#8265);
#8263 = CARTESIAN_POINT('',(1.143,-1.4732,3.5306));
#8264 = DIRECTION('',(1.330436532548E-16,1.,6.123031769112E-17));
#8265 = DIRECTION('',(-7.181333556366E-17,6.123031769112E-17,-1.));
#8266 = PCURVE('',#8267,#8275);
#8267 = SURFACE_OF_REVOLUTION('',#8268,#8272);
#8268 = LINE('',#8269,#8270);
#8269 = CARTESIAN_POINT('',(0.635,-1.4732,3.5306));
#8270 = VECTOR('',#8271,1.);
#8271 = DIRECTION('',(-0.340998954621,0.940063674943,1.211471650539E-15)
  );
#8272 = AXIS1_PLACEMENT('',#8273,#8274);
#8273 = CARTESIAN_POINT('',(1.143,-1.001042528518E+03,3.5306));
#8274 = DIRECTION('',(0.,-1.,0.));
#8275 = DEFINITIONAL_REPRESENTATION('',(#8276),#8279);
#8276 = B_SPLINE_CURVE_WITH_KNOTS('',1,(#8277,#8278),.UNSPECIFIED.,.F.,
  .F.,(2,2),(2.751313596317E-16,0.384396778578),
  .PIECEWISE_BEZIER_KNOTS.);
#8277 = CARTESIAN_POINT('',(1.57079632718,-1.594494951497E-16));
#8278 = CARTESIAN_POINT('',(1.18639955218,-1.204298777427E-16));
#8279 = ( GEOMETRIC_REPRESENTATION_CONTEXT(2) 
PARAMETRIC_REPRESENTATION_CONTEXT() REPRESENTATION_CONTEXT('2D SPACE',''
  ) );
#8280 = ORIENTED_EDGE('',*,*,#8281,.F.);
#8281 = EDGE_CURVE('',#8282,#8256,#8284,.T.);
#8282 = VERTEX_POINT('',#8283);
#8283 = CARTESIAN_POINT('',(1.333499999974,-1.4732,3.059671396059));
#8284 = SURFACE_CURVE('',#8285,(#8290),.PCURVE_S1.);
#8285 = CIRCLE('',#8286,0.508);
#8286 = AXIS2_PLACEMENT_3D('',#8287,#8288,#8289);
#8287 = CARTESIAN_POINT('',(1.143,-1.4732,3.5306));
#8288 = DIRECTION('',(1.330436532548E-16,1.,6.123031769112E-17));
#8289 = DIRECTION('',(0.375,6.870653707616E-18,-0.927024810887));
#8290 = PCURVE('',#8267,#8291);
#8291 = DEFINITIONAL_REPRESENTATION('',(#8292),#8295);
#8292 = B_SPLINE_CURVE_WITH_KNOTS('',1,(#8293,#8294),.UNSPECIFIED.,.F.,
  .F.,(2,2),(6.106226635438E-16,0.384396778578),
  .PIECEWISE_BEZIER_KNOTS.);
#8293 = CARTESIAN_POINT('',(1.95519310118,-1.984691124552E-16));
#8294 = CARTESIAN_POINT('',(1.57079632718,-1.594494951497E-16));
#8295 = ( GEOMETRIC_REPRESENTATION_CONTEXT(2) 
PARAMETRIC_REPRESENTATION_CONTEXT() REPRESENTATION_CONTEXT('2D SPACE',''
  ) );
#8296 = ORIENTED_EDGE('',*,*,#8297,.F.);
#8297 = EDGE_CURVE('',#8298,#8282,#8300,.T.);
#8298 = VERTEX_POINT('',#8299);
#8299 = CARTESIAN_POINT('',(1.333500000872,-1.046008761953,
    2.895599996879));
#8300 = SURFACE_CURVE('',#8301,(#8307),.PCURVE_S1.);
#8301 = B_SPLINE_CURVE_WITH_KNOTS('',4,(#8302,#8303,#8304,#8305,#8306),
  .UNSPECIFIED.,.F.,.F.,(5,5),(0.,1.),.PIECEWISE_BEZIER_KNOTS.);
#8302 = CARTESIAN_POINT('',(1.333500000872,-1.046008761953,
    2.895599996879));
#8303 = CARTESIAN_POINT('',(1.333500000845,-1.168114451796,
    2.941842882476));
#8304 = CARTESIAN_POINT('',(1.333545125164,-1.280014888084,
    2.984606277253));
#8305 = CARTESIAN_POINT('',(1.333500000333,-1.381710070819,
    3.023871834479));
#8306 = CARTESIAN_POINT('',(1.333499999948,-1.4732,3.059671396048));
#8307 = PCURVE('',#8267,#8308);
#8308 = DEFINITIONAL_REPRESENTATION('',(#8309),#8313);
#8309 = B_SPLINE_CURVE_WITH_KNOTS('',2,(#8310,#8311,#8312),
  .UNSPECIFIED.,.F.,.F.,(3,3),(0.,1.),.PIECEWISE_BEZIER_KNOTS.);
#8310 = CARTESIAN_POINT('',(1.86225312118,0.454427981246));
#8311 = CARTESIAN_POINT('',(1.90233941918,0.194646238589));
#8312 = CARTESIAN_POINT('',(1.95519310118,-1.984691124552E-16));
#8313 = ( GEOMETRIC_REPRESENTATION_CONTEXT(2) 
PARAMETRIC_REPRESENTATION_CONTEXT() REPRESENTATION_CONTEXT('2D SPACE',''
  ) );
#8314 = ORIENTED_EDGE('',*,*,#8315,.F.);
#8315 = EDGE_CURVE('',#8316,#8298,#8318,.T.);
#8316 = VERTEX_POINT('',#8317);
#8317 = CARTESIAN_POINT('',(1.142968875084,-1.123087225699,
    2.895599997233));
#8318 = SURFACE_CURVE('',#8319,(#8325),.PCURVE_S1.);
#8319 = B_SPLINE_CURVE_WITH_KNOTS('',4,(#8320,#8321,#8322,#8323,#8324),
  .UNSPECIFIED.,.F.,.F.,(5,5),(0.5,1.),.PIECEWISE_BEZIER_KNOTS.);
#8320 = CARTESIAN_POINT('',(1.142968875084,-1.123087225699,
    2.895599997233));
#8321 = CARTESIAN_POINT('',(1.190880625216,-1.123093699949,2.89559999728
    ));
#8322 = CARTESIAN_POINT('',(1.237693730696,-1.110249447408,
    2.895752358784));
#8323 = CARTESIAN_POINT('',(1.284840934667,-1.084554468076,
    2.895599997089));
#8324 = CARTESIAN_POINT('',(1.333500000872,-1.046008761953,
    2.895599996879));
#8325 = PCURVE('',#8267,#8326);
#8326 = DEFINITIONAL_REPRESENTATION('',(#8327),#8331);
#8327 = B_SPLINE_CURVE_WITH_KNOTS('',2,(#8328,#8329,#8330),
  .UNSPECIFIED.,.F.,.F.,(3,3),(0.5,1.),.PIECEWISE_BEZIER_KNOTS.);
#8328 = CARTESIAN_POINT('',(1.57074731118,0.372435169695));
#8329 = CARTESIAN_POINT('',(1.72165046018,0.372421395628));
#8330 = CARTESIAN_POINT('',(1.86225312118,0.454427981246));
#8331 = ( GEOMETRIC_REPRESENTATION_CONTEXT(2) 
PARAMETRIC_REPRESENTATION_CONTEXT() REPRESENTATION_CONTEXT('2D SPACE',''
  ) );
#8332 = ORIENTED_EDGE('',*,*,#8333,.F.);
#8333 = EDGE_CURVE('',#8334,#8316,#8336,.T.);
#8334 = VERTEX_POINT('',#8335);
#8335 = CARTESIAN_POINT('',(0.952499998982,-1.046008761953,
    2.895599996923));
#8336 = SURFACE_CURVE('',#8337,(#8343),.PCURVE_S1.);
#8337 = B_SPLINE_CURVE_WITH_KNOTS('',4,(#8338,#8339,#8340,#8341,#8342),
  .UNSPECIFIED.,.F.,.F.,(5,5),(0.,0.5),.PIECEWISE_BEZIER_KNOTS.);
#8338 = CARTESIAN_POINT('',(0.952499998982,-1.046008761953,
    2.895599996923));
#8339 = CARTESIAN_POINT('',(1.001142722474,-1.08454152194,2.895599997079
    ));
#8340 = CARTESIAN_POINT('',(1.048274959764,-1.110232185893,
    2.895752145776));
#8341 = CARTESIAN_POINT('',(1.095073256493,-1.123080753813,
    2.895599997252));
#8342 = CARTESIAN_POINT('',(1.142968875084,-1.123087225699,
    2.895599997233));
#8343 = PCURVE('',#8267,#8344);
#8344 = DEFINITIONAL_REPRESENTATION('',(#8345),#8349);
#8345 = B_SPLINE_CURVE_WITH_KNOTS('',2,(#8346,#8347,#8348),
  .UNSPECIFIED.,.F.,.F.,(3,3),(0.,0.5),.PIECEWISE_BEZIER_KNOTS.);
#8346 = CARTESIAN_POINT('',(1.27933953218,0.454427981246));
#8347 = CARTESIAN_POINT('',(1.41989497018,0.372448938733));
#8348 = CARTESIAN_POINT('',(1.57074731118,0.372435169695));
#8349 = ( GEOMETRIC_REPRESENTATION_CONTEXT(2) 
PARAMETRIC_REPRESENTATION_CONTEXT() REPRESENTATION_CONTEXT('2D SPACE',''
  ) );
#8350 = ORIENTED_EDGE('',*,*,#8351,.F.);
#8351 = EDGE_CURVE('',#8258,#8334,#8352,.T.);
#8352 = SURFACE_CURVE('',#8353,(#8359),.PCURVE_S1.);
#8353 = B_SPLINE_CURVE_WITH_KNOTS('',4,(#8354,#8355,#8356,#8357,#8358),
  .UNSPECIFIED.,.F.,.F.,(5,5),(0.,1.),.PIECEWISE_BEZIER_KNOTS.);
#8354 = CARTESIAN_POINT('',(0.952499999944,-1.4732,3.059671396092));
#8355 = CARTESIAN_POINT('',(0.952499999786,-1.381710070819,
    3.023871834427));
#8356 = CARTESIAN_POINT('',(0.952454875071,-1.280014888084,2.98460627717
    ));
#8357 = CARTESIAN_POINT('',(0.952499999337,-1.168114451796,
    2.941842882425));
#8358 = CARTESIAN_POINT('',(0.952499998982,-1.046008761953,
    2.895599996923));
#8359 = PCURVE('',#8267,#8360);
#8360 = DEFINITIONAL_REPRESENTATION('',(#8361),#8365);
#8361 = B_SPLINE_CURVE_WITH_KNOTS('',2,(#8362,#8363,#8364),
  .UNSPECIFIED.,.F.,.F.,(3,3),(0.,1.),.PIECEWISE_BEZIER_KNOTS.);
#8362 = CARTESIAN_POINT('',(1.18639955218,-1.204298777427E-16));
#8363 = CARTESIAN_POINT('',(1.23925323518,0.194646238589));
#8364 = CARTESIAN_POINT('',(1.27933953218,0.454427981246));
#8365 = ( GEOMETRIC_REPRESENTATION_CONTEXT(2) 
PARAMETRIC_REPRESENTATION_CONTEXT() REPRESENTATION_CONTEXT('2D SPACE',''
  ) );
#8366 = ( GEOMETRIC_REPRESENTATION_CONTEXT(3) 
GLOBAL_UNCERTAINTY_ASSIGNED_CONTEXT((#8370)) 
GLOBAL_UNIT_ASSIGNED_CONTEXT((#8367,#8368,#8369)) REPRESENTATION_CONTEXT
('Context #1','3D Context with UNIT and UNCERTAINTY') );
#8367 = ( LENGTH_UNIT() NAMED_UNIT(*) SI_UNIT(.MILLI.,.METRE.) );
#8368 = ( NAMED_UNIT(*) PLANE_ANGLE_UNIT() SI_UNIT($,.RADIAN.) );
#8369 = ( NAMED_UNIT(*) SI_UNIT($,.STERADIAN.) SOLID_ANGLE_UNIT() );
#8370 = UNCERTAINTY_MEASURE_WITH_UNIT(LENGTH_MEASURE(1.E-05),#8367,
  'distance_accuracy_value','confusion accuracy');
#8371 = PRODUCT_RELATED_PRODUCT_CATEGORY('part',$,(#8245));
#8372 = SHAPE_DEFINITION_REPRESENTATION(#8373,#8379);
#8373 = PRODUCT_DEFINITION_SHAPE('','',#8374);
#8374 = PRODUCT_DEFINITION('design','',#8375,#8378);
#8375 = PRODUCT_DEFINITION_FORMATION('','',#8376);
#8376 = PRODUCT('FACE','FACE','',(#8377));
#8377 = PRODUCT_CONTEXT('',#2,'mechanical');
#8378 = PRODUCT_DEFINITION_CONTEXT('part definition',#2,'design');
#8379 = MANIFOLD_SURFACE_SHAPE_REPRESENTATION('',(#11,#8380),#8460);
#8380 = SHELL_BASED_SURFACE_MODEL('',(#8381));
#8381 = OPEN_SHELL('',(#8382));
#8382 = ADVANCED_FACE('',(#8383),#8399,.T.);
#8383 = FACE_BOUND('',#8384,.T.);
#8384 = EDGE_LOOP('',(#8385,#8413,#8431,#8447));
#8385 = ORIENTED_EDGE('',*,*,#8386,.F.);
#8386 = EDGE_CURVE('',#8387,#8389,#8391,.T.);
#8387 = VERTEX_POINT('',#8388);
#8388 = CARTESIAN_POINT('',(0.507999996806,-1.046008761953,
    3.721100000627));
#8389 = VERTEX_POINT('',#8390);
#8390 = CARTESIAN_POINT('',(0.507999998625,-1.123087233024,3.5306));
#8391 = SURFACE_CURVE('',#8392,(#8398),.PCURVE_S1.);
#8392 = B_SPLINE_CURVE_WITH_KNOTS('',4,(#8393,#8394,#8395,#8396,#8397),
  .UNSPECIFIED.,.F.,.F.,(5,5),(0.,1.),.PIECEWISE_BEZIER_KNOTS.);
#8393 = CARTESIAN_POINT('',(0.507999996806,-1.046008761953,
    3.721100000627));
#8394 = CARTESIAN_POINT('',(0.507999997023,-1.0845479949,3.672449105949)
  );
#8395 = CARTESIAN_POINT('',(0.508152252212,-1.110240816865,
    3.625309385346));
#8396 = CARTESIAN_POINT('',(0.507999997249,-1.123087227848,
    3.578503684245));
#8397 = CARTESIAN_POINT('',(0.507999997249,-1.123087227848,3.5306));
#8398 = PCURVE('',#8399,#8407);
#8399 = SURFACE_OF_REVOLUTION('',#8400,#8404);
#8400 = LINE('',#8401,#8402);
#8401 = CARTESIAN_POINT('',(0.635,-1.4732,3.5306));
#8402 = VECTOR('',#8403,1.);
#8403 = DIRECTION('',(-0.340998954621,0.940063674943,1.211471650539E-15)
  );
#8404 = AXIS1_PLACEMENT('',#8405,#8406);
#8405 = CARTESIAN_POINT('',(1.143,-1.001042528518E+03,3.5306));
#8406 = DIRECTION('',(0.,-1.,0.));
#8407 = DEFINITIONAL_REPRESENTATION('',(#8408),#8412);
#8408 = B_SPLINE_CURVE_WITH_KNOTS('',2,(#8409,#8410,#8411),
  .UNSPECIFIED.,.F.,.F.,(3,3),(0.,1.),.PIECEWISE_BEZIER_KNOTS.);
#8409 = CARTESIAN_POINT('',(5.99172851318,0.454427981246));
#8410 = CARTESIAN_POINT('',(6.13230756218,0.372435167409));
#8411 = CARTESIAN_POINT('',(6.28318530718,0.372435167409));
#8412 = ( GEOMETRIC_REPRESENTATION_CONTEXT(2) 
PARAMETRIC_REPRESENTATION_CONTEXT() REPRESENTATION_CONTEXT('2D SPACE',''
  ) );
#8413 = ORIENTED_EDGE('',*,*,#8414,.F.);
#8414 = EDGE_CURVE('',#8415,#8387,#8417,.T.);
#8415 = VERTEX_POINT('',#8416);
#8416 = CARTESIAN_POINT('',(0.672071396411,-1.4732,3.721100000845));
#8417 = SURFACE_CURVE('',#8418,(#8424),.PCURVE_S1.);
#8418 = B_SPLINE_CURVE_WITH_KNOTS('',4,(#8419,#8420,#8421,#8422,#8423),
  .UNSPECIFIED.,.F.,.F.,(5,5),(0.,1.),.PIECEWISE_BEZIER_KNOTS.);
#8419 = CARTESIAN_POINT('',(0.672071395975,-1.4732,3.721099999767));
#8420 = CARTESIAN_POINT('',(0.636271834405,-1.381710070819,
    3.721100000138));
#8421 = CARTESIAN_POINT('',(0.59700627718,-1.280014888084,3.721145124954
    ));
#8422 = CARTESIAN_POINT('',(0.554242882403,-1.168114451796,
    3.721100000619));
#8423 = CARTESIAN_POINT('',(0.507999996806,-1.046008761953,
    3.721100000627));
#8424 = PCURVE('',#8399,#8425);
#8425 = DEFINITIONAL_REPRESENTATION('',(#8426),#8430);
#8426 = B_SPLINE_CURVE_WITH_KNOTS('',2,(#8427,#8428,#8429),
  .UNSPECIFIED.,.F.,.F.,(3,3),(0.,1.),.PIECEWISE_BEZIER_KNOTS.);
#8427 = CARTESIAN_POINT('',(5.89878853318,-5.987783631371E-16));
#8428 = CARTESIAN_POINT('',(5.95164221518,0.194646238589));
#8429 = CARTESIAN_POINT('',(5.99172851318,0.454427981246));
#8430 = ( GEOMETRIC_REPRESENTATION_CONTEXT(2) 
PARAMETRIC_REPRESENTATION_CONTEXT() REPRESENTATION_CONTEXT('2D SPACE',''
  ) );
#8431 = ORIENTED_EDGE('',*,*,#8432,.F.);
#8432 = EDGE_CURVE('',#8433,#8415,#8435,.T.);
#8433 = VERTEX_POINT('',#8434);
#8434 = CARTESIAN_POINT('',(0.635,-1.4732,3.5306));
#8435 = SURFACE_CURVE('',#8436,(#8441),.PCURVE_S1.);
#8436 = CIRCLE('',#8437,0.508);
#8437 = AXIS2_PLACEMENT_3D('',#8438,#8439,#8440);
#8438 = CARTESIAN_POINT('',(1.143,-1.4732,3.5306));
#8439 = DIRECTION('',(1.330436532548E-16,1.,6.123031769112E-17));
#8440 = DIRECTION('',(-1.,1.330436532548E-16,1.058301787254E-17));
#8441 = PCURVE('',#8399,#8442);
#8442 = DEFINITIONAL_REPRESENTATION('',(#8443),#8446);
#8443 = B_SPLINE_CURVE_WITH_KNOTS('',1,(#8444,#8445),.UNSPECIFIED.,.F.,
  .F.,(2,2),(0.,0.384396778578),.PIECEWISE_BEZIER_KNOTS.);
#8444 = CARTESIAN_POINT('',(6.28318530718,-6.377979804426E-16));
#8445 = CARTESIAN_POINT('',(5.89878853318,-5.987783631371E-16));
#8446 = ( GEOMETRIC_REPRESENTATION_CONTEXT(2) 
PARAMETRIC_REPRESENTATION_CONTEXT() REPRESENTATION_CONTEXT('2D SPACE',''
  ) );
#8447 = ORIENTED_EDGE('',*,*,#8448,.F.);
#8448 = EDGE_CURVE('',#8389,#8433,#8449,.T.);
#8449 = SURFACE_CURVE('',#8450,(#8454),.PCURVE_S1.);
#8450 = LINE('',#8451,#8452);
#8451 = CARTESIAN_POINT('',(0.508,-1.1230872382,3.5306));
#8452 = VECTOR('',#8453,1.);
#8453 = DIRECTION('',(0.340998957005,-0.940063674078,0.));
#8454 = PCURVE('',#8399,#8455);
#8455 = DEFINITIONAL_REPRESENTATION('',(#8456),#8459);
#8456 = B_SPLINE_CURVE_WITH_KNOTS('',1,(#8457,#8458),.UNSPECIFIED.,.F.,
  .F.,(2,2),(0.,0.372435156739),.PIECEWISE_BEZIER_KNOTS.);
#8457 = CARTESIAN_POINT('',(6.28318530718,0.372435167409));
#8458 = CARTESIAN_POINT('',(6.28318530718,-6.377979804426E-16));
#8459 = ( GEOMETRIC_REPRESENTATION_CONTEXT(2) 
PARAMETRIC_REPRESENTATION_CONTEXT() REPRESENTATION_CONTEXT('2D SPACE',''
  ) );
#8460 = ( GEOMETRIC_REPRESENTATION_CONTEXT(3) 
GLOBAL_UNCERTAINTY_ASSIGNED_CONTEXT((#8464)) 
GLOBAL_UNIT_ASSIGNED_CONTEXT((#8461,#8462,#8463)) REPRESENTATION_CONTEXT
('Context #1','3D Context with UNIT and UNCERTAINTY') );
#8461 = ( LENGTH_UNIT() NAMED_UNIT(*) SI_UNIT(.MILLI.,.METRE.) );
#8462 = ( NAMED_UNIT(*) PLANE_ANGLE_UNIT() SI_UNIT($,.RADIAN.) );
#8463 = ( NAMED_UNIT(*) SI_UNIT($,.STERADIAN.) SOLID_ANGLE_UNIT() );
#8464 = UNCERTAINTY_MEASURE_WITH_UNIT(LENGTH_MEASURE(5.E-06),#8461,
  'distance_accuracy_value','confusion accuracy');
#8465 = PRODUCT_RELATED_PRODUCT_CATEGORY('part',$,(#8376));
#8466 = SHAPE_DEFINITION_REPRESENTATION(#8467,#8473);
#8467 = PRODUCT_DEFINITION_SHAPE('','',#8468);
#8468 = PRODUCT_DEFINITION('design','',#8469,#8472);
#8469 = PRODUCT_DEFINITION_FORMATION('','',#8470);
#8470 = PRODUCT('FACE','FACE','',(#8471));
#8471 = PRODUCT_CONTEXT('',#2,'mechanical');
#8472 = PRODUCT_DEFINITION_CONTEXT('part definition',#2,'design');
#8473 = MANIFOLD_SURFACE_SHAPE_REPRESENTATION('',(#11,#8474),#8591);
#8474 = SHELL_BASED_SURFACE_MODEL('',(#8475));
#8475 = OPEN_SHELL('',(#8476));
#8476 = ADVANCED_FACE('',(#8477),#8492,.T.);
#8477 = FACE_BOUND('',#8478,.T.);
#8478 = EDGE_LOOP('',(#8479,#8505,#8521,#8539,#8557,#8575));
#8479 = ORIENTED_EDGE('',*,*,#8480,.F.);
#8480 = EDGE_CURVE('',#8481,#8483,#8485,.T.);
#8481 = VERTEX_POINT('',#8482);
#8482 = CARTESIAN_POINT('',(1.143000001037,-1.4732,4.0386));
#8483 = VERTEX_POINT('',#8484);
#8484 = CARTESIAN_POINT('',(1.333500000893,-1.4732,4.001528603569));
#8485 = SURFACE_CURVE('',#8486,(#8491),.PCURVE_S1.);
#8486 = CIRCLE('',#8487,0.508);
#8487 = AXIS2_PLACEMENT_3D('',#8488,#8489,#8490);
#8488 = CARTESIAN_POINT('',(1.143,-1.4732,3.5306));
#8489 = DIRECTION('',(1.330436532548E-16,1.,6.123031769112E-17));
#8490 = DIRECTION('',(1.416020741538E-14,-6.123031769112E-17,1.));
#8491 = PCURVE('',#8492,#8500);
#8492 = SURFACE_OF_REVOLUTION('',#8493,#8497);
#8493 = LINE('',#8494,#8495);
#8494 = CARTESIAN_POINT('',(0.635,-1.4732,3.5306));
#8495 = VECTOR('',#8496,1.);
#8496 = DIRECTION('',(-0.340998954621,0.940063674943,1.211471650539E-15)
  );
#8497 = AXIS1_PLACEMENT('',#8498,#8499);
#8498 = CARTESIAN_POINT('',(1.143,-1.001042528518E+03,3.5306));
#8499 = DIRECTION('',(0.,-1.,0.));
#8500 = DEFINITIONAL_REPRESENTATION('',(#8501),#8504);
#8501 = B_SPLINE_CURVE_WITH_KNOTS('',1,(#8502,#8503),.UNSPECIFIED.,.F.,
  .F.,(2,2),(6.452508762641E-17,0.384396778578),
  .PIECEWISE_BEZIER_KNOTS.);
#8502 = CARTESIAN_POINT('',(4.71238898018,-4.783484853111E-16));
#8503 = CARTESIAN_POINT('',(4.32799220618,-4.393288680056E-16));
#8504 = ( GEOMETRIC_REPRESENTATION_CONTEXT(2) 
PARAMETRIC_REPRESENTATION_CONTEXT() REPRESENTATION_CONTEXT('2D SPACE',''
  ) );
#8505 = ORIENTED_EDGE('',*,*,#8506,.F.);
#8506 = EDGE_CURVE('',#8507,#8481,#8509,.T.);
#8507 = VERTEX_POINT('',#8508);
#8508 = CARTESIAN_POINT('',(0.95249999993,-1.4732,4.001528603902));
#8509 = SURFACE_CURVE('',#8510,(#8515),.PCURVE_S1.);
#8510 = CIRCLE('',#8511,0.508);
#8511 = AXIS2_PLACEMENT_3D('',#8512,#8513,#8514);
#8512 = CARTESIAN_POINT('',(1.143,-1.4732,3.5306));
#8513 = DIRECTION('',(1.330436532548E-16,1.,6.123031769112E-17));
#8514 = DIRECTION('',(-0.375,-6.870653707618E-18,0.927024810887));
#8515 = PCURVE('',#8492,#8516);
#8516 = DEFINITIONAL_REPRESENTATION('',(#8517),#8520);
#8517 = B_SPLINE_CURVE_WITH_KNOTS('',1,(#8518,#8519),.UNSPECIFIED.,.F.,
  .F.,(2,2),(7.216449660064E-16,0.384396778578),
  .PIECEWISE_BEZIER_KNOTS.);
#8518 = CARTESIAN_POINT('',(5.09678575518,-5.173681027182E-16));
#8519 = CARTESIAN_POINT('',(4.71238898018,-4.783484853111E-16));
#8520 = ( GEOMETRIC_REPRESENTATION_CONTEXT(2) 
PARAMETRIC_REPRESENTATION_CONTEXT() REPRESENTATION_CONTEXT('2D SPACE',''
  ) );
#8521 = ORIENTED_EDGE('',*,*,#8522,.F.);
#8522 = EDGE_CURVE('',#8523,#8507,#8525,.T.);
#8523 = VERTEX_POINT('',#8524);
#8524 = CARTESIAN_POINT('',(0.952499998868,-1.046008761953,
    4.165600003043));
#8525 = SURFACE_CURVE('',#8526,(#8532),.PCURVE_S1.);
#8526 = B_SPLINE_CURVE_WITH_KNOTS('',4,(#8527,#8528,#8529,#8530,#8531),
  .UNSPECIFIED.,.F.,.F.,(5,5),(0.,1.),.PIECEWISE_BEZIER_KNOTS.);
#8527 = CARTESIAN_POINT('',(0.952499998868,-1.046008761953,
    4.165600003043));
#8528 = CARTESIAN_POINT('',(0.952499999231,-1.168114451796,
    4.119357117541));
#8529 = CARTESIAN_POINT('',(0.952454874973,-1.280014888084,
    4.076593722796));
#8530 = CARTESIAN_POINT('',(0.952499999695,-1.381710070819,
    4.037328165539));
#8531 = CARTESIAN_POINT('',(0.952499999859,-1.4732,4.001528603874));
#8532 = PCURVE('',#8492,#8533);
#8533 = DEFINITIONAL_REPRESENTATION('',(#8534),#8538);
#8534 = B_SPLINE_CURVE_WITH_KNOTS('',2,(#8535,#8536,#8537),
  .UNSPECIFIED.,.F.,.F.,(3,3),(0.,1.),.PIECEWISE_BEZIER_KNOTS.);
#8535 = CARTESIAN_POINT('',(5.00384577518,0.454427981246));
#8536 = CARTESIAN_POINT('',(5.04393207218,0.194646238589));
#8537 = CARTESIAN_POINT('',(5.09678575518,-5.173681027182E-16));
#8538 = ( GEOMETRIC_REPRESENTATION_CONTEXT(2) 
PARAMETRIC_REPRESENTATION_CONTEXT() REPRESENTATION_CONTEXT('2D SPACE',''
  ) );
#8539 = ORIENTED_EDGE('',*,*,#8540,.F.);
#8540 = EDGE_CURVE('',#8541,#8523,#8543,.T.);
#8541 = VERTEX_POINT('',#8542);
#8542 = CARTESIAN_POINT('',(1.14296887497,-1.123087225699,4.165600002767
    ));
#8543 = SURFACE_CURVE('',#8544,(#8550),.PCURVE_S1.);
#8544 = B_SPLINE_CURVE_WITH_KNOTS('',4,(#8545,#8546,#8547,#8548,#8549),
  .UNSPECIFIED.,.F.,.F.,(5,5),(0.5,1.),.PIECEWISE_BEZIER_KNOTS.);
#8545 = CARTESIAN_POINT('',(1.14296887497,-1.123087225699,4.165600002767
    ));
#8546 = CARTESIAN_POINT('',(1.095073256379,-1.123080753813,
    4.165600002739));
#8547 = CARTESIAN_POINT('',(1.04827495965,-1.110232185893,4.165447854207
    ));
#8548 = CARTESIAN_POINT('',(1.00114272236,-1.08454152194,4.165600002896)
  );
#8549 = CARTESIAN_POINT('',(0.952499998868,-1.046008761953,
    4.165600003043));
#8550 = PCURVE('',#8492,#8551);
#8551 = DEFINITIONAL_REPRESENTATION('',(#8552),#8556);
#8552 = B_SPLINE_CURVE_WITH_KNOTS('',2,(#8553,#8554,#8555),
  .UNSPECIFIED.,.F.,.F.,(3,3),(0.5,1.),.PIECEWISE_BEZIER_KNOTS.);
#8553 = CARTESIAN_POINT('',(4.71243799618,0.372435169695));
#8554 = CARTESIAN_POINT('',(4.86329033718,0.372448938733));
#8555 = CARTESIAN_POINT('',(5.00384577518,0.454427981246));
#8556 = ( GEOMETRIC_REPRESENTATION_CONTEXT(2) 
PARAMETRIC_REPRESENTATION_CONTEXT() REPRESENTATION_CONTEXT('2D SPACE',''
  ) );
#8557 = ORIENTED_EDGE('',*,*,#8558,.F.);
#8558 = EDGE_CURVE('',#8559,#8541,#8561,.T.);
#8559 = VERTEX_POINT('',#8560);
#8560 = CARTESIAN_POINT('',(1.333500000758,-1.046008761953,
    4.165600003155));
#8561 = SURFACE_CURVE('',#8562,(#8568),.PCURVE_S1.);
#8562 = B_SPLINE_CURVE_WITH_KNOTS('',4,(#8563,#8564,#8565,#8566,#8567),
  .UNSPECIFIED.,.F.,.F.,(5,5),(0.,0.5),.PIECEWISE_BEZIER_KNOTS.);
#8563 = CARTESIAN_POINT('',(1.333500000758,-1.046008761953,
    4.165600003155));
#8564 = CARTESIAN_POINT('',(1.284840934553,-1.084554468076,
    4.165600002937));
#8565 = CARTESIAN_POINT('',(1.237693730582,-1.110249447408,
    4.165447641233));
#8566 = CARTESIAN_POINT('',(1.190880625101,-1.123093699949,
    4.165600002729));
#8567 = CARTESIAN_POINT('',(1.14296887497,-1.123087225699,4.165600002767
    ));
#8568 = PCURVE('',#8492,#8569);
#8569 = DEFINITIONAL_REPRESENTATION('',(#8570),#8574);
#8570 = B_SPLINE_CURVE_WITH_KNOTS('',2,(#8571,#8572,#8573),
  .UNSPECIFIED.,.F.,.F.,(3,3),(0.,0.5),.PIECEWISE_BEZIER_KNOTS.);
#8571 = CARTESIAN_POINT('',(4.42093218618,0.454427981246));
#8572 = CARTESIAN_POINT('',(4.56153484718,0.372421395628));
#8573 = CARTESIAN_POINT('',(4.71243799618,0.372435169695));
#8574 = ( GEOMETRIC_REPRESENTATION_CONTEXT(2) 
PARAMETRIC_REPRESENTATION_CONTEXT() REPRESENTATION_CONTEXT('2D SPACE',''
  ) );
#8575 = ORIENTED_EDGE('',*,*,#8576,.F.);
#8576 = EDGE_CURVE('',#8483,#8559,#8577,.T.);
#8577 = SURFACE_CURVE('',#8578,(#8584),.PCURVE_S1.);
#8578 = B_SPLINE_CURVE_WITH_KNOTS('',4,(#8579,#8580,#8581,#8582,#8583),
  .UNSPECIFIED.,.F.,.F.,(5,5),(0.,1.),.PIECEWISE_BEZIER_KNOTS.);
#8579 = CARTESIAN_POINT('',(1.333499999863,-1.4732,4.001528603986));
#8580 = CARTESIAN_POINT('',(1.333500000242,-1.381710070819,
    4.037328165556));
#8581 = CARTESIAN_POINT('',(1.333545125066,-1.280014888084,
    4.076593722781));
#8582 = CARTESIAN_POINT('',(1.333500000739,-1.168114451796,
    4.119357117558));
#8583 = CARTESIAN_POINT('',(1.333500000758,-1.046008761953,
    4.165600003155));
#8584 = PCURVE('',#8492,#8585);
#8585 = DEFINITIONAL_REPRESENTATION('',(#8586),#8590);
#8586 = B_SPLINE_CURVE_WITH_KNOTS('',2,(#8587,#8588,#8589),
  .UNSPECIFIED.,.F.,.F.,(3,3),(0.,1.),.PIECEWISE_BEZIER_KNOTS.);
#8587 = CARTESIAN_POINT('',(4.32799220618,-4.393288680056E-16));
#8588 = CARTESIAN_POINT('',(4.38084588818,0.194646238589));
#8589 = CARTESIAN_POINT('',(4.42093218618,0.454427981246));
#8590 = ( GEOMETRIC_REPRESENTATION_CONTEXT(2) 
PARAMETRIC_REPRESENTATION_CONTEXT() REPRESENTATION_CONTEXT('2D SPACE',''
  ) );
#8591 = ( GEOMETRIC_REPRESENTATION_CONTEXT(3) 
GLOBAL_UNCERTAINTY_ASSIGNED_CONTEXT((#8595)) 
GLOBAL_UNIT_ASSIGNED_CONTEXT((#8592,#8593,#8594)) REPRESENTATION_CONTEXT
('Context #1','3D Context with UNIT and UNCERTAINTY') );
#8592 = ( LENGTH_UNIT() NAMED_UNIT(*) SI_UNIT(.MILLI.,.METRE.) );
#8593 = ( NAMED_UNIT(*) PLANE_ANGLE_UNIT() SI_UNIT($,.RADIAN.) );
#8594 = ( NAMED_UNIT(*) SI_UNIT($,.STERADIAN.) SOLID_ANGLE_UNIT() );
#8595 = UNCERTAINTY_MEASURE_WITH_UNIT(LENGTH_MEASURE(1.E-05),#8592,
  'distance_accuracy_value','confusion accuracy');
#8596 = PRODUCT_RELATED_PRODUCT_CATEGORY('part',$,(#8470));
#8597 = SHAPE_DEFINITION_REPRESENTATION(#8598,#8604);
#8598 = PRODUCT_DEFINITION_SHAPE('','',#8599);
#8599 = PRODUCT_DEFINITION('design','',#8600,#8603);
#8600 = PRODUCT_DEFINITION_FORMATION('','',#8601);
#8601 = PRODUCT('FACE','FACE','',(#8602));
#8602 = PRODUCT_CONTEXT('',#2,'mechanical');
#8603 = PRODUCT_DEFINITION_CONTEXT('part definition',#2,'design');
#8604 = MANIFOLD_SURFACE_SHAPE_REPRESENTATION('',(#11,#8605),#8706);
#8605 = SHELL_BASED_SURFACE_MODEL('',(#8606));
#8606 = OPEN_SHELL('',(#8607));
#8607 = ADVANCED_FACE('',(#8608),#8623,.T.);
#8608 = FACE_BOUND('',#8609,.T.);
#8609 = EDGE_LOOP('',(#8610,#8636,#8654,#8672,#8690));
#8610 = ORIENTED_EDGE('',*,*,#8611,.F.);
#8611 = EDGE_CURVE('',#8612,#8614,#8616,.T.);
#8612 = VERTEX_POINT('',#8613);
#8613 = CARTESIAN_POINT('',(1.613928603922,-1.4732,1.181100000022));
#8614 = VERTEX_POINT('',#8615);
#8615 = CARTESIAN_POINT('',(1.613928604498,-1.4732,0.800100001402));
#8616 = SURFACE_CURVE('',#8617,(#8622),.PCURVE_S1.);
#8617 = CIRCLE('',#8618,0.508);
#8618 = AXIS2_PLACEMENT_3D('',#8619,#8620,#8621);
#8619 = CARTESIAN_POINT('',(1.143,-1.4732,0.9906));
#8620 = DIRECTION('',(1.330436532548E-16,1.,6.123031769112E-17));
#8621 = DIRECTION('',(0.927024810887,-1.462961366324E-16,0.375));
#8622 = PCURVE('',#8623,#8631);
#8623 = SURFACE_OF_REVOLUTION('',#8624,#8628);
#8624 = LINE('',#8625,#8626);
#8625 = CARTESIAN_POINT('',(0.635,-1.4732,0.9906));
#8626 = VECTOR('',#8627,1.);
#8627 = DIRECTION('',(-0.340998954621,0.940063674943,1.211471650539E-15)
  );
#8628 = AXIS1_PLACEMENT('',#8629,#8630);
#8629 = CARTESIAN_POINT('',(1.143,-1.001042528518E+03,0.9906));
#8630 = DIRECTION('',(0.,-1.,0.));
#8631 = DEFINITIONAL_REPRESENTATION('',(#8632),#8635);
#8632 = B_SPLINE_CURVE_WITH_KNOTS('',1,(#8633,#8634),.UNSPECIFIED.,.F.,
  .F.,(2,2),(2.775557561563E-16,0.768793543123),
  .PIECEWISE_BEZIER_KNOTS.);
#8633 = CARTESIAN_POINT('',(3.52598942818,-3.579186075867E-16));
#8634 = CARTESIAN_POINT('',(2.75719587918,-2.798793728741E-16));
#8635 = ( GEOMETRIC_REPRESENTATION_CONTEXT(2) 
PARAMETRIC_REPRESENTATION_CONTEXT() REPRESENTATION_CONTEXT('2D SPACE',''
  ) );
#8636 = ORIENTED_EDGE('',*,*,#8637,.F.);
#8637 = EDGE_CURVE('',#8638,#8612,#8640,.T.);
#8638 = VERTEX_POINT('',#8639);
#8639 = CARTESIAN_POINT('',(1.778000003082,-1.046008761953,
    1.181100001002));
#8640 = SURFACE_CURVE('',#8641,(#8647),.PCURVE_S1.);
#8641 = B_SPLINE_CURVE_WITH_KNOTS('',4,(#8642,#8643,#8644,#8645,#8646),
  .UNSPECIFIED.,.F.,.F.,(5,5),(0.,1.),.PIECEWISE_BEZIER_KNOTS.);
#8642 = CARTESIAN_POINT('',(1.778000003082,-1.046008761953,
    1.181100001002));
#8643 = CARTESIAN_POINT('',(1.73175711758,-1.168114451796,1.181100000648
    ));
#8644 = CARTESIAN_POINT('',(1.688993722835,-1.280014888084,
    1.181145124915));
#8645 = CARTESIAN_POINT('',(1.649728165578,-1.381710070819,
    1.181100000201));
#8646 = CARTESIAN_POINT('',(1.613928603913,-1.4732,1.181100000044));
#8647 = PCURVE('',#8623,#8648);
#8648 = DEFINITIONAL_REPRESENTATION('',(#8649),#8653);
#8649 = B_SPLINE_CURVE_WITH_KNOTS('',2,(#8650,#8651,#8652),
  .UNSPECIFIED.,.F.,.F.,(3,3),(0.,1.),.PIECEWISE_BEZIER_KNOTS.);
#8650 = CARTESIAN_POINT('',(3.43304944818,0.454427981246));
#8651 = CARTESIAN_POINT('',(3.47313574518,0.194646238589));
#8652 = CARTESIAN_POINT('',(3.52598942818,-3.579186075867E-16));
#8653 = ( GEOMETRIC_REPRESENTATION_CONTEXT(2) 
PARAMETRIC_REPRESENTATION_CONTEXT() REPRESENTATION_CONTEXT('2D SPACE',''
  ) );
#8654 = ORIENTED_EDGE('',*,*,#8655,.F.);
#8655 = EDGE_CURVE('',#8656,#8638,#8658,.T.);
#8656 = VERTEX_POINT('',#8657);
#8657 = CARTESIAN_POINT('',(1.778000002767,-1.123087225699,
    0.990568875214));
#8658 = SURFACE_CURVE('',#8659,(#8665),.PCURVE_S1.);
#8659 = B_SPLINE_CURVE_WITH_KNOTS('',4,(#8660,#8661,#8662,#8663,#8664),
  .UNSPECIFIED.,.F.,.F.,(5,5),(0.5,1.),.PIECEWISE_BEZIER_KNOTS.);
#8660 = CARTESIAN_POINT('',(1.778000002767,-1.123087225699,
    0.990568875214));
#8661 = CARTESIAN_POINT('',(1.77800000271,-1.123093699949,1.038480625346
    ));
#8662 = CARTESIAN_POINT('',(1.777847641197,-1.110249447408,
    1.085293730827));
#8663 = CARTESIAN_POINT('',(1.778000002882,-1.084554468076,
    1.132440934797));
#8664 = CARTESIAN_POINT('',(1.778000003082,-1.046008761953,
    1.181100001002));
#8665 = PCURVE('',#8623,#8666);
#8666 = DEFINITIONAL_REPRESENTATION('',(#8667),#8671);
#8667 = B_SPLINE_CURVE_WITH_KNOTS('',2,(#8668,#8669,#8670),
  .UNSPECIFIED.,.F.,.F.,(3,3),(0.5,1.),.PIECEWISE_BEZIER_KNOTS.);
#8668 = CARTESIAN_POINT('',(3.14154363818,0.372435169695));
#8669 = CARTESIAN_POINT('',(3.29244678718,0.372421395628));
#8670 = CARTESIAN_POINT('',(3.43304944818,0.454427981246));
#8671 = ( GEOMETRIC_REPRESENTATION_CONTEXT(2) 
PARAMETRIC_REPRESENTATION_CONTEXT() REPRESENTATION_CONTEXT('2D SPACE',''
  ) );
#8672 = ORIENTED_EDGE('',*,*,#8673,.F.);
#8673 = EDGE_CURVE('',#8674,#8656,#8676,.T.);
#8674 = VERTEX_POINT('',#8675);
#8675 = CARTESIAN_POINT('',(1.778000003116,-1.046008761953,
    0.800099999112));
#8676 = SURFACE_CURVE('',#8677,(#8683),.PCURVE_S1.);
#8677 = B_SPLINE_CURVE_WITH_KNOTS('',4,(#8678,#8679,#8680,#8681,#8682),
  .UNSPECIFIED.,.F.,.F.,(5,5),(0.,0.5),.PIECEWISE_BEZIER_KNOTS.);
#8678 = CARTESIAN_POINT('',(1.778000003116,-1.046008761953,
    0.800099999112));
#8679 = CARTESIAN_POINT('',(1.77800000295,-1.08454152194,0.848742722604)
  );
#8680 = CARTESIAN_POINT('',(1.777847854243,-1.110232185893,
    0.895874959894));
#8681 = CARTESIAN_POINT('',(1.778000002758,-1.123080753813,
    0.942673256623));
#8682 = CARTESIAN_POINT('',(1.778000002767,-1.123087225699,
    0.990568875214));
#8683 = PCURVE('',#8623,#8684);
#8684 = DEFINITIONAL_REPRESENTATION('',(#8685),#8689);
#8685 = B_SPLINE_CURVE_WITH_KNOTS('',2,(#8686,#8687,#8688),
  .UNSPECIFIED.,.F.,.F.,(3,3),(0.,0.5),.PIECEWISE_BEZIER_KNOTS.);
#8686 = CARTESIAN_POINT('',(2.85013585918,0.454427981246));
#8687 = CARTESIAN_POINT('',(2.99069129718,0.372448938733));
#8688 = CARTESIAN_POINT('',(3.14154363818,0.372435169695));
#8689 = ( GEOMETRIC_REPRESENTATION_CONTEXT(2) 
PARAMETRIC_REPRESENTATION_CONTEXT() REPRESENTATION_CONTEXT('2D SPACE',''
  ) );
#8690 = ORIENTED_EDGE('',*,*,#8691,.F.);
#8691 = EDGE_CURVE('',#8614,#8674,#8692,.T.);
#8692 = SURFACE_CURVE('',#8693,(#8699),.PCURVE_S1.);
#8693 = B_SPLINE_CURVE_WITH_KNOTS('',4,(#8694,#8695,#8696,#8697,#8698),
  .UNSPECIFIED.,.F.,.F.,(5,5),(0.,1.),.PIECEWISE_BEZIER_KNOTS.);
#8694 = CARTESIAN_POINT('',(1.613928603947,-1.4732,0.80010000004));
#8695 = CARTESIAN_POINT('',(1.649728165517,-1.381710070819,
    0.800099999654));
#8696 = CARTESIAN_POINT('',(1.688993722742,-1.280014888084,
    0.800054874822));
#8697 = CARTESIAN_POINT('',(1.731757117519,-1.168114451796,0.80009999914
    ));
#8698 = CARTESIAN_POINT('',(1.778000003116,-1.046008761953,
    0.800099999112));
#8699 = PCURVE('',#8623,#8700);
#8700 = DEFINITIONAL_REPRESENTATION('',(#8701),#8705);
#8701 = B_SPLINE_CURVE_WITH_KNOTS('',2,(#8702,#8703,#8704),
  .UNSPECIFIED.,.F.,.F.,(3,3),(0.,1.),.PIECEWISE_BEZIER_KNOTS.);
#8702 = CARTESIAN_POINT('',(2.75719587918,-2.798793728741E-16));
#8703 = CARTESIAN_POINT('',(2.81004956118,0.194646238589));
#8704 = CARTESIAN_POINT('',(2.85013585918,0.454427981246));
#8705 = ( GEOMETRIC_REPRESENTATION_CONTEXT(2) 
PARAMETRIC_REPRESENTATION_CONTEXT() REPRESENTATION_CONTEXT('2D SPACE',''
  ) );
#8706 = ( GEOMETRIC_REPRESENTATION_CONTEXT(3) 
GLOBAL_UNCERTAINTY_ASSIGNED_CONTEXT((#8710)) 
GLOBAL_UNIT_ASSIGNED_CONTEXT((#8707,#8708,#8709)) REPRESENTATION_CONTEXT
('Context #1','3D Context with UNIT and UNCERTAINTY') );
#8707 = ( LENGTH_UNIT() NAMED_UNIT(*) SI_UNIT(.MILLI.,.METRE.) );
#8708 = ( NAMED_UNIT(*) PLANE_ANGLE_UNIT() SI_UNIT($,.RADIAN.) );
#8709 = ( NAMED_UNIT(*) SI_UNIT($,.STERADIAN.) SOLID_ANGLE_UNIT() );
#8710 = UNCERTAINTY_MEASURE_WITH_UNIT(LENGTH_MEASURE(1.E-05),#8707,
  'distance_accuracy_value','confusion accuracy');
#8711 = PRODUCT_RELATED_PRODUCT_CATEGORY('part',$,(#8601));
#8712 = SHAPE_DEFINITION_REPRESENTATION(#8713,#8719);
#8713 = PRODUCT_DEFINITION_SHAPE('','',#8714);
#8714 = PRODUCT_DEFINITION('design','',#8715,#8718);
#8715 = PRODUCT_DEFINITION_FORMATION('','',#8716);
#8716 = PRODUCT('FACE','FACE','',(#8717));
#8717 = PRODUCT_CONTEXT('',#2,'mechanical');
#8718 = PRODUCT_DEFINITION_CONTEXT('part definition',#2,'design');
#8719 = MANIFOLD_SURFACE_SHAPE_REPRESENTATION('',(#11,#8720),#8837);
#8720 = SHELL_BASED_SURFACE_MODEL('',(#8721));
#8721 = OPEN_SHELL('',(#8722));
#8722 = ADVANCED_FACE('',(#8723),#8739,.T.);
#8723 = FACE_BOUND('',#8724,.T.);
#8724 = EDGE_LOOP('',(#8725,#8753,#8771,#8789,#8805,#8821));
#8725 = ORIENTED_EDGE('',*,*,#8726,.F.);
#8726 = EDGE_CURVE('',#8727,#8729,#8731,.T.);
#8727 = VERTEX_POINT('',#8728);
#8728 = CARTESIAN_POINT('',(1.142968875084,-1.123087225699,
    0.355599997233));
#8729 = VERTEX_POINT('',#8730);
#8730 = CARTESIAN_POINT('',(1.333500000872,-1.046008761953,
    0.355599996879));
#8731 = SURFACE_CURVE('',#8732,(#8738),.PCURVE_S1.);
#8732 = B_SPLINE_CURVE_WITH_KNOTS('',4,(#8733,#8734,#8735,#8736,#8737),
  .UNSPECIFIED.,.F.,.F.,(5,5),(0.5,1.),.PIECEWISE_BEZIER_KNOTS.);
#8733 = CARTESIAN_POINT('',(1.142968875084,-1.123087225699,
    0.355599997233));
#8734 = CARTESIAN_POINT('',(1.190880625216,-1.123093699949,0.35559999728
    ));
#8735 = CARTESIAN_POINT('',(1.237693730696,-1.110249447408,
    0.355752358784));
#8736 = CARTESIAN_POINT('',(1.284840934667,-1.084554468076,
    0.355599997089));
#8737 = CARTESIAN_POINT('',(1.333500000872,-1.046008761953,
    0.355599996879));
#8738 = PCURVE('',#8739,#8747);
#8739 = SURFACE_OF_REVOLUTION('',#8740,#8744);
#8740 = LINE('',#8741,#8742);
#8741 = CARTESIAN_POINT('',(0.635,-1.4732,0.9906));
#8742 = VECTOR('',#8743,1.);
#8743 = DIRECTION('',(-0.340998954621,0.940063674943,1.211471650539E-15)
  );
#8744 = AXIS1_PLACEMENT('',#8745,#8746);
#8745 = CARTESIAN_POINT('',(1.143,-1.001042528518E+03,0.9906));
#8746 = DIRECTION('',(0.,-1.,0.));
#8747 = DEFINITIONAL_REPRESENTATION('',(#8748),#8752);
#8748 = B_SPLINE_CURVE_WITH_KNOTS('',2,(#8749,#8750,#8751),
  .UNSPECIFIED.,.F.,.F.,(3,3),(0.5,1.),.PIECEWISE_BEZIER_KNOTS.);
#8749 = CARTESIAN_POINT('',(1.57074731118,0.372435169695));
#8750 = CARTESIAN_POINT('',(1.72165046018,0.372421395628));
#8751 = CARTESIAN_POINT('',(1.86225312118,0.454427981246));
#8752 = ( GEOMETRIC_REPRESENTATION_CONTEXT(2) 
PARAMETRIC_REPRESENTATION_CONTEXT() REPRESENTATION_CONTEXT('2D SPACE',''
  ) );
#8753 = ORIENTED_EDGE('',*,*,#8754,.F.);
#8754 = EDGE_CURVE('',#8755,#8727,#8757,.T.);
#8755 = VERTEX_POINT('',#8756);
#8756 = CARTESIAN_POINT('',(0.952499998982,-1.046008761953,
    0.355599996923));
#8757 = SURFACE_CURVE('',#8758,(#8764),.PCURVE_S1.);
#8758 = B_SPLINE_CURVE_WITH_KNOTS('',4,(#8759,#8760,#8761,#8762,#8763),
  .UNSPECIFIED.,.F.,.F.,(5,5),(0.,0.5),.PIECEWISE_BEZIER_KNOTS.);
#8759 = CARTESIAN_POINT('',(0.952499998982,-1.046008761953,
    0.355599996923));
#8760 = CARTESIAN_POINT('',(1.001142722474,-1.08454152194,0.355599997079
    ));
#8761 = CARTESIAN_POINT('',(1.048274959764,-1.110232185893,
    0.355752145776));
#8762 = CARTESIAN_POINT('',(1.095073256493,-1.123080753813,
    0.355599997252));
#8763 = CARTESIAN_POINT('',(1.142968875084,-1.123087225699,
    0.355599997233));
#8764 = PCURVE('',#8739,#8765);
#8765 = DEFINITIONAL_REPRESENTATION('',(#8766),#8770);
#8766 = B_SPLINE_CURVE_WITH_KNOTS('',2,(#8767,#8768,#8769),
  .UNSPECIFIED.,.F.,.F.,(3,3),(0.,0.5),.PIECEWISE_BEZIER_KNOTS.);
#8767 = CARTESIAN_POINT('',(1.27933953218,0.454427981246));
#8768 = CARTESIAN_POINT('',(1.41989497018,0.372448938733));
#8769 = CARTESIAN_POINT('',(1.57074731118,0.372435169695));
#8770 = ( GEOMETRIC_REPRESENTATION_CONTEXT(2) 
PARAMETRIC_REPRESENTATION_CONTEXT() REPRESENTATION_CONTEXT('2D SPACE',''
  ) );
#8771 = ORIENTED_EDGE('',*,*,#8772,.F.);
#8772 = EDGE_CURVE('',#8773,#8755,#8775,.T.);
#8773 = VERTEX_POINT('',#8774);
#8774 = CARTESIAN_POINT('',(0.952499999011,-1.4732,0.51967139647));
#8775 = SURFACE_CURVE('',#8776,(#8782),.PCURVE_S1.);
#8776 = B_SPLINE_CURVE_WITH_KNOTS('',4,(#8777,#8778,#8779,#8780,#8781),
  .UNSPECIFIED.,.F.,.F.,(5,5),(0.,1.),.PIECEWISE_BEZIER_KNOTS.);
#8777 = CARTESIAN_POINT('',(0.952499999944,-1.4732,0.519671396092));
#8778 = CARTESIAN_POINT('',(0.952499999786,-1.381710070819,
    0.483871834427));
#8779 = CARTESIAN_POINT('',(0.952454875071,-1.280014888084,0.44460627717
    ));
#8780 = CARTESIAN_POINT('',(0.952499999337,-1.168114451796,
    0.401842882425));
#8781 = CARTESIAN_POINT('',(0.952499998982,-1.046008761953,
    0.355599996923));
#8782 = PCURVE('',#8739,#8783);
#8783 = DEFINITIONAL_REPRESENTATION('',(#8784),#8788);
#8784 = B_SPLINE_CURVE_WITH_KNOTS('',2,(#8785,#8786,#8787),
  .UNSPECIFIED.,.F.,.F.,(3,3),(0.,1.),.PIECEWISE_BEZIER_KNOTS.);
#8785 = CARTESIAN_POINT('',(1.18639955218,-1.204298777427E-16));
#8786 = CARTESIAN_POINT('',(1.23925323518,0.194646238589));
#8787 = CARTESIAN_POINT('',(1.27933953218,0.454427981246));
#8788 = ( GEOMETRIC_REPRESENTATION_CONTEXT(2) 
PARAMETRIC_REPRESENTATION_CONTEXT() REPRESENTATION_CONTEXT('2D SPACE',''
  ) );
#8789 = ORIENTED_EDGE('',*,*,#8790,.F.);
#8790 = EDGE_CURVE('',#8791,#8773,#8793,.T.);
#8791 = VERTEX_POINT('',#8792);
#8792 = CARTESIAN_POINT('',(1.142999998963,-1.4732,0.4826));
#8793 = SURFACE_CURVE('',#8794,(#8799),.PCURVE_S1.);
#8794 = CIRCLE('',#8795,0.508);
#8795 = AXIS2_PLACEMENT_3D('',#8796,#8797,#8798);
#8796 = CARTESIAN_POINT('',(1.143,-1.4732,0.9906));
#8797 = DIRECTION('',(1.330436532548E-16,1.,6.123031769112E-17));
#8798 = DIRECTION('',(3.722758742864E-16,6.123031769112E-17,-1.));
#8799 = PCURVE('',#8739,#8800);
#8800 = DEFINITIONAL_REPRESENTATION('',(#8801),#8804);
#8801 = B_SPLINE_CURVE_WITH_KNOTS('',1,(#8802,#8803),.UNSPECIFIED.,.F.,
  .F.,(2,2),(2.533117909104E-17,0.384396778578),
  .PIECEWISE_BEZIER_KNOTS.);
#8802 = CARTESIAN_POINT('',(1.57079632718,-1.594494951497E-16));
#8803 = CARTESIAN_POINT('',(1.18639955218,-1.204298777427E-16));
#8804 = ( GEOMETRIC_REPRESENTATION_CONTEXT(2) 
PARAMETRIC_REPRESENTATION_CONTEXT() REPRESENTATION_CONTEXT('2D SPACE',''
  ) );
#8805 = ORIENTED_EDGE('',*,*,#8806,.F.);
#8806 = EDGE_CURVE('',#8807,#8791,#8809,.T.);
#8807 = VERTEX_POINT('',#8808);
#8808 = CARTESIAN_POINT('',(1.333499999974,-1.4732,0.519671396059));
#8809 = SURFACE_CURVE('',#8810,(#8815),.PCURVE_S1.);
#8810 = CIRCLE('',#8811,0.508);
#8811 = AXIS2_PLACEMENT_3D('',#8812,#8813,#8814);
#8812 = CARTESIAN_POINT('',(1.143,-1.4732,0.9906));
#8813 = DIRECTION('',(1.330436532548E-16,1.,6.123031769112E-17));
#8814 = DIRECTION('',(0.375,6.870653707616E-18,-0.927024810887));
#8815 = PCURVE('',#8739,#8816);
#8816 = DEFINITIONAL_REPRESENTATION('',(#8817),#8820);
#8817 = B_SPLINE_CURVE_WITH_KNOTS('',1,(#8818,#8819),.UNSPECIFIED.,.F.,
  .F.,(2,2),(-8.881784197001E-16,0.384396778578),
  .PIECEWISE_BEZIER_KNOTS.);
#8818 = CARTESIAN_POINT('',(1.95519310118,-1.984691124552E-16));
#8819 = CARTESIAN_POINT('',(1.57079632718,-1.594494951497E-16));
#8820 = ( GEOMETRIC_REPRESENTATION_CONTEXT(2) 
PARAMETRIC_REPRESENTATION_CONTEXT() REPRESENTATION_CONTEXT('2D SPACE',''
  ) );
#8821 = ORIENTED_EDGE('',*,*,#8822,.F.);
#8822 = EDGE_CURVE('',#8729,#8807,#8823,.T.);
#8823 = SURFACE_CURVE('',#8824,(#8830),.PCURVE_S1.);
#8824 = B_SPLINE_CURVE_WITH_KNOTS('',4,(#8825,#8826,#8827,#8828,#8829),
  .UNSPECIFIED.,.F.,.F.,(5,5),(0.,1.),.PIECEWISE_BEZIER_KNOTS.);
#8825 = CARTESIAN_POINT('',(1.333500000872,-1.046008761953,
    0.355599996879));
#8826 = CARTESIAN_POINT('',(1.333500000845,-1.168114451796,
    0.401842882476));
#8827 = CARTESIAN_POINT('',(1.333545125164,-1.280014888084,
    0.444606277253));
#8828 = CARTESIAN_POINT('',(1.333500000333,-1.381710070819,
    0.483871834479));
#8829 = CARTESIAN_POINT('',(1.333499999948,-1.4732,0.519671396048));
#8830 = PCURVE('',#8739,#8831);
#8831 = DEFINITIONAL_REPRESENTATION('',(#8832),#8836);
#8832 = B_SPLINE_CURVE_WITH_KNOTS('',2,(#8833,#8834,#8835),
  .UNSPECIFIED.,.F.,.F.,(3,3),(0.,1.),.PIECEWISE_BEZIER_KNOTS.);
#8833 = CARTESIAN_POINT('',(1.86225312118,0.454427981246));
#8834 = CARTESIAN_POINT('',(1.90233941918,0.194646238589));
#8835 = CARTESIAN_POINT('',(1.95519310118,-1.984691124552E-16));
#8836 = ( GEOMETRIC_REPRESENTATION_CONTEXT(2) 
PARAMETRIC_REPRESENTATION_CONTEXT() REPRESENTATION_CONTEXT('2D SPACE',''
  ) );
#8837 = ( GEOMETRIC_REPRESENTATION_CONTEXT(3) 
GLOBAL_UNCERTAINTY_ASSIGNED_CONTEXT((#8841)) 
GLOBAL_UNIT_ASSIGNED_CONTEXT((#8838,#8839,#8840)) REPRESENTATION_CONTEXT
('Context #1','3D Context with UNIT and UNCERTAINTY') );
#8838 = ( LENGTH_UNIT() NAMED_UNIT(*) SI_UNIT(.MILLI.,.METRE.) );
#8839 = ( NAMED_UNIT(*) PLANE_ANGLE_UNIT() SI_UNIT($,.RADIAN.) );
#8840 = ( NAMED_UNIT(*) SI_UNIT($,.STERADIAN.) SOLID_ANGLE_UNIT() );
#8841 = UNCERTAINTY_MEASURE_WITH_UNIT(LENGTH_MEASURE(1.E-05),#8838,
  'distance_accuracy_value','confusion accuracy');
#8842 = PRODUCT_RELATED_PRODUCT_CATEGORY('part',$,(#8716));
#8843 = SHAPE_DEFINITION_REPRESENTATION(#8844,#8850);
#8844 = PRODUCT_DEFINITION_SHAPE('','',#8845);
#8845 = PRODUCT_DEFINITION('design','',#8846,#8849);
#8846 = PRODUCT_DEFINITION_FORMATION('','',#8847);
#8847 = PRODUCT('FACE','FACE','',(#8848));
#8848 = PRODUCT_CONTEXT('',#2,'mechanical');
#8849 = PRODUCT_DEFINITION_CONTEXT('part definition',#2,'design');
#8850 = MANIFOLD_SURFACE_SHAPE_REPRESENTATION('',(#11,#8851),#8931);
#8851 = SHELL_BASED_SURFACE_MODEL('',(#8852));
#8852 = OPEN_SHELL('',(#8853));
#8853 = ADVANCED_FACE('',(#8854),#8870,.T.);
#8854 = FACE_BOUND('',#8855,.T.);
#8855 = EDGE_LOOP('',(#8856,#8884,#8902,#8918));
#8856 = ORIENTED_EDGE('',*,*,#8857,.F.);
#8857 = EDGE_CURVE('',#8858,#8860,#8862,.T.);
#8858 = VERTEX_POINT('',#8859);
#8859 = CARTESIAN_POINT('',(0.507999996806,-1.046008761953,
    1.181100000627));
#8860 = VERTEX_POINT('',#8861);
#8861 = CARTESIAN_POINT('',(0.507999998625,-1.123087233024,0.9906));
#8862 = SURFACE_CURVE('',#8863,(#8869),.PCURVE_S1.);
#8863 = B_SPLINE_CURVE_WITH_KNOTS('',4,(#8864,#8865,#8866,#8867,#8868),
  .UNSPECIFIED.,.F.,.F.,(5,5),(0.,1.),.PIECEWISE_BEZIER_KNOTS.);
#8864 = CARTESIAN_POINT('',(0.507999996806,-1.046008761953,
    1.181100000627));
#8865 = CARTESIAN_POINT('',(0.507999997023,-1.0845479949,1.132449105949)
  );
#8866 = CARTESIAN_POINT('',(0.508152252212,-1.110240816865,
    1.085309385346));
#8867 = CARTESIAN_POINT('',(0.507999997249,-1.123087227848,
    1.038503684245));
#8868 = CARTESIAN_POINT('',(0.507999997249,-1.123087227848,0.9906));
#8869 = PCURVE('',#8870,#8878);
#8870 = SURFACE_OF_REVOLUTION('',#8871,#8875);
#8871 = LINE('',#8872,#8873);
#8872 = CARTESIAN_POINT('',(0.635,-1.4732,0.9906));
#8873 = VECTOR('',#8874,1.);
#8874 = DIRECTION('',(-0.340998954621,0.940063674943,1.211471650539E-15)
  );
#8875 = AXIS1_PLACEMENT('',#8876,#8877);
#8876 = CARTESIAN_POINT('',(1.143,-1.001042528518E+03,0.9906));
#8877 = DIRECTION('',(0.,-1.,0.));
#8878 = DEFINITIONAL_REPRESENTATION('',(#8879),#8883);
#8879 = B_SPLINE_CURVE_WITH_KNOTS('',2,(#8880,#8881,#8882),
  .UNSPECIFIED.,.F.,.F.,(3,3),(0.,1.),.PIECEWISE_BEZIER_KNOTS.);
#8880 = CARTESIAN_POINT('',(5.99172851318,0.454427981246));
#8881 = CARTESIAN_POINT('',(6.13230756218,0.372435167409));
#8882 = CARTESIAN_POINT('',(6.28318530718,0.372435167409));
#8883 = ( GEOMETRIC_REPRESENTATION_CONTEXT(2) 
PARAMETRIC_REPRESENTATION_CONTEXT() REPRESENTATION_CONTEXT('2D SPACE',''
  ) );
#8884 = ORIENTED_EDGE('',*,*,#8885,.F.);
#8885 = EDGE_CURVE('',#8886,#8858,#8888,.T.);
#8886 = VERTEX_POINT('',#8887);
#8887 = CARTESIAN_POINT('',(0.672071396411,-1.4732,1.181100000845));
#8888 = SURFACE_CURVE('',#8889,(#8895),.PCURVE_S1.);
#8889 = B_SPLINE_CURVE_WITH_KNOTS('',4,(#8890,#8891,#8892,#8893,#8894),
  .UNSPECIFIED.,.F.,.F.,(5,5),(0.,1.),.PIECEWISE_BEZIER_KNOTS.);
#8890 = CARTESIAN_POINT('',(0.672071395975,-1.4732,1.181099999767));
#8891 = CARTESIAN_POINT('',(0.636271834405,-1.381710070819,
    1.181100000138));
#8892 = CARTESIAN_POINT('',(0.59700627718,-1.280014888084,1.181145124954
    ));
#8893 = CARTESIAN_POINT('',(0.554242882403,-1.168114451796,
    1.181100000619));
#8894 = CARTESIAN_POINT('',(0.507999996806,-1.046008761953,
    1.181100000627));
#8895 = PCURVE('',#8870,#8896);
#8896 = DEFINITIONAL_REPRESENTATION('',(#8897),#8901);
#8897 = B_SPLINE_CURVE_WITH_KNOTS('',2,(#8898,#8899,#8900),
  .UNSPECIFIED.,.F.,.F.,(3,3),(0.,1.),.PIECEWISE_BEZIER_KNOTS.);
#8898 = CARTESIAN_POINT('',(5.89878853318,-5.987783631371E-16));
#8899 = CARTESIAN_POINT('',(5.95164221518,0.194646238589));
#8900 = CARTESIAN_POINT('',(5.99172851318,0.454427981246));
#8901 = ( GEOMETRIC_REPRESENTATION_CONTEXT(2) 
PARAMETRIC_REPRESENTATION_CONTEXT() REPRESENTATION_CONTEXT('2D SPACE',''
  ) );
#8902 = ORIENTED_EDGE('',*,*,#8903,.F.);
#8903 = EDGE_CURVE('',#8904,#8886,#8906,.T.);
#8904 = VERTEX_POINT('',#8905);
#8905 = CARTESIAN_POINT('',(0.635,-1.4732,0.9906));
#8906 = SURFACE_CURVE('',#8907,(#8912),.PCURVE_S1.);
#8907 = CIRCLE('',#8908,0.508);
#8908 = AXIS2_PLACEMENT_3D('',#8909,#8910,#8911);
#8909 = CARTESIAN_POINT('',(1.143,-1.4732,0.9906));
#8910 = DIRECTION('',(1.330436532548E-16,1.,6.123031769112E-17));
#8911 = DIRECTION('',(-1.,1.330436532548E-16,7.116010375474E-15));
#8912 = PCURVE('',#8870,#8913);
#8913 = DEFINITIONAL_REPRESENTATION('',(#8914),#8917);
#8914 = B_SPLINE_CURVE_WITH_KNOTS('',1,(#8915,#8916),.UNSPECIFIED.,.F.,
  .F.,(2,2),(1.69828223629E-16,0.384396778578),
  .PIECEWISE_BEZIER_KNOTS.);
#8915 = CARTESIAN_POINT('',(6.28318530718,-6.377979804426E-16));
#8916 = CARTESIAN_POINT('',(5.89878853318,-5.987783631371E-16));
#8917 = ( GEOMETRIC_REPRESENTATION_CONTEXT(2) 
PARAMETRIC_REPRESENTATION_CONTEXT() REPRESENTATION_CONTEXT('2D SPACE',''
  ) );
#8918 = ORIENTED_EDGE('',*,*,#8919,.F.);
#8919 = EDGE_CURVE('',#8860,#8904,#8920,.T.);
#8920 = SURFACE_CURVE('',#8921,(#8925),.PCURVE_S1.);
#8921 = LINE('',#8922,#8923);
#8922 = CARTESIAN_POINT('',(0.508,-1.1230872382,0.9906));
#8923 = VECTOR('',#8924,1.);
#8924 = DIRECTION('',(0.340998957005,-0.940063674078,0.));
#8925 = PCURVE('',#8870,#8926);
#8926 = DEFINITIONAL_REPRESENTATION('',(#8927),#8930);
#8927 = B_SPLINE_CURVE_WITH_KNOTS('',1,(#8928,#8929),.UNSPECIFIED.,.F.,
  .F.,(2,2),(0.,0.372435156739),.PIECEWISE_BEZIER_KNOTS.);
#8928 = CARTESIAN_POINT('',(6.28318530718,0.372435167409));
#8929 = CARTESIAN_POINT('',(6.28318530718,-6.377979804426E-16));
#8930 = ( GEOMETRIC_REPRESENTATION_CONTEXT(2) 
PARAMETRIC_REPRESENTATION_CONTEXT() REPRESENTATION_CONTEXT('2D SPACE',''
  ) );
#8931 = ( GEOMETRIC_REPRESENTATION_CONTEXT(3) 
GLOBAL_UNCERTAINTY_ASSIGNED_CONTEXT((#8935)) 
GLOBAL_UNIT_ASSIGNED_CONTEXT((#8932,#8933,#8934)) REPRESENTATION_CONTEXT
('Context #1','3D Context with UNIT and UNCERTAINTY') );
#8932 = ( LENGTH_UNIT() NAMED_UNIT(*) SI_UNIT(.MILLI.,.METRE.) );
#8933 = ( NAMED_UNIT(*) PLANE_ANGLE_UNIT() SI_UNIT($,.RADIAN.) );
#8934 = ( NAMED_UNIT(*) SI_UNIT($,.STERADIAN.) SOLID_ANGLE_UNIT() );
#8935 = UNCERTAINTY_MEASURE_WITH_UNIT(LENGTH_MEASURE(5.E-06),#8932,
  'distance_accuracy_value','confusion accuracy');
#8936 = PRODUCT_RELATED_PRODUCT_CATEGORY('part',$,(#8847));
#8937 = SHAPE_DEFINITION_REPRESENTATION(#8938,#8944);
#8938 = PRODUCT_DEFINITION_SHAPE('','',#8939);
#8939 = PRODUCT_DEFINITION('design','',#8940,#8943);
#8940 = PRODUCT_DEFINITION_FORMATION('','',#8941);
#8941 = PRODUCT('FACE','FACE','',(#8942));
#8942 = PRODUCT_CONTEXT('',#2,'mechanical');
#8943 = PRODUCT_DEFINITION_CONTEXT('part definition',#2,'design');
#8944 = MANIFOLD_SURFACE_SHAPE_REPRESENTATION('',(#11,#8945),#9062);
#8945 = SHELL_BASED_SURFACE_MODEL('',(#8946));
#8946 = OPEN_SHELL('',(#8947));
#8947 = ADVANCED_FACE('',(#8948),#8963,.T.);
#8948 = FACE_BOUND('',#8949,.T.);
#8949 = EDGE_LOOP('',(#8950,#8976,#8992,#9010,#9028,#9046));
#8950 = ORIENTED_EDGE('',*,*,#8951,.F.);
#8951 = EDGE_CURVE('',#8952,#8954,#8956,.T.);
#8952 = VERTEX_POINT('',#8953);
#8953 = CARTESIAN_POINT('',(1.143000001037,-1.4732,1.4986));
#8954 = VERTEX_POINT('',#8955);
#8955 = CARTESIAN_POINT('',(1.333500000893,-1.4732,1.461528603569));
#8956 = SURFACE_CURVE('',#8957,(#8962),.PCURVE_S1.);
#8957 = CIRCLE('',#8958,0.508);
#8958 = AXIS2_PLACEMENT_3D('',#8959,#8960,#8961);
#8959 = CARTESIAN_POINT('',(1.143,-1.4732,0.9906));
#8960 = DIRECTION('',(1.330436532548E-16,1.,6.123031769112E-17));
#8961 = DIRECTION('',(1.416020741538E-14,-6.123031769112E-17,1.));
#8962 = PCURVE('',#8963,#8971);
#8963 = SURFACE_OF_REVOLUTION('',#8964,#8968);
#8964 = LINE('',#8965,#8966);
#8965 = CARTESIAN_POINT('',(0.635,-1.4732,0.9906));
#8966 = VECTOR('',#8967,1.);
#8967 = DIRECTION('',(-0.340998954621,0.940063674943,1.211471650539E-15)
  );
#8968 = AXIS1_PLACEMENT('',#8969,#8970);
#8969 = CARTESIAN_POINT('',(1.143,-1.001042528518E+03,0.9906));
#8970 = DIRECTION('',(0.,-1.,0.));
#8971 = DEFINITIONAL_REPRESENTATION('',(#8972),#8975);
#8972 = B_SPLINE_CURVE_WITH_KNOTS('',1,(#8973,#8974),.UNSPECIFIED.,.F.,
  .F.,(2,2),(6.452508762641E-17,0.384396778578),
  .PIECEWISE_BEZIER_KNOTS.);
#8973 = CARTESIAN_POINT('',(4.71238898018,-4.783484853111E-16));
#8974 = CARTESIAN_POINT('',(4.32799220618,-4.393288680056E-16));
#8975 = ( GEOMETRIC_REPRESENTATION_CONTEXT(2) 
PARAMETRIC_REPRESENTATION_CONTEXT() REPRESENTATION_CONTEXT('2D SPACE',''
  ) );
#8976 = ORIENTED_EDGE('',*,*,#8977,.F.);
#8977 = EDGE_CURVE('',#8978,#8952,#8980,.T.);
#8978 = VERTEX_POINT('',#8979);
#8979 = CARTESIAN_POINT('',(0.95249999993,-1.4732,1.461528603902));
#8980 = SURFACE_CURVE('',#8981,(#8986),.PCURVE_S1.);
#8981 = CIRCLE('',#8982,0.508);
#8982 = AXIS2_PLACEMENT_3D('',#8983,#8984,#8985);
#8983 = CARTESIAN_POINT('',(1.143,-1.4732,0.9906));
#8984 = DIRECTION('',(1.330436532548E-16,1.,6.123031769112E-17));
#8985 = DIRECTION('',(-0.375,-6.870653707619E-18,0.927024810887));
#8986 = PCURVE('',#8963,#8987);
#8987 = DEFINITIONAL_REPRESENTATION('',(#8988),#8991);
#8988 = B_SPLINE_CURVE_WITH_KNOTS('',1,(#8989,#8990),.UNSPECIFIED.,.F.,
  .F.,(2,2),(0.,0.384396778578),.PIECEWISE_BEZIER_KNOTS.);
#8989 = CARTESIAN_POINT('',(5.09678575518,-5.173681027182E-16));
#8990 = CARTESIAN_POINT('',(4.71238898018,-4.783484853111E-16));
#8991 = ( GEOMETRIC_REPRESENTATION_CONTEXT(2) 
PARAMETRIC_REPRESENTATION_CONTEXT() REPRESENTATION_CONTEXT('2D SPACE',''
  ) );
#8992 = ORIENTED_EDGE('',*,*,#8993,.F.);
#8993 = EDGE_CURVE('',#8994,#8978,#8996,.T.);
#8994 = VERTEX_POINT('',#8995);
#8995 = CARTESIAN_POINT('',(0.952499998868,-1.046008761953,
    1.625600003043));
#8996 = SURFACE_CURVE('',#8997,(#9003),.PCURVE_S1.);
#8997 = B_SPLINE_CURVE_WITH_KNOTS('',4,(#8998,#8999,#9000,#9001,#9002),
  .UNSPECIFIED.,.F.,.F.,(5,5),(0.,1.),.PIECEWISE_BEZIER_KNOTS.);
#8998 = CARTESIAN_POINT('',(0.952499998868,-1.046008761953,
    1.625600003043));
#8999 = CARTESIAN_POINT('',(0.952499999231,-1.168114451796,
    1.579357117541));
#9000 = CARTESIAN_POINT('',(0.952454874973,-1.280014888084,
    1.536593722796));
#9001 = CARTESIAN_POINT('',(0.952499999695,-1.381710070819,
    1.497328165539));
#9002 = CARTESIAN_POINT('',(0.952499999859,-1.4732,1.461528603874));
#9003 = PCURVE('',#8963,#9004);
#9004 = DEFINITIONAL_REPRESENTATION('',(#9005),#9009);
#9005 = B_SPLINE_CURVE_WITH_KNOTS('',2,(#9006,#9007,#9008),
  .UNSPECIFIED.,.F.,.F.,(3,3),(0.,1.),.PIECEWISE_BEZIER_KNOTS.);
#9006 = CARTESIAN_POINT('',(5.00384577518,0.454427981246));
#9007 = CARTESIAN_POINT('',(5.04393207218,0.194646238589));
#9008 = CARTESIAN_POINT('',(5.09678575518,-5.173681027182E-16));
#9009 = ( GEOMETRIC_REPRESENTATION_CONTEXT(2) 
PARAMETRIC_REPRESENTATION_CONTEXT() REPRESENTATION_CONTEXT('2D SPACE',''
  ) );
#9010 = ORIENTED_EDGE('',*,*,#9011,.F.);
#9011 = EDGE_CURVE('',#9012,#8994,#9014,.T.);
#9012 = VERTEX_POINT('',#9013);
#9013 = CARTESIAN_POINT('',(1.14296887497,-1.123087225699,1.625600002767
    ));
#9014 = SURFACE_CURVE('',#9015,(#9021),.PCURVE_S1.);
#9015 = B_SPLINE_CURVE_WITH_KNOTS('',4,(#9016,#9017,#9018,#9019,#9020),
  .UNSPECIFIED.,.F.,.F.,(5,5),(0.5,1.),.PIECEWISE_BEZIER_KNOTS.);
#9016 = CARTESIAN_POINT('',(1.14296887497,-1.123087225699,1.625600002767
    ));
#9017 = CARTESIAN_POINT('',(1.095073256379,-1.123080753813,
    1.625600002739));
#9018 = CARTESIAN_POINT('',(1.04827495965,-1.110232185893,1.625447854207
    ));
#9019 = CARTESIAN_POINT('',(1.00114272236,-1.08454152194,1.625600002896)
  );
#9020 = CARTESIAN_POINT('',(0.952499998868,-1.046008761953,
    1.625600003043));
#9021 = PCURVE('',#8963,#9022);
#9022 = DEFINITIONAL_REPRESENTATION('',(#9023),#9027);
#9023 = B_SPLINE_CURVE_WITH_KNOTS('',2,(#9024,#9025,#9026),
  .UNSPECIFIED.,.F.,.F.,(3,3),(0.5,1.),.PIECEWISE_BEZIER_KNOTS.);
#9024 = CARTESIAN_POINT('',(4.71243799618,0.372435169695));
#9025 = CARTESIAN_POINT('',(4.86329033718,0.372448938733));
#9026 = CARTESIAN_POINT('',(5.00384577518,0.454427981246));
#9027 = ( GEOMETRIC_REPRESENTATION_CONTEXT(2) 
PARAMETRIC_REPRESENTATION_CONTEXT() REPRESENTATION_CONTEXT('2D SPACE',''
  ) );
#9028 = ORIENTED_EDGE('',*,*,#9029,.F.);
#9029 = EDGE_CURVE('',#9030,#9012,#9032,.T.);
#9030 = VERTEX_POINT('',#9031);
#9031 = CARTESIAN_POINT('',(1.333500000758,-1.046008761953,
    1.625600003155));
#9032 = SURFACE_CURVE('',#9033,(#9039),.PCURVE_S1.);
#9033 = B_SPLINE_CURVE_WITH_KNOTS('',4,(#9034,#9035,#9036,#9037,#9038),
  .UNSPECIFIED.,.F.,.F.,(5,5),(0.,0.5),.PIECEWISE_BEZIER_KNOTS.);
#9034 = CARTESIAN_POINT('',(1.333500000758,-1.046008761953,
    1.625600003155));
#9035 = CARTESIAN_POINT('',(1.284840934553,-1.084554468076,
    1.625600002937));
#9036 = CARTESIAN_POINT('',(1.237693730582,-1.110249447408,
    1.625447641233));
#9037 = CARTESIAN_POINT('',(1.190880625101,-1.123093699949,
    1.625600002729));
#9038 = CARTESIAN_POINT('',(1.14296887497,-1.123087225699,1.625600002767
    ));
#9039 = PCURVE('',#8963,#9040);
#9040 = DEFINITIONAL_REPRESENTATION('',(#9041),#9045);
#9041 = B_SPLINE_CURVE_WITH_KNOTS('',2,(#9042,#9043,#9044),
  .UNSPECIFIED.,.F.,.F.,(3,3),(0.,0.5),.PIECEWISE_BEZIER_KNOTS.);
#9042 = CARTESIAN_POINT('',(4.42093218618,0.454427981246));
#9043 = CARTESIAN_POINT('',(4.56153484718,0.372421395628));
#9044 = CARTESIAN_POINT('',(4.71243799618,0.372435169695));
#9045 = ( GEOMETRIC_REPRESENTATION_CONTEXT(2) 
PARAMETRIC_REPRESENTATION_CONTEXT() REPRESENTATION_CONTEXT('2D SPACE',''
  ) );
#9046 = ORIENTED_EDGE('',*,*,#9047,.F.);
#9047 = EDGE_CURVE('',#8954,#9030,#9048,.T.);
#9048 = SURFACE_CURVE('',#9049,(#9055),.PCURVE_S1.);
#9049 = B_SPLINE_CURVE_WITH_KNOTS('',4,(#9050,#9051,#9052,#9053,#9054),
  .UNSPECIFIED.,.F.,.F.,(5,5),(0.,1.),.PIECEWISE_BEZIER_KNOTS.);
#9050 = CARTESIAN_POINT('',(1.333499999863,-1.4732,1.461528603986));
#9051 = CARTESIAN_POINT('',(1.333500000242,-1.381710070819,
    1.497328165556));
#9052 = CARTESIAN_POINT('',(1.333545125066,-1.280014888084,
    1.536593722781));
#9053 = CARTESIAN_POINT('',(1.333500000739,-1.168114451796,
    1.579357117558));
#9054 = CARTESIAN_POINT('',(1.333500000758,-1.046008761953,
    1.625600003155));
#9055 = PCURVE('',#8963,#9056);
#9056 = DEFINITIONAL_REPRESENTATION('',(#9057),#9061);
#9057 = B_SPLINE_CURVE_WITH_KNOTS('',2,(#9058,#9059,#9060),
  .UNSPECIFIED.,.F.,.F.,(3,3),(0.,1.),.PIECEWISE_BEZIER_KNOTS.);
#9058 = CARTESIAN_POINT('',(4.32799220618,-4.393288680056E-16));
#9059 = CARTESIAN_POINT('',(4.38084588818,0.194646238589));
#9060 = CARTESIAN_POINT('',(4.42093218618,0.454427981246));
#9061 = ( GEOMETRIC_REPRESENTATION_CONTEXT(2) 
PARAMETRIC_REPRESENTATION_CONTEXT() REPRESENTATION_CONTEXT('2D SPACE',''
  ) );
#9062 = ( GEOMETRIC_REPRESENTATION_CONTEXT(3) 
GLOBAL_UNCERTAINTY_ASSIGNED_CONTEXT((#9066)) 
GLOBAL_UNIT_ASSIGNED_CONTEXT((#9063,#9064,#9065)) REPRESENTATION_CONTEXT
('Context #1','3D Context with UNIT and UNCERTAINTY') );
#9063 = ( LENGTH_UNIT() NAMED_UNIT(*) SI_UNIT(.MILLI.,.METRE.) );
#9064 = ( NAMED_UNIT(*) PLANE_ANGLE_UNIT() SI_UNIT($,.RADIAN.) );
#9065 = ( NAMED_UNIT(*) SI_UNIT($,.STERADIAN.) SOLID_ANGLE_UNIT() );
#9066 = UNCERTAINTY_MEASURE_WITH_UNIT(LENGTH_MEASURE(1.E-05),#9063,
  'distance_accuracy_value','confusion accuracy');
#9067 = PRODUCT_RELATED_PRODUCT_CATEGORY('part',$,(#8941));
#9068 = MECHANICAL_DESIGN_GEOMETRIC_PRESENTATION_REPRESENTATION('',(
    #9069),#8120);
#9069 = STYLED_ITEM('color',(#9070),#7967);
#9070 = PRESENTATION_STYLE_ASSIGNMENT((#9071,#9077));
#9071 = SURFACE_STYLE_USAGE(.BOTH.,#9072);
#9072 = SURFACE_SIDE_STYLE('',(#9073));
#9073 = SURFACE_STYLE_FILL_AREA(#9074);
#9074 = FILL_AREA_STYLE('',(#9075));
#9075 = FILL_AREA_STYLE_COLOUR('',#9076);
#9076 = COLOUR_RGB('',0.752941164258,0.752941164258,0.752941164258);
#9077 = CURVE_STYLE('',#9078,POSITIVE_LENGTH_MEASURE(0.1),#9076);
#9078 = DRAUGHTING_PRE_DEFINED_CURVE_FONT('continuous');
#9079 = MECHANICAL_DESIGN_GEOMETRIC_PRESENTATION_REPRESENTATION('',(
    #9080),#2497);
#9080 = STYLED_ITEM('color',(#9081),#2412);
#9081 = PRESENTATION_STYLE_ASSIGNMENT((#9082,#9087));
#9082 = SURFACE_STYLE_USAGE(.BOTH.,#9083);
#9083 = SURFACE_SIDE_STYLE('',(#9084));
#9084 = SURFACE_STYLE_FILL_AREA(#9085);
#9085 = FILL_AREA_STYLE('',(#9086));
#9086 = FILL_AREA_STYLE_COLOUR('',#9076);
#9087 = CURVE_STYLE('',#9088,POSITIVE_LENGTH_MEASURE(0.1),#9076);
#9088 = DRAUGHTING_PRE_DEFINED_CURVE_FONT('continuous');
#9089 = MECHANICAL_DESIGN_GEOMETRIC_PRESENTATION_REPRESENTATION('',(
    #9090),#1769);
#9090 = STYLED_ITEM('color',(#9091),#1700);
#9091 = PRESENTATION_STYLE_ASSIGNMENT((#9092,#9097));
#9092 = SURFACE_STYLE_USAGE(.BOTH.,#9093);
#9093 = SURFACE_SIDE_STYLE('',(#9094));
#9094 = SURFACE_STYLE_FILL_AREA(#9095);
#9095 = FILL_AREA_STYLE('',(#9096));
#9096 = FILL_AREA_STYLE_COLOUR('',#9076);
#9097 = CURVE_STYLE('',#9098,POSITIVE_LENGTH_MEASURE(0.1),#9076);
#9098 = DRAUGHTING_PRE_DEFINED_CURVE_FONT('continuous');
#9099 = MECHANICAL_DESIGN_GEOMETRIC_PRESENTATION_REPRESENTATION('',(
    #9100),#1684);
#9100 = STYLED_ITEM('color',(#9101),#1599);
#9101 = PRESENTATION_STYLE_ASSIGNMENT((#9102,#9107));
#9102 = SURFACE_STYLE_USAGE(.BOTH.,#9103);
#9103 = SURFACE_SIDE_STYLE('',(#9104));
#9104 = SURFACE_STYLE_FILL_AREA(#9105);
#9105 = FILL_AREA_STYLE('',(#9106));
#9106 = FILL_AREA_STYLE_COLOUR('',#9076);
#9107 = CURVE_STYLE('',#9108,POSITIVE_LENGTH_MEASURE(0.1),#9076);
#9108 = DRAUGHTING_PRE_DEFINED_CURVE_FONT('continuous');
#9109 = MECHANICAL_DESIGN_GEOMETRIC_PRESENTATION_REPRESENTATION('',(
    #9110),#6930);
#9110 = STYLED_ITEM('color',(#9111),#6410);
#9111 = PRESENTATION_STYLE_ASSIGNMENT((#9112,#9117));
#9112 = SURFACE_STYLE_USAGE(.BOTH.,#9113);
#9113 = SURFACE_SIDE_STYLE('',(#9114));
#9114 = SURFACE_STYLE_FILL_AREA(#9115);
#9115 = FILL_AREA_STYLE('',(#9116));
#9116 = FILL_AREA_STYLE_COLOUR('',#9076);
#9117 = CURVE_STYLE('',#9118,POSITIVE_LENGTH_MEASURE(0.1),#9076);
#9118 = DRAUGHTING_PRE_DEFINED_CURVE_FONT('continuous');
#9119 = MECHANICAL_DESIGN_GEOMETRIC_PRESENTATION_REPRESENTATION('',(
    #9120),#1312);
#9120 = STYLED_ITEM('color',(#9121),#1243);
#9121 = PRESENTATION_STYLE_ASSIGNMENT((#9122,#9127));
#9122 = SURFACE_STYLE_USAGE(.BOTH.,#9123);
#9123 = SURFACE_SIDE_STYLE('',(#9124));
#9124 = SURFACE_STYLE_FILL_AREA(#9125);
#9125 = FILL_AREA_STYLE('',(#9126));
#9126 = FILL_AREA_STYLE_COLOUR('',#9076);
#9127 = CURVE_STYLE('',#9128,POSITIVE_LENGTH_MEASURE(0.1),#9076);
#9128 = DRAUGHTING_PRE_DEFINED_CURVE_FONT('continuous');
#9129 = MECHANICAL_DESIGN_GEOMETRIC_PRESENTATION_REPRESENTATION('',(
    #9130),#6394);
#9130 = STYLED_ITEM('color',(#9131),#6321);
#9131 = PRESENTATION_STYLE_ASSIGNMENT((#9132,#9137));
#9132 = SURFACE_STYLE_USAGE(.BOTH.,#9133);
#9133 = SURFACE_SIDE_STYLE('',(#9134));
#9134 = SURFACE_STYLE_FILL_AREA(#9135);
#9135 = FILL_AREA_STYLE('',(#9136));
#9136 = FILL_AREA_STYLE_COLOUR('',#9076);
#9137 = CURVE_STYLE('',#9138,POSITIVE_LENGTH_MEASURE(0.1),#9076);
#9138 = DRAUGHTING_PRE_DEFINED_CURVE_FONT('continuous');
#9139 = MECHANICAL_DESIGN_GEOMETRIC_PRESENTATION_REPRESENTATION('',(
    #9140),#2667);
#9140 = STYLED_ITEM('color',(#9141),#2598);
#9141 = PRESENTATION_STYLE_ASSIGNMENT((#9142,#9147));
#9142 = SURFACE_STYLE_USAGE(.BOTH.,#9143);
#9143 = SURFACE_SIDE_STYLE('',(#9144));
#9144 = SURFACE_STYLE_FILL_AREA(#9145);
#9145 = FILL_AREA_STYLE('',(#9146));
#9146 = FILL_AREA_STYLE_COLOUR('',#9076);
#9147 = CURVE_STYLE('',#9148,POSITIVE_LENGTH_MEASURE(0.1),#9076);
#9148 = DRAUGHTING_PRE_DEFINED_CURVE_FONT('continuous');
#9149 = MECHANICAL_DESIGN_GEOMETRIC_PRESENTATION_REPRESENTATION('',(
    #9150),#1955);
#9150 = STYLED_ITEM('color',(#9151),#1870);
#9151 = PRESENTATION_STYLE_ASSIGNMENT((#9152,#9157));
#9152 = SURFACE_STYLE_USAGE(.BOTH.,#9153);
#9153 = SURFACE_SIDE_STYLE('',(#9154));
#9154 = SURFACE_STYLE_FILL_AREA(#9155);
#9155 = FILL_AREA_STYLE('',(#9156));
#9156 = FILL_AREA_STYLE_COLOUR('',#9076);
#9157 = CURVE_STYLE('',#9158,POSITIVE_LENGTH_MEASURE(0.1),#9076);
#9158 = DRAUGHTING_PRE_DEFINED_CURVE_FONT('continuous');
#9159 = MECHANICAL_DESIGN_GEOMETRIC_PRESENTATION_REPRESENTATION('',(
    #9160),#6216);
#9160 = STYLED_ITEM('color',(#9161),#5994);
#9161 = PRESENTATION_STYLE_ASSIGNMENT((#9162,#9167));
#9162 = SURFACE_STYLE_USAGE(.BOTH.,#9163);
#9163 = SURFACE_SIDE_STYLE('',(#9164));
#9164 = SURFACE_STYLE_FILL_AREA(#9165);
#9165 = FILL_AREA_STYLE('',(#9166));
#9166 = FILL_AREA_STYLE_COLOUR('',#9076);
#9167 = CURVE_STYLE('',#9168,POSITIVE_LENGTH_MEASURE(0.1),#9076);
#9168 = DRAUGHTING_PRE_DEFINED_CURVE_FONT('continuous');
#9169 = MECHANICAL_DESIGN_GEOMETRIC_PRESENTATION_REPRESENTATION('',(
    #9170),#956);
#9170 = STYLED_ITEM('color',(#9171),#887);
#9171 = PRESENTATION_STYLE_ASSIGNMENT((#9172,#9177));
#9172 = SURFACE_STYLE_USAGE(.BOTH.,#9173);
#9173 = SURFACE_SIDE_STYLE('',(#9174));
#9174 = SURFACE_STYLE_FILL_AREA(#9175);
#9175 = FILL_AREA_STYLE('',(#9176));
#9176 = FILL_AREA_STYLE_COLOUR('',#9076);
#9177 = CURVE_STYLE('',#9178,POSITIVE_LENGTH_MEASURE(0.1),#9076);
#9178 = DRAUGHTING_PRE_DEFINED_CURVE_FONT('continuous');
#9179 = MECHANICAL_DESIGN_GEOMETRIC_PRESENTATION_REPRESENTATION('',(
    #9180),#8931);
#9180 = STYLED_ITEM('color',(#9181),#8853);
#9181 = PRESENTATION_STYLE_ASSIGNMENT((#9182,#9187));
#9182 = SURFACE_STYLE_USAGE(.BOTH.,#9183);
#9183 = SURFACE_SIDE_STYLE('',(#9184));
#9184 = SURFACE_STYLE_FILL_AREA(#9185);
#9185 = FILL_AREA_STYLE('',(#9186));
#9186 = FILL_AREA_STYLE_COLOUR('',#9076);
#9187 = CURVE_STYLE('',#9188,POSITIVE_LENGTH_MEASURE(0.1),#9076);
#9188 = DRAUGHTING_PRE_DEFINED_CURVE_FONT('continuous');
#9189 = MECHANICAL_DESIGN_GEOMETRIC_PRESENTATION_REPRESENTATION('',(
    #9190),#7076);
#9190 = STYLED_ITEM('color',(#9191),#6946);
#9191 = PRESENTATION_STYLE_ASSIGNMENT((#9192,#9197));
#9192 = SURFACE_STYLE_USAGE(.BOTH.,#9193);
#9193 = SURFACE_SIDE_STYLE('',(#9194));
#9194 = SURFACE_STYLE_FILL_AREA(#9195);
#9195 = FILL_AREA_STYLE('',(#9196));
#9196 = FILL_AREA_STYLE_COLOUR('',#9076);
#9197 = CURVE_STYLE('',#9198,POSITIVE_LENGTH_MEASURE(0.1),#9076);
#9198 = DRAUGHTING_PRE_DEFINED_CURVE_FONT('continuous');
#9199 = MECHANICAL_DESIGN_GEOMETRIC_PRESENTATION_REPRESENTATION('',(
    #9200),#1583);
#9200 = STYLED_ITEM('color',(#9201),#1514);
#9201 = PRESENTATION_STYLE_ASSIGNMENT((#9202,#9207));
#9202 = SURFACE_STYLE_USAGE(.BOTH.,#9203);
#9203 = SURFACE_SIDE_STYLE('',(#9204));
#9204 = SURFACE_STYLE_FILL_AREA(#9205);
#9205 = FILL_AREA_STYLE('',(#9206));
#9206 = FILL_AREA_STYLE_COLOUR('',#9076);
#9207 = CURVE_STYLE('',#9208,POSITIVE_LENGTH_MEASURE(0.1),#9076);
#9208 = DRAUGHTING_PRE_DEFINED_CURVE_FONT('continuous');
#9209 = MECHANICAL_DESIGN_GEOMETRIC_PRESENTATION_REPRESENTATION('',(
    #9210),#7502);
#9210 = STYLED_ITEM('color',(#9211),#7238);
#9211 = PRESENTATION_STYLE_ASSIGNMENT((#9212,#9217));
#9212 = SURFACE_STYLE_USAGE(.BOTH.,#9213);
#9213 = SURFACE_SIDE_STYLE('',(#9214));
#9214 = SURFACE_STYLE_FILL_AREA(#9215);
#9215 = FILL_AREA_STYLE('',(#9216));
#9216 = FILL_AREA_STYLE_COLOUR('',#9076);
#9217 = CURVE_STYLE('',#9218,POSITIVE_LENGTH_MEASURE(0.1),#9076);
#9218 = DRAUGHTING_PRE_DEFINED_CURVE_FONT('continuous');
#9219 = MECHANICAL_DESIGN_GEOMETRIC_PRESENTATION_REPRESENTATION('',(
    #9220),#1041);
#9220 = STYLED_ITEM('color',(#9221),#972);
#9221 = PRESENTATION_STYLE_ASSIGNMENT((#9222,#9227));
#9222 = SURFACE_STYLE_USAGE(.BOTH.,#9223);
#9223 = SURFACE_SIDE_STYLE('',(#9224));
#9224 = SURFACE_STYLE_FILL_AREA(#9225);
#9225 = FILL_AREA_STYLE('',(#9226));
#9226 = FILL_AREA_STYLE_COLOUR('',#9076);
#9227 = CURVE_STYLE('',#9228,POSITIVE_LENGTH_MEASURE(0.1),#9076);
#9228 = DRAUGHTING_PRE_DEFINED_CURVE_FONT('continuous');
#9229 = MECHANICAL_DESIGN_GEOMETRIC_PRESENTATION_REPRESENTATION('',(
    #9230),#8366);
#9230 = STYLED_ITEM('color',(#9231),#8251);
#9231 = PRESENTATION_STYLE_ASSIGNMENT((#9232,#9237));
#9232 = SURFACE_STYLE_USAGE(.BOTH.,#9233);
#9233 = SURFACE_SIDE_STYLE('',(#9234));
#9234 = SURFACE_STYLE_FILL_AREA(#9235);
#9235 = FILL_AREA_STYLE('',(#9236));
#9236 = FILL_AREA_STYLE_COLOUR('',#9076);
#9237 = CURVE_STYLE('',#9238,POSITIVE_LENGTH_MEASURE(0.1),#9076);
#9238 = DRAUGHTING_PRE_DEFINED_CURVE_FONT('continuous');
#9239 = MECHANICAL_DESIGN_GEOMETRIC_PRESENTATION_REPRESENTATION('',(
    #9240),#1854);
#9240 = STYLED_ITEM('color',(#9241),#1785);
#9241 = PRESENTATION_STYLE_ASSIGNMENT((#9242,#9247));
#9242 = SURFACE_STYLE_USAGE(.BOTH.,#9243);
#9243 = SURFACE_SIDE_STYLE('',(#9244));
#9244 = SURFACE_STYLE_FILL_AREA(#9245);
#9245 = FILL_AREA_STYLE('',(#9246));
#9246 = FILL_AREA_STYLE_COLOUR('',#9076);
#9247 = CURVE_STYLE('',#9248,POSITIVE_LENGTH_MEASURE(0.1),#9076);
#9248 = DRAUGHTING_PRE_DEFINED_CURVE_FONT('continuous');
#9249 = MECHANICAL_DESIGN_GEOMETRIC_PRESENTATION_REPRESENTATION('',(
    #9250),#5656);
#9250 = STYLED_ITEM('color',(#9251),#5460);
#9251 = PRESENTATION_STYLE_ASSIGNMENT((#9252,#9257));
#9252 = SURFACE_STYLE_USAGE(.BOTH.,#9253);
#9253 = SURFACE_SIDE_STYLE('',(#9254));
#9254 = SURFACE_STYLE_FILL_AREA(#9255);
#9255 = FILL_AREA_STYLE('',(#9256));
#9256 = FILL_AREA_STYLE_COLOUR('',#9076);
#9257 = CURVE_STYLE('',#9258,POSITIVE_LENGTH_MEASURE(0.1),#9076);
#9258 = DRAUGHTING_PRE_DEFINED_CURVE_FONT('continuous');
#9259 = MECHANICAL_DESIGN_GEOMETRIC_PRESENTATION_REPRESENTATION('',(
    #9260),#1413);
#9260 = STYLED_ITEM('color',(#9261),#1328);
#9261 = PRESENTATION_STYLE_ASSIGNMENT((#9262,#9267));
#9262 = SURFACE_STYLE_USAGE(.BOTH.,#9263);
#9263 = SURFACE_SIDE_STYLE('',(#9264));
#9264 = SURFACE_STYLE_FILL_AREA(#9265);
#9265 = FILL_AREA_STYLE('',(#9266));
#9266 = FILL_AREA_STYLE_COLOUR('',#9076);
#9267 = CURVE_STYLE('',#9268,POSITIVE_LENGTH_MEASURE(0.1),#9076);
#9268 = DRAUGHTING_PRE_DEFINED_CURVE_FONT('continuous');
#9269 = MECHANICAL_DESIGN_GEOMETRIC_PRESENTATION_REPRESENTATION('',(
    #9270),#95);
#9270 = STYLED_ITEM('color',(#9271),#17);
#9271 = PRESENTATION_STYLE_ASSIGNMENT((#9272,#9277));
#9272 = SURFACE_STYLE_USAGE(.BOTH.,#9273);
#9273 = SURFACE_SIDE_STYLE('',(#9274));
#9274 = SURFACE_STYLE_FILL_AREA(#9275);
#9275 = FILL_AREA_STYLE('',(#9276));
#9276 = FILL_AREA_STYLE_COLOUR('',#9076);
#9277 = CURVE_STYLE('',#9278,POSITIVE_LENGTH_MEASURE(0.1),#9076);
#9278 = DRAUGHTING_PRE_DEFINED_CURVE_FONT('continuous');
#9279 = MECHANICAL_DESIGN_GEOMETRIC_PRESENTATION_REPRESENTATION('',(
    #9280),#7222);
#9280 = STYLED_ITEM('color',(#9281),#7092);
#9281 = PRESENTATION_STYLE_ASSIGNMENT((#9282,#9287));
#9282 = SURFACE_STYLE_USAGE(.BOTH.,#9283);
#9283 = SURFACE_SIDE_STYLE('',(#9284));
#9284 = SURFACE_STYLE_FILL_AREA(#9285);
#9285 = FILL_AREA_STYLE('',(#9286));
#9286 = FILL_AREA_STYLE_COLOUR('',#9076);
#9287 = CURVE_STYLE('',#9288,POSITIVE_LENGTH_MEASURE(0.1),#9076);
#9288 = DRAUGHTING_PRE_DEFINED_CURVE_FONT('continuous');
#9289 = MECHANICAL_DESIGN_GEOMETRIC_PRESENTATION_REPRESENTATION('',(
    #9290),#5978);
#9290 = STYLED_ITEM('color',(#9291),#5756);
#9291 = PRESENTATION_STYLE_ASSIGNMENT((#9292,#9297));
#9292 = SURFACE_STYLE_USAGE(.BOTH.,#9293);
#9293 = SURFACE_SIDE_STYLE('',(#9294));
#9294 = SURFACE_STYLE_FILL_AREA(#9295);
#9295 = FILL_AREA_STYLE('',(#9296));
#9296 = FILL_AREA_STYLE_COLOUR('',#9076);
#9297 = CURVE_STYLE('',#9298,POSITIVE_LENGTH_MEASURE(0.1),#9076);
#9298 = DRAUGHTING_PRE_DEFINED_CURVE_FONT('continuous');
#9299 = MECHANICAL_DESIGN_GEOMETRIC_PRESENTATION_REPRESENTATION('',(
    #9300),#1498);
#9300 = STYLED_ITEM('color',(#9301),#1429);
#9301 = PRESENTATION_STYLE_ASSIGNMENT((#9302,#9307));
#9302 = SURFACE_STYLE_USAGE(.BOTH.,#9303);
#9303 = SURFACE_SIDE_STYLE('',(#9304));
#9304 = SURFACE_STYLE_FILL_AREA(#9305);
#9305 = FILL_AREA_STYLE('',(#9306));
#9306 = FILL_AREA_STYLE_COLOUR('',#9076);
#9307 = CURVE_STYLE('',#9308,POSITIVE_LENGTH_MEASURE(0.1),#9076);
#9308 = DRAUGHTING_PRE_DEFINED_CURVE_FONT('continuous');
#9309 = MECHANICAL_DESIGN_GEOMETRIC_PRESENTATION_REPRESENTATION('',(
    #9310),#2396);
#9310 = STYLED_ITEM('color',(#9311),#2327);
#9311 = PRESENTATION_STYLE_ASSIGNMENT((#9312,#9317));
#9312 = SURFACE_STYLE_USAGE(.BOTH.,#9313);
#9313 = SURFACE_SIDE_STYLE('',(#9314));
#9314 = SURFACE_STYLE_FILL_AREA(#9315);
#9315 = FILL_AREA_STYLE('',(#9316));
#9316 = FILL_AREA_STYLE_COLOUR('',#9076);
#9317 = CURVE_STYLE('',#9318,POSITIVE_LENGTH_MEASURE(0.1),#9076);
#9318 = DRAUGHTING_PRE_DEFINED_CURVE_FONT('continuous');
#9319 = MECHANICAL_DESIGN_GEOMETRIC_PRESENTATION_REPRESENTATION('',(
    #9320),#5009);
#9320 = STYLED_ITEM('color',(#9321),#4941);
#9321 = PRESENTATION_STYLE_ASSIGNMENT((#9322,#9327));
#9322 = SURFACE_STYLE_USAGE(.BOTH.,#9323);
#9323 = SURFACE_SIDE_STYLE('',(#9324));
#9324 = SURFACE_STYLE_FILL_AREA(#9325);
#9325 = FILL_AREA_STYLE('',(#9326));
#9326 = FILL_AREA_STYLE_COLOUR('',#9076);
#9327 = CURVE_STYLE('',#9328,POSITIVE_LENGTH_MEASURE(0.1),#9076);
#9328 = DRAUGHTING_PRE_DEFINED_CURVE_FONT('continuous');
#9329 = MECHANICAL_DESIGN_GEOMETRIC_PRESENTATION_REPRESENTATION('',(
    #9330),#1142);
#9330 = STYLED_ITEM('color',(#9331),#1057);
#9331 = PRESENTATION_STYLE_ASSIGNMENT((#9332,#9337));
#9332 = SURFACE_STYLE_USAGE(.BOTH.,#9333);
#9333 = SURFACE_SIDE_STYLE('',(#9334));
#9334 = SURFACE_STYLE_FILL_AREA(#9335);
#9335 = FILL_AREA_STYLE('',(#9336));
#9336 = FILL_AREA_STYLE_COLOUR('',#9076);
#9337 = CURVE_STYLE('',#9338,POSITIVE_LENGTH_MEASURE(0.1),#9076);
#9338 = DRAUGHTING_PRE_DEFINED_CURVE_FONT('continuous');
#9339 = MECHANICAL_DESIGN_GEOMETRIC_PRESENTATION_REPRESENTATION('',(
    #9340),#871);
#9340 = STYLED_ITEM('color',(#9341),#786);
#9341 = PRESENTATION_STYLE_ASSIGNMENT((#9342,#9347));
#9342 = SURFACE_STYLE_USAGE(.BOTH.,#9343);
#9343 = SURFACE_SIDE_STYLE('',(#9344));
#9344 = SURFACE_STYLE_FILL_AREA(#9345);
#9345 = FILL_AREA_STYLE('',(#9346));
#9346 = FILL_AREA_STYLE_COLOUR('',#9076);
#9347 = CURVE_STYLE('',#9348,POSITIVE_LENGTH_MEASURE(0.1),#9076);
#9348 = DRAUGHTING_PRE_DEFINED_CURVE_FONT('continuous');
#9349 = MECHANICAL_DESIGN_GEOMETRIC_PRESENTATION_REPRESENTATION('',(
    #9350),#5740);
#9350 = STYLED_ITEM('color',(#9351),#5672);
#9351 = PRESENTATION_STYLE_ASSIGNMENT((#9352,#9357));
#9352 = SURFACE_STYLE_USAGE(.BOTH.,#9353);
#9353 = SURFACE_SIDE_STYLE('',(#9354));
#9354 = SURFACE_STYLE_FILL_AREA(#9355);
#9355 = FILL_AREA_STYLE('',(#9356));
#9356 = FILL_AREA_STYLE_COLOUR('',#9076);
#9357 = CURVE_STYLE('',#9358,POSITIVE_LENGTH_MEASURE(0.1),#9076);
#9358 = DRAUGHTING_PRE_DEFINED_CURVE_FONT('continuous');
#9359 = MECHANICAL_DESIGN_GEOMETRIC_PRESENTATION_REPRESENTATION('',(
    #9360),#4095);
#9360 = STYLED_ITEM('color',(#9361),#4022);
#9361 = PRESENTATION_STYLE_ASSIGNMENT((#9362,#9367));
#9362 = SURFACE_STYLE_USAGE(.BOTH.,#9363);
#9363 = SURFACE_SIDE_STYLE('',(#9364));
#9364 = SURFACE_STYLE_FILL_AREA(#9365);
#9365 = FILL_AREA_STYLE('',(#9366));
#9366 = FILL_AREA_STYLE_COLOUR('',#9076);
#9367 = CURVE_STYLE('',#9368,POSITIVE_LENGTH_MEASURE(0.1),#9076);
#9368 = DRAUGHTING_PRE_DEFINED_CURVE_FONT('continuous');
#9369 = MECHANICAL_DESIGN_GEOMETRIC_PRESENTATION_REPRESENTATION('',(
    #9370),#600);
#9370 = STYLED_ITEM('color',(#9371),#511);
#9371 = PRESENTATION_STYLE_ASSIGNMENT((#9372,#9377));
#9372 = SURFACE_STYLE_USAGE(.BOTH.,#9373);
#9373 = SURFACE_SIDE_STYLE('',(#9374));
#9374 = SURFACE_STYLE_FILL_AREA(#9375);
#9375 = FILL_AREA_STYLE('',(#9376));
#9376 = FILL_AREA_STYLE_COLOUR('',#9076);
#9377 = CURVE_STYLE('',#9378,POSITIVE_LENGTH_MEASURE(0.1),#9076);
#9378 = DRAUGHTING_PRE_DEFINED_CURVE_FONT('continuous');
#9379 = MECHANICAL_DESIGN_GEOMETRIC_PRESENTATION_REPRESENTATION('',(
    #9380),#685);
#9380 = STYLED_ITEM('color',(#9381),#616);
#9381 = PRESENTATION_STYLE_ASSIGNMENT((#9382,#9387));
#9382 = SURFACE_STYLE_USAGE(.BOTH.,#9383);
#9383 = SURFACE_SIDE_STYLE('',(#9384));
#9384 = SURFACE_STYLE_FILL_AREA(#9385);
#9385 = FILL_AREA_STYLE('',(#9386));
#9386 = FILL_AREA_STYLE_COLOUR('',#9076);
#9387 = CURVE_STYLE('',#9388,POSITIVE_LENGTH_MEASURE(0.1),#9076);
#9388 = DRAUGHTING_PRE_DEFINED_CURVE_FONT('continuous');
#9389 = MECHANICAL_DESIGN_GEOMETRIC_PRESENTATION_REPRESENTATION('',(
    #9390),#2768);
#9390 = STYLED_ITEM('color',(#9391),#2683);
#9391 = PRESENTATION_STYLE_ASSIGNMENT((#9392,#9397));
#9392 = SURFACE_STYLE_USAGE(.BOTH.,#9393);
#9393 = SURFACE_SIDE_STYLE('',(#9394));
#9394 = SURFACE_STYLE_FILL_AREA(#9395);
#9395 = FILL_AREA_STYLE('',(#9396));
#9396 = FILL_AREA_STYLE_COLOUR('',#9076);
#9397 = CURVE_STYLE('',#9398,POSITIVE_LENGTH_MEASURE(0.1),#9076);
#9398 = DRAUGHTING_PRE_DEFINED_CURVE_FONT('continuous');
#9399 = MECHANICAL_DESIGN_GEOMETRIC_PRESENTATION_REPRESENTATION('',(
    #9400),#8706);
#9400 = STYLED_ITEM('color',(#9401),#8607);
#9401 = PRESENTATION_STYLE_ASSIGNMENT((#9402,#9407));
#9402 = SURFACE_STYLE_USAGE(.BOTH.,#9403);
#9403 = SURFACE_SIDE_STYLE('',(#9404));
#9404 = SURFACE_STYLE_FILL_AREA(#9405);
#9405 = FILL_AREA_STYLE('',(#9406));
#9406 = FILL_AREA_STYLE_COLOUR('',#9076);
#9407 = CURVE_STYLE('',#9408,POSITIVE_LENGTH_MEASURE(0.1),#9076);
#9408 = DRAUGHTING_PRE_DEFINED_CURVE_FONT('continuous');
#9409 = MECHANICAL_DESIGN_GEOMETRIC_PRESENTATION_REPRESENTATION('',(
    #9410),#3124);
#9410 = STYLED_ITEM('color',(#9411),#3051);
#9411 = PRESENTATION_STYLE_ASSIGNMENT((#9412,#9417));
#9412 = SURFACE_STYLE_USAGE(.BOTH.,#9413);
#9413 = SURFACE_SIDE_STYLE('',(#9414));
#9414 = SURFACE_STYLE_FILL_AREA(#9415);
#9415 = FILL_AREA_STYLE('',(#9416));
#9416 = FILL_AREA_STYLE_COLOUR('',#9076);
#9417 = CURVE_STYLE('',#9418,POSITIVE_LENGTH_MEASURE(0.1),#9076);
#9418 = DRAUGHTING_PRE_DEFINED_CURVE_FONT('continuous');
#9419 = MECHANICAL_DESIGN_GEOMETRIC_PRESENTATION_REPRESENTATION('',(
    #9420),#8837);
#9420 = STYLED_ITEM('color',(#9421),#8722);
#9421 = PRESENTATION_STYLE_ASSIGNMENT((#9422,#9427));
#9422 = SURFACE_STYLE_USAGE(.BOTH.,#9423);
#9423 = SURFACE_SIDE_STYLE('',(#9424));
#9424 = SURFACE_STYLE_FILL_AREA(#9425);
#9425 = FILL_AREA_STYLE('',(#9426));
#9426 = FILL_AREA_STYLE_COLOUR('',#9076);
#9427 = CURVE_STYLE('',#9428,POSITIVE_LENGTH_MEASURE(0.1),#9076);
#9428 = DRAUGHTING_PRE_DEFINED_CURVE_FONT('continuous');
#9429 = MECHANICAL_DESIGN_GEOMETRIC_PRESENTATION_REPRESENTATION('',(
    #9430),#2582);
#9430 = STYLED_ITEM('color',(#9431),#2513);
#9431 = PRESENTATION_STYLE_ASSIGNMENT((#9432,#9437));
#9432 = SURFACE_STYLE_USAGE(.BOTH.,#9433);
#9433 = SURFACE_SIDE_STYLE('',(#9434));
#9434 = SURFACE_STYLE_FILL_AREA(#9435);
#9435 = FILL_AREA_STYLE('',(#9436));
#9436 = FILL_AREA_STYLE_COLOUR('',#9076);
#9437 = CURVE_STYLE('',#9438,POSITIVE_LENGTH_MEASURE(0.1),#9076);
#9438 = DRAUGHTING_PRE_DEFINED_CURVE_FONT('continuous');
#9439 = MECHANICAL_DESIGN_GEOMETRIC_PRESENTATION_REPRESENTATION('',(
    #9440),#4925);
#9440 = STYLED_ITEM('color',(#9441),#4198);
#9441 = PRESENTATION_STYLE_ASSIGNMENT((#9442,#9447));
#9442 = SURFACE_STYLE_USAGE(.BOTH.,#9443);
#9443 = SURFACE_SIDE_STYLE('',(#9444));
#9444 = SURFACE_STYLE_FILL_AREA(#9445);
#9445 = FILL_AREA_STYLE('',(#9446));
#9446 = FILL_AREA_STYLE_COLOUR('',#9076);
#9447 = CURVE_STYLE('',#9448,POSITIVE_LENGTH_MEASURE(0.1),#9076);
#9448 = DRAUGHTING_PRE_DEFINED_CURVE_FONT('continuous');
#9449 = MECHANICAL_DESIGN_GEOMETRIC_PRESENTATION_REPRESENTATION('',(
    #9450),#4184);
#9450 = STYLED_ITEM('color',(#9451),#4111);
#9451 = PRESENTATION_STYLE_ASSIGNMENT((#9452,#9457));
#9452 = SURFACE_STYLE_USAGE(.BOTH.,#9453);
#9453 = SURFACE_SIDE_STYLE('',(#9454));
#9454 = SURFACE_STYLE_FILL_AREA(#9455);
#9455 = FILL_AREA_STYLE('',(#9456));
#9456 = FILL_AREA_STYLE_COLOUR('',#9076);
#9457 = CURVE_STYLE('',#9458,POSITIVE_LENGTH_MEASURE(0.1),#9076);
#9458 = DRAUGHTING_PRE_DEFINED_CURVE_FONT('continuous');
#9459 = MECHANICAL_DESIGN_GEOMETRIC_PRESENTATION_REPRESENTATION('',(
    #9460),#2857);
#9460 = STYLED_ITEM('color',(#9461),#2784);
#9461 = PRESENTATION_STYLE_ASSIGNMENT((#9462,#9467));
#9462 = SURFACE_STYLE_USAGE(.BOTH.,#9463);
#9463 = SURFACE_SIDE_STYLE('',(#9464));
#9464 = SURFACE_STYLE_FILL_AREA(#9465);
#9465 = FILL_AREA_STYLE('',(#9466));
#9466 = FILL_AREA_STYLE_COLOUR('',#9076);
#9467 = CURVE_STYLE('',#9468,POSITIVE_LENGTH_MEASURE(0.1),#9076);
#9468 = DRAUGHTING_PRE_DEFINED_CURVE_FONT('continuous');
#9469 = MECHANICAL_DESIGN_GEOMETRIC_PRESENTATION_REPRESENTATION('',(
    #9470),#2311);
#9470 = STYLED_ITEM('color',(#9471),#2242);
#9471 = PRESENTATION_STYLE_ASSIGNMENT((#9472,#9477));
#9472 = SURFACE_STYLE_USAGE(.BOTH.,#9473);
#9473 = SURFACE_SIDE_STYLE('',(#9474));
#9474 = SURFACE_STYLE_FILL_AREA(#9475);
#9475 = FILL_AREA_STYLE('',(#9476));
#9476 = FILL_AREA_STYLE_COLOUR('',#9076);
#9477 = CURVE_STYLE('',#9478,POSITIVE_LENGTH_MEASURE(0.1),#9076);
#9478 = DRAUGHTING_PRE_DEFINED_CURVE_FONT('continuous');
#9479 = MECHANICAL_DESIGN_GEOMETRIC_PRESENTATION_REPRESENTATION('',(
    #9480),#5093);
#9480 = STYLED_ITEM('color',(#9481),#5025);
#9481 = PRESENTATION_STYLE_ASSIGNMENT((#9482,#9487));
#9482 = SURFACE_STYLE_USAGE(.BOTH.,#9483);
#9483 = SURFACE_SIDE_STYLE('',(#9484));
#9484 = SURFACE_STYLE_FILL_AREA(#9485);
#9485 = FILL_AREA_STYLE('',(#9486));
#9486 = FILL_AREA_STYLE_COLOUR('',#9076);
#9487 = CURVE_STYLE('',#9488,POSITIVE_LENGTH_MEASURE(0.1),#9076);
#9488 = DRAUGHTING_PRE_DEFINED_CURVE_FONT('continuous');
#9489 = MECHANICAL_DESIGN_GEOMETRIC_PRESENTATION_REPRESENTATION('',(
    #9490),#2946);
#9490 = STYLED_ITEM('color',(#9491),#2873);
#9491 = PRESENTATION_STYLE_ASSIGNMENT((#9492,#9497));
#9492 = SURFACE_STYLE_USAGE(.BOTH.,#9493);
#9493 = SURFACE_SIDE_STYLE('',(#9494));
#9494 = SURFACE_STYLE_FILL_AREA(#9495);
#9495 = FILL_AREA_STYLE('',(#9496));
#9496 = FILL_AREA_STYLE_COLOUR('',#9076);
#9497 = CURVE_STYLE('',#9498,POSITIVE_LENGTH_MEASURE(0.1),#9076);
#9498 = DRAUGHTING_PRE_DEFINED_CURVE_FONT('continuous');
#9499 = MECHANICAL_DESIGN_GEOMETRIC_PRESENTATION_REPRESENTATION('',(
    #9500),#495);
#9500 = STYLED_ITEM('color',(#9501),#358);
#9501 = PRESENTATION_STYLE_ASSIGNMENT((#9502,#9507));
#9502 = SURFACE_STYLE_USAGE(.BOTH.,#9503);
#9503 = SURFACE_SIDE_STYLE('',(#9504));
#9504 = SURFACE_STYLE_FILL_AREA(#9505);
#9505 = FILL_AREA_STYLE('',(#9506));
#9506 = FILL_AREA_STYLE_COLOUR('',#9076);
#9507 = CURVE_STYLE('',#9508,POSITIVE_LENGTH_MEASURE(0.1),#9076);
#9508 = DRAUGHTING_PRE_DEFINED_CURVE_FONT('continuous');
#9509 = MECHANICAL_DESIGN_GEOMETRIC_PRESENTATION_REPRESENTATION('',(
    #9510),#6305);
#9510 = STYLED_ITEM('color',(#9511),#6232);
#9511 = PRESENTATION_STYLE_ASSIGNMENT((#9512,#9517));
#9512 = SURFACE_STYLE_USAGE(.BOTH.,#9513);
#9513 = SURFACE_SIDE_STYLE('',(#9514));
#9514 = SURFACE_STYLE_FILL_AREA(#9515);
#9515 = FILL_AREA_STYLE('',(#9516));
#9516 = FILL_AREA_STYLE_COLOUR('',#9076);
#9517 = CURVE_STYLE('',#9518,POSITIVE_LENGTH_MEASURE(0.1),#9076);
#9518 = DRAUGHTING_PRE_DEFINED_CURVE_FONT('continuous');
#9519 = MECHANICAL_DESIGN_GEOMETRIC_PRESENTATION_REPRESENTATION('',(
    #9520),#8460);
#9520 = STYLED_ITEM('color',(#9521),#8382);
#9521 = PRESENTATION_STYLE_ASSIGNMENT((#9522,#9527));
#9522 = SURFACE_STYLE_USAGE(.BOTH.,#9523);
#9523 = SURFACE_SIDE_STYLE('',(#9524));
#9524 = SURFACE_STYLE_FILL_AREA(#9525);
#9525 = FILL_AREA_STYLE('',(#9526));
#9526 = FILL_AREA_STYLE_COLOUR('',#9076);
#9527 = CURVE_STYLE('',#9528,POSITIVE_LENGTH_MEASURE(0.1),#9076);
#9528 = DRAUGHTING_PRE_DEFINED_CURVE_FONT('continuous');
#9529 = MECHANICAL_DESIGN_GEOMETRIC_PRESENTATION_REPRESENTATION('',(
    #9530),#5444);
#9530 = STYLED_ITEM('color',(#9531),#5361);
#9531 = PRESENTATION_STYLE_ASSIGNMENT((#9532,#9537));
#9532 = SURFACE_STYLE_USAGE(.BOTH.,#9533);
#9533 = SURFACE_SIDE_STYLE('',(#9534));
#9534 = SURFACE_STYLE_FILL_AREA(#9535);
#9535 = FILL_AREA_STYLE('',(#9536));
#9536 = FILL_AREA_STYLE_COLOUR('',#9076);
#9537 = CURVE_STYLE('',#9538,POSITIVE_LENGTH_MEASURE(0.1),#9076);
#9538 = DRAUGHTING_PRE_DEFINED_CURVE_FONT('continuous');
#9539 = MECHANICAL_DESIGN_GEOMETRIC_PRESENTATION_REPRESENTATION('',(
    #9540),#2226);
#9540 = STYLED_ITEM('color',(#9541),#2141);
#9541 = PRESENTATION_STYLE_ASSIGNMENT((#9542,#9547));
#9542 = SURFACE_STYLE_USAGE(.BOTH.,#9543);
#9543 = SURFACE_SIDE_STYLE('',(#9544));
#9544 = SURFACE_STYLE_FILL_AREA(#9545);
#9545 = FILL_AREA_STYLE('',(#9546));
#9546 = FILL_AREA_STYLE_COLOUR('',#9076);
#9547 = CURVE_STYLE('',#9548,POSITIVE_LENGTH_MEASURE(0.1),#9076);
#9548 = DRAUGHTING_PRE_DEFINED_CURVE_FONT('continuous');
#9549 = MECHANICAL_DESIGN_GEOMETRIC_PRESENTATION_REPRESENTATION('',(
    #9550),#4006);
#9550 = STYLED_ITEM('color',(#9551),#3318);
#9551 = PRESENTATION_STYLE_ASSIGNMENT((#9552,#9557));
#9552 = SURFACE_STYLE_USAGE(.BOTH.,#9553);
#9553 = SURFACE_SIDE_STYLE('',(#9554));
#9554 = SURFACE_STYLE_FILL_AREA(#9555);
#9555 = FILL_AREA_STYLE('',(#9556));
#9556 = FILL_AREA_STYLE_COLOUR('',#9076);
#9557 = CURVE_STYLE('',#9558,POSITIVE_LENGTH_MEASURE(0.1),#9076);
#9558 = DRAUGHTING_PRE_DEFINED_CURVE_FONT('continuous');
#9559 = MECHANICAL_DESIGN_GEOMETRIC_PRESENTATION_REPRESENTATION('',(
    #9560),#7782);
#9560 = STYLED_ITEM('color',(#9561),#7518);
#9561 = PRESENTATION_STYLE_ASSIGNMENT((#9562,#9567));
#9562 = SURFACE_STYLE_USAGE(.BOTH.,#9563);
#9563 = SURFACE_SIDE_STYLE('',(#9564));
#9564 = SURFACE_STYLE_FILL_AREA(#9565);
#9565 = FILL_AREA_STYLE('',(#9566));
#9566 = FILL_AREA_STYLE_COLOUR('',#9076);
#9567 = CURVE_STYLE('',#9568,POSITIVE_LENGTH_MEASURE(0.1),#9076);
#9568 = DRAUGHTING_PRE_DEFINED_CURVE_FONT('continuous');
#9569 = MECHANICAL_DESIGN_GEOMETRIC_PRESENTATION_REPRESENTATION('',(
    #9570),#7951);
#9570 = STYLED_ITEM('color',(#9571),#7798);
#9571 = PRESENTATION_STYLE_ASSIGNMENT((#9572,#9577));
#9572 = SURFACE_STYLE_USAGE(.BOTH.,#9573);
#9573 = SURFACE_SIDE_STYLE('',(#9574));
#9574 = SURFACE_STYLE_FILL_AREA(#9575);
#9575 = FILL_AREA_STYLE('',(#9576));
#9576 = FILL_AREA_STYLE_COLOUR('',#9076);
#9577 = CURVE_STYLE('',#9578,POSITIVE_LENGTH_MEASURE(0.1),#9076);
#9578 = DRAUGHTING_PRE_DEFINED_CURVE_FONT('continuous');
#9579 = MECHANICAL_DESIGN_GEOMETRIC_PRESENTATION_REPRESENTATION('',(
    #9580),#2125);
#9580 = STYLED_ITEM('color',(#9581),#2056);
#9581 = PRESENTATION_STYLE_ASSIGNMENT((#9582,#9587));
#9582 = SURFACE_STYLE_USAGE(.BOTH.,#9583);
#9583 = SURFACE_SIDE_STYLE('',(#9584));
#9584 = SURFACE_STYLE_FILL_AREA(#9585);
#9585 = FILL_AREA_STYLE('',(#9586));
#9586 = FILL_AREA_STYLE_COLOUR('',#9076);
#9587 = CURVE_STYLE('',#9588,POSITIVE_LENGTH_MEASURE(0.1),#9076);
#9588 = DRAUGHTING_PRE_DEFINED_CURVE_FONT('continuous');
#9589 = MECHANICAL_DESIGN_GEOMETRIC_PRESENTATION_REPRESENTATION('',(
    #9590),#342);
#9590 = STYLED_ITEM('color',(#9591),#205);
#9591 = PRESENTATION_STYLE_ASSIGNMENT((#9592,#9597));
#9592 = SURFACE_STYLE_USAGE(.BOTH.,#9593);
#9593 = SURFACE_SIDE_STYLE('',(#9594));
#9594 = SURFACE_STYLE_FILL_AREA(#9595);
#9595 = FILL_AREA_STYLE('',(#9596));
#9596 = FILL_AREA_STYLE_COLOUR('',#9076);
#9597 = CURVE_STYLE('',#9598,POSITIVE_LENGTH_MEASURE(0.1),#9076);
#9598 = DRAUGHTING_PRE_DEFINED_CURVE_FONT('continuous');
#9599 = MECHANICAL_DESIGN_GEOMETRIC_PRESENTATION_REPRESENTATION('',(
    #9600),#770);
#9600 = STYLED_ITEM('color',(#9601),#701);
#9601 = PRESENTATION_STYLE_ASSIGNMENT((#9602,#9607));
#9602 = SURFACE_STYLE_USAGE(.BOTH.,#9603);
#9603 = SURFACE_SIDE_STYLE('',(#9604));
#9604 = SURFACE_STYLE_FILL_AREA(#9605);
#9605 = FILL_AREA_STYLE('',(#9606));
#9606 = FILL_AREA_STYLE_COLOUR('',#9076);
#9607 = CURVE_STYLE('',#9608,POSITIVE_LENGTH_MEASURE(0.1),#9076);
#9608 = DRAUGHTING_PRE_DEFINED_CURVE_FONT('continuous');
#9609 = MECHANICAL_DESIGN_GEOMETRIC_PRESENTATION_REPRESENTATION('',(
    #9610),#8591);
#9610 = STYLED_ITEM('color',(#9611),#8476);
#9611 = PRESENTATION_STYLE_ASSIGNMENT((#9612,#9617));
#9612 = SURFACE_STYLE_USAGE(.BOTH.,#9613);
#9613 = SURFACE_SIDE_STYLE('',(#9614));
#9614 = SURFACE_STYLE_FILL_AREA(#9615);
#9615 = FILL_AREA_STYLE('',(#9616));
#9616 = FILL_AREA_STYLE_COLOUR('',#9076);
#9617 = CURVE_STYLE('',#9618,POSITIVE_LENGTH_MEASURE(0.1),#9076);
#9618 = DRAUGHTING_PRE_DEFINED_CURVE_FONT('continuous');
#9619 = MECHANICAL_DESIGN_GEOMETRIC_PRESENTATION_REPRESENTATION('',(
    #9620),#8235);
#9620 = STYLED_ITEM('color',(#9621),#8136);
#9621 = PRESENTATION_STYLE_ASSIGNMENT((#9622,#9627));
#9622 = SURFACE_STYLE_USAGE(.BOTH.,#9623);
#9623 = SURFACE_SIDE_STYLE('',(#9624));
#9624 = SURFACE_STYLE_FILL_AREA(#9625);
#9625 = FILL_AREA_STYLE('',(#9626));
#9626 = FILL_AREA_STYLE_COLOUR('',#9076);
#9627 = CURVE_STYLE('',#9628,POSITIVE_LENGTH_MEASURE(0.1),#9076);
#9628 = DRAUGHTING_PRE_DEFINED_CURVE_FONT('continuous');
#9629 = MECHANICAL_DESIGN_GEOMETRIC_PRESENTATION_REPRESENTATION('',(
    #9630),#3035);
#9630 = STYLED_ITEM('color',(#9631),#2962);
#9631 = PRESENTATION_STYLE_ASSIGNMENT((#9632,#9637));
#9632 = SURFACE_STYLE_USAGE(.BOTH.,#9633);
#9633 = SURFACE_SIDE_STYLE('',(#9634));
#9634 = SURFACE_STYLE_FILL_AREA(#9635);
#9635 = FILL_AREA_STYLE('',(#9636));
#9636 = FILL_AREA_STYLE_COLOUR('',#9076);
#9637 = CURVE_STYLE('',#9638,POSITIVE_LENGTH_MEASURE(0.1),#9076);
#9638 = DRAUGHTING_PRE_DEFINED_CURVE_FONT('continuous');
#9639 = MECHANICAL_DESIGN_GEOMETRIC_PRESENTATION_REPRESENTATION('',(
    #9640),#5345);
#9640 = STYLED_ITEM('color',(#9641),#5277);
#9641 = PRESENTATION_STYLE_ASSIGNMENT((#9642,#9647));
#9642 = SURFACE_STYLE_USAGE(.BOTH.,#9643);
#9643 = SURFACE_SIDE_STYLE('',(#9644));
#9644 = SURFACE_STYLE_FILL_AREA(#9645);
#9645 = FILL_AREA_STYLE('',(#9646));
#9646 = FILL_AREA_STYLE_COLOUR('',#9076);
#9647 = CURVE_STYLE('',#9648,POSITIVE_LENGTH_MEASURE(0.1),#9076);
#9648 = DRAUGHTING_PRE_DEFINED_CURVE_FONT('continuous');
#9649 = MECHANICAL_DESIGN_GEOMETRIC_PRESENTATION_REPRESENTATION('',(
    #9650),#3213);
#9650 = STYLED_ITEM('color',(#9651),#3140);
#9651 = PRESENTATION_STYLE_ASSIGNMENT((#9652,#9657));
#9652 = SURFACE_STYLE_USAGE(.BOTH.,#9653);
#9653 = SURFACE_SIDE_STYLE('',(#9654));
#9654 = SURFACE_STYLE_FILL_AREA(#9655);
#9655 = FILL_AREA_STYLE('',(#9656));
#9656 = FILL_AREA_STYLE_COLOUR('',#9076);
#9657 = CURVE_STYLE('',#9658,POSITIVE_LENGTH_MEASURE(0.1),#9076);
#9658 = DRAUGHTING_PRE_DEFINED_CURVE_FONT('continuous');
#9659 = MECHANICAL_DESIGN_GEOMETRIC_PRESENTATION_REPRESENTATION('',(
    #9660),#2040);
#9660 = STYLED_ITEM('color',(#9661),#1971);
#9661 = PRESENTATION_STYLE_ASSIGNMENT((#9662,#9667));
#9662 = SURFACE_STYLE_USAGE(.BOTH.,#9663);
#9663 = SURFACE_SIDE_STYLE('',(#9664));
#9664 = SURFACE_STYLE_FILL_AREA(#9665);
#9665 = FILL_AREA_STYLE('',(#9666));
#9666 = FILL_AREA_STYLE_COLOUR('',#9076);
#9667 = CURVE_STYLE('',#9668,POSITIVE_LENGTH_MEASURE(0.1),#9076);
#9668 = DRAUGHTING_PRE_DEFINED_CURVE_FONT('continuous');
#9669 = MECHANICAL_DESIGN_GEOMETRIC_PRESENTATION_REPRESENTATION('',(
    #9670),#189);
#9670 = STYLED_ITEM('color',(#9671),#111);
#9671 = PRESENTATION_STYLE_ASSIGNMENT((#9672,#9677));
#9672 = SURFACE_STYLE_USAGE(.BOTH.,#9673);
#9673 = SURFACE_SIDE_STYLE('',(#9674));
#9674 = SURFACE_STYLE_FILL_AREA(#9675);
#9675 = FILL_AREA_STYLE('',(#9676));
#9676 = FILL_AREA_STYLE_COLOUR('',#9076);
#9677 = CURVE_STYLE('',#9678,POSITIVE_LENGTH_MEASURE(0.1),#9076);
#9678 = DRAUGHTING_PRE_DEFINED_CURVE_FONT('continuous');
#9679 = MECHANICAL_DESIGN_GEOMETRIC_PRESENTATION_REPRESENTATION('',(
    #9680),#5177);
#9680 = STYLED_ITEM('color',(#9681),#5109);
#9681 = PRESENTATION_STYLE_ASSIGNMENT((#9682,#9687));
#9682 = SURFACE_STYLE_USAGE(.BOTH.,#9683);
#9683 = SURFACE_SIDE_STYLE('',(#9684));
#9684 = SURFACE_STYLE_FILL_AREA(#9685);
#9685 = FILL_AREA_STYLE('',(#9686));
#9686 = FILL_AREA_STYLE_COLOUR('',#9076);
#9687 = CURVE_STYLE('',#9688,POSITIVE_LENGTH_MEASURE(0.1),#9076);
#9688 = DRAUGHTING_PRE_DEFINED_CURVE_FONT('continuous');
#9689 = MECHANICAL_DESIGN_GEOMETRIC_PRESENTATION_REPRESENTATION('',(
    #9690),#1227);
#9690 = STYLED_ITEM('color',(#9691),#1158);
#9691 = PRESENTATION_STYLE_ASSIGNMENT((#9692,#9697));
#9692 = SURFACE_STYLE_USAGE(.BOTH.,#9693);
#9693 = SURFACE_SIDE_STYLE('',(#9694));
#9694 = SURFACE_STYLE_FILL_AREA(#9695);
#9695 = FILL_AREA_STYLE('',(#9696));
#9696 = FILL_AREA_STYLE_COLOUR('',#9076);
#9697 = CURVE_STYLE('',#9698,POSITIVE_LENGTH_MEASURE(0.1),#9076);
#9698 = DRAUGHTING_PRE_DEFINED_CURVE_FONT('continuous');
#9699 = MECHANICAL_DESIGN_GEOMETRIC_PRESENTATION_REPRESENTATION('',(
    #9700),#5261);
#9700 = STYLED_ITEM('color',(#9701),#5193);
#9701 = PRESENTATION_STYLE_ASSIGNMENT((#9702,#9707));
#9702 = SURFACE_STYLE_USAGE(.BOTH.,#9703);
#9703 = SURFACE_SIDE_STYLE('',(#9704));
#9704 = SURFACE_STYLE_FILL_AREA(#9705);
#9705 = FILL_AREA_STYLE('',(#9706));
#9706 = FILL_AREA_STYLE_COLOUR('',#9076);
#9707 = CURVE_STYLE('',#9708,POSITIVE_LENGTH_MEASURE(0.1),#9076);
#9708 = DRAUGHTING_PRE_DEFINED_CURVE_FONT('continuous');
#9709 = MECHANICAL_DESIGN_GEOMETRIC_PRESENTATION_REPRESENTATION('',(
    #9710),#9062);
#9710 = STYLED_ITEM('color',(#9711),#8947);
#9711 = PRESENTATION_STYLE_ASSIGNMENT((#9712,#9717));
#9712 = SURFACE_STYLE_USAGE(.BOTH.,#9713);
#9713 = SURFACE_SIDE_STYLE('',(#9714));
#9714 = SURFACE_STYLE_FILL_AREA(#9715);
#9715 = FILL_AREA_STYLE('',(#9716));
#9716 = FILL_AREA_STYLE_COLOUR('',#9076);
#9717 = CURVE_STYLE('',#9718,POSITIVE_LENGTH_MEASURE(0.1),#9076);
#9718 = DRAUGHTING_PRE_DEFINED_CURVE_FONT('continuous');
#9719 = MECHANICAL_DESIGN_GEOMETRIC_PRESENTATION_REPRESENTATION('',(
    #9720),#3302);
#9720 = STYLED_ITEM('color',(#9721),#3229);
#9721 = PRESENTATION_STYLE_ASSIGNMENT((#9722,#9727));
#9722 = SURFACE_STYLE_USAGE(.BOTH.,#9723);
#9723 = SURFACE_SIDE_STYLE('',(#9724));
#9724 = SURFACE_STYLE_FILL_AREA(#9725);
#9725 = FILL_AREA_STYLE('',(#9726));
#9726 = FILL_AREA_STYLE_COLOUR('',#9076);
#9727 = CURVE_STYLE('',#9728,POSITIVE_LENGTH_MEASURE(0.1),#9076);
#9728 = DRAUGHTING_PRE_DEFINED_CURVE_FONT('continuous');
ENDSEC;
END-ISO-10303-21;
