ISO-10303-21;
HEADER;
/* Generated by software containing ST-Developer
 * from STEP Tools, Inc. (www.steptools.com) 
 */
/* OPTION: using custom renumber hook */

FILE_DESCRIPTION(
/* description */ ('STEP AP242 Edition 2',
'CAx-IF Rec.Pracs.---Representation and Presentation of Product Manufa
cturing Information (PMI)---4.0---2014-10-13',
'CAx-IF Rec.Pracs.---3D Tessellated Geometry---0.4---2014-09-14','2;1',
'CAx-IF Rec.Pracs.---User Defined Attributes---1.5---2016-08-15'),
/* implementation_level */ '2;1');

FILE_NAME(
/* name */ '6a0d47c8475f2f2abb98e986',
/* time_stamp */ '2026-05-20T05:34:01Z',
/* author */ (''),
/* organization */ (''),
/* preprocessor_version */ 'ST-DEVELOPER v20',
/* originating_system */ 'ONSHAPE BY PTC INC, 1.215',
/* authorisation */ '  ');

FILE_SCHEMA (('AP242_MANAGED_MODEL_BASED_3D_ENGINEERING_MIM_LF { 1 0 10303 442 3 1 4 }'));
ENDSEC;

DATA;
#10=TOROIDAL_SURFACE('',#5041,0.0023730000038,0.000126999999746);
#11=TOROIDAL_SURFACE('',#5062,0.002373000003292,0.000127000000254);
#12=TOROIDAL_SURFACE('',#5083,0.002373000003292,0.000127000000254);
#13=TOROIDAL_SURFACE('',#5089,0.002373000003292,0.000127000000254);
#14=TOROIDAL_SURFACE('',#5110,0.002373000003292,0.000127000000254);
#15=TOROIDAL_SURFACE('',#5116,0.002373000003292,0.000127000000254);
#16=TOROIDAL_SURFACE('',#5137,0.002373000003292,0.000127000000254);
#17=TOROIDAL_SURFACE('',#5143,0.002373000003292,0.000127000000254);
#18=TOROIDAL_SURFACE('',#5164,0.0023730000038,0.000126999999746);
#19=TOROIDAL_SURFACE('',#5170,0.002373000003292,0.000127000000254);
#20=TOROIDAL_SURFACE('',#5191,0.0023730000038,0.000126999999746);
#21=TOROIDAL_SURFACE('',#5197,0.002373000003292,0.000127000000254);
#22=TOROIDAL_SURFACE('',#5218,0.0023730000038,0.000126999999746);
#23=TOROIDAL_SURFACE('',#5232,0.0023730000038,0.000126999999746);
#24=TOROIDAL_SURFACE('',#5247,0.00254,0.000762000000254001);
#25=TOROIDAL_SURFACE('',#5252,0.002540000000508,0.000761999999745999);
#26=(
BOUNDED_SURFACE()
B_SPLINE_SURFACE(3,2,((#7332,#7333,#7334),(#7335,#7336,#7337),(#7338,#7339,
#7340),(#7341,#7342,#7343),(#7344,#7345,#7346),(#7347,#7348,#7349),(#7350,
#7351,#7352)),.UNSPECIFIED.,.F.,.F.,.F.)
B_SPLINE_SURFACE_WITH_KNOTS((4,1,1,1,4),(3,3),(3.14159265325646,3.53429173503852,
3.92699081682057,4.31968989860263,4.71238898038469),(0.,1.),
 .UNSPECIFIED.)
GEOMETRIC_REPRESENTATION_ITEM()
RATIONAL_B_SPLINE_SURFACE(((1.,0.707106781186548,1.),(1.,0.707106791039886,
1.),(1.,0.746571856200389,1.),(1.,0.869029035480195,1.),(1.,0.97346442429679,
1.),(1.,0.999999999117444,1.),(1.,1.,1.)))
REPRESENTATION_ITEM('')
SURFACE()
);
#27=(
BOUNDED_SURFACE()
B_SPLINE_SURFACE(3,2,((#7630,#7631,#7632),(#7633,#7634,#7635),(#7636,#7637,
#7638),(#7639,#7640,#7641),(#7642,#7643,#7644),(#7645,#7646,#7647),(#7648,
#7649,#7650)),.UNSPECIFIED.,.F.,.F.,.F.)
B_SPLINE_SURFACE_WITH_KNOTS((4,1,1,1,4),(3,3),(1.5707963267949,1.96349540849362,
2.35619449019234,2.74889357189107,3.14159265358979),(0.,1.),
 .UNSPECIFIED.)
GEOMETRIC_REPRESENTATION_ITEM()
RATIONAL_B_SPLINE_SURFACE(((1.,1.,1.),(1.,0.999999999117444,1.),(1.,0.973464424308389,
1.),(1.,0.869029035531411,1.),(1.,0.7465718562726,1.),(1.,0.707106791070736,
1.),(1.,0.707106781186548,1.)))
REPRESENTATION_ITEM('')
SURFACE()
);
#28=COLOUR_RGB('',0.796078431372549,0.823529411764706,0.937254901960784);
#29=CONTEXT_DEPENDENT_SHAPE_REPRESENTATION(#33,#8365);
#30=CONTEXT_DEPENDENT_SHAPE_REPRESENTATION(#34,#8367);
#31=NEXT_ASSEMBLY_USAGE_OCCURRENCE('NAUO1','Part 1','Part 1',#8368,#8369,
'');
#32=NEXT_ASSEMBLY_USAGE_OCCURRENCE('NAUO2','Part 2','Part 2',#8368,#8370,
'');
#33=(
REPRESENTATION_RELATIONSHIP(' ',' ',#4883,#4882)
REPRESENTATION_RELATIONSHIP_WITH_TRANSFORMATION(#35)
SHAPE_REPRESENTATION_RELATIONSHIP()
);
#34=(
REPRESENTATION_RELATIONSHIP(' ',' ',#4884,#4882)
REPRESENTATION_RELATIONSHIP_WITH_TRANSFORMATION(#36)
SHAPE_REPRESENTATION_RELATIONSHIP()
);
#35=ITEM_DEFINED_TRANSFORMATION(' ',' ',#4885,#5002);
#36=ITEM_DEFINED_TRANSFORMATION(' ',' ',#4885,#5322);
#37=SHAPE_REPRESENTATION_RELATIONSHIP('','',#4883,#39);
#38=SHAPE_REPRESENTATION_RELATIONSHIP('','',#4884,#40);
#39=ADVANCED_BREP_SHAPE_REPRESENTATION('',(#4877),#8355);
#40=ADVANCED_BREP_SHAPE_REPRESENTATION('',(#4878),#8356);
#41=B_SPLINE_CURVE_WITH_KNOTS('',3,(#6852,#6853,#6854,#6855,#6856,#6857),
 .UNSPECIFIED.,.F.,.F.,(4,1,1,4),(0.,0.00114453212111479,0.00171679818167218,
0.00228906424222957),.UNSPECIFIED.);
#42=B_SPLINE_CURVE_WITH_KNOTS('',3,(#6859,#6860,#6861,#6862,#6863,#6864),
 .UNSPECIFIED.,.F.,.F.,(4,1,1,4),(0.,0.00114487810390475,0.00171731715585713,
0.00228975620780951),.UNSPECIFIED.);
#43=B_SPLINE_CURVE_WITH_KNOTS('',3,(#6866,#6867,#6868,#6869,#6870,#6871),
 .UNSPECIFIED.,.F.,.F.,(4,1,1,4),(0.,0.00057363891405638,0.00114727782811276,
0.00229455565622552),.UNSPECIFIED.);
#44=B_SPLINE_CURVE_WITH_KNOTS('',3,(#6873,#6874,#6875,#6876,#6877,#6878),
 .UNSPECIFIED.,.F.,.F.,(4,1,1,4),(2.19598452289932E-17,0.000573797397334781,
0.00114759479466954,0.00229518958933906),.UNSPECIFIED.);
#45=B_SPLINE_CURVE_WITH_KNOTS('',3,(#6892,#6893,#6894,#6895,#6896,#6897),
 .UNSPECIFIED.,.F.,.F.,(4,1,1,4),(0.,0.000573660346124895,0.00114732069224979,
0.00229464138449958),.UNSPECIFIED.);
#46=B_SPLINE_CURVE_WITH_KNOTS('',3,(#6899,#6900,#6901,#6902,#6903,#6904),
 .UNSPECIFIED.,.F.,.F.,(4,1,1,4),(3.29165075942512E-13,0.000573812988518711,
0.00114762597670826,0.00229525195308735),.UNSPECIFIED.);
#47=B_SPLINE_CURVE_WITH_KNOTS('',3,(#6906,#6907,#6908,#6909,#6910,#6911),
 .UNSPECIFIED.,.F.,.F.,(4,1,1,4),(0.,0.00114439748555304,0.00171659622832957,
0.00228879497110609),.UNSPECIFIED.);
#48=B_SPLINE_CURVE_WITH_KNOTS('',3,(#6913,#6914,#6915,#6916,#6917,#6918),
 .UNSPECIFIED.,.F.,.F.,(4,1,1,4),(0.,0.00114479812708222,0.00171719719062333,
0.00228959625416443),.UNSPECIFIED.);
#49=B_SPLINE_CURVE_WITH_KNOTS('',3,(#6925,#6926,#6927,#6928,#6929,#6930),
 .UNSPECIFIED.,.F.,.F.,(4,1,1,4),(0.,0.00114461346774832,0.00171692020162248,
0.00228922693549664),.UNSPECIFIED.);
#50=B_SPLINE_CURVE_WITH_KNOTS('',3,(#6939,#6940,#6941,#6942,#6943,#6944),
 .UNSPECIFIED.,.F.,.F.,(4,1,1,4),(0.,0.000573660362987926,0.00114732072597585,
0.0022946414519517),.UNSPECIFIED.);
#51=B_SPLINE_CURVE_WITH_KNOTS('',3,(#6946,#6947,#6948,#6949,#6950,#6951),
 .UNSPECIFIED.,.F.,.F.,(4,1,1,4),(2.16840434497101E-19,0.000573880860531936,
0.00114776172106387,0.00229552344212774),.UNSPECIFIED.);
#52=B_SPLINE_CURVE_WITH_KNOTS('',3,(#6953,#6954,#6955,#6956,#6957,#6958),
 .UNSPECIFIED.,.F.,.F.,(4,1,1,4),(0.,0.000573688602794754,0.00114737720558951,
0.00229475441117901),.UNSPECIFIED.);
#53=B_SPLINE_CURVE_WITH_KNOTS('',3,(#6960,#6961,#6962,#6963,#6964,#6965),
 .UNSPECIFIED.,.F.,.F.,(4,1,1,4),(0.,0.0011444041715562,0.0017166062573343,
0.0022888083431124),.UNSPECIFIED.);
#54=B_SPLINE_CURVE_WITH_KNOTS('',3,(#6967,#6968,#6969,#6970,#6971,#6972),
 .UNSPECIFIED.,.F.,.F.,(4,1,1,4),(0.,0.00114467752627701,0.00171701628941552,
0.00228935505255403),.UNSPECIFIED.);
#55=B_SPLINE_CURVE_WITH_KNOTS('',3,(#6979,#6980,#6981,#6982,#6983,#6984),
 .UNSPECIFIED.,.F.,.F.,(4,1,1,4),(0.,0.00114473407402071,0.00171710111103106,
0.00228946814804142),.UNSPECIFIED.);
#56=B_SPLINE_CURVE_WITH_KNOTS('',3,(#6993,#6994,#6995,#6996,#6997,#6998),
 .UNSPECIFIED.,.F.,.F.,(4,1,1,4),(0.,0.000573660360352395,0.00114732072070479,
0.00229464144140958),.UNSPECIFIED.);
#57=B_SPLINE_CURVE_WITH_KNOTS('',3,(#7000,#7001,#7002,#7003,#7004,#7005),
 .UNSPECIFIED.,.F.,.F.,(4,1,1,4),(0.,0.00057387748568089,0.00114775497136178,
0.00229550994272356),.UNSPECIFIED.);
#58=B_SPLINE_CURVE_WITH_KNOTS('',3,(#7007,#7008,#7009,#7010,#7011,#7012),
 .UNSPECIFIED.,.F.,.F.,(4,1,1,4),(2.131774181352E-17,0.000573794912779737,
0.00114758982555945,0.00229517965111888),.UNSPECIFIED.);
#59=B_SPLINE_CURVE_WITH_KNOTS('',3,(#7096,#7097,#7098,#7099,#7100,#7101),
 .UNSPECIFIED.,.F.,.F.,(4,1,1,4),(0.,0.00114483154344003,0.00171724731516005,
0.00228966308688007),.UNSPECIFIED.);
#60=B_SPLINE_CURVE_WITH_KNOTS('',3,(#7109,#7110,#7111,#7112,#7113,#7114),
 .UNSPECIFIED.,.F.,.F.,(4,1,1,4),(0.,0.00114483153320727,0.0017172472998109,
0.00228966306641453),.UNSPECIFIED.);
#61=B_SPLINE_CURVE_WITH_KNOTS('',3,(#7122,#7123,#7124,#7125,#7126,#7127),
 .UNSPECIFIED.,.F.,.F.,(4,1,1,4),(0.,0.00114483154638593,0.00171724731957889,
0.00228966309277186),.UNSPECIFIED.);
#62=B_SPLINE_CURVE_WITH_KNOTS('',3,(#7172,#7173,#7174,#7175,#7176,#7177),
 .UNSPECIFIED.,.F.,.F.,(4,1,1,4),(0.,0.00114455923797811,0.00171683885696717,
0.00228911847595623),.UNSPECIFIED.);
#63=B_SPLINE_CURVE_WITH_KNOTS('',3,(#7192,#7193,#7194,#7195,#7196,#7197),
 .UNSPECIFIED.,.F.,.F.,(4,1,1,4),(0.,0.00114477533150019,0.00171716299725028,
0.00228955066300038),.UNSPECIFIED.);
#64=B_SPLINE_CURVE_WITH_KNOTS('',3,(#7212,#7213,#7214,#7215,#7216,#7217),
 .UNSPECIFIED.,.F.,.F.,(4,1,1,4),(0.,0.00114456417422516,0.00171684626133775,
0.00228912834845033),.UNSPECIFIED.);
#65=B_SPLINE_CURVE_WITH_KNOTS('',3,(#7247,#7248,#7249,#7250,#7251,#7252),
 .UNSPECIFIED.,.F.,.F.,(4,1,1,4),(0.,0.00114457625233839,0.00171686437850758,
0.00228915250467678),.UNSPECIFIED.);
#66=B_SPLINE_CURVE_WITH_KNOTS('',3,(#7255,#7256,#7257,#7258,#7259,#7260),
 .UNSPECIFIED.,.F.,.F.,(4,1,1,4),(0.,0.00057378882479045,0.0011475776495809,
0.0022951552991618),.UNSPECIFIED.);
#67=B_SPLINE_CURVE_WITH_KNOTS('',3,(#7273,#7274,#7275,#7276,#7277,#7278),
 .UNSPECIFIED.,.F.,.F.,(4,1,1,4),(0.,0.00114439751277196,0.00171659626915795,
0.00228879502554393),.UNSPECIFIED.);
#68=B_SPLINE_CURVE_WITH_KNOTS('',3,(#7280,#7281,#7282,#7283,#7284,#7285),
 .UNSPECIFIED.,.F.,.F.,(4,1,1,4),(3.24997511653648E-13,0.000573880862931861,
0.00114776172553872,0.00229552345075245),.UNSPECIFIED.);
#69=B_SPLINE_CURVE_WITH_KNOTS('',3,(#7289,#7290,#7291,#7292,#7293,#7294),
 .UNSPECIFIED.,.F.,.F.,(4,1,1,4),(0.,0.00114477553792341,0.00171716330688512,
0.00228955107584682),.UNSPECIFIED.);
#70=B_SPLINE_CURVE_WITH_KNOTS('',3,(#7296,#7297,#7298,#7299,#7300,#7301),
 .UNSPECIFIED.,.F.,.F.,(4,1,1,4),(0.,0.000573688507607641,0.00114737701521528,
0.00229475403043056),.UNSPECIFIED.);
#71=B_SPLINE_CURVE_WITH_KNOTS('',3,(#7305,#7306,#7307,#7308,#7309,#7310),
 .UNSPECIFIED.,.F.,.F.,(4,1,1,4),(0.,0.00114461350458158,0.00171692025687237,
0.00228922700916316),.UNSPECIFIED.);
#72=B_SPLINE_CURVE_WITH_KNOTS('',3,(#7312,#7313,#7314,#7315,#7316,#7317),
 .UNSPECIFIED.,.F.,.F.,(4,1,1,4),(0.,0.000573772045163648,0.0011475440903273,
0.00229508818065459),.UNSPECIFIED.);
#73=B_SPLINE_CURVE_WITH_KNOTS('',3,(#7353,#7354,#7355,#7356,#7357,#7358,
#7359,#7360,#7361),.UNSPECIFIED.,.F.,.F.,(4,1,1,1,1,1,4),(0.,0.125,0.25,
0.375,0.5,0.75,1.),.UNSPECIFIED.);
#74=B_SPLINE_CURVE_WITH_KNOTS('',3,(#7364,#7365,#7366,#7367,#7368,#7369,
#7370,#7371,#7372),.UNSPECIFIED.,.F.,.F.,(4,1,1,1,1,1,4),(0.,0.25,0.5,0.625,
0.75,0.875,1.),.UNSPECIFIED.);
#75=B_SPLINE_CURVE_WITH_KNOTS('',3,(#7651,#7652,#7653,#7654,#7655,#7656,
#7657,#7658,#7659),.UNSPECIFIED.,.F.,.F.,(4,1,1,1,1,1,4),(0.,0.25,0.5,0.625,
0.75,0.875,1.),.UNSPECIFIED.);
#76=B_SPLINE_CURVE_WITH_KNOTS('',3,(#7664,#7665,#7666,#7667,#7668,#7669,
#7670,#7671,#7672),.UNSPECIFIED.,.F.,.F.,(4,1,1,1,1,1,4),(0.,0.125,0.25,
0.375,0.5,0.75,1.),.UNSPECIFIED.);
#77=CONICAL_SURFACE('',#4925,0.00139540970574597,0.327778607740839);
#78=CONICAL_SURFACE('',#4926,0.00139540970574597,0.327778607740839);
#79=CONICAL_SURFACE('',#4931,0.00139540970574597,0.327778607740839);
#80=CONICAL_SURFACE('',#4932,0.00139540970574597,0.327778607740839);
#81=CONICAL_SURFACE('',#4937,0.00139540970574597,0.327778607740839);
#82=CONICAL_SURFACE('',#4938,0.00139540970574597,0.327778607740839);
#83=CONICAL_SURFACE('',#4939,0.00139540970625397,0.327778607740839);
#84=CONICAL_SURFACE('',#4944,0.00139540970625397,0.327778607740839);
#85=CONICAL_SURFACE('',#4945,0.00139540970625397,0.327778607740839);
#86=CONICAL_SURFACE('',#4986,0.00139540970625397,0.327778607740839);
#87=CONICAL_SURFACE('',#4990,0.00139540970625397,0.327778607740839);
#88=CONICAL_SURFACE('',#4994,0.00139540970625397,0.327778607740839);
#89=CONICAL_SURFACE('',#4998,0.00139540970574597,0.327778607740839);
#90=CONICAL_SURFACE('',#4999,0.00139540970574597,0.327778607740839);
#91=CONICAL_SURFACE('',#5000,0.00139540970625397,0.327778607740839);
#92=CONICAL_SURFACE('',#5001,0.00139540970625397,0.327778607740839);
#93=CYLINDRICAL_SURFACE('',#4894,0.001400000019654);
#94=CYLINDRICAL_SURFACE('',#4899,0.001400000019654);
#95=CYLINDRICAL_SURFACE('',#4904,0.001400000019146);
#96=CYLINDRICAL_SURFACE('',#4928,0.002500000004054);
#97=CYLINDRICAL_SURFACE('',#4934,0.001499999997454);
#98=CYLINDRICAL_SURFACE('',#4941,0.001499999997454);
#99=CYLINDRICAL_SURFACE('',#4982,0.001499999997454);
#100=CYLINDRICAL_SURFACE('',#4996,0.001400000019146);
#101=CYLINDRICAL_SURFACE('',#5036,0.000762000000254002);
#102=CYLINDRICAL_SURFACE('',#5037,0.000761999999745999);
#103=CYLINDRICAL_SURFACE('',#5039,0.000507999999746);
#104=CYLINDRICAL_SURFACE('',#5046,0.000126999999746);
#105=CYLINDRICAL_SURFACE('',#5048,0.000127000000254);
#106=CYLINDRICAL_SURFACE('',#5053,0.000253999999746001);
#107=CYLINDRICAL_SURFACE('',#5057,0.000254000000253999);
#108=CYLINDRICAL_SURFACE('',#5060,0.002500000003546);
#109=CYLINDRICAL_SURFACE('',#5066,0.000127000000254);
#110=CYLINDRICAL_SURFACE('',#5068,0.000126999999746);
#111=CYLINDRICAL_SURFACE('',#5072,0.000254000000253999);
#112=CYLINDRICAL_SURFACE('',#5076,0.000253999999746001);
#113=CYLINDRICAL_SURFACE('',#5080,0.000127000000254);
#114=CYLINDRICAL_SURFACE('',#5087,0.002500000003546);
#115=CYLINDRICAL_SURFACE('',#5093,0.000127000000254);
#116=CYLINDRICAL_SURFACE('',#5095,0.000254000000253999);
#117=CYLINDRICAL_SURFACE('',#5099,0.000253999999746001);
#118=CYLINDRICAL_SURFACE('',#5105,0.000127000000254);
#119=CYLINDRICAL_SURFACE('',#5107,0.000127000000254);
#120=CYLINDRICAL_SURFACE('',#5114,0.002500000003546);
#121=CYLINDRICAL_SURFACE('',#5120,0.000127000000254);
#122=CYLINDRICAL_SURFACE('',#5122,0.000126999999746);
#123=CYLINDRICAL_SURFACE('',#5126,0.000254000000253999);
#124=CYLINDRICAL_SURFACE('',#5130,0.000253999999746001);
#125=CYLINDRICAL_SURFACE('',#5134,0.000127000000254);
#126=CYLINDRICAL_SURFACE('',#5141,0.002500000003546);
#127=CYLINDRICAL_SURFACE('',#5147,0.000127000000254);
#128=CYLINDRICAL_SURFACE('',#5149,0.000254000000253999);
#129=CYLINDRICAL_SURFACE('',#5153,0.000253999999746001);
#130=CYLINDRICAL_SURFACE('',#5159,0.000126999999746);
#131=CYLINDRICAL_SURFACE('',#5161,0.000126999999746);
#132=CYLINDRICAL_SURFACE('',#5168,0.002500000003546);
#133=CYLINDRICAL_SURFACE('',#5174,0.000127000000254);
#134=CYLINDRICAL_SURFACE('',#5176,0.000127000000254);
#135=CYLINDRICAL_SURFACE('',#5180,0.000254000000253999);
#136=CYLINDRICAL_SURFACE('',#5184,0.000253999999746001);
#137=CYLINDRICAL_SURFACE('',#5188,0.000126999999746);
#138=CYLINDRICAL_SURFACE('',#5195,0.002500000003546);
#139=CYLINDRICAL_SURFACE('',#5201,0.000127000000254);
#140=CYLINDRICAL_SURFACE('',#5203,0.000254000000253999);
#141=CYLINDRICAL_SURFACE('',#5207,0.000253999999746001);
#142=CYLINDRICAL_SURFACE('',#5213,0.000126999999746);
#143=CYLINDRICAL_SURFACE('',#5215,0.000126999999746);
#144=CYLINDRICAL_SURFACE('',#5222,0.002500000003546);
#145=CYLINDRICAL_SURFACE('',#5226,0.000127000000254);
#146=CYLINDRICAL_SURFACE('',#5230,0.000126999999746);
#147=CYLINDRICAL_SURFACE('',#5235,0.000254000000253999);
#148=CYLINDRICAL_SURFACE('',#5239,0.000253999999746001);
#149=CYLINDRICAL_SURFACE('',#5244,0.000507999999746);
#150=CYLINDRICAL_SURFACE('',#5245,0.000762000000254001);
#151=CYLINDRICAL_SURFACE('',#5259,0.000126999999746);
#152=CYLINDRICAL_SURFACE('',#5262,0.000127000000254);
#153=CYLINDRICAL_SURFACE('',#5267,0.000127000000254);
#154=CYLINDRICAL_SURFACE('',#5270,0.000127000000254);
#155=CYLINDRICAL_SURFACE('',#5275,0.000127000000254);
#156=CYLINDRICAL_SURFACE('',#5278,0.000127000000254);
#157=CYLINDRICAL_SURFACE('',#5283,0.000127000000254);
#158=CYLINDRICAL_SURFACE('',#5286,0.000127000000254);
#159=CYLINDRICAL_SURFACE('',#5291,0.000126999999746);
#160=CYLINDRICAL_SURFACE('',#5294,0.000127000000254);
#161=CYLINDRICAL_SURFACE('',#5299,0.000126999999746);
#162=CYLINDRICAL_SURFACE('',#5302,0.000127000000254);
#163=CYLINDRICAL_SURFACE('',#5307,0.000126999999746);
#164=CYLINDRICAL_SURFACE('',#5310,0.000126999999746);
#165=CYLINDRICAL_SURFACE('',#5315,0.000762000000254001);
#166=CYLINDRICAL_SURFACE('',#5317,0.000761999999745999);
#167=CYLINDRICAL_SURFACE('',#5319,0.003302000000254);
#168=LINE('',#6707,#665);
#169=LINE('',#6710,#666);
#170=LINE('',#6712,#667);
#171=LINE('',#6714,#668);
#172=LINE('',#6716,#669);
#173=LINE('',#6719,#670);
#174=LINE('',#6721,#671);
#175=LINE('',#6723,#672);
#176=LINE('',#6752,#673);
#177=LINE('',#6755,#674);
#178=LINE('',#6757,#675);
#179=LINE('',#6759,#676);
#180=LINE('',#6761,#677);
#181=LINE('',#6764,#678);
#182=LINE('',#6766,#679);
#183=LINE('',#6768,#680);
#184=LINE('',#6770,#681);
#185=LINE('',#6773,#682);
#186=LINE('',#6775,#683);
#187=LINE('',#6777,#684);
#188=LINE('',#6779,#685);
#189=LINE('',#6781,#686);
#190=LINE('',#6783,#687);
#191=LINE('',#6785,#688);
#192=LINE('',#6787,#689);
#193=LINE('',#6789,#690);
#194=LINE('',#6791,#691);
#195=LINE('',#6794,#692);
#196=LINE('',#6796,#693);
#197=LINE('',#6798,#694);
#198=LINE('',#6800,#695);
#199=LINE('',#6803,#696);
#200=LINE('',#6804,#697);
#201=LINE('',#6806,#698);
#202=LINE('',#6808,#699);
#203=LINE('',#6810,#700);
#204=LINE('',#6812,#701);
#205=LINE('',#6814,#702);
#206=LINE('',#6816,#703);
#207=LINE('',#6818,#704);
#208=LINE('',#6820,#705);
#209=LINE('',#6822,#706);
#210=LINE('',#6824,#707);
#211=LINE('',#6826,#708);
#212=LINE('',#6828,#709);
#213=LINE('',#6830,#710);
#214=LINE('',#6832,#711);
#215=LINE('',#6834,#712);
#216=LINE('',#6836,#713);
#217=LINE('',#6838,#714);
#218=LINE('',#6840,#715);
#219=LINE('',#6842,#716);
#220=LINE('',#6844,#717);
#221=LINE('',#6846,#718);
#222=LINE('',#6848,#719);
#223=LINE('',#6850,#720);
#224=LINE('',#6880,#721);
#225=LINE('',#6882,#722);
#226=LINE('',#6884,#723);
#227=LINE('',#6888,#724);
#228=LINE('',#6920,#725);
#229=LINE('',#6923,#726);
#230=LINE('',#6931,#727);
#231=LINE('',#6935,#728);
#232=LINE('',#6974,#729);
#233=LINE('',#6977,#730);
#234=LINE('',#6985,#731);
#235=LINE('',#6989,#732);
#236=LINE('',#7014,#733);
#237=LINE('',#7017,#734);
#238=LINE('',#7018,#735);
#239=LINE('',#7020,#736);
#240=LINE('',#7022,#737);
#241=LINE('',#7024,#738);
#242=LINE('',#7026,#739);
#243=LINE('',#7029,#740);
#244=LINE('',#7030,#741);
#245=LINE('',#7032,#742);
#246=LINE('',#7034,#743);
#247=LINE('',#7035,#744);
#248=LINE('',#7037,#745);
#249=LINE('',#7039,#746);
#250=LINE('',#7041,#747);
#251=LINE('',#7043,#748);
#252=LINE('',#7045,#749);
#253=LINE('',#7047,#750);
#254=LINE('',#7050,#751);
#255=LINE('',#7051,#752);
#256=LINE('',#7053,#753);
#257=LINE('',#7055,#754);
#258=LINE('',#7056,#755);
#259=LINE('',#7058,#756);
#260=LINE('',#7060,#757);
#261=LINE('',#7062,#758);
#262=LINE('',#7064,#759);
#263=LINE('',#7066,#760);
#264=LINE('',#7068,#761);
#265=LINE('',#7071,#762);
#266=LINE('',#7072,#763);
#267=LINE('',#7074,#764);
#268=LINE('',#7076,#765);
#269=LINE('',#7077,#766);
#270=LINE('',#7079,#767);
#271=LINE('',#7081,#768);
#272=LINE('',#7083,#769);
#273=LINE('',#7085,#770);
#274=LINE('',#7087,#771);
#275=LINE('',#7089,#772);
#276=LINE('',#7091,#773);
#277=LINE('',#7092,#774);
#278=LINE('',#7094,#775);
#279=LINE('',#7103,#776);
#280=LINE('',#7105,#777);
#281=LINE('',#7107,#778);
#282=LINE('',#7116,#779);
#283=LINE('',#7118,#780);
#284=LINE('',#7120,#781);
#285=LINE('',#7129,#782);
#286=LINE('',#7131,#783);
#287=LINE('',#7133,#784);
#288=LINE('',#7135,#785);
#289=LINE('',#7137,#786);
#290=LINE('',#7139,#787);
#291=LINE('',#7141,#788);
#292=LINE('',#7143,#789);
#293=LINE('',#7145,#790);
#294=LINE('',#7146,#791);
#295=LINE('',#7148,#792);
#296=LINE('',#7150,#793);
#297=LINE('',#7152,#794);
#298=LINE('',#7154,#795);
#299=LINE('',#7156,#796);
#300=LINE('',#7158,#797);
#301=LINE('',#7160,#798);
#302=LINE('',#7162,#799);
#303=LINE('',#7164,#800);
#304=LINE('',#7166,#801);
#305=LINE('',#7168,#802);
#306=LINE('',#7170,#803);
#307=LINE('',#7178,#804);
#308=LINE('',#7180,#805);
#309=LINE('',#7182,#806);
#310=LINE('',#7184,#807);
#311=LINE('',#7186,#808);
#312=LINE('',#7188,#809);
#313=LINE('',#7190,#810);
#314=LINE('',#7198,#811);
#315=LINE('',#7200,#812);
#316=LINE('',#7202,#813);
#317=LINE('',#7204,#814);
#318=LINE('',#7206,#815);
#319=LINE('',#7208,#816);
#320=LINE('',#7210,#817);
#321=LINE('',#7218,#818);
#322=LINE('',#7220,#819);
#323=LINE('',#7222,#820);
#324=LINE('',#7223,#821);
#325=LINE('',#7224,#822);
#326=LINE('',#7225,#823);
#327=LINE('',#7227,#824);
#328=LINE('',#7229,#825);
#329=LINE('',#7231,#826);
#330=LINE('',#7233,#827);
#331=LINE('',#7235,#828);
#332=LINE('',#7238,#829);
#333=LINE('',#7240,#830);
#334=LINE('',#7242,#831);
#335=LINE('',#7244,#832);
#336=LINE('',#7245,#833);
#337=LINE('',#7262,#834);
#338=LINE('',#7263,#835);
#339=LINE('',#7265,#836);
#340=LINE('',#7271,#837);
#341=LINE('',#7303,#838);
#342=LINE('',#7376,#839);
#343=LINE('',#7379,#840);
#344=LINE('',#7381,#841);
#345=LINE('',#7383,#842);
#346=LINE('',#7385,#843);
#347=LINE('',#7388,#844);
#348=LINE('',#7390,#845);
#349=LINE('',#7392,#846);
#350=LINE('',#7394,#847);
#351=LINE('',#7397,#848);
#352=LINE('',#7399,#849);
#353=LINE('',#7401,#850);
#354=LINE('',#7403,#851);
#355=LINE('',#7406,#852);
#356=LINE('',#7408,#853);
#357=LINE('',#7410,#854);
#358=LINE('',#7412,#855);
#359=LINE('',#7415,#856);
#360=LINE('',#7417,#857);
#361=LINE('',#7419,#858);
#362=LINE('',#7421,#859);
#363=LINE('',#7424,#860);
#364=LINE('',#7426,#861);
#365=LINE('',#7428,#862);
#366=LINE('',#7430,#863);
#367=LINE('',#7433,#864);
#368=LINE('',#7435,#865);
#369=LINE('',#7437,#866);
#370=LINE('',#7439,#867);
#371=LINE('',#7442,#868);
#372=LINE('',#7444,#869);
#373=LINE('',#7446,#870);
#374=LINE('',#7448,#871);
#375=LINE('',#7451,#872);
#376=LINE('',#7453,#873);
#377=LINE('',#7455,#874);
#378=LINE('',#7457,#875);
#379=LINE('',#7460,#876);
#380=LINE('',#7462,#877);
#381=LINE('',#7464,#878);
#382=LINE('',#7466,#879);
#383=LINE('',#7469,#880);
#384=LINE('',#7471,#881);
#385=LINE('',#7473,#882);
#386=LINE('',#7475,#883);
#387=LINE('',#7478,#884);
#388=LINE('',#7480,#885);
#389=LINE('',#7482,#886);
#390=LINE('',#7484,#887);
#391=LINE('',#7487,#888);
#392=LINE('',#7489,#889);
#393=LINE('',#7491,#890);
#394=LINE('',#7493,#891);
#395=LINE('',#7496,#892);
#396=LINE('',#7498,#893);
#397=LINE('',#7500,#894);
#398=LINE('',#7502,#895);
#399=LINE('',#7505,#896);
#400=LINE('',#7507,#897);
#401=LINE('',#7509,#898);
#402=LINE('',#7511,#899);
#403=LINE('',#7513,#900);
#404=LINE('',#7515,#901);
#405=LINE('',#7517,#902);
#406=LINE('',#7520,#903);
#407=LINE('',#7522,#904);
#408=LINE('',#7524,#905);
#409=LINE('',#7526,#906);
#410=LINE('',#7528,#907);
#411=LINE('',#7530,#908);
#412=LINE('',#7532,#909);
#413=LINE('',#7535,#910);
#414=LINE('',#7537,#911);
#415=LINE('',#7539,#912);
#416=LINE('',#7541,#913);
#417=LINE('',#7543,#914);
#418=LINE('',#7545,#915);
#419=LINE('',#7547,#916);
#420=LINE('',#7550,#917);
#421=LINE('',#7552,#918);
#422=LINE('',#7554,#919);
#423=LINE('',#7556,#920);
#424=LINE('',#7558,#921);
#425=LINE('',#7560,#922);
#426=LINE('',#7562,#923);
#427=LINE('',#7565,#924);
#428=LINE('',#7567,#925);
#429=LINE('',#7569,#926);
#430=LINE('',#7571,#927);
#431=LINE('',#7573,#928);
#432=LINE('',#7575,#929);
#433=LINE('',#7577,#930);
#434=LINE('',#7580,#931);
#435=LINE('',#7582,#932);
#436=LINE('',#7584,#933);
#437=LINE('',#7586,#934);
#438=LINE('',#7588,#935);
#439=LINE('',#7590,#936);
#440=LINE('',#7592,#937);
#441=LINE('',#7595,#938);
#442=LINE('',#7597,#939);
#443=LINE('',#7599,#940);
#444=LINE('',#7601,#941);
#445=LINE('',#7603,#942);
#446=LINE('',#7605,#943);
#447=LINE('',#7607,#944);
#448=LINE('',#7610,#945);
#449=LINE('',#7612,#946);
#450=LINE('',#7614,#947);
#451=LINE('',#7616,#948);
#452=LINE('',#7619,#949);
#453=LINE('',#7621,#950);
#454=LINE('',#7623,#951);
#455=LINE('',#7625,#952);
#456=LINE('',#7627,#953);
#457=LINE('',#7629,#954);
#458=LINE('',#7674,#955);
#459=LINE('',#7675,#956);
#460=LINE('',#7677,#957);
#461=LINE('',#7681,#958);
#462=LINE('',#7683,#959);
#463=LINE('',#7685,#960);
#464=LINE('',#7699,#961);
#465=LINE('',#7705,#962);
#466=LINE('',#7707,#963);
#467=LINE('',#7709,#964);
#468=LINE('',#7710,#965);
#469=LINE('',#7711,#966);
#470=LINE('',#7713,#967);
#471=LINE('',#7719,#968);
#472=LINE('',#7721,#969);
#473=LINE('',#7723,#970);
#474=LINE('',#7727,#971);
#475=LINE('',#7731,#972);
#476=LINE('',#7741,#973);
#477=LINE('',#7747,#974);
#478=LINE('',#7751,#975);
#479=LINE('',#7753,#976);
#480=LINE('',#7758,#977);
#481=LINE('',#7762,#978);
#482=LINE('',#7764,#979);
#483=LINE('',#7766,#980);
#484=LINE('',#7771,#981);
#485=LINE('',#7773,#982);
#486=LINE('',#7774,#983);
#487=LINE('',#7780,#984);
#488=LINE('',#7788,#985);
#489=LINE('',#7798,#986);
#490=LINE('',#7802,#987);
#491=LINE('',#7807,#988);
#492=LINE('',#7811,#989);
#493=LINE('',#7813,#990);
#494=LINE('',#7815,#991);
#495=LINE('',#7820,#992);
#496=LINE('',#7822,#993);
#497=LINE('',#7823,#994);
#498=LINE('',#7825,#995);
#499=LINE('',#7829,#996);
#500=LINE('',#7837,#997);
#501=LINE('',#7845,#998);
#502=LINE('',#7855,#999);
#503=LINE('',#7861,#1000);
#504=LINE('',#7865,#1001);
#505=LINE('',#7867,#1002);
#506=LINE('',#7872,#1003);
#507=LINE('',#7876,#1004);
#508=LINE('',#7878,#1005);
#509=LINE('',#7880,#1006);
#510=LINE('',#7885,#1007);
#511=LINE('',#7887,#1008);
#512=LINE('',#7888,#1009);
#513=LINE('',#7894,#1010);
#514=LINE('',#7902,#1011);
#515=LINE('',#7912,#1012);
#516=LINE('',#7916,#1013);
#517=LINE('',#7921,#1014);
#518=LINE('',#7925,#1015);
#519=LINE('',#7927,#1016);
#520=LINE('',#7929,#1017);
#521=LINE('',#7934,#1018);
#522=LINE('',#7936,#1019);
#523=LINE('',#7937,#1020);
#524=LINE('',#7939,#1021);
#525=LINE('',#7943,#1022);
#526=LINE('',#7951,#1023);
#527=LINE('',#7959,#1024);
#528=LINE('',#7969,#1025);
#529=LINE('',#7975,#1026);
#530=LINE('',#7979,#1027);
#531=LINE('',#7981,#1028);
#532=LINE('',#7986,#1029);
#533=LINE('',#7990,#1030);
#534=LINE('',#7992,#1031);
#535=LINE('',#7994,#1032);
#536=LINE('',#7999,#1033);
#537=LINE('',#8001,#1034);
#538=LINE('',#8002,#1035);
#539=LINE('',#8008,#1036);
#540=LINE('',#8016,#1037);
#541=LINE('',#8026,#1038);
#542=LINE('',#8030,#1039);
#543=LINE('',#8035,#1040);
#544=LINE('',#8039,#1041);
#545=LINE('',#8041,#1042);
#546=LINE('',#8043,#1043);
#547=LINE('',#8048,#1044);
#548=LINE('',#8050,#1045);
#549=LINE('',#8051,#1046);
#550=LINE('',#8053,#1047);
#551=LINE('',#8057,#1048);
#552=LINE('',#8065,#1049);
#553=LINE('',#8073,#1050);
#554=LINE('',#8079,#1051);
#555=LINE('',#8083,#1052);
#556=LINE('',#8085,#1053);
#557=LINE('',#8086,#1054);
#558=LINE('',#8087,#1055);
#559=LINE('',#8088,#1056);
#560=LINE('',#8089,#1057);
#561=LINE('',#8090,#1058);
#562=LINE('',#8091,#1059);
#563=LINE('',#8092,#1060);
#564=LINE('',#8093,#1061);
#565=LINE('',#8094,#1062);
#566=LINE('',#8095,#1063);
#567=LINE('',#8096,#1064);
#568=LINE('',#8097,#1065);
#569=LINE('',#8100,#1066);
#570=LINE('',#8101,#1067);
#571=LINE('',#8103,#1068);
#572=LINE('',#8107,#1069);
#573=LINE('',#8113,#1070);
#574=LINE('',#8118,#1071);
#575=LINE('',#8122,#1072);
#576=LINE('',#8124,#1073);
#577=LINE('',#8126,#1074);
#578=LINE('',#8133,#1075);
#579=LINE('',#8134,#1076);
#580=LINE('',#8136,#1077);
#581=LINE('',#8138,#1078);
#582=LINE('',#8142,#1079);
#583=LINE('',#8150,#1080);
#584=LINE('',#8158,#1081);
#585=LINE('',#8160,#1082);
#586=LINE('',#8162,#1083);
#587=LINE('',#8164,#1084);
#588=LINE('',#8166,#1085);
#589=LINE('',#8168,#1086);
#590=LINE('',#8170,#1087);
#591=LINE('',#8172,#1088);
#592=LINE('',#8176,#1089);
#593=LINE('',#8178,#1090);
#594=LINE('',#8180,#1091);
#595=LINE('',#8184,#1092);
#596=LINE('',#8186,#1093);
#597=LINE('',#8188,#1094);
#598=LINE('',#8190,#1095);
#599=LINE('',#8192,#1096);
#600=LINE('',#8194,#1097);
#601=LINE('',#8196,#1098);
#602=LINE('',#8200,#1099);
#603=LINE('',#8202,#1100);
#604=LINE('',#8204,#1101);
#605=LINE('',#8208,#1102);
#606=LINE('',#8210,#1103);
#607=LINE('',#8212,#1104);
#608=LINE('',#8214,#1105);
#609=LINE('',#8216,#1106);
#610=LINE('',#8218,#1107);
#611=LINE('',#8220,#1108);
#612=LINE('',#8224,#1109);
#613=LINE('',#8226,#1110);
#614=LINE('',#8228,#1111);
#615=LINE('',#8232,#1112);
#616=LINE('',#8234,#1113);
#617=LINE('',#8236,#1114);
#618=LINE('',#8238,#1115);
#619=LINE('',#8240,#1116);
#620=LINE('',#8242,#1117);
#621=LINE('',#8244,#1118);
#622=LINE('',#8248,#1119);
#623=LINE('',#8250,#1120);
#624=LINE('',#8252,#1121);
#625=LINE('',#8256,#1122);
#626=LINE('',#8258,#1123);
#627=LINE('',#8260,#1124);
#628=LINE('',#8262,#1125);
#629=LINE('',#8264,#1126);
#630=LINE('',#8266,#1127);
#631=LINE('',#8268,#1128);
#632=LINE('',#8272,#1129);
#633=LINE('',#8274,#1130);
#634=LINE('',#8276,#1131);
#635=LINE('',#8280,#1132);
#636=LINE('',#8282,#1133);
#637=LINE('',#8284,#1134);
#638=LINE('',#8286,#1135);
#639=LINE('',#8288,#1136);
#640=LINE('',#8290,#1137);
#641=LINE('',#8292,#1138);
#642=LINE('',#8296,#1139);
#643=LINE('',#8298,#1140);
#644=LINE('',#8300,#1141);
#645=LINE('',#8304,#1142);
#646=LINE('',#8306,#1143);
#647=LINE('',#8308,#1144);
#648=LINE('',#8310,#1145);
#649=LINE('',#8312,#1146);
#650=LINE('',#8314,#1147);
#651=LINE('',#8316,#1148);
#652=LINE('',#8320,#1149);
#653=LINE('',#8322,#1150);
#654=LINE('',#8324,#1151);
#655=LINE('',#8328,#1152);
#656=LINE('',#8330,#1153);
#657=LINE('',#8332,#1154);
#658=LINE('',#8334,#1155);
#659=LINE('',#8336,#1156);
#660=LINE('',#8338,#1157);
#661=LINE('',#8340,#1158);
#662=LINE('',#8344,#1159);
#663=LINE('',#8348,#1160);
#664=LINE('',#8350,#1161);
#665=VECTOR('',#5339,1.);
#666=VECTOR('',#5340,1.);
#667=VECTOR('',#5341,1.);
#668=VECTOR('',#5342,1.);
#669=VECTOR('',#5345,1.);
#670=VECTOR('',#5346,1.);
#671=VECTOR('',#5347,1.);
#672=VECTOR('',#5348,1.);
#673=VECTOR('',#5381,1.);
#674=VECTOR('',#5382,1.);
#675=VECTOR('',#5383,1.);
#676=VECTOR('',#5384,1.);
#677=VECTOR('',#5387,1.);
#678=VECTOR('',#5388,1.);
#679=VECTOR('',#5389,1.);
#680=VECTOR('',#5390,1.);
#681=VECTOR('',#5393,1.);
#682=VECTOR('',#5394,1.);
#683=VECTOR('',#5395,1.);
#684=VECTOR('',#5396,1.);
#685=VECTOR('',#5399,1.);
#686=VECTOR('',#5400,1.);
#687=VECTOR('',#5401,1.);
#688=VECTOR('',#5404,1.);
#689=VECTOR('',#5405,1.);
#690=VECTOR('',#5406,1.);
#691=VECTOR('',#5409,1.);
#692=VECTOR('',#5410,1.);
#693=VECTOR('',#5411,1.);
#694=VECTOR('',#5412,1.);
#695=VECTOR('',#5415,1.);
#696=VECTOR('',#5416,1.);
#697=VECTOR('',#5417,1.);
#698=VECTOR('',#5420,1.);
#699=VECTOR('',#5421,1.);
#700=VECTOR('',#5424,1.);
#701=VECTOR('',#5425,1.);
#702=VECTOR('',#5428,1.);
#703=VECTOR('',#5429,1.);
#704=VECTOR('',#5430,1.);
#705=VECTOR('',#5433,1.);
#706=VECTOR('',#5434,1.);
#707=VECTOR('',#5435,1.);
#708=VECTOR('',#5438,1.);
#709=VECTOR('',#5439,1.);
#710=VECTOR('',#5440,1.);
#711=VECTOR('',#5443,1.);
#712=VECTOR('',#5444,1.);
#713=VECTOR('',#5445,1.);
#714=VECTOR('',#5448,1.);
#715=VECTOR('',#5449,1.);
#716=VECTOR('',#5450,1.);
#717=VECTOR('',#5453,1.);
#718=VECTOR('',#5454,1.);
#719=VECTOR('',#5457,1.);
#720=VECTOR('',#5458,1.);
#721=VECTOR('',#5465,1.);
#722=VECTOR('',#5466,1.);
#723=VECTOR('',#5467,1.);
#724=VECTOR('',#5472,1.);
#725=VECTOR('',#5481,1.);
#726=VECTOR('',#5482,1.);
#727=VECTOR('',#5483,1.);
#728=VECTOR('',#5488,1.);
#729=VECTOR('',#5499,1.);
#730=VECTOR('',#5500,1.);
#731=VECTOR('',#5501,1.);
#732=VECTOR('',#5506,1.);
#733=VECTOR('',#5515,1.);
#734=VECTOR('',#5516,1.);
#735=VECTOR('',#5517,1.);
#736=VECTOR('',#5520,1.);
#737=VECTOR('',#5521,1.);
#738=VECTOR('',#5522,1.);
#739=VECTOR('',#5525,1.);
#740=VECTOR('',#5526,1.);
#741=VECTOR('',#5527,1.);
#742=VECTOR('',#5530,1.);
#743=VECTOR('',#5531,1.);
#744=VECTOR('',#5532,1.);
#745=VECTOR('',#5535,1.);
#746=VECTOR('',#5536,1.);
#747=VECTOR('',#5539,1.);
#748=VECTOR('',#5540,1.);
#749=VECTOR('',#5541,1.);
#750=VECTOR('',#5544,1.);
#751=VECTOR('',#5545,1.);
#752=VECTOR('',#5546,1.);
#753=VECTOR('',#5549,1.);
#754=VECTOR('',#5550,1.);
#755=VECTOR('',#5551,1.);
#756=VECTOR('',#5554,1.);
#757=VECTOR('',#5555,1.);
#758=VECTOR('',#5558,1.);
#759=VECTOR('',#5559,1.);
#760=VECTOR('',#5560,1.);
#761=VECTOR('',#5563,1.);
#762=VECTOR('',#5564,1.);
#763=VECTOR('',#5565,1.);
#764=VECTOR('',#5568,1.);
#765=VECTOR('',#5569,1.);
#766=VECTOR('',#5570,1.);
#767=VECTOR('',#5573,1.);
#768=VECTOR('',#5574,1.);
#769=VECTOR('',#5577,1.);
#770=VECTOR('',#5578,1.);
#771=VECTOR('',#5579,1.);
#772=VECTOR('',#5582,1.);
#773=VECTOR('',#5583,1.);
#774=VECTOR('',#5584,1.);
#775=VECTOR('',#5585,1.);
#776=VECTOR('',#5588,1.);
#777=VECTOR('',#5589,1.);
#778=VECTOR('',#5590,1.);
#779=VECTOR('',#5593,1.);
#780=VECTOR('',#5594,1.);
#781=VECTOR('',#5595,1.);
#782=VECTOR('',#5598,1.);
#783=VECTOR('',#5599,1.);
#784=VECTOR('',#5600,1.);
#785=VECTOR('',#5603,1.);
#786=VECTOR('',#5604,1.);
#787=VECTOR('',#5605,1.);
#788=VECTOR('',#5606,1.);
#789=VECTOR('',#5607,1.);
#790=VECTOR('',#5610,1.);
#791=VECTOR('',#5611,1.);
#792=VECTOR('',#5614,1.);
#793=VECTOR('',#5615,1.);
#794=VECTOR('',#5616,1.);
#795=VECTOR('',#5619,1.);
#796=VECTOR('',#5620,1.);
#797=VECTOR('',#5623,1.);
#798=VECTOR('',#5624,1.);
#799=VECTOR('',#5627,1.);
#800=VECTOR('',#5628,1.);
#801=VECTOR('',#5629,1.);
#802=VECTOR('',#5632,1.);
#803=VECTOR('',#5633,1.);
#804=VECTOR('',#5636,1.);
#805=VECTOR('',#5637,1.);
#806=VECTOR('',#5640,1.);
#807=VECTOR('',#5641,1.);
#808=VECTOR('',#5642,1.);
#809=VECTOR('',#5645,1.);
#810=VECTOR('',#5646,1.);
#811=VECTOR('',#5649,1.);
#812=VECTOR('',#5650,1.);
#813=VECTOR('',#5653,1.);
#814=VECTOR('',#5654,1.);
#815=VECTOR('',#5655,1.);
#816=VECTOR('',#5658,1.);
#817=VECTOR('',#5659,1.);
#818=VECTOR('',#5662,1.);
#819=VECTOR('',#5663,1.);
#820=VECTOR('',#5666,1.);
#821=VECTOR('',#5667,1.);
#822=VECTOR('',#5668,1.);
#823=VECTOR('',#5669,1.);
#824=VECTOR('',#5670,1.);
#825=VECTOR('',#5671,1.);
#826=VECTOR('',#5672,1.);
#827=VECTOR('',#5673,1.);
#828=VECTOR('',#5676,1.);
#829=VECTOR('',#5677,1.);
#830=VECTOR('',#5678,1.);
#831=VECTOR('',#5679,1.);
#832=VECTOR('',#5682,1.);
#833=VECTOR('',#5683,1.);
#834=VECTOR('',#5686,1.);
#835=VECTOR('',#5687,1.);
#836=VECTOR('',#5690,1.);
#837=VECTOR('',#5697,1.);
#838=VECTOR('',#5704,1.);
#839=VECTOR('',#5737,1.);
#840=VECTOR('',#5738,1.);
#841=VECTOR('',#5739,1.);
#842=VECTOR('',#5740,1.);
#843=VECTOR('',#5743,1.);
#844=VECTOR('',#5744,1.);
#845=VECTOR('',#5745,1.);
#846=VECTOR('',#5746,1.);
#847=VECTOR('',#5749,1.);
#848=VECTOR('',#5750,1.);
#849=VECTOR('',#5751,1.);
#850=VECTOR('',#5752,1.);
#851=VECTOR('',#5755,1.);
#852=VECTOR('',#5756,1.);
#853=VECTOR('',#5757,1.);
#854=VECTOR('',#5758,1.);
#855=VECTOR('',#5761,1.);
#856=VECTOR('',#5762,1.);
#857=VECTOR('',#5763,1.);
#858=VECTOR('',#5764,1.);
#859=VECTOR('',#5767,1.);
#860=VECTOR('',#5768,1.);
#861=VECTOR('',#5769,1.);
#862=VECTOR('',#5770,1.);
#863=VECTOR('',#5773,1.);
#864=VECTOR('',#5774,1.);
#865=VECTOR('',#5775,1.);
#866=VECTOR('',#5776,1.);
#867=VECTOR('',#5779,1.);
#868=VECTOR('',#5780,1.);
#869=VECTOR('',#5781,1.);
#870=VECTOR('',#5782,1.);
#871=VECTOR('',#5785,1.);
#872=VECTOR('',#5786,1.);
#873=VECTOR('',#5787,1.);
#874=VECTOR('',#5788,1.);
#875=VECTOR('',#5791,1.);
#876=VECTOR('',#5792,1.);
#877=VECTOR('',#5793,1.);
#878=VECTOR('',#5794,1.);
#879=VECTOR('',#5797,1.);
#880=VECTOR('',#5798,1.);
#881=VECTOR('',#5799,1.);
#882=VECTOR('',#5800,1.);
#883=VECTOR('',#5803,1.);
#884=VECTOR('',#5804,1.);
#885=VECTOR('',#5805,1.);
#886=VECTOR('',#5806,1.);
#887=VECTOR('',#5809,1.);
#888=VECTOR('',#5810,1.);
#889=VECTOR('',#5811,1.);
#890=VECTOR('',#5812,1.);
#891=VECTOR('',#5815,1.);
#892=VECTOR('',#5816,1.);
#893=VECTOR('',#5817,1.);
#894=VECTOR('',#5818,1.);
#895=VECTOR('',#5821,1.);
#896=VECTOR('',#5822,1.);
#897=VECTOR('',#5823,1.);
#898=VECTOR('',#5824,1.);
#899=VECTOR('',#5827,1.);
#900=VECTOR('',#5828,1.);
#901=VECTOR('',#5829,1.);
#902=VECTOR('',#5832,1.);
#903=VECTOR('',#5833,1.);
#904=VECTOR('',#5834,1.);
#905=VECTOR('',#5835,1.);
#906=VECTOR('',#5838,1.);
#907=VECTOR('',#5839,1.);
#908=VECTOR('',#5840,1.);
#909=VECTOR('',#5843,1.);
#910=VECTOR('',#5844,1.);
#911=VECTOR('',#5845,1.);
#912=VECTOR('',#5846,1.);
#913=VECTOR('',#5849,1.);
#914=VECTOR('',#5850,1.);
#915=VECTOR('',#5851,1.);
#916=VECTOR('',#5854,1.);
#917=VECTOR('',#5855,1.);
#918=VECTOR('',#5856,1.);
#919=VECTOR('',#5857,1.);
#920=VECTOR('',#5860,1.);
#921=VECTOR('',#5861,1.);
#922=VECTOR('',#5862,1.);
#923=VECTOR('',#5865,1.);
#924=VECTOR('',#5866,1.);
#925=VECTOR('',#5867,1.);
#926=VECTOR('',#5868,1.);
#927=VECTOR('',#5871,1.);
#928=VECTOR('',#5872,1.);
#929=VECTOR('',#5873,1.);
#930=VECTOR('',#5876,1.);
#931=VECTOR('',#5877,1.);
#932=VECTOR('',#5878,1.);
#933=VECTOR('',#5879,1.);
#934=VECTOR('',#5882,1.);
#935=VECTOR('',#5883,1.);
#936=VECTOR('',#5884,1.);
#937=VECTOR('',#5887,1.);
#938=VECTOR('',#5888,1.);
#939=VECTOR('',#5889,1.);
#940=VECTOR('',#5890,1.);
#941=VECTOR('',#5893,1.);
#942=VECTOR('',#5894,1.);
#943=VECTOR('',#5895,1.);
#944=VECTOR('',#5898,1.);
#945=VECTOR('',#5899,1.);
#946=VECTOR('',#5900,1.);
#947=VECTOR('',#5901,1.);
#948=VECTOR('',#5904,1.);
#949=VECTOR('',#5905,1.);
#950=VECTOR('',#5906,1.);
#951=VECTOR('',#5907,1.);
#952=VECTOR('',#5910,1.);
#953=VECTOR('',#5911,1.);
#954=VECTOR('',#5912,1.);
#955=VECTOR('',#5917,1.);
#956=VECTOR('',#5918,1.);
#957=VECTOR('',#5921,1.);
#958=VECTOR('',#5924,1.);
#959=VECTOR('',#5927,1.);
#960=VECTOR('',#5928,1.);
#961=VECTOR('',#5945,1.);
#962=VECTOR('',#5952,1.);
#963=VECTOR('',#5955,1.);
#964=VECTOR('',#5958,1.);
#965=VECTOR('',#5959,1.);
#966=VECTOR('',#5960,1.);
#967=VECTOR('',#5963,1.);
#968=VECTOR('',#5970,1.);
#969=VECTOR('',#5971,1.);
#970=VECTOR('',#5972,1.);
#971=VECTOR('',#5977,1.);
#972=VECTOR('',#5982,1.);
#973=VECTOR('',#5995,1.);
#974=VECTOR('',#6002,1.);
#975=VECTOR('',#6007,1.);
#976=VECTOR('',#6010,1.);
#977=VECTOR('',#6013,1.);
#978=VECTOR('',#6018,1.);
#979=VECTOR('',#6019,1.);
#980=VECTOR('',#6020,1.);
#981=VECTOR('',#6029,1.);
#982=VECTOR('',#6030,1.);
#983=VECTOR('',#6031,1.);
#984=VECTOR('',#6038,1.);
#985=VECTOR('',#6049,1.);
#986=VECTOR('',#6062,1.);
#987=VECTOR('',#6067,1.);
#988=VECTOR('',#6070,1.);
#989=VECTOR('',#6075,1.);
#990=VECTOR('',#6076,1.);
#991=VECTOR('',#6077,1.);
#992=VECTOR('',#6086,1.);
#993=VECTOR('',#6087,1.);
#994=VECTOR('',#6088,1.);
#995=VECTOR('',#6091,1.);
#996=VECTOR('',#6096,1.);
#997=VECTOR('',#6105,1.);
#998=VECTOR('',#6116,1.);
#999=VECTOR('',#6129,1.);
#1000=VECTOR('',#6136,1.);
#1001=VECTOR('',#6141,1.);
#1002=VECTOR('',#6144,1.);
#1003=VECTOR('',#6147,1.);
#1004=VECTOR('',#6152,1.);
#1005=VECTOR('',#6153,1.);
#1006=VECTOR('',#6154,1.);
#1007=VECTOR('',#6163,1.);
#1008=VECTOR('',#6164,1.);
#1009=VECTOR('',#6165,1.);
#1010=VECTOR('',#6172,1.);
#1011=VECTOR('',#6183,1.);
#1012=VECTOR('',#6196,1.);
#1013=VECTOR('',#6201,1.);
#1014=VECTOR('',#6204,1.);
#1015=VECTOR('',#6209,1.);
#1016=VECTOR('',#6210,1.);
#1017=VECTOR('',#6211,1.);
#1018=VECTOR('',#6220,1.);
#1019=VECTOR('',#6221,1.);
#1020=VECTOR('',#6222,1.);
#1021=VECTOR('',#6225,1.);
#1022=VECTOR('',#6230,1.);
#1023=VECTOR('',#6239,1.);
#1024=VECTOR('',#6250,1.);
#1025=VECTOR('',#6263,1.);
#1026=VECTOR('',#6270,1.);
#1027=VECTOR('',#6275,1.);
#1028=VECTOR('',#6278,1.);
#1029=VECTOR('',#6281,1.);
#1030=VECTOR('',#6286,1.);
#1031=VECTOR('',#6287,1.);
#1032=VECTOR('',#6288,1.);
#1033=VECTOR('',#6297,1.);
#1034=VECTOR('',#6298,1.);
#1035=VECTOR('',#6299,1.);
#1036=VECTOR('',#6306,1.);
#1037=VECTOR('',#6317,1.);
#1038=VECTOR('',#6330,1.);
#1039=VECTOR('',#6335,1.);
#1040=VECTOR('',#6338,1.);
#1041=VECTOR('',#6343,1.);
#1042=VECTOR('',#6344,1.);
#1043=VECTOR('',#6345,1.);
#1044=VECTOR('',#6354,1.);
#1045=VECTOR('',#6355,1.);
#1046=VECTOR('',#6356,1.);
#1047=VECTOR('',#6359,1.);
#1048=VECTOR('',#6364,1.);
#1049=VECTOR('',#6373,1.);
#1050=VECTOR('',#6384,1.);
#1051=VECTOR('',#6391,1.);
#1052=VECTOR('',#6396,1.);
#1053=VECTOR('',#6399,1.);
#1054=VECTOR('',#6400,1.);
#1055=VECTOR('',#6401,1.);
#1056=VECTOR('',#6402,1.);
#1057=VECTOR('',#6403,1.);
#1058=VECTOR('',#6404,1.);
#1059=VECTOR('',#6405,1.);
#1060=VECTOR('',#6406,1.);
#1061=VECTOR('',#6407,1.);
#1062=VECTOR('',#6408,1.);
#1063=VECTOR('',#6409,1.);
#1064=VECTOR('',#6410,1.);
#1065=VECTOR('',#6411,1.);
#1066=VECTOR('',#6414,1.);
#1067=VECTOR('',#6415,1.);
#1068=VECTOR('',#6416,1.);
#1069=VECTOR('',#6421,1.);
#1070=VECTOR('',#6430,1.);
#1071=VECTOR('',#6433,1.);
#1072=VECTOR('',#6438,1.);
#1073=VECTOR('',#6439,1.);
#1074=VECTOR('',#6440,1.);
#1075=VECTOR('',#6451,1.);
#1076=VECTOR('',#6452,1.);
#1077=VECTOR('',#6455,1.);
#1078=VECTOR('',#6458,1.);
#1079=VECTOR('',#6461,1.);
#1080=VECTOR('',#6472,1.);
#1081=VECTOR('',#6483,1.);
#1082=VECTOR('',#6484,1.);
#1083=VECTOR('',#6485,1.);
#1084=VECTOR('',#6488,1.);
#1085=VECTOR('',#6489,1.);
#1086=VECTOR('',#6492,1.);
#1087=VECTOR('',#6493,1.);
#1088=VECTOR('',#6496,1.);
#1089=VECTOR('',#6501,1.);
#1090=VECTOR('',#6502,1.);
#1091=VECTOR('',#6505,1.);
#1092=VECTOR('',#6510,1.);
#1093=VECTOR('',#6511,1.);
#1094=VECTOR('',#6514,1.);
#1095=VECTOR('',#6515,1.);
#1096=VECTOR('',#6518,1.);
#1097=VECTOR('',#6519,1.);
#1098=VECTOR('',#6522,1.);
#1099=VECTOR('',#6527,1.);
#1100=VECTOR('',#6528,1.);
#1101=VECTOR('',#6531,1.);
#1102=VECTOR('',#6536,1.);
#1103=VECTOR('',#6537,1.);
#1104=VECTOR('',#6540,1.);
#1105=VECTOR('',#6541,1.);
#1106=VECTOR('',#6544,1.);
#1107=VECTOR('',#6545,1.);
#1108=VECTOR('',#6548,1.);
#1109=VECTOR('',#6553,1.);
#1110=VECTOR('',#6554,1.);
#1111=VECTOR('',#6557,1.);
#1112=VECTOR('',#6562,1.);
#1113=VECTOR('',#6563,1.);
#1114=VECTOR('',#6566,1.);
#1115=VECTOR('',#6567,1.);
#1116=VECTOR('',#6570,1.);
#1117=VECTOR('',#6571,1.);
#1118=VECTOR('',#6574,1.);
#1119=VECTOR('',#6579,1.);
#1120=VECTOR('',#6580,1.);
#1121=VECTOR('',#6583,1.);
#1122=VECTOR('',#6588,1.);
#1123=VECTOR('',#6589,1.);
#1124=VECTOR('',#6592,1.);
#1125=VECTOR('',#6593,1.);
#1126=VECTOR('',#6596,1.);
#1127=VECTOR('',#6597,1.);
#1128=VECTOR('',#6600,1.);
#1129=VECTOR('',#6605,1.);
#1130=VECTOR('',#6606,1.);
#1131=VECTOR('',#6609,1.);
#1132=VECTOR('',#6614,1.);
#1133=VECTOR('',#6615,1.);
#1134=VECTOR('',#6618,1.);
#1135=VECTOR('',#6619,1.);
#1136=VECTOR('',#6622,1.);
#1137=VECTOR('',#6623,1.);
#1138=VECTOR('',#6626,1.);
#1139=VECTOR('',#6631,1.);
#1140=VECTOR('',#6632,1.);
#1141=VECTOR('',#6635,1.);
#1142=VECTOR('',#6640,1.);
#1143=VECTOR('',#6641,1.);
#1144=VECTOR('',#6644,1.);
#1145=VECTOR('',#6645,1.);
#1146=VECTOR('',#6648,1.);
#1147=VECTOR('',#6649,1.);
#1148=VECTOR('',#6652,1.);
#1149=VECTOR('',#6657,1.);
#1150=VECTOR('',#6658,1.);
#1151=VECTOR('',#6661,1.);
#1152=VECTOR('',#6666,1.);
#1153=VECTOR('',#6667,1.);
#1154=VECTOR('',#6670,1.);
#1155=VECTOR('',#6671,1.);
#1156=VECTOR('',#6674,1.);
#1157=VECTOR('',#6675,1.);
#1158=VECTOR('',#6678,1.);
#1159=VECTOR('',#6683,1.);
#1160=VECTOR('',#6688,1.);
#1161=VECTOR('',#6691,1.);
#1162=ORIENTED_EDGE('',*,*,#2576,.T.);
#1163=ORIENTED_EDGE('',*,*,#2577,.T.);
#1164=ORIENTED_EDGE('',*,*,#2578,.T.);
#1165=ORIENTED_EDGE('',*,*,#2579,.T.);
#1166=ORIENTED_EDGE('',*,*,#2580,.F.);
#1167=ORIENTED_EDGE('',*,*,#2581,.F.);
#1168=ORIENTED_EDGE('',*,*,#2582,.F.);
#1169=ORIENTED_EDGE('',*,*,#2583,.F.);
#1170=ORIENTED_EDGE('',*,*,#2584,.T.);
#1171=ORIENTED_EDGE('',*,*,#2585,.T.);
#1172=ORIENTED_EDGE('',*,*,#2586,.F.);
#1173=ORIENTED_EDGE('',*,*,#2576,.F.);
#1174=ORIENTED_EDGE('',*,*,#2587,.F.);
#1175=ORIENTED_EDGE('',*,*,#2588,.F.);
#1176=ORIENTED_EDGE('',*,*,#2589,.F.);
#1177=ORIENTED_EDGE('',*,*,#2590,.F.);
#1178=ORIENTED_EDGE('',*,*,#2591,.F.);
#1179=ORIENTED_EDGE('',*,*,#2592,.F.);
#1180=ORIENTED_EDGE('',*,*,#2593,.F.);
#1181=ORIENTED_EDGE('',*,*,#2594,.F.);
#1182=ORIENTED_EDGE('',*,*,#2577,.F.);
#1183=ORIENTED_EDGE('',*,*,#2595,.F.);
#1184=ORIENTED_EDGE('',*,*,#2596,.F.);
#1185=ORIENTED_EDGE('',*,*,#2597,.F.);
#1186=ORIENTED_EDGE('',*,*,#2598,.F.);
#1187=ORIENTED_EDGE('',*,*,#2578,.F.);
#1188=ORIENTED_EDGE('',*,*,#2599,.F.);
#1189=ORIENTED_EDGE('',*,*,#2600,.T.);
#1190=ORIENTED_EDGE('',*,*,#2601,.T.);
#1191=ORIENTED_EDGE('',*,*,#2602,.T.);
#1192=ORIENTED_EDGE('',*,*,#2603,.F.);
#1193=ORIENTED_EDGE('',*,*,#2604,.T.);
#1194=ORIENTED_EDGE('',*,*,#2605,.T.);
#1195=ORIENTED_EDGE('',*,*,#2606,.T.);
#1196=ORIENTED_EDGE('',*,*,#2607,.F.);
#1197=ORIENTED_EDGE('',*,*,#2608,.T.);
#1198=ORIENTED_EDGE('',*,*,#2609,.T.);
#1199=ORIENTED_EDGE('',*,*,#2610,.T.);
#1200=ORIENTED_EDGE('',*,*,#2585,.F.);
#1201=ORIENTED_EDGE('',*,*,#2611,.T.);
#1202=ORIENTED_EDGE('',*,*,#2612,.T.);
#1203=ORIENTED_EDGE('',*,*,#2613,.F.);
#1204=ORIENTED_EDGE('',*,*,#2614,.T.);
#1205=ORIENTED_EDGE('',*,*,#2582,.T.);
#1206=ORIENTED_EDGE('',*,*,#2615,.F.);
#1207=ORIENTED_EDGE('',*,*,#2616,.T.);
#1208=ORIENTED_EDGE('',*,*,#2617,.F.);
#1209=ORIENTED_EDGE('',*,*,#2618,.T.);
#1210=ORIENTED_EDGE('',*,*,#2619,.T.);
#1211=ORIENTED_EDGE('',*,*,#2620,.T.);
#1212=ORIENTED_EDGE('',*,*,#2621,.T.);
#1213=ORIENTED_EDGE('',*,*,#2622,.F.);
#1214=ORIENTED_EDGE('',*,*,#2579,.F.);
#1215=ORIENTED_EDGE('',*,*,#2614,.F.);
#1216=ORIENTED_EDGE('',*,*,#2623,.T.);
#1217=ORIENTED_EDGE('',*,*,#2622,.T.);
#1218=ORIENTED_EDGE('',*,*,#2624,.T.);
#1219=ORIENTED_EDGE('',*,*,#2625,.F.);
#1220=ORIENTED_EDGE('',*,*,#2580,.T.);
#1221=ORIENTED_EDGE('',*,*,#2625,.T.);
#1222=ORIENTED_EDGE('',*,*,#2626,.T.);
#1223=ORIENTED_EDGE('',*,*,#2627,.T.);
#1224=ORIENTED_EDGE('',*,*,#2615,.T.);
#1225=ORIENTED_EDGE('',*,*,#2581,.T.);
#1226=ORIENTED_EDGE('',*,*,#2628,.T.);
#1227=ORIENTED_EDGE('',*,*,#2629,.T.);
#1228=ORIENTED_EDGE('',*,*,#2630,.T.);
#1229=ORIENTED_EDGE('',*,*,#2619,.F.);
#1230=ORIENTED_EDGE('',*,*,#2631,.T.);
#1231=ORIENTED_EDGE('',*,*,#2632,.T.);
#1232=ORIENTED_EDGE('',*,*,#2633,.T.);
#1233=ORIENTED_EDGE('',*,*,#2601,.F.);
#1234=ORIENTED_EDGE('',*,*,#2634,.T.);
#1235=ORIENTED_EDGE('',*,*,#2635,.T.);
#1236=ORIENTED_EDGE('',*,*,#2636,.T.);
#1237=ORIENTED_EDGE('',*,*,#2605,.F.);
#1238=ORIENTED_EDGE('',*,*,#2637,.T.);
#1239=ORIENTED_EDGE('',*,*,#2638,.T.);
#1240=ORIENTED_EDGE('',*,*,#2639,.T.);
#1241=ORIENTED_EDGE('',*,*,#2609,.F.);
#1242=ORIENTED_EDGE('',*,*,#2586,.T.);
#1243=ORIENTED_EDGE('',*,*,#2613,.T.);
#1244=ORIENTED_EDGE('',*,*,#2640,.T.);
#1245=ORIENTED_EDGE('',*,*,#2641,.T.);
#1246=ORIENTED_EDGE('',*,*,#2642,.F.);
#1247=ORIENTED_EDGE('',*,*,#2643,.F.);
#1248=ORIENTED_EDGE('',*,*,#2644,.F.);
#1249=ORIENTED_EDGE('',*,*,#2583,.T.);
#1250=ORIENTED_EDGE('',*,*,#2642,.T.);
#1251=ORIENTED_EDGE('',*,*,#2611,.F.);
#1252=ORIENTED_EDGE('',*,*,#2584,.F.);
#1253=ORIENTED_EDGE('',*,*,#2644,.T.);
#1254=ORIENTED_EDGE('',*,*,#2645,.T.);
#1255=ORIENTED_EDGE('',*,*,#2646,.T.);
#1256=ORIENTED_EDGE('',*,*,#2647,.F.);
#1257=ORIENTED_EDGE('',*,*,#2648,.T.);
#1258=ORIENTED_EDGE('',*,*,#2589,.T.);
#1259=ORIENTED_EDGE('',*,*,#2649,.T.);
#1260=ORIENTED_EDGE('',*,*,#2650,.F.);
#1261=ORIENTED_EDGE('',*,*,#2590,.T.);
#1262=ORIENTED_EDGE('',*,*,#2649,.F.);
#1263=ORIENTED_EDGE('',*,*,#2648,.F.);
#1264=ORIENTED_EDGE('',*,*,#2651,.F.);
#1265=ORIENTED_EDGE('',*,*,#2652,.F.);
#1266=ORIENTED_EDGE('',*,*,#2653,.F.);
#1267=ORIENTED_EDGE('',*,*,#2652,.T.);
#1268=ORIENTED_EDGE('',*,*,#2654,.F.);
#1269=ORIENTED_EDGE('',*,*,#2655,.F.);
#1270=ORIENTED_EDGE('',*,*,#2656,.F.);
#1271=ORIENTED_EDGE('',*,*,#2588,.T.);
#1272=ORIENTED_EDGE('',*,*,#2657,.T.);
#1273=ORIENTED_EDGE('',*,*,#2658,.F.);
#1274=ORIENTED_EDGE('',*,*,#2659,.F.);
#1275=ORIENTED_EDGE('',*,*,#2660,.T.);
#1276=ORIENTED_EDGE('',*,*,#2594,.T.);
#1277=ORIENTED_EDGE('',*,*,#2661,.F.);
#1278=ORIENTED_EDGE('',*,*,#2662,.F.);
#1279=ORIENTED_EDGE('',*,*,#2663,.T.);
#1280=ORIENTED_EDGE('',*,*,#2660,.F.);
#1281=ORIENTED_EDGE('',*,*,#2664,.F.);
#1282=ORIENTED_EDGE('',*,*,#2661,.T.);
#1283=ORIENTED_EDGE('',*,*,#2665,.F.);
#1284=ORIENTED_EDGE('',*,*,#2666,.F.);
#1285=ORIENTED_EDGE('',*,*,#2667,.F.);
#1286=ORIENTED_EDGE('',*,*,#2593,.T.);
#1287=ORIENTED_EDGE('',*,*,#2668,.T.);
#1288=ORIENTED_EDGE('',*,*,#2669,.F.);
#1289=ORIENTED_EDGE('',*,*,#2663,.F.);
#1290=ORIENTED_EDGE('',*,*,#2670,.F.);
#1291=ORIENTED_EDGE('',*,*,#2591,.T.);
#1292=ORIENTED_EDGE('',*,*,#2671,.F.);
#1293=ORIENTED_EDGE('',*,*,#2672,.T.);
#1294=ORIENTED_EDGE('',*,*,#2598,.T.);
#1295=ORIENTED_EDGE('',*,*,#2673,.F.);
#1296=ORIENTED_EDGE('',*,*,#2674,.F.);
#1297=ORIENTED_EDGE('',*,*,#2675,.T.);
#1298=ORIENTED_EDGE('',*,*,#2672,.F.);
#1299=ORIENTED_EDGE('',*,*,#2676,.F.);
#1300=ORIENTED_EDGE('',*,*,#2673,.T.);
#1301=ORIENTED_EDGE('',*,*,#2677,.F.);
#1302=ORIENTED_EDGE('',*,*,#2678,.F.);
#1303=ORIENTED_EDGE('',*,*,#2679,.F.);
#1304=ORIENTED_EDGE('',*,*,#2597,.T.);
#1305=ORIENTED_EDGE('',*,*,#2680,.T.);
#1306=ORIENTED_EDGE('',*,*,#2681,.F.);
#1307=ORIENTED_EDGE('',*,*,#2675,.F.);
#1308=ORIENTED_EDGE('',*,*,#2682,.F.);
#1309=ORIENTED_EDGE('',*,*,#2595,.T.);
#1310=ORIENTED_EDGE('',*,*,#2683,.F.);
#1311=ORIENTED_EDGE('',*,*,#2684,.T.);
#1312=ORIENTED_EDGE('',*,*,#2617,.T.);
#1313=ORIENTED_EDGE('',*,*,#2685,.T.);
#1314=ORIENTED_EDGE('',*,*,#2685,.F.);
#1315=ORIENTED_EDGE('',*,*,#2620,.F.);
#1316=ORIENTED_EDGE('',*,*,#2630,.F.);
#1317=ORIENTED_EDGE('',*,*,#2686,.T.);
#1318=ORIENTED_EDGE('',*,*,#2687,.T.);
#1319=ORIENTED_EDGE('',*,*,#2688,.F.);
#1320=ORIENTED_EDGE('',*,*,#2689,.T.);
#1321=ORIENTED_EDGE('',*,*,#2690,.F.);
#1322=ORIENTED_EDGE('',*,*,#2687,.F.);
#1323=ORIENTED_EDGE('',*,*,#2691,.T.);
#1324=ORIENTED_EDGE('',*,*,#2692,.F.);
#1325=ORIENTED_EDGE('',*,*,#2693,.F.);
#1326=ORIENTED_EDGE('',*,*,#2689,.F.);
#1327=ORIENTED_EDGE('',*,*,#2694,.T.);
#1328=ORIENTED_EDGE('',*,*,#2631,.F.);
#1329=ORIENTED_EDGE('',*,*,#2600,.F.);
#1330=ORIENTED_EDGE('',*,*,#2695,.F.);
#1331=ORIENTED_EDGE('',*,*,#2692,.T.);
#1332=ORIENTED_EDGE('',*,*,#2599,.T.);
#1333=ORIENTED_EDGE('',*,*,#2696,.T.);
#1334=ORIENTED_EDGE('',*,*,#2696,.F.);
#1335=ORIENTED_EDGE('',*,*,#2602,.F.);
#1336=ORIENTED_EDGE('',*,*,#2633,.F.);
#1337=ORIENTED_EDGE('',*,*,#2697,.T.);
#1338=ORIENTED_EDGE('',*,*,#2698,.T.);
#1339=ORIENTED_EDGE('',*,*,#2699,.F.);
#1340=ORIENTED_EDGE('',*,*,#2700,.T.);
#1341=ORIENTED_EDGE('',*,*,#2701,.F.);
#1342=ORIENTED_EDGE('',*,*,#2698,.F.);
#1343=ORIENTED_EDGE('',*,*,#2702,.T.);
#1344=ORIENTED_EDGE('',*,*,#2703,.F.);
#1345=ORIENTED_EDGE('',*,*,#2704,.F.);
#1346=ORIENTED_EDGE('',*,*,#2700,.F.);
#1347=ORIENTED_EDGE('',*,*,#2705,.T.);
#1348=ORIENTED_EDGE('',*,*,#2634,.F.);
#1349=ORIENTED_EDGE('',*,*,#2604,.F.);
#1350=ORIENTED_EDGE('',*,*,#2706,.F.);
#1351=ORIENTED_EDGE('',*,*,#2703,.T.);
#1352=ORIENTED_EDGE('',*,*,#2603,.T.);
#1353=ORIENTED_EDGE('',*,*,#2707,.T.);
#1354=ORIENTED_EDGE('',*,*,#2707,.F.);
#1355=ORIENTED_EDGE('',*,*,#2606,.F.);
#1356=ORIENTED_EDGE('',*,*,#2636,.F.);
#1357=ORIENTED_EDGE('',*,*,#2708,.T.);
#1358=ORIENTED_EDGE('',*,*,#2709,.T.);
#1359=ORIENTED_EDGE('',*,*,#2710,.F.);
#1360=ORIENTED_EDGE('',*,*,#2711,.T.);
#1361=ORIENTED_EDGE('',*,*,#2712,.F.);
#1362=ORIENTED_EDGE('',*,*,#2709,.F.);
#1363=ORIENTED_EDGE('',*,*,#2713,.T.);
#1364=ORIENTED_EDGE('',*,*,#2714,.F.);
#1365=ORIENTED_EDGE('',*,*,#2715,.F.);
#1366=ORIENTED_EDGE('',*,*,#2711,.F.);
#1367=ORIENTED_EDGE('',*,*,#2716,.T.);
#1368=ORIENTED_EDGE('',*,*,#2637,.F.);
#1369=ORIENTED_EDGE('',*,*,#2608,.F.);
#1370=ORIENTED_EDGE('',*,*,#2717,.F.);
#1371=ORIENTED_EDGE('',*,*,#2714,.T.);
#1372=ORIENTED_EDGE('',*,*,#2607,.T.);
#1373=ORIENTED_EDGE('',*,*,#2718,.T.);
#1374=ORIENTED_EDGE('',*,*,#2718,.F.);
#1375=ORIENTED_EDGE('',*,*,#2610,.F.);
#1376=ORIENTED_EDGE('',*,*,#2639,.F.);
#1377=ORIENTED_EDGE('',*,*,#2719,.T.);
#1378=ORIENTED_EDGE('',*,*,#2720,.T.);
#1379=ORIENTED_EDGE('',*,*,#2721,.F.);
#1380=ORIENTED_EDGE('',*,*,#2722,.T.);
#1381=ORIENTED_EDGE('',*,*,#2723,.F.);
#1382=ORIENTED_EDGE('',*,*,#2720,.F.);
#1383=ORIENTED_EDGE('',*,*,#2724,.T.);
#1384=ORIENTED_EDGE('',*,*,#2725,.T.);
#1385=ORIENTED_EDGE('',*,*,#2640,.F.);
#1386=ORIENTED_EDGE('',*,*,#2612,.F.);
#1387=ORIENTED_EDGE('',*,*,#2646,.F.);
#1388=ORIENTED_EDGE('',*,*,#2726,.F.);
#1389=ORIENTED_EDGE('',*,*,#2727,.F.);
#1390=ORIENTED_EDGE('',*,*,#2728,.F.);
#1391=ORIENTED_EDGE('',*,*,#2729,.F.);
#1392=ORIENTED_EDGE('',*,*,#2657,.F.);
#1393=ORIENTED_EDGE('',*,*,#2730,.F.);
#1394=ORIENTED_EDGE('',*,*,#2731,.F.);
#1395=ORIENTED_EDGE('',*,*,#2732,.F.);
#1396=ORIENTED_EDGE('',*,*,#2733,.F.);
#1397=ORIENTED_EDGE('',*,*,#2668,.F.);
#1398=ORIENTED_EDGE('',*,*,#2734,.F.);
#1399=ORIENTED_EDGE('',*,*,#2735,.F.);
#1400=ORIENTED_EDGE('',*,*,#2736,.F.);
#1401=ORIENTED_EDGE('',*,*,#2737,.F.);
#1402=ORIENTED_EDGE('',*,*,#2680,.F.);
#1403=ORIENTED_EDGE('',*,*,#2616,.F.);
#1404=ORIENTED_EDGE('',*,*,#2627,.F.);
#1405=ORIENTED_EDGE('',*,*,#2738,.T.);
#1406=ORIENTED_EDGE('',*,*,#2739,.T.);
#1407=ORIENTED_EDGE('',*,*,#2740,.T.);
#1408=ORIENTED_EDGE('',*,*,#2741,.F.);
#1409=ORIENTED_EDGE('',*,*,#2742,.T.);
#1410=ORIENTED_EDGE('',*,*,#2623,.F.);
#1411=ORIENTED_EDGE('',*,*,#2684,.F.);
#1412=ORIENTED_EDGE('',*,*,#2743,.F.);
#1413=ORIENTED_EDGE('',*,*,#2740,.F.);
#1414=ORIENTED_EDGE('',*,*,#2744,.T.);
#1415=ORIENTED_EDGE('',*,*,#2628,.F.);
#1416=ORIENTED_EDGE('',*,*,#2618,.F.);
#1417=ORIENTED_EDGE('',*,*,#2738,.F.);
#1418=ORIENTED_EDGE('',*,*,#2626,.F.);
#1419=ORIENTED_EDGE('',*,*,#2624,.F.);
#1420=ORIENTED_EDGE('',*,*,#2621,.F.);
#1421=ORIENTED_EDGE('',*,*,#2742,.F.);
#1422=ORIENTED_EDGE('',*,*,#2745,.F.);
#1423=ORIENTED_EDGE('',*,*,#2746,.T.);
#1424=ORIENTED_EDGE('',*,*,#2747,.T.);
#1425=ORIENTED_EDGE('',*,*,#2748,.T.);
#1426=ORIENTED_EDGE('',*,*,#2749,.T.);
#1427=ORIENTED_EDGE('',*,*,#2724,.F.);
#1428=ORIENTED_EDGE('',*,*,#2719,.F.);
#1429=ORIENTED_EDGE('',*,*,#2638,.F.);
#1430=ORIENTED_EDGE('',*,*,#2716,.F.);
#1431=ORIENTED_EDGE('',*,*,#2713,.F.);
#1432=ORIENTED_EDGE('',*,*,#2708,.F.);
#1433=ORIENTED_EDGE('',*,*,#2635,.F.);
#1434=ORIENTED_EDGE('',*,*,#2705,.F.);
#1435=ORIENTED_EDGE('',*,*,#2702,.F.);
#1436=ORIENTED_EDGE('',*,*,#2697,.F.);
#1437=ORIENTED_EDGE('',*,*,#2632,.F.);
#1438=ORIENTED_EDGE('',*,*,#2694,.F.);
#1439=ORIENTED_EDGE('',*,*,#2691,.F.);
#1440=ORIENTED_EDGE('',*,*,#2686,.F.);
#1441=ORIENTED_EDGE('',*,*,#2629,.F.);
#1442=ORIENTED_EDGE('',*,*,#2744,.F.);
#1443=ORIENTED_EDGE('',*,*,#2739,.F.);
#1444=ORIENTED_EDGE('',*,*,#2747,.F.);
#1445=ORIENTED_EDGE('',*,*,#2750,.T.);
#1446=ORIENTED_EDGE('',*,*,#2751,.F.);
#1447=ORIENTED_EDGE('',*,*,#2722,.F.);
#1448=ORIENTED_EDGE('',*,*,#2645,.F.);
#1449=ORIENTED_EDGE('',*,*,#2643,.T.);
#1450=ORIENTED_EDGE('',*,*,#2641,.F.);
#1451=ORIENTED_EDGE('',*,*,#2725,.F.);
#1452=ORIENTED_EDGE('',*,*,#2749,.F.);
#1453=ORIENTED_EDGE('',*,*,#2651,.T.);
#1454=ORIENTED_EDGE('',*,*,#2647,.T.);
#1455=ORIENTED_EDGE('',*,*,#2658,.T.);
#1456=ORIENTED_EDGE('',*,*,#2729,.T.);
#1457=ORIENTED_EDGE('',*,*,#2752,.F.);
#1458=ORIENTED_EDGE('',*,*,#2753,.T.);
#1459=ORIENTED_EDGE('',*,*,#2754,.F.);
#1460=ORIENTED_EDGE('',*,*,#2654,.T.);
#1461=ORIENTED_EDGE('',*,*,#2754,.T.);
#1462=ORIENTED_EDGE('',*,*,#2755,.T.);
#1463=ORIENTED_EDGE('',*,*,#2756,.F.);
#1464=ORIENTED_EDGE('',*,*,#2655,.T.);
#1465=ORIENTED_EDGE('',*,*,#2727,.T.);
#1466=ORIENTED_EDGE('',*,*,#2757,.T.);
#1467=ORIENTED_EDGE('',*,*,#2650,.T.);
#1468=ORIENTED_EDGE('',*,*,#2653,.T.);
#1469=ORIENTED_EDGE('',*,*,#2656,.T.);
#1470=ORIENTED_EDGE('',*,*,#2756,.T.);
#1471=ORIENTED_EDGE('',*,*,#2758,.T.);
#1472=ORIENTED_EDGE('',*,*,#2759,.F.);
#1473=ORIENTED_EDGE('',*,*,#2760,.F.);
#1474=ORIENTED_EDGE('',*,*,#2761,.T.);
#1475=ORIENTED_EDGE('',*,*,#2762,.F.);
#1476=ORIENTED_EDGE('',*,*,#2665,.T.);
#1477=ORIENTED_EDGE('',*,*,#2664,.T.);
#1478=ORIENTED_EDGE('',*,*,#2659,.T.);
#1479=ORIENTED_EDGE('',*,*,#2669,.T.);
#1480=ORIENTED_EDGE('',*,*,#2733,.T.);
#1481=ORIENTED_EDGE('',*,*,#2762,.T.);
#1482=ORIENTED_EDGE('',*,*,#2763,.T.);
#1483=ORIENTED_EDGE('',*,*,#2764,.F.);
#1484=ORIENTED_EDGE('',*,*,#2666,.T.);
#1485=ORIENTED_EDGE('',*,*,#2765,.T.);
#1486=ORIENTED_EDGE('',*,*,#2670,.T.);
#1487=ORIENTED_EDGE('',*,*,#2662,.T.);
#1488=ORIENTED_EDGE('',*,*,#2667,.T.);
#1489=ORIENTED_EDGE('',*,*,#2764,.T.);
#1490=ORIENTED_EDGE('',*,*,#2766,.T.);
#1491=ORIENTED_EDGE('',*,*,#2767,.F.);
#1492=ORIENTED_EDGE('',*,*,#2731,.T.);
#1493=ORIENTED_EDGE('',*,*,#2768,.F.);
#1494=ORIENTED_EDGE('',*,*,#2769,.T.);
#1495=ORIENTED_EDGE('',*,*,#2770,.F.);
#1496=ORIENTED_EDGE('',*,*,#2677,.T.);
#1497=ORIENTED_EDGE('',*,*,#2676,.T.);
#1498=ORIENTED_EDGE('',*,*,#2671,.T.);
#1499=ORIENTED_EDGE('',*,*,#2681,.T.);
#1500=ORIENTED_EDGE('',*,*,#2737,.T.);
#1501=ORIENTED_EDGE('',*,*,#2770,.T.);
#1502=ORIENTED_EDGE('',*,*,#2771,.T.);
#1503=ORIENTED_EDGE('',*,*,#2772,.F.);
#1504=ORIENTED_EDGE('',*,*,#2678,.T.);
#1505=ORIENTED_EDGE('',*,*,#2773,.T.);
#1506=ORIENTED_EDGE('',*,*,#2682,.T.);
#1507=ORIENTED_EDGE('',*,*,#2674,.T.);
#1508=ORIENTED_EDGE('',*,*,#2679,.T.);
#1509=ORIENTED_EDGE('',*,*,#2772,.T.);
#1510=ORIENTED_EDGE('',*,*,#2774,.T.);
#1511=ORIENTED_EDGE('',*,*,#2775,.F.);
#1512=ORIENTED_EDGE('',*,*,#2735,.T.);
#1513=ORIENTED_EDGE('',*,*,#2741,.T.);
#1514=ORIENTED_EDGE('',*,*,#2743,.T.);
#1515=ORIENTED_EDGE('',*,*,#2683,.T.);
#1516=ORIENTED_EDGE('',*,*,#2688,.T.);
#1517=ORIENTED_EDGE('',*,*,#2690,.T.);
#1518=ORIENTED_EDGE('',*,*,#2693,.T.);
#1519=ORIENTED_EDGE('',*,*,#2695,.T.);
#1520=ORIENTED_EDGE('',*,*,#2699,.T.);
#1521=ORIENTED_EDGE('',*,*,#2701,.T.);
#1522=ORIENTED_EDGE('',*,*,#2704,.T.);
#1523=ORIENTED_EDGE('',*,*,#2706,.T.);
#1524=ORIENTED_EDGE('',*,*,#2710,.T.);
#1525=ORIENTED_EDGE('',*,*,#2712,.T.);
#1526=ORIENTED_EDGE('',*,*,#2715,.T.);
#1527=ORIENTED_EDGE('',*,*,#2717,.T.);
#1528=ORIENTED_EDGE('',*,*,#2721,.T.);
#1529=ORIENTED_EDGE('',*,*,#2723,.T.);
#1530=ORIENTED_EDGE('',*,*,#2751,.T.);
#1531=ORIENTED_EDGE('',*,*,#2776,.T.);
#1532=ORIENTED_EDGE('',*,*,#2752,.T.);
#1533=ORIENTED_EDGE('',*,*,#2728,.T.);
#1534=ORIENTED_EDGE('',*,*,#2759,.T.);
#1535=ORIENTED_EDGE('',*,*,#2777,.T.);
#1536=ORIENTED_EDGE('',*,*,#2760,.T.);
#1537=ORIENTED_EDGE('',*,*,#2732,.T.);
#1538=ORIENTED_EDGE('',*,*,#2767,.T.);
#1539=ORIENTED_EDGE('',*,*,#2778,.T.);
#1540=ORIENTED_EDGE('',*,*,#2768,.T.);
#1541=ORIENTED_EDGE('',*,*,#2736,.T.);
#1542=ORIENTED_EDGE('',*,*,#2775,.T.);
#1543=ORIENTED_EDGE('',*,*,#2779,.T.);
#1544=ORIENTED_EDGE('',*,*,#2780,.T.);
#1545=ORIENTED_EDGE('',*,*,#2781,.T.);
#1546=ORIENTED_EDGE('',*,*,#2782,.T.);
#1547=ORIENTED_EDGE('',*,*,#2783,.T.);
#1548=ORIENTED_EDGE('',*,*,#2745,.T.);
#1549=ORIENTED_EDGE('',*,*,#2784,.F.);
#1550=ORIENTED_EDGE('',*,*,#2785,.T.);
#1551=ORIENTED_EDGE('',*,*,#2786,.F.);
#1552=ORIENTED_EDGE('',*,*,#2787,.T.);
#1553=ORIENTED_EDGE('',*,*,#2788,.F.);
#1554=ORIENTED_EDGE('',*,*,#2779,.F.);
#1555=ORIENTED_EDGE('',*,*,#2774,.F.);
#1556=ORIENTED_EDGE('',*,*,#2771,.F.);
#1557=ORIENTED_EDGE('',*,*,#2769,.F.);
#1558=ORIENTED_EDGE('',*,*,#2778,.F.);
#1559=ORIENTED_EDGE('',*,*,#2766,.F.);
#1560=ORIENTED_EDGE('',*,*,#2763,.F.);
#1561=ORIENTED_EDGE('',*,*,#2761,.F.);
#1562=ORIENTED_EDGE('',*,*,#2777,.F.);
#1563=ORIENTED_EDGE('',*,*,#2758,.F.);
#1564=ORIENTED_EDGE('',*,*,#2755,.F.);
#1565=ORIENTED_EDGE('',*,*,#2753,.F.);
#1566=ORIENTED_EDGE('',*,*,#2776,.F.);
#1567=ORIENTED_EDGE('',*,*,#2750,.F.);
#1568=ORIENTED_EDGE('',*,*,#2748,.F.);
#1569=ORIENTED_EDGE('',*,*,#2746,.F.);
#1570=ORIENTED_EDGE('',*,*,#2783,.F.);
#1571=ORIENTED_EDGE('',*,*,#2789,.F.);
#1572=ORIENTED_EDGE('',*,*,#2785,.F.);
#1573=ORIENTED_EDGE('',*,*,#2790,.T.);
#1574=ORIENTED_EDGE('',*,*,#2791,.T.);
#1575=ORIENTED_EDGE('',*,*,#2792,.F.);
#1576=ORIENTED_EDGE('',*,*,#2781,.F.);
#1577=ORIENTED_EDGE('',*,*,#2793,.F.);
#1578=ORIENTED_EDGE('',*,*,#2794,.F.);
#1579=ORIENTED_EDGE('',*,*,#2795,.F.);
#1580=ORIENTED_EDGE('',*,*,#2787,.F.);
#1581=ORIENTED_EDGE('',*,*,#2796,.F.);
#1582=ORIENTED_EDGE('',*,*,#2780,.F.);
#1583=ORIENTED_EDGE('',*,*,#2788,.T.);
#1584=ORIENTED_EDGE('',*,*,#2784,.T.);
#1585=ORIENTED_EDGE('',*,*,#2795,.T.);
#1586=ORIENTED_EDGE('',*,*,#2797,.T.);
#1587=ORIENTED_EDGE('',*,*,#2798,.T.);
#1588=ORIENTED_EDGE('',*,*,#2799,.T.);
#1589=ORIENTED_EDGE('',*,*,#2793,.T.);
#1590=ORIENTED_EDGE('',*,*,#2800,.T.);
#1591=ORIENTED_EDGE('',*,*,#2790,.F.);
#1592=ORIENTED_EDGE('',*,*,#2799,.F.);
#1593=ORIENTED_EDGE('',*,*,#2801,.T.);
#1594=ORIENTED_EDGE('',*,*,#2802,.T.);
#1595=ORIENTED_EDGE('',*,*,#2803,.T.);
#1596=ORIENTED_EDGE('',*,*,#2796,.T.);
#1597=ORIENTED_EDGE('',*,*,#2786,.T.);
#1598=ORIENTED_EDGE('',*,*,#2789,.T.);
#1599=ORIENTED_EDGE('',*,*,#2782,.F.);
#1600=ORIENTED_EDGE('',*,*,#2792,.T.);
#1601=ORIENTED_EDGE('',*,*,#2794,.T.);
#1602=ORIENTED_EDGE('',*,*,#2803,.F.);
#1603=ORIENTED_EDGE('',*,*,#2804,.T.);
#1604=ORIENTED_EDGE('',*,*,#2805,.T.);
#1605=ORIENTED_EDGE('',*,*,#2797,.F.);
#1606=ORIENTED_EDGE('',*,*,#2798,.F.);
#1607=ORIENTED_EDGE('',*,*,#2805,.F.);
#1608=ORIENTED_EDGE('',*,*,#2806,.T.);
#1609=ORIENTED_EDGE('',*,*,#2807,.T.);
#1610=ORIENTED_EDGE('',*,*,#2804,.F.);
#1611=ORIENTED_EDGE('',*,*,#2802,.F.);
#1612=ORIENTED_EDGE('',*,*,#2808,.T.);
#1613=ORIENTED_EDGE('',*,*,#2808,.F.);
#1614=ORIENTED_EDGE('',*,*,#2809,.F.);
#1615=ORIENTED_EDGE('',*,*,#2800,.F.);
#1616=ORIENTED_EDGE('',*,*,#2806,.F.);
#1617=ORIENTED_EDGE('',*,*,#2807,.F.);
#1618=ORIENTED_EDGE('',*,*,#2726,.T.);
#1619=ORIENTED_EDGE('',*,*,#2587,.T.);
#1620=ORIENTED_EDGE('',*,*,#2757,.F.);
#1621=ORIENTED_EDGE('',*,*,#2730,.T.);
#1622=ORIENTED_EDGE('',*,*,#2592,.T.);
#1623=ORIENTED_EDGE('',*,*,#2765,.F.);
#1624=ORIENTED_EDGE('',*,*,#2734,.T.);
#1625=ORIENTED_EDGE('',*,*,#2596,.T.);
#1626=ORIENTED_EDGE('',*,*,#2773,.F.);
#1627=ORIENTED_EDGE('',*,*,#2791,.F.);
#1628=ORIENTED_EDGE('',*,*,#2809,.T.);
#1629=ORIENTED_EDGE('',*,*,#2801,.F.);
#1630=ORIENTED_EDGE('',*,*,#2810,.F.);
#1631=ORIENTED_EDGE('',*,*,#2811,.T.);
#1632=ORIENTED_EDGE('',*,*,#2812,.T.);
#1633=ORIENTED_EDGE('',*,*,#2813,.T.);
#1634=ORIENTED_EDGE('',*,*,#2814,.F.);
#1635=ORIENTED_EDGE('',*,*,#2815,.T.);
#1636=ORIENTED_EDGE('',*,*,#2816,.T.);
#1637=ORIENTED_EDGE('',*,*,#2817,.T.);
#1638=ORIENTED_EDGE('',*,*,#2818,.F.);
#1639=ORIENTED_EDGE('',*,*,#2819,.T.);
#1640=ORIENTED_EDGE('',*,*,#2820,.T.);
#1641=ORIENTED_EDGE('',*,*,#2821,.T.);
#1642=ORIENTED_EDGE('',*,*,#2822,.F.);
#1643=ORIENTED_EDGE('',*,*,#2823,.T.);
#1644=ORIENTED_EDGE('',*,*,#2824,.F.);
#1645=ORIENTED_EDGE('',*,*,#2825,.T.);
#1646=ORIENTED_EDGE('',*,*,#2826,.F.);
#1647=ORIENTED_EDGE('',*,*,#2827,.T.);
#1648=ORIENTED_EDGE('',*,*,#2828,.T.);
#1649=ORIENTED_EDGE('',*,*,#2829,.T.);
#1650=ORIENTED_EDGE('',*,*,#2830,.F.);
#1651=ORIENTED_EDGE('',*,*,#2831,.T.);
#1652=ORIENTED_EDGE('',*,*,#2832,.T.);
#1653=ORIENTED_EDGE('',*,*,#2833,.T.);
#1654=ORIENTED_EDGE('',*,*,#2834,.F.);
#1655=ORIENTED_EDGE('',*,*,#2835,.T.);
#1656=ORIENTED_EDGE('',*,*,#2836,.F.);
#1657=ORIENTED_EDGE('',*,*,#2837,.T.);
#1658=ORIENTED_EDGE('',*,*,#2838,.F.);
#1659=ORIENTED_EDGE('',*,*,#2839,.T.);
#1660=ORIENTED_EDGE('',*,*,#2840,.F.);
#1661=ORIENTED_EDGE('',*,*,#2841,.T.);
#1662=ORIENTED_EDGE('',*,*,#2842,.F.);
#1663=ORIENTED_EDGE('',*,*,#2843,.T.);
#1664=ORIENTED_EDGE('',*,*,#2844,.T.);
#1665=ORIENTED_EDGE('',*,*,#2845,.F.);
#1666=ORIENTED_EDGE('',*,*,#2846,.T.);
#1667=ORIENTED_EDGE('',*,*,#2847,.T.);
#1668=ORIENTED_EDGE('',*,*,#2848,.T.);
#1669=ORIENTED_EDGE('',*,*,#2849,.T.);
#1670=ORIENTED_EDGE('',*,*,#2850,.F.);
#1671=ORIENTED_EDGE('',*,*,#2851,.T.);
#1672=ORIENTED_EDGE('',*,*,#2852,.F.);
#1673=ORIENTED_EDGE('',*,*,#2853,.T.);
#1674=ORIENTED_EDGE('',*,*,#2854,.F.);
#1675=ORIENTED_EDGE('',*,*,#2855,.T.);
#1676=ORIENTED_EDGE('',*,*,#2856,.F.);
#1677=ORIENTED_EDGE('',*,*,#2857,.F.);
#1678=ORIENTED_EDGE('',*,*,#2858,.T.);
#1679=ORIENTED_EDGE('',*,*,#2859,.T.);
#1680=ORIENTED_EDGE('',*,*,#2860,.T.);
#1681=ORIENTED_EDGE('',*,*,#2861,.F.);
#1682=ORIENTED_EDGE('',*,*,#2862,.T.);
#1683=ORIENTED_EDGE('',*,*,#2863,.T.);
#1684=ORIENTED_EDGE('',*,*,#2864,.T.);
#1685=ORIENTED_EDGE('',*,*,#2865,.T.);
#1686=ORIENTED_EDGE('',*,*,#2866,.F.);
#1687=ORIENTED_EDGE('',*,*,#2867,.T.);
#1688=ORIENTED_EDGE('',*,*,#2868,.F.);
#1689=ORIENTED_EDGE('',*,*,#2869,.T.);
#1690=ORIENTED_EDGE('',*,*,#2870,.F.);
#1691=ORIENTED_EDGE('',*,*,#2871,.T.);
#1692=ORIENTED_EDGE('',*,*,#2872,.T.);
#1693=ORIENTED_EDGE('',*,*,#2873,.T.);
#1694=ORIENTED_EDGE('',*,*,#2866,.T.);
#1695=ORIENTED_EDGE('',*,*,#2874,.T.);
#1696=ORIENTED_EDGE('',*,*,#2875,.F.);
#1697=ORIENTED_EDGE('',*,*,#2876,.F.);
#1698=ORIENTED_EDGE('',*,*,#2877,.T.);
#1699=ORIENTED_EDGE('',*,*,#2878,.T.);
#1700=ORIENTED_EDGE('',*,*,#2879,.T.);
#1701=ORIENTED_EDGE('',*,*,#2880,.T.);
#1702=ORIENTED_EDGE('',*,*,#2881,.F.);
#1703=ORIENTED_EDGE('',*,*,#2882,.T.);
#1704=ORIENTED_EDGE('',*,*,#2854,.T.);
#1705=ORIENTED_EDGE('',*,*,#2883,.T.);
#1706=ORIENTED_EDGE('',*,*,#2884,.F.);
#1707=ORIENTED_EDGE('',*,*,#2885,.F.);
#1708=ORIENTED_EDGE('',*,*,#2886,.T.);
#1709=ORIENTED_EDGE('',*,*,#2887,.T.);
#1710=ORIENTED_EDGE('',*,*,#2850,.T.);
#1711=ORIENTED_EDGE('',*,*,#2888,.T.);
#1712=ORIENTED_EDGE('',*,*,#2889,.F.);
#1713=ORIENTED_EDGE('',*,*,#2890,.F.);
#1714=ORIENTED_EDGE('',*,*,#2891,.T.);
#1715=ORIENTED_EDGE('',*,*,#2892,.T.);
#1716=ORIENTED_EDGE('',*,*,#2893,.T.);
#1717=ORIENTED_EDGE('',*,*,#2894,.T.);
#1718=ORIENTED_EDGE('',*,*,#2895,.F.);
#1719=ORIENTED_EDGE('',*,*,#2896,.T.);
#1720=ORIENTED_EDGE('',*,*,#2838,.T.);
#1721=ORIENTED_EDGE('',*,*,#2897,.F.);
#1722=ORIENTED_EDGE('',*,*,#2898,.T.);
#1723=ORIENTED_EDGE('',*,*,#2899,.T.);
#1724=ORIENTED_EDGE('',*,*,#2900,.T.);
#1725=ORIENTED_EDGE('',*,*,#2901,.T.);
#1726=ORIENTED_EDGE('',*,*,#2834,.T.);
#1727=ORIENTED_EDGE('',*,*,#2902,.T.);
#1728=ORIENTED_EDGE('',*,*,#2903,.F.);
#1729=ORIENTED_EDGE('',*,*,#2904,.T.);
#1730=ORIENTED_EDGE('',*,*,#2905,.F.);
#1731=ORIENTED_EDGE('',*,*,#2906,.F.);
#1732=ORIENTED_EDGE('',*,*,#2907,.T.);
#1733=ORIENTED_EDGE('',*,*,#2908,.T.);
#1734=ORIENTED_EDGE('',*,*,#2909,.F.);
#1735=ORIENTED_EDGE('',*,*,#2910,.T.);
#1736=ORIENTED_EDGE('',*,*,#2822,.T.);
#1737=ORIENTED_EDGE('',*,*,#2911,.F.);
#1738=ORIENTED_EDGE('',*,*,#2912,.T.);
#1739=ORIENTED_EDGE('',*,*,#2913,.T.);
#1740=ORIENTED_EDGE('',*,*,#2914,.T.);
#1741=ORIENTED_EDGE('',*,*,#2915,.T.);
#1742=ORIENTED_EDGE('',*,*,#2814,.T.);
#1743=ORIENTED_EDGE('',*,*,#2916,.T.);
#1744=ORIENTED_EDGE('',*,*,#2917,.F.);
#1745=ORIENTED_EDGE('',*,*,#2918,.F.);
#1746=ORIENTED_EDGE('',*,*,#2919,.T.);
#1747=ORIENTED_EDGE('',*,*,#2920,.T.);
#1748=ORIENTED_EDGE('',*,*,#2921,.T.);
#1749=ORIENTED_EDGE('',*,*,#2922,.F.);
#1750=ORIENTED_EDGE('',*,*,#2923,.T.);
#1751=ORIENTED_EDGE('',*,*,#2924,.T.);
#1752=ORIENTED_EDGE('',*,*,#2925,.T.);
#1753=ORIENTED_EDGE('',*,*,#2926,.T.);
#1754=ORIENTED_EDGE('',*,*,#2927,.F.);
#1755=ORIENTED_EDGE('',*,*,#2928,.T.);
#1756=ORIENTED_EDGE('',*,*,#2870,.T.);
#1757=ORIENTED_EDGE('',*,*,#2929,.F.);
#1758=ORIENTED_EDGE('',*,*,#2930,.T.);
#1759=ORIENTED_EDGE('',*,*,#2931,.T.);
#1760=ORIENTED_EDGE('',*,*,#2810,.T.);
#1761=ORIENTED_EDGE('',*,*,#2932,.F.);
#1762=ORIENTED_EDGE('',*,*,#2929,.T.);
#1763=ORIENTED_EDGE('',*,*,#2933,.T.);
#1764=ORIENTED_EDGE('',*,*,#2811,.F.);
#1765=ORIENTED_EDGE('',*,*,#2934,.F.);
#1766=ORIENTED_EDGE('',*,*,#2935,.F.);
#1767=ORIENTED_EDGE('',*,*,#2936,.T.);
#1768=ORIENTED_EDGE('',*,*,#2937,.F.);
#1769=ORIENTED_EDGE('',*,*,#2812,.F.);
#1770=ORIENTED_EDGE('',*,*,#2938,.T.);
#1771=ORIENTED_EDGE('',*,*,#2939,.F.);
#1772=ORIENTED_EDGE('',*,*,#2940,.F.);
#1773=ORIENTED_EDGE('',*,*,#2941,.F.);
#1774=ORIENTED_EDGE('',*,*,#2942,.T.);
#1775=ORIENTED_EDGE('',*,*,#2943,.T.);
#1776=ORIENTED_EDGE('',*,*,#2943,.F.);
#1777=ORIENTED_EDGE('',*,*,#2913,.F.);
#1778=ORIENTED_EDGE('',*,*,#2944,.F.);
#1779=ORIENTED_EDGE('',*,*,#2945,.F.);
#1780=ORIENTED_EDGE('',*,*,#2946,.F.);
#1781=ORIENTED_EDGE('',*,*,#2816,.F.);
#1782=ORIENTED_EDGE('',*,*,#2947,.F.);
#1783=ORIENTED_EDGE('',*,*,#2948,.F.);
#1784=ORIENTED_EDGE('',*,*,#2947,.T.);
#1785=ORIENTED_EDGE('',*,*,#2815,.F.);
#1786=ORIENTED_EDGE('',*,*,#2915,.F.);
#1787=ORIENTED_EDGE('',*,*,#2949,.F.);
#1788=ORIENTED_EDGE('',*,*,#2950,.F.);
#1789=ORIENTED_EDGE('',*,*,#2917,.T.);
#1790=ORIENTED_EDGE('',*,*,#2951,.T.);
#1791=ORIENTED_EDGE('',*,*,#2939,.T.);
#1792=ORIENTED_EDGE('',*,*,#2952,.T.);
#1793=ORIENTED_EDGE('',*,*,#2818,.T.);
#1794=ORIENTED_EDGE('',*,*,#2953,.T.);
#1795=ORIENTED_EDGE('',*,*,#2954,.F.);
#1796=ORIENTED_EDGE('',*,*,#2820,.F.);
#1797=ORIENTED_EDGE('',*,*,#2955,.T.);
#1798=ORIENTED_EDGE('',*,*,#2956,.F.);
#1799=ORIENTED_EDGE('',*,*,#2953,.F.);
#1800=ORIENTED_EDGE('',*,*,#2957,.T.);
#1801=ORIENTED_EDGE('',*,*,#2958,.F.);
#1802=ORIENTED_EDGE('',*,*,#2958,.T.);
#1803=ORIENTED_EDGE('',*,*,#2959,.T.);
#1804=ORIENTED_EDGE('',*,*,#2960,.F.);
#1805=ORIENTED_EDGE('',*,*,#2961,.F.);
#1806=ORIENTED_EDGE('',*,*,#2914,.F.);
#1807=ORIENTED_EDGE('',*,*,#2942,.F.);
#1808=ORIENTED_EDGE('',*,*,#2962,.T.);
#1809=ORIENTED_EDGE('',*,*,#2963,.T.);
#1810=ORIENTED_EDGE('',*,*,#2963,.F.);
#1811=ORIENTED_EDGE('',*,*,#2964,.F.);
#1812=ORIENTED_EDGE('',*,*,#2965,.T.);
#1813=ORIENTED_EDGE('',*,*,#2966,.F.);
#1814=ORIENTED_EDGE('',*,*,#2966,.T.);
#1815=ORIENTED_EDGE('',*,*,#2967,.F.);
#1816=ORIENTED_EDGE('',*,*,#2968,.F.);
#1817=ORIENTED_EDGE('',*,*,#2911,.T.);
#1818=ORIENTED_EDGE('',*,*,#2969,.F.);
#1819=ORIENTED_EDGE('',*,*,#2970,.F.);
#1820=ORIENTED_EDGE('',*,*,#2971,.F.);
#1821=ORIENTED_EDGE('',*,*,#2824,.T.);
#1822=ORIENTED_EDGE('',*,*,#2971,.T.);
#1823=ORIENTED_EDGE('',*,*,#2972,.T.);
#1824=ORIENTED_EDGE('',*,*,#2908,.F.);
#1825=ORIENTED_EDGE('',*,*,#2821,.F.);
#1826=ORIENTED_EDGE('',*,*,#2973,.T.);
#1827=ORIENTED_EDGE('',*,*,#2974,.T.);
#1828=ORIENTED_EDGE('',*,*,#2975,.F.);
#1829=ORIENTED_EDGE('',*,*,#2976,.T.);
#1830=ORIENTED_EDGE('',*,*,#2977,.T.);
#1831=ORIENTED_EDGE('',*,*,#2973,.F.);
#1832=ORIENTED_EDGE('',*,*,#2978,.T.);
#1833=ORIENTED_EDGE('',*,*,#2979,.F.);
#1834=ORIENTED_EDGE('',*,*,#2979,.T.);
#1835=ORIENTED_EDGE('',*,*,#2980,.T.);
#1836=ORIENTED_EDGE('',*,*,#2828,.F.);
#1837=ORIENTED_EDGE('',*,*,#2981,.T.);
#1838=ORIENTED_EDGE('',*,*,#2982,.F.);
#1839=ORIENTED_EDGE('',*,*,#2909,.T.);
#1840=ORIENTED_EDGE('',*,*,#2983,.F.);
#1841=ORIENTED_EDGE('',*,*,#2826,.T.);
#1842=ORIENTED_EDGE('',*,*,#2984,.F.);
#1843=ORIENTED_EDGE('',*,*,#2985,.T.);
#1844=ORIENTED_EDGE('',*,*,#2904,.F.);
#1845=ORIENTED_EDGE('',*,*,#2986,.F.);
#1846=ORIENTED_EDGE('',*,*,#2987,.T.);
#1847=ORIENTED_EDGE('',*,*,#2988,.T.);
#1848=ORIENTED_EDGE('',*,*,#2989,.T.);
#1849=ORIENTED_EDGE('',*,*,#2990,.F.);
#1850=ORIENTED_EDGE('',*,*,#2985,.F.);
#1851=ORIENTED_EDGE('',*,*,#2991,.F.);
#1852=ORIENTED_EDGE('',*,*,#2992,.T.);
#1853=ORIENTED_EDGE('',*,*,#2905,.T.);
#1854=ORIENTED_EDGE('',*,*,#2990,.T.);
#1855=ORIENTED_EDGE('',*,*,#2992,.F.);
#1856=ORIENTED_EDGE('',*,*,#2993,.F.);
#1857=ORIENTED_EDGE('',*,*,#2994,.T.);
#1858=ORIENTED_EDGE('',*,*,#2995,.F.);
#1859=ORIENTED_EDGE('',*,*,#2995,.T.);
#1860=ORIENTED_EDGE('',*,*,#2996,.F.);
#1861=ORIENTED_EDGE('',*,*,#2997,.F.);
#1862=ORIENTED_EDGE('',*,*,#2906,.T.);
#1863=ORIENTED_EDGE('',*,*,#2998,.T.);
#1864=ORIENTED_EDGE('',*,*,#2999,.T.);
#1865=ORIENTED_EDGE('',*,*,#3000,.F.);
#1866=ORIENTED_EDGE('',*,*,#3001,.T.);
#1867=ORIENTED_EDGE('',*,*,#3002,.T.);
#1868=ORIENTED_EDGE('',*,*,#3003,.F.);
#1869=ORIENTED_EDGE('',*,*,#3004,.T.);
#1870=ORIENTED_EDGE('',*,*,#2998,.F.);
#1871=ORIENTED_EDGE('',*,*,#3003,.T.);
#1872=ORIENTED_EDGE('',*,*,#3005,.T.);
#1873=ORIENTED_EDGE('',*,*,#2832,.F.);
#1874=ORIENTED_EDGE('',*,*,#3006,.T.);
#1875=ORIENTED_EDGE('',*,*,#3007,.F.);
#1876=ORIENTED_EDGE('',*,*,#3008,.F.);
#1877=ORIENTED_EDGE('',*,*,#2830,.T.);
#1878=ORIENTED_EDGE('',*,*,#3009,.F.);
#1879=ORIENTED_EDGE('',*,*,#2903,.T.);
#1880=ORIENTED_EDGE('',*,*,#3010,.T.);
#1881=ORIENTED_EDGE('',*,*,#3011,.T.);
#1882=ORIENTED_EDGE('',*,*,#2835,.F.);
#1883=ORIENTED_EDGE('',*,*,#2901,.F.);
#1884=ORIENTED_EDGE('',*,*,#3011,.F.);
#1885=ORIENTED_EDGE('',*,*,#3012,.F.);
#1886=ORIENTED_EDGE('',*,*,#3013,.F.);
#1887=ORIENTED_EDGE('',*,*,#2836,.T.);
#1888=ORIENTED_EDGE('',*,*,#3014,.T.);
#1889=ORIENTED_EDGE('',*,*,#2899,.F.);
#1890=ORIENTED_EDGE('',*,*,#3015,.F.);
#1891=ORIENTED_EDGE('',*,*,#3016,.T.);
#1892=ORIENTED_EDGE('',*,*,#3017,.T.);
#1893=ORIENTED_EDGE('',*,*,#3018,.T.);
#1894=ORIENTED_EDGE('',*,*,#3019,.F.);
#1895=ORIENTED_EDGE('',*,*,#3014,.F.);
#1896=ORIENTED_EDGE('',*,*,#2900,.F.);
#1897=ORIENTED_EDGE('',*,*,#3019,.T.);
#1898=ORIENTED_EDGE('',*,*,#3020,.T.);
#1899=ORIENTED_EDGE('',*,*,#3021,.T.);
#1900=ORIENTED_EDGE('',*,*,#3021,.F.);
#1901=ORIENTED_EDGE('',*,*,#3022,.F.);
#1902=ORIENTED_EDGE('',*,*,#3023,.T.);
#1903=ORIENTED_EDGE('',*,*,#3024,.F.);
#1904=ORIENTED_EDGE('',*,*,#3024,.T.);
#1905=ORIENTED_EDGE('',*,*,#3025,.F.);
#1906=ORIENTED_EDGE('',*,*,#3026,.F.);
#1907=ORIENTED_EDGE('',*,*,#2897,.T.);
#1908=ORIENTED_EDGE('',*,*,#3027,.F.);
#1909=ORIENTED_EDGE('',*,*,#3028,.F.);
#1910=ORIENTED_EDGE('',*,*,#3029,.F.);
#1911=ORIENTED_EDGE('',*,*,#2840,.T.);
#1912=ORIENTED_EDGE('',*,*,#3029,.T.);
#1913=ORIENTED_EDGE('',*,*,#3030,.T.);
#1914=ORIENTED_EDGE('',*,*,#2894,.F.);
#1915=ORIENTED_EDGE('',*,*,#2837,.F.);
#1916=ORIENTED_EDGE('',*,*,#3031,.T.);
#1917=ORIENTED_EDGE('',*,*,#3032,.T.);
#1918=ORIENTED_EDGE('',*,*,#3033,.F.);
#1919=ORIENTED_EDGE('',*,*,#3034,.T.);
#1920=ORIENTED_EDGE('',*,*,#3035,.T.);
#1921=ORIENTED_EDGE('',*,*,#3036,.F.);
#1922=ORIENTED_EDGE('',*,*,#3037,.T.);
#1923=ORIENTED_EDGE('',*,*,#3031,.F.);
#1924=ORIENTED_EDGE('',*,*,#3036,.T.);
#1925=ORIENTED_EDGE('',*,*,#3038,.T.);
#1926=ORIENTED_EDGE('',*,*,#2844,.F.);
#1927=ORIENTED_EDGE('',*,*,#3039,.T.);
#1928=ORIENTED_EDGE('',*,*,#3040,.F.);
#1929=ORIENTED_EDGE('',*,*,#2895,.T.);
#1930=ORIENTED_EDGE('',*,*,#3041,.F.);
#1931=ORIENTED_EDGE('',*,*,#2842,.T.);
#1932=ORIENTED_EDGE('',*,*,#3042,.F.);
#1933=ORIENTED_EDGE('',*,*,#3043,.T.);
#1934=ORIENTED_EDGE('',*,*,#2892,.F.);
#1935=ORIENTED_EDGE('',*,*,#3044,.F.);
#1936=ORIENTED_EDGE('',*,*,#3045,.T.);
#1937=ORIENTED_EDGE('',*,*,#3046,.T.);
#1938=ORIENTED_EDGE('',*,*,#3047,.T.);
#1939=ORIENTED_EDGE('',*,*,#3048,.F.);
#1940=ORIENTED_EDGE('',*,*,#3043,.F.);
#1941=ORIENTED_EDGE('',*,*,#2893,.F.);
#1942=ORIENTED_EDGE('',*,*,#3048,.T.);
#1943=ORIENTED_EDGE('',*,*,#3049,.T.);
#1944=ORIENTED_EDGE('',*,*,#3050,.T.);
#1945=ORIENTED_EDGE('',*,*,#3050,.F.);
#1946=ORIENTED_EDGE('',*,*,#3051,.F.);
#1947=ORIENTED_EDGE('',*,*,#3052,.T.);
#1948=ORIENTED_EDGE('',*,*,#3053,.F.);
#1949=ORIENTED_EDGE('',*,*,#3053,.T.);
#1950=ORIENTED_EDGE('',*,*,#3054,.F.);
#1951=ORIENTED_EDGE('',*,*,#3055,.F.);
#1952=ORIENTED_EDGE('',*,*,#2890,.T.);
#1953=ORIENTED_EDGE('',*,*,#3056,.F.);
#1954=ORIENTED_EDGE('',*,*,#3057,.T.);
#1955=ORIENTED_EDGE('',*,*,#3058,.T.);
#1956=ORIENTED_EDGE('',*,*,#3059,.T.);
#1957=ORIENTED_EDGE('',*,*,#3060,.T.);
#1958=ORIENTED_EDGE('',*,*,#3061,.F.);
#1959=ORIENTED_EDGE('',*,*,#3062,.T.);
#1960=ORIENTED_EDGE('',*,*,#3058,.F.);
#1961=ORIENTED_EDGE('',*,*,#2845,.T.);
#1962=ORIENTED_EDGE('',*,*,#3063,.T.);
#1963=ORIENTED_EDGE('',*,*,#3061,.T.);
#1964=ORIENTED_EDGE('',*,*,#3064,.T.);
#1965=ORIENTED_EDGE('',*,*,#3065,.F.);
#1966=ORIENTED_EDGE('',*,*,#3066,.F.);
#1967=ORIENTED_EDGE('',*,*,#2847,.F.);
#1968=ORIENTED_EDGE('',*,*,#3067,.F.);
#1969=ORIENTED_EDGE('',*,*,#2889,.T.);
#1970=ORIENTED_EDGE('',*,*,#3068,.T.);
#1971=ORIENTED_EDGE('',*,*,#3069,.T.);
#1972=ORIENTED_EDGE('',*,*,#2851,.F.);
#1973=ORIENTED_EDGE('',*,*,#2887,.F.);
#1974=ORIENTED_EDGE('',*,*,#3069,.F.);
#1975=ORIENTED_EDGE('',*,*,#3070,.F.);
#1976=ORIENTED_EDGE('',*,*,#3071,.F.);
#1977=ORIENTED_EDGE('',*,*,#2852,.T.);
#1978=ORIENTED_EDGE('',*,*,#3072,.T.);
#1979=ORIENTED_EDGE('',*,*,#2883,.F.);
#1980=ORIENTED_EDGE('',*,*,#3073,.F.);
#1981=ORIENTED_EDGE('',*,*,#3074,.T.);
#1982=ORIENTED_EDGE('',*,*,#3075,.T.);
#1983=ORIENTED_EDGE('',*,*,#3076,.T.);
#1984=ORIENTED_EDGE('',*,*,#3077,.F.);
#1985=ORIENTED_EDGE('',*,*,#3072,.F.);
#1986=ORIENTED_EDGE('',*,*,#3078,.F.);
#1987=ORIENTED_EDGE('',*,*,#3079,.T.);
#1988=ORIENTED_EDGE('',*,*,#2884,.T.);
#1989=ORIENTED_EDGE('',*,*,#3077,.T.);
#1990=ORIENTED_EDGE('',*,*,#3079,.F.);
#1991=ORIENTED_EDGE('',*,*,#3080,.F.);
#1992=ORIENTED_EDGE('',*,*,#3081,.T.);
#1993=ORIENTED_EDGE('',*,*,#3082,.F.);
#1994=ORIENTED_EDGE('',*,*,#3082,.T.);
#1995=ORIENTED_EDGE('',*,*,#3083,.F.);
#1996=ORIENTED_EDGE('',*,*,#3084,.F.);
#1997=ORIENTED_EDGE('',*,*,#2885,.T.);
#1998=ORIENTED_EDGE('',*,*,#3085,.F.);
#1999=ORIENTED_EDGE('',*,*,#3086,.F.);
#2000=ORIENTED_EDGE('',*,*,#3087,.F.);
#2001=ORIENTED_EDGE('',*,*,#2856,.T.);
#2002=ORIENTED_EDGE('',*,*,#3087,.T.);
#2003=ORIENTED_EDGE('',*,*,#3088,.T.);
#2004=ORIENTED_EDGE('',*,*,#2880,.F.);
#2005=ORIENTED_EDGE('',*,*,#2853,.F.);
#2006=ORIENTED_EDGE('',*,*,#3089,.F.);
#2007=ORIENTED_EDGE('',*,*,#3090,.T.);
#2008=ORIENTED_EDGE('',*,*,#3091,.T.);
#2009=ORIENTED_EDGE('',*,*,#3092,.T.);
#2010=ORIENTED_EDGE('',*,*,#3093,.T.);
#2011=ORIENTED_EDGE('',*,*,#3094,.F.);
#2012=ORIENTED_EDGE('',*,*,#3095,.T.);
#2013=ORIENTED_EDGE('',*,*,#3091,.F.);
#2014=ORIENTED_EDGE('',*,*,#2857,.T.);
#2015=ORIENTED_EDGE('',*,*,#3096,.T.);
#2016=ORIENTED_EDGE('',*,*,#3094,.T.);
#2017=ORIENTED_EDGE('',*,*,#3097,.T.);
#2018=ORIENTED_EDGE('',*,*,#3098,.F.);
#2019=ORIENTED_EDGE('',*,*,#2881,.T.);
#2020=ORIENTED_EDGE('',*,*,#3099,.F.);
#2021=ORIENTED_EDGE('',*,*,#2859,.F.);
#2022=ORIENTED_EDGE('',*,*,#3100,.F.);
#2023=ORIENTED_EDGE('',*,*,#3101,.T.);
#2024=ORIENTED_EDGE('',*,*,#2878,.F.);
#2025=ORIENTED_EDGE('',*,*,#3102,.F.);
#2026=ORIENTED_EDGE('',*,*,#3103,.T.);
#2027=ORIENTED_EDGE('',*,*,#3104,.T.);
#2028=ORIENTED_EDGE('',*,*,#3105,.T.);
#2029=ORIENTED_EDGE('',*,*,#3106,.F.);
#2030=ORIENTED_EDGE('',*,*,#3101,.F.);
#2031=ORIENTED_EDGE('',*,*,#2879,.F.);
#2032=ORIENTED_EDGE('',*,*,#3106,.T.);
#2033=ORIENTED_EDGE('',*,*,#3107,.T.);
#2034=ORIENTED_EDGE('',*,*,#3108,.T.);
#2035=ORIENTED_EDGE('',*,*,#3108,.F.);
#2036=ORIENTED_EDGE('',*,*,#3109,.F.);
#2037=ORIENTED_EDGE('',*,*,#3110,.T.);
#2038=ORIENTED_EDGE('',*,*,#3111,.F.);
#2039=ORIENTED_EDGE('',*,*,#3111,.T.);
#2040=ORIENTED_EDGE('',*,*,#3112,.F.);
#2041=ORIENTED_EDGE('',*,*,#3113,.F.);
#2042=ORIENTED_EDGE('',*,*,#2876,.T.);
#2043=ORIENTED_EDGE('',*,*,#3114,.F.);
#2044=ORIENTED_EDGE('',*,*,#3115,.T.);
#2045=ORIENTED_EDGE('',*,*,#3116,.T.);
#2046=ORIENTED_EDGE('',*,*,#3117,.T.);
#2047=ORIENTED_EDGE('',*,*,#3118,.T.);
#2048=ORIENTED_EDGE('',*,*,#3116,.F.);
#2049=ORIENTED_EDGE('',*,*,#3119,.T.);
#2050=ORIENTED_EDGE('',*,*,#3120,.F.);
#2051=ORIENTED_EDGE('',*,*,#2861,.T.);
#2052=ORIENTED_EDGE('',*,*,#3121,.T.);
#2053=ORIENTED_EDGE('',*,*,#3120,.T.);
#2054=ORIENTED_EDGE('',*,*,#3122,.T.);
#2055=ORIENTED_EDGE('',*,*,#3123,.F.);
#2056=ORIENTED_EDGE('',*,*,#3124,.F.);
#2057=ORIENTED_EDGE('',*,*,#2863,.F.);
#2058=ORIENTED_EDGE('',*,*,#3125,.F.);
#2059=ORIENTED_EDGE('',*,*,#2875,.T.);
#2060=ORIENTED_EDGE('',*,*,#3126,.T.);
#2061=ORIENTED_EDGE('',*,*,#3127,.T.);
#2062=ORIENTED_EDGE('',*,*,#2867,.F.);
#2063=ORIENTED_EDGE('',*,*,#2873,.F.);
#2064=ORIENTED_EDGE('',*,*,#3127,.F.);
#2065=ORIENTED_EDGE('',*,*,#3128,.F.);
#2066=ORIENTED_EDGE('',*,*,#3129,.F.);
#2067=ORIENTED_EDGE('',*,*,#2868,.T.);
#2068=ORIENTED_EDGE('',*,*,#3130,.T.);
#2069=ORIENTED_EDGE('',*,*,#2920,.F.);
#2070=ORIENTED_EDGE('',*,*,#3131,.F.);
#2071=ORIENTED_EDGE('',*,*,#3132,.T.);
#2072=ORIENTED_EDGE('',*,*,#3133,.T.);
#2073=ORIENTED_EDGE('',*,*,#3134,.T.);
#2074=ORIENTED_EDGE('',*,*,#3135,.F.);
#2075=ORIENTED_EDGE('',*,*,#3130,.F.);
#2076=ORIENTED_EDGE('',*,*,#2921,.F.);
#2077=ORIENTED_EDGE('',*,*,#3135,.T.);
#2078=ORIENTED_EDGE('',*,*,#3136,.T.);
#2079=ORIENTED_EDGE('',*,*,#3137,.F.);
#2080=ORIENTED_EDGE('',*,*,#2926,.F.);
#2081=ORIENTED_EDGE('',*,*,#2869,.F.);
#2082=ORIENTED_EDGE('',*,*,#3138,.T.);
#2083=ORIENTED_EDGE('',*,*,#3139,.F.);
#2084=ORIENTED_EDGE('',*,*,#3138,.F.);
#2085=ORIENTED_EDGE('',*,*,#2872,.F.);
#2086=ORIENTED_EDGE('',*,*,#3140,.F.);
#2087=ORIENTED_EDGE('',*,*,#3141,.F.);
#2088=ORIENTED_EDGE('',*,*,#2937,.T.);
#2089=ORIENTED_EDGE('',*,*,#2951,.F.);
#2090=ORIENTED_EDGE('',*,*,#2916,.F.);
#2091=ORIENTED_EDGE('',*,*,#2813,.F.);
#2092=ORIENTED_EDGE('',*,*,#2946,.T.);
#2093=ORIENTED_EDGE('',*,*,#3142,.F.);
#2094=ORIENTED_EDGE('',*,*,#2944,.T.);
#2095=ORIENTED_EDGE('',*,*,#2912,.F.);
#2096=ORIENTED_EDGE('',*,*,#2968,.T.);
#2097=ORIENTED_EDGE('',*,*,#3143,.T.);
#2098=ORIENTED_EDGE('',*,*,#2969,.T.);
#2099=ORIENTED_EDGE('',*,*,#2823,.F.);
#2100=ORIENTED_EDGE('',*,*,#2910,.F.);
#2101=ORIENTED_EDGE('',*,*,#2982,.T.);
#2102=ORIENTED_EDGE('',*,*,#3144,.T.);
#2103=ORIENTED_EDGE('',*,*,#2986,.T.);
#2104=ORIENTED_EDGE('',*,*,#2907,.F.);
#2105=ORIENTED_EDGE('',*,*,#2997,.T.);
#2106=ORIENTED_EDGE('',*,*,#3145,.T.);
#2107=ORIENTED_EDGE('',*,*,#3007,.T.);
#2108=ORIENTED_EDGE('',*,*,#2902,.F.);
#2109=ORIENTED_EDGE('',*,*,#2833,.F.);
#2110=ORIENTED_EDGE('',*,*,#3013,.T.);
#2111=ORIENTED_EDGE('',*,*,#3146,.T.);
#2112=ORIENTED_EDGE('',*,*,#3015,.T.);
#2113=ORIENTED_EDGE('',*,*,#2898,.F.);
#2114=ORIENTED_EDGE('',*,*,#3026,.T.);
#2115=ORIENTED_EDGE('',*,*,#3147,.T.);
#2116=ORIENTED_EDGE('',*,*,#3027,.T.);
#2117=ORIENTED_EDGE('',*,*,#2839,.F.);
#2118=ORIENTED_EDGE('',*,*,#2896,.F.);
#2119=ORIENTED_EDGE('',*,*,#3040,.T.);
#2120=ORIENTED_EDGE('',*,*,#3148,.T.);
#2121=ORIENTED_EDGE('',*,*,#3044,.T.);
#2122=ORIENTED_EDGE('',*,*,#2891,.F.);
#2123=ORIENTED_EDGE('',*,*,#3055,.T.);
#2124=ORIENTED_EDGE('',*,*,#3149,.T.);
#2125=ORIENTED_EDGE('',*,*,#3065,.T.);
#2126=ORIENTED_EDGE('',*,*,#2888,.F.);
#2127=ORIENTED_EDGE('',*,*,#2849,.F.);
#2128=ORIENTED_EDGE('',*,*,#3071,.T.);
#2129=ORIENTED_EDGE('',*,*,#3150,.T.);
#2130=ORIENTED_EDGE('',*,*,#3073,.T.);
#2131=ORIENTED_EDGE('',*,*,#2886,.F.);
#2132=ORIENTED_EDGE('',*,*,#3084,.T.);
#2133=ORIENTED_EDGE('',*,*,#3151,.T.);
#2134=ORIENTED_EDGE('',*,*,#3085,.T.);
#2135=ORIENTED_EDGE('',*,*,#2855,.F.);
#2136=ORIENTED_EDGE('',*,*,#2882,.F.);
#2137=ORIENTED_EDGE('',*,*,#3098,.T.);
#2138=ORIENTED_EDGE('',*,*,#3152,.T.);
#2139=ORIENTED_EDGE('',*,*,#3102,.T.);
#2140=ORIENTED_EDGE('',*,*,#2877,.F.);
#2141=ORIENTED_EDGE('',*,*,#3113,.T.);
#2142=ORIENTED_EDGE('',*,*,#3153,.T.);
#2143=ORIENTED_EDGE('',*,*,#3123,.T.);
#2144=ORIENTED_EDGE('',*,*,#2874,.F.);
#2145=ORIENTED_EDGE('',*,*,#2865,.F.);
#2146=ORIENTED_EDGE('',*,*,#3129,.T.);
#2147=ORIENTED_EDGE('',*,*,#3154,.T.);
#2148=ORIENTED_EDGE('',*,*,#3131,.T.);
#2149=ORIENTED_EDGE('',*,*,#2919,.F.);
#2150=ORIENTED_EDGE('',*,*,#3155,.T.);
#2151=ORIENTED_EDGE('',*,*,#3156,.F.);
#2152=ORIENTED_EDGE('',*,*,#3140,.T.);
#2153=ORIENTED_EDGE('',*,*,#2871,.F.);
#2154=ORIENTED_EDGE('',*,*,#2928,.F.);
#2155=ORIENTED_EDGE('',*,*,#3157,.F.);
#2156=ORIENTED_EDGE('',*,*,#3158,.T.);
#2157=ORIENTED_EDGE('',*,*,#2932,.T.);
#2158=ORIENTED_EDGE('',*,*,#3159,.F.);
#2159=ORIENTED_EDGE('',*,*,#3160,.T.);
#2160=ORIENTED_EDGE('',*,*,#3155,.F.);
#2161=ORIENTED_EDGE('',*,*,#2918,.T.);
#2162=ORIENTED_EDGE('',*,*,#3137,.T.);
#2163=ORIENTED_EDGE('',*,*,#3161,.T.);
#2164=ORIENTED_EDGE('',*,*,#3162,.F.);
#2165=ORIENTED_EDGE('',*,*,#3159,.T.);
#2166=ORIENTED_EDGE('',*,*,#3163,.F.);
#2167=ORIENTED_EDGE('',*,*,#3164,.T.);
#2168=ORIENTED_EDGE('',*,*,#3165,.T.);
#2169=ORIENTED_EDGE('',*,*,#3166,.F.);
#2170=ORIENTED_EDGE('',*,*,#3167,.T.);
#2171=ORIENTED_EDGE('',*,*,#3168,.F.);
#2172=ORIENTED_EDGE('',*,*,#3169,.F.);
#2173=ORIENTED_EDGE('',*,*,#3165,.F.);
#2174=ORIENTED_EDGE('',*,*,#2922,.T.);
#2175=ORIENTED_EDGE('',*,*,#3170,.F.);
#2176=ORIENTED_EDGE('',*,*,#3168,.T.);
#2177=ORIENTED_EDGE('',*,*,#3171,.T.);
#2178=ORIENTED_EDGE('',*,*,#3172,.T.);
#2179=ORIENTED_EDGE('',*,*,#3157,.T.);
#2180=ORIENTED_EDGE('',*,*,#2927,.T.);
#2181=ORIENTED_EDGE('',*,*,#3173,.T.);
#2182=ORIENTED_EDGE('',*,*,#2924,.F.);
#2183=ORIENTED_EDGE('',*,*,#3174,.F.);
#2184=ORIENTED_EDGE('',*,*,#3175,.F.);
#2185=ORIENTED_EDGE('',*,*,#2930,.F.);
#2186=ORIENTED_EDGE('',*,*,#3158,.F.);
#2187=ORIENTED_EDGE('',*,*,#3172,.F.);
#2188=ORIENTED_EDGE('',*,*,#2931,.F.);
#2189=ORIENTED_EDGE('',*,*,#3176,.F.);
#2190=ORIENTED_EDGE('',*,*,#3177,.F.);
#2191=ORIENTED_EDGE('',*,*,#3178,.T.);
#2192=ORIENTED_EDGE('',*,*,#3177,.T.);
#2193=ORIENTED_EDGE('',*,*,#3179,.T.);
#2194=ORIENTED_EDGE('',*,*,#3180,.T.);
#2195=ORIENTED_EDGE('',*,*,#3181,.F.);
#2196=ORIENTED_EDGE('',*,*,#2933,.F.);
#2197=ORIENTED_EDGE('',*,*,#3178,.F.);
#2198=ORIENTED_EDGE('',*,*,#3182,.F.);
#2199=ORIENTED_EDGE('',*,*,#2934,.T.);
#2200=ORIENTED_EDGE('',*,*,#2935,.T.);
#2201=ORIENTED_EDGE('',*,*,#3183,.F.);
#2202=ORIENTED_EDGE('',*,*,#3184,.T.);
#2203=ORIENTED_EDGE('',*,*,#3185,.T.);
#2204=ORIENTED_EDGE('',*,*,#2938,.F.);
#2205=ORIENTED_EDGE('',*,*,#2936,.F.);
#2206=ORIENTED_EDGE('',*,*,#3185,.F.);
#2207=ORIENTED_EDGE('',*,*,#3186,.F.);
#2208=ORIENTED_EDGE('',*,*,#3187,.T.);
#2209=ORIENTED_EDGE('',*,*,#3188,.F.);
#2210=ORIENTED_EDGE('',*,*,#2959,.F.);
#2211=ORIENTED_EDGE('',*,*,#2957,.F.);
#2212=ORIENTED_EDGE('',*,*,#2955,.F.);
#2213=ORIENTED_EDGE('',*,*,#2819,.F.);
#2214=ORIENTED_EDGE('',*,*,#2952,.F.);
#2215=ORIENTED_EDGE('',*,*,#3188,.T.);
#2216=ORIENTED_EDGE('',*,*,#3189,.T.);
#2217=ORIENTED_EDGE('',*,*,#3190,.F.);
#2218=ORIENTED_EDGE('',*,*,#2960,.T.);
#2219=ORIENTED_EDGE('',*,*,#2956,.T.);
#2220=ORIENTED_EDGE('',*,*,#2961,.T.);
#2221=ORIENTED_EDGE('',*,*,#3190,.T.);
#2222=ORIENTED_EDGE('',*,*,#3191,.T.);
#2223=ORIENTED_EDGE('',*,*,#3192,.F.);
#2224=ORIENTED_EDGE('',*,*,#2940,.T.);
#2225=ORIENTED_EDGE('',*,*,#2945,.T.);
#2226=ORIENTED_EDGE('',*,*,#3142,.T.);
#2227=ORIENTED_EDGE('',*,*,#2948,.T.);
#2228=ORIENTED_EDGE('',*,*,#2949,.T.);
#2229=ORIENTED_EDGE('',*,*,#2950,.T.);
#2230=ORIENTED_EDGE('',*,*,#2817,.F.);
#2231=ORIENTED_EDGE('',*,*,#2954,.T.);
#2232=ORIENTED_EDGE('',*,*,#3193,.F.);
#2233=ORIENTED_EDGE('',*,*,#2941,.T.);
#2234=ORIENTED_EDGE('',*,*,#3192,.T.);
#2235=ORIENTED_EDGE('',*,*,#3194,.F.);
#2236=ORIENTED_EDGE('',*,*,#3195,.T.);
#2237=ORIENTED_EDGE('',*,*,#3196,.F.);
#2238=ORIENTED_EDGE('',*,*,#2962,.F.);
#2239=ORIENTED_EDGE('',*,*,#3193,.T.);
#2240=ORIENTED_EDGE('',*,*,#3197,.F.);
#2241=ORIENTED_EDGE('',*,*,#2964,.T.);
#2242=ORIENTED_EDGE('',*,*,#3196,.T.);
#2243=ORIENTED_EDGE('',*,*,#3198,.F.);
#2244=ORIENTED_EDGE('',*,*,#3199,.F.);
#2245=ORIENTED_EDGE('',*,*,#2974,.F.);
#2246=ORIENTED_EDGE('',*,*,#2977,.F.);
#2247=ORIENTED_EDGE('',*,*,#2981,.F.);
#2248=ORIENTED_EDGE('',*,*,#2827,.F.);
#2249=ORIENTED_EDGE('',*,*,#2983,.T.);
#2250=ORIENTED_EDGE('',*,*,#2972,.F.);
#2251=ORIENTED_EDGE('',*,*,#2970,.T.);
#2252=ORIENTED_EDGE('',*,*,#3143,.F.);
#2253=ORIENTED_EDGE('',*,*,#2967,.T.);
#2254=ORIENTED_EDGE('',*,*,#2965,.F.);
#2255=ORIENTED_EDGE('',*,*,#3197,.T.);
#2256=ORIENTED_EDGE('',*,*,#3200,.T.);
#2257=ORIENTED_EDGE('',*,*,#3199,.T.);
#2258=ORIENTED_EDGE('',*,*,#3201,.T.);
#2259=ORIENTED_EDGE('',*,*,#3202,.T.);
#2260=ORIENTED_EDGE('',*,*,#2975,.T.);
#2261=ORIENTED_EDGE('',*,*,#3203,.T.);
#2262=ORIENTED_EDGE('',*,*,#3204,.F.);
#2263=ORIENTED_EDGE('',*,*,#2988,.F.);
#2264=ORIENTED_EDGE('',*,*,#2987,.F.);
#2265=ORIENTED_EDGE('',*,*,#3144,.F.);
#2266=ORIENTED_EDGE('',*,*,#2984,.T.);
#2267=ORIENTED_EDGE('',*,*,#2825,.F.);
#2268=ORIENTED_EDGE('',*,*,#2980,.F.);
#2269=ORIENTED_EDGE('',*,*,#2978,.F.);
#2270=ORIENTED_EDGE('',*,*,#2976,.F.);
#2271=ORIENTED_EDGE('',*,*,#3202,.F.);
#2272=ORIENTED_EDGE('',*,*,#3205,.F.);
#2273=ORIENTED_EDGE('',*,*,#2989,.F.);
#2274=ORIENTED_EDGE('',*,*,#3204,.T.);
#2275=ORIENTED_EDGE('',*,*,#3206,.F.);
#2276=ORIENTED_EDGE('',*,*,#3207,.T.);
#2277=ORIENTED_EDGE('',*,*,#3208,.F.);
#2278=ORIENTED_EDGE('',*,*,#2991,.T.);
#2279=ORIENTED_EDGE('',*,*,#3205,.T.);
#2280=ORIENTED_EDGE('',*,*,#3209,.F.);
#2281=ORIENTED_EDGE('',*,*,#2993,.T.);
#2282=ORIENTED_EDGE('',*,*,#3208,.T.);
#2283=ORIENTED_EDGE('',*,*,#3210,.F.);
#2284=ORIENTED_EDGE('',*,*,#3211,.F.);
#2285=ORIENTED_EDGE('',*,*,#2999,.F.);
#2286=ORIENTED_EDGE('',*,*,#3004,.F.);
#2287=ORIENTED_EDGE('',*,*,#3006,.F.);
#2288=ORIENTED_EDGE('',*,*,#2831,.F.);
#2289=ORIENTED_EDGE('',*,*,#3008,.T.);
#2290=ORIENTED_EDGE('',*,*,#3145,.F.);
#2291=ORIENTED_EDGE('',*,*,#2996,.T.);
#2292=ORIENTED_EDGE('',*,*,#2994,.F.);
#2293=ORIENTED_EDGE('',*,*,#3209,.T.);
#2294=ORIENTED_EDGE('',*,*,#3212,.T.);
#2295=ORIENTED_EDGE('',*,*,#3211,.T.);
#2296=ORIENTED_EDGE('',*,*,#3213,.T.);
#2297=ORIENTED_EDGE('',*,*,#3214,.T.);
#2298=ORIENTED_EDGE('',*,*,#3000,.T.);
#2299=ORIENTED_EDGE('',*,*,#3215,.T.);
#2300=ORIENTED_EDGE('',*,*,#3216,.F.);
#2301=ORIENTED_EDGE('',*,*,#3017,.F.);
#2302=ORIENTED_EDGE('',*,*,#3016,.F.);
#2303=ORIENTED_EDGE('',*,*,#3146,.F.);
#2304=ORIENTED_EDGE('',*,*,#3012,.T.);
#2305=ORIENTED_EDGE('',*,*,#3010,.F.);
#2306=ORIENTED_EDGE('',*,*,#3009,.T.);
#2307=ORIENTED_EDGE('',*,*,#2829,.F.);
#2308=ORIENTED_EDGE('',*,*,#3005,.F.);
#2309=ORIENTED_EDGE('',*,*,#3002,.F.);
#2310=ORIENTED_EDGE('',*,*,#3001,.F.);
#2311=ORIENTED_EDGE('',*,*,#3214,.F.);
#2312=ORIENTED_EDGE('',*,*,#3217,.F.);
#2313=ORIENTED_EDGE('',*,*,#3018,.F.);
#2314=ORIENTED_EDGE('',*,*,#3216,.T.);
#2315=ORIENTED_EDGE('',*,*,#3218,.F.);
#2316=ORIENTED_EDGE('',*,*,#3219,.T.);
#2317=ORIENTED_EDGE('',*,*,#3220,.F.);
#2318=ORIENTED_EDGE('',*,*,#3020,.F.);
#2319=ORIENTED_EDGE('',*,*,#3217,.T.);
#2320=ORIENTED_EDGE('',*,*,#3221,.F.);
#2321=ORIENTED_EDGE('',*,*,#3022,.T.);
#2322=ORIENTED_EDGE('',*,*,#3220,.T.);
#2323=ORIENTED_EDGE('',*,*,#3222,.F.);
#2324=ORIENTED_EDGE('',*,*,#3223,.F.);
#2325=ORIENTED_EDGE('',*,*,#3032,.F.);
#2326=ORIENTED_EDGE('',*,*,#3037,.F.);
#2327=ORIENTED_EDGE('',*,*,#3039,.F.);
#2328=ORIENTED_EDGE('',*,*,#2843,.F.);
#2329=ORIENTED_EDGE('',*,*,#3041,.T.);
#2330=ORIENTED_EDGE('',*,*,#3030,.F.);
#2331=ORIENTED_EDGE('',*,*,#3028,.T.);
#2332=ORIENTED_EDGE('',*,*,#3147,.F.);
#2333=ORIENTED_EDGE('',*,*,#3025,.T.);
#2334=ORIENTED_EDGE('',*,*,#3023,.F.);
#2335=ORIENTED_EDGE('',*,*,#3221,.T.);
#2336=ORIENTED_EDGE('',*,*,#3224,.T.);
#2337=ORIENTED_EDGE('',*,*,#3223,.T.);
#2338=ORIENTED_EDGE('',*,*,#3225,.T.);
#2339=ORIENTED_EDGE('',*,*,#3226,.T.);
#2340=ORIENTED_EDGE('',*,*,#3033,.T.);
#2341=ORIENTED_EDGE('',*,*,#3227,.T.);
#2342=ORIENTED_EDGE('',*,*,#3228,.F.);
#2343=ORIENTED_EDGE('',*,*,#3046,.F.);
#2344=ORIENTED_EDGE('',*,*,#3045,.F.);
#2345=ORIENTED_EDGE('',*,*,#3148,.F.);
#2346=ORIENTED_EDGE('',*,*,#3042,.T.);
#2347=ORIENTED_EDGE('',*,*,#2841,.F.);
#2348=ORIENTED_EDGE('',*,*,#3038,.F.);
#2349=ORIENTED_EDGE('',*,*,#3035,.F.);
#2350=ORIENTED_EDGE('',*,*,#3034,.F.);
#2351=ORIENTED_EDGE('',*,*,#3226,.F.);
#2352=ORIENTED_EDGE('',*,*,#3229,.F.);
#2353=ORIENTED_EDGE('',*,*,#3047,.F.);
#2354=ORIENTED_EDGE('',*,*,#3228,.T.);
#2355=ORIENTED_EDGE('',*,*,#3230,.F.);
#2356=ORIENTED_EDGE('',*,*,#3231,.T.);
#2357=ORIENTED_EDGE('',*,*,#3232,.F.);
#2358=ORIENTED_EDGE('',*,*,#3049,.F.);
#2359=ORIENTED_EDGE('',*,*,#3229,.T.);
#2360=ORIENTED_EDGE('',*,*,#3233,.F.);
#2361=ORIENTED_EDGE('',*,*,#3051,.T.);
#2362=ORIENTED_EDGE('',*,*,#3232,.T.);
#2363=ORIENTED_EDGE('',*,*,#3234,.F.);
#2364=ORIENTED_EDGE('',*,*,#3235,.F.);
#2365=ORIENTED_EDGE('',*,*,#3059,.F.);
#2366=ORIENTED_EDGE('',*,*,#3062,.F.);
#2367=ORIENTED_EDGE('',*,*,#3063,.F.);
#2368=ORIENTED_EDGE('',*,*,#2848,.F.);
#2369=ORIENTED_EDGE('',*,*,#3066,.T.);
#2370=ORIENTED_EDGE('',*,*,#3149,.F.);
#2371=ORIENTED_EDGE('',*,*,#3054,.T.);
#2372=ORIENTED_EDGE('',*,*,#3052,.F.);
#2373=ORIENTED_EDGE('',*,*,#3233,.T.);
#2374=ORIENTED_EDGE('',*,*,#3236,.T.);
#2375=ORIENTED_EDGE('',*,*,#3056,.T.);
#2376=ORIENTED_EDGE('',*,*,#3235,.T.);
#2377=ORIENTED_EDGE('',*,*,#3237,.F.);
#2378=ORIENTED_EDGE('',*,*,#3238,.F.);
#2379=ORIENTED_EDGE('',*,*,#3239,.T.);
#2380=ORIENTED_EDGE('',*,*,#3240,.F.);
#2381=ORIENTED_EDGE('',*,*,#3075,.F.);
#2382=ORIENTED_EDGE('',*,*,#3074,.F.);
#2383=ORIENTED_EDGE('',*,*,#3150,.F.);
#2384=ORIENTED_EDGE('',*,*,#3070,.T.);
#2385=ORIENTED_EDGE('',*,*,#3068,.F.);
#2386=ORIENTED_EDGE('',*,*,#3067,.T.);
#2387=ORIENTED_EDGE('',*,*,#2846,.F.);
#2388=ORIENTED_EDGE('',*,*,#3064,.F.);
#2389=ORIENTED_EDGE('',*,*,#3060,.F.);
#2390=ORIENTED_EDGE('',*,*,#3057,.F.);
#2391=ORIENTED_EDGE('',*,*,#3238,.T.);
#2392=ORIENTED_EDGE('',*,*,#3241,.F.);
#2393=ORIENTED_EDGE('',*,*,#3076,.F.);
#2394=ORIENTED_EDGE('',*,*,#3240,.T.);
#2395=ORIENTED_EDGE('',*,*,#3242,.F.);
#2396=ORIENTED_EDGE('',*,*,#3243,.T.);
#2397=ORIENTED_EDGE('',*,*,#3244,.F.);
#2398=ORIENTED_EDGE('',*,*,#3078,.T.);
#2399=ORIENTED_EDGE('',*,*,#3241,.T.);
#2400=ORIENTED_EDGE('',*,*,#3245,.F.);
#2401=ORIENTED_EDGE('',*,*,#3080,.T.);
#2402=ORIENTED_EDGE('',*,*,#3244,.T.);
#2403=ORIENTED_EDGE('',*,*,#3246,.F.);
#2404=ORIENTED_EDGE('',*,*,#3247,.F.);
#2405=ORIENTED_EDGE('',*,*,#3092,.F.);
#2406=ORIENTED_EDGE('',*,*,#3095,.F.);
#2407=ORIENTED_EDGE('',*,*,#3096,.F.);
#2408=ORIENTED_EDGE('',*,*,#2860,.F.);
#2409=ORIENTED_EDGE('',*,*,#3099,.T.);
#2410=ORIENTED_EDGE('',*,*,#3088,.F.);
#2411=ORIENTED_EDGE('',*,*,#3086,.T.);
#2412=ORIENTED_EDGE('',*,*,#3151,.F.);
#2413=ORIENTED_EDGE('',*,*,#3083,.T.);
#2414=ORIENTED_EDGE('',*,*,#3081,.F.);
#2415=ORIENTED_EDGE('',*,*,#3245,.T.);
#2416=ORIENTED_EDGE('',*,*,#3248,.T.);
#2417=ORIENTED_EDGE('',*,*,#3089,.T.);
#2418=ORIENTED_EDGE('',*,*,#3247,.T.);
#2419=ORIENTED_EDGE('',*,*,#3249,.F.);
#2420=ORIENTED_EDGE('',*,*,#3250,.F.);
#2421=ORIENTED_EDGE('',*,*,#3251,.T.);
#2422=ORIENTED_EDGE('',*,*,#3252,.F.);
#2423=ORIENTED_EDGE('',*,*,#3104,.F.);
#2424=ORIENTED_EDGE('',*,*,#3103,.F.);
#2425=ORIENTED_EDGE('',*,*,#3152,.F.);
#2426=ORIENTED_EDGE('',*,*,#3100,.T.);
#2427=ORIENTED_EDGE('',*,*,#2858,.F.);
#2428=ORIENTED_EDGE('',*,*,#3097,.F.);
#2429=ORIENTED_EDGE('',*,*,#3093,.F.);
#2430=ORIENTED_EDGE('',*,*,#3090,.F.);
#2431=ORIENTED_EDGE('',*,*,#3250,.T.);
#2432=ORIENTED_EDGE('',*,*,#3253,.F.);
#2433=ORIENTED_EDGE('',*,*,#3105,.F.);
#2434=ORIENTED_EDGE('',*,*,#3252,.T.);
#2435=ORIENTED_EDGE('',*,*,#3254,.F.);
#2436=ORIENTED_EDGE('',*,*,#3255,.T.);
#2437=ORIENTED_EDGE('',*,*,#3256,.F.);
#2438=ORIENTED_EDGE('',*,*,#3107,.F.);
#2439=ORIENTED_EDGE('',*,*,#3253,.T.);
#2440=ORIENTED_EDGE('',*,*,#3257,.F.);
#2441=ORIENTED_EDGE('',*,*,#3109,.T.);
#2442=ORIENTED_EDGE('',*,*,#3256,.T.);
#2443=ORIENTED_EDGE('',*,*,#3258,.F.);
#2444=ORIENTED_EDGE('',*,*,#3259,.F.);
#2445=ORIENTED_EDGE('',*,*,#3117,.F.);
#2446=ORIENTED_EDGE('',*,*,#3118,.F.);
#2447=ORIENTED_EDGE('',*,*,#3121,.F.);
#2448=ORIENTED_EDGE('',*,*,#2864,.F.);
#2449=ORIENTED_EDGE('',*,*,#3124,.T.);
#2450=ORIENTED_EDGE('',*,*,#3153,.F.);
#2451=ORIENTED_EDGE('',*,*,#3112,.T.);
#2452=ORIENTED_EDGE('',*,*,#3110,.F.);
#2453=ORIENTED_EDGE('',*,*,#3257,.T.);
#2454=ORIENTED_EDGE('',*,*,#3260,.T.);
#2455=ORIENTED_EDGE('',*,*,#3114,.T.);
#2456=ORIENTED_EDGE('',*,*,#3259,.T.);
#2457=ORIENTED_EDGE('',*,*,#3261,.F.);
#2458=ORIENTED_EDGE('',*,*,#3262,.F.);
#2459=ORIENTED_EDGE('',*,*,#3263,.T.);
#2460=ORIENTED_EDGE('',*,*,#3264,.F.);
#2461=ORIENTED_EDGE('',*,*,#3133,.F.);
#2462=ORIENTED_EDGE('',*,*,#3132,.F.);
#2463=ORIENTED_EDGE('',*,*,#3154,.F.);
#2464=ORIENTED_EDGE('',*,*,#3128,.T.);
#2465=ORIENTED_EDGE('',*,*,#3126,.F.);
#2466=ORIENTED_EDGE('',*,*,#3125,.T.);
#2467=ORIENTED_EDGE('',*,*,#2862,.F.);
#2468=ORIENTED_EDGE('',*,*,#3122,.F.);
#2469=ORIENTED_EDGE('',*,*,#3119,.F.);
#2470=ORIENTED_EDGE('',*,*,#3115,.F.);
#2471=ORIENTED_EDGE('',*,*,#3262,.T.);
#2472=ORIENTED_EDGE('',*,*,#3265,.F.);
#2473=ORIENTED_EDGE('',*,*,#3134,.F.);
#2474=ORIENTED_EDGE('',*,*,#3264,.T.);
#2475=ORIENTED_EDGE('',*,*,#3266,.F.);
#2476=ORIENTED_EDGE('',*,*,#3267,.T.);
#2477=ORIENTED_EDGE('',*,*,#3268,.F.);
#2478=ORIENTED_EDGE('',*,*,#3136,.F.);
#2479=ORIENTED_EDGE('',*,*,#3265,.T.);
#2480=ORIENTED_EDGE('',*,*,#3269,.T.);
#2481=ORIENTED_EDGE('',*,*,#3161,.F.);
#2482=ORIENTED_EDGE('',*,*,#3268,.T.);
#2483=ORIENTED_EDGE('',*,*,#3270,.F.);
#2484=ORIENTED_EDGE('',*,*,#3162,.T.);
#2485=ORIENTED_EDGE('',*,*,#3269,.F.);
#2486=ORIENTED_EDGE('',*,*,#3271,.T.);
#2487=ORIENTED_EDGE('',*,*,#3272,.F.);
#2488=ORIENTED_EDGE('',*,*,#3166,.T.);
#2489=ORIENTED_EDGE('',*,*,#3169,.T.);
#2490=ORIENTED_EDGE('',*,*,#3170,.T.);
#2491=ORIENTED_EDGE('',*,*,#2925,.F.);
#2492=ORIENTED_EDGE('',*,*,#3173,.F.);
#2493=ORIENTED_EDGE('',*,*,#3139,.T.);
#2494=ORIENTED_EDGE('',*,*,#3141,.T.);
#2495=ORIENTED_EDGE('',*,*,#3156,.T.);
#2496=ORIENTED_EDGE('',*,*,#3160,.F.);
#2497=ORIENTED_EDGE('',*,*,#3163,.T.);
#2498=ORIENTED_EDGE('',*,*,#3272,.T.);
#2499=ORIENTED_EDGE('',*,*,#3273,.F.);
#2500=ORIENTED_EDGE('',*,*,#3274,.F.);
#2501=ORIENTED_EDGE('',*,*,#3175,.T.);
#2502=ORIENTED_EDGE('',*,*,#3174,.T.);
#2503=ORIENTED_EDGE('',*,*,#2923,.F.);
#2504=ORIENTED_EDGE('',*,*,#3171,.F.);
#2505=ORIENTED_EDGE('',*,*,#3167,.F.);
#2506=ORIENTED_EDGE('',*,*,#3164,.F.);
#2507=ORIENTED_EDGE('',*,*,#3274,.T.);
#2508=ORIENTED_EDGE('',*,*,#3275,.T.);
#2509=ORIENTED_EDGE('',*,*,#3276,.T.);
#2510=ORIENTED_EDGE('',*,*,#3179,.F.);
#2511=ORIENTED_EDGE('',*,*,#3176,.T.);
#2512=ORIENTED_EDGE('',*,*,#3277,.T.);
#2513=ORIENTED_EDGE('',*,*,#3180,.F.);
#2514=ORIENTED_EDGE('',*,*,#3276,.F.);
#2515=ORIENTED_EDGE('',*,*,#3278,.T.);
#2516=ORIENTED_EDGE('',*,*,#3186,.T.);
#2517=ORIENTED_EDGE('',*,*,#3184,.F.);
#2518=ORIENTED_EDGE('',*,*,#3279,.F.);
#2519=ORIENTED_EDGE('',*,*,#3280,.T.);
#2520=ORIENTED_EDGE('',*,*,#3183,.T.);
#2521=ORIENTED_EDGE('',*,*,#3182,.T.);
#2522=ORIENTED_EDGE('',*,*,#3181,.T.);
#2523=ORIENTED_EDGE('',*,*,#3281,.T.);
#2524=ORIENTED_EDGE('',*,*,#3282,.T.);
#2525=ORIENTED_EDGE('',*,*,#3278,.F.);
#2526=ORIENTED_EDGE('',*,*,#3275,.F.);
#2527=ORIENTED_EDGE('',*,*,#3273,.T.);
#2528=ORIENTED_EDGE('',*,*,#3271,.F.);
#2529=ORIENTED_EDGE('',*,*,#3270,.T.);
#2530=ORIENTED_EDGE('',*,*,#3267,.F.);
#2531=ORIENTED_EDGE('',*,*,#3266,.T.);
#2532=ORIENTED_EDGE('',*,*,#3263,.F.);
#2533=ORIENTED_EDGE('',*,*,#3261,.T.);
#2534=ORIENTED_EDGE('',*,*,#3260,.F.);
#2535=ORIENTED_EDGE('',*,*,#3258,.T.);
#2536=ORIENTED_EDGE('',*,*,#3255,.F.);
#2537=ORIENTED_EDGE('',*,*,#3254,.T.);
#2538=ORIENTED_EDGE('',*,*,#3251,.F.);
#2539=ORIENTED_EDGE('',*,*,#3249,.T.);
#2540=ORIENTED_EDGE('',*,*,#3248,.F.);
#2541=ORIENTED_EDGE('',*,*,#3246,.T.);
#2542=ORIENTED_EDGE('',*,*,#3243,.F.);
#2543=ORIENTED_EDGE('',*,*,#3242,.T.);
#2544=ORIENTED_EDGE('',*,*,#3239,.F.);
#2545=ORIENTED_EDGE('',*,*,#3237,.T.);
#2546=ORIENTED_EDGE('',*,*,#3236,.F.);
#2547=ORIENTED_EDGE('',*,*,#3234,.T.);
#2548=ORIENTED_EDGE('',*,*,#3231,.F.);
#2549=ORIENTED_EDGE('',*,*,#3230,.T.);
#2550=ORIENTED_EDGE('',*,*,#3227,.F.);
#2551=ORIENTED_EDGE('',*,*,#3225,.F.);
#2552=ORIENTED_EDGE('',*,*,#3224,.F.);
#2553=ORIENTED_EDGE('',*,*,#3222,.T.);
#2554=ORIENTED_EDGE('',*,*,#3219,.F.);
#2555=ORIENTED_EDGE('',*,*,#3218,.T.);
#2556=ORIENTED_EDGE('',*,*,#3215,.F.);
#2557=ORIENTED_EDGE('',*,*,#3213,.F.);
#2558=ORIENTED_EDGE('',*,*,#3212,.F.);
#2559=ORIENTED_EDGE('',*,*,#3210,.T.);
#2560=ORIENTED_EDGE('',*,*,#3207,.F.);
#2561=ORIENTED_EDGE('',*,*,#3206,.T.);
#2562=ORIENTED_EDGE('',*,*,#3203,.F.);
#2563=ORIENTED_EDGE('',*,*,#3201,.F.);
#2564=ORIENTED_EDGE('',*,*,#3200,.F.);
#2565=ORIENTED_EDGE('',*,*,#3198,.T.);
#2566=ORIENTED_EDGE('',*,*,#3195,.F.);
#2567=ORIENTED_EDGE('',*,*,#3194,.T.);
#2568=ORIENTED_EDGE('',*,*,#3191,.F.);
#2569=ORIENTED_EDGE('',*,*,#3189,.F.);
#2570=ORIENTED_EDGE('',*,*,#3187,.F.);
#2571=ORIENTED_EDGE('',*,*,#3280,.F.);
#2572=ORIENTED_EDGE('',*,*,#3282,.F.);
#2573=ORIENTED_EDGE('',*,*,#3279,.T.);
#2574=ORIENTED_EDGE('',*,*,#3281,.F.);
#2575=ORIENTED_EDGE('',*,*,#3277,.F.);
#2576=EDGE_CURVE('',#3283,#3283,#3735,.T.);
#2577=EDGE_CURVE('',#3284,#3284,#3736,.T.);
#2578=EDGE_CURVE('',#3285,#3285,#3737,.T.);
#2579=EDGE_CURVE('',#3286,#3287,#168,.T.);
#2580=EDGE_CURVE('',#3288,#3287,#169,.T.);
#2581=EDGE_CURVE('',#3289,#3288,#170,.T.);
#2582=EDGE_CURVE('',#3286,#3289,#171,.T.);
#2583=EDGE_CURVE('',#3290,#3291,#172,.T.);
#2584=EDGE_CURVE('',#3290,#3292,#173,.T.);
#2585=EDGE_CURVE('',#3292,#3293,#174,.T.);
#2586=EDGE_CURVE('',#3291,#3293,#175,.T.);
#2587=EDGE_CURVE('',#3294,#3295,#3738,.T.);
#2588=EDGE_CURVE('',#3296,#3294,#3739,.T.);
#2589=EDGE_CURVE('',#3297,#3296,#3740,.T.);
#2590=EDGE_CURVE('',#3295,#3297,#3741,.T.);
#2591=EDGE_CURVE('',#3298,#3299,#3742,.T.);
#2592=EDGE_CURVE('',#3300,#3298,#3743,.T.);
#2593=EDGE_CURVE('',#3301,#3300,#3744,.T.);
#2594=EDGE_CURVE('',#3299,#3301,#3745,.T.);
#2595=EDGE_CURVE('',#3302,#3303,#3746,.T.);
#2596=EDGE_CURVE('',#3304,#3302,#3747,.T.);
#2597=EDGE_CURVE('',#3305,#3304,#3748,.T.);
#2598=EDGE_CURVE('',#3303,#3305,#3749,.T.);
#2599=EDGE_CURVE('',#3306,#3307,#176,.T.);
#2600=EDGE_CURVE('',#3306,#3308,#177,.T.);
#2601=EDGE_CURVE('',#3308,#3309,#178,.T.);
#2602=EDGE_CURVE('',#3309,#3307,#179,.T.);
#2603=EDGE_CURVE('',#3310,#3311,#180,.T.);
#2604=EDGE_CURVE('',#3310,#3312,#181,.T.);
#2605=EDGE_CURVE('',#3312,#3313,#182,.T.);
#2606=EDGE_CURVE('',#3313,#3311,#183,.T.);
#2607=EDGE_CURVE('',#3314,#3315,#184,.T.);
#2608=EDGE_CURVE('',#3314,#3316,#185,.T.);
#2609=EDGE_CURVE('',#3316,#3317,#186,.T.);
#2610=EDGE_CURVE('',#3317,#3315,#187,.T.);
#2611=EDGE_CURVE('',#3292,#3318,#188,.T.);
#2612=EDGE_CURVE('',#3318,#3319,#189,.T.);
#2613=EDGE_CURVE('',#3293,#3319,#190,.T.);
#2614=EDGE_CURVE('',#3320,#3286,#191,.T.);
#2615=EDGE_CURVE('',#3321,#3289,#192,.T.);
#2616=EDGE_CURVE('',#3321,#3320,#193,.T.);
#2617=EDGE_CURVE('',#3322,#3323,#194,.T.);
#2618=EDGE_CURVE('',#3322,#3324,#195,.T.);
#2619=EDGE_CURVE('',#3324,#3325,#196,.T.);
#2620=EDGE_CURVE('',#3325,#3323,#197,.T.);
#2621=EDGE_CURVE('',#3326,#3327,#198,.T.);
#2622=EDGE_CURVE('',#3287,#3327,#199,.T.);
#2623=EDGE_CURVE('',#3320,#3326,#200,.T.);
#2624=EDGE_CURVE('',#3327,#3328,#201,.T.);
#2625=EDGE_CURVE('',#3288,#3328,#202,.T.);
#2626=EDGE_CURVE('',#3328,#3329,#203,.T.);
#2627=EDGE_CURVE('',#3329,#3321,#204,.T.);
#2628=EDGE_CURVE('',#3324,#3330,#205,.T.);
#2629=EDGE_CURVE('',#3330,#3331,#206,.T.);
#2630=EDGE_CURVE('',#3331,#3325,#207,.T.);
#2631=EDGE_CURVE('',#3308,#3332,#208,.T.);
#2632=EDGE_CURVE('',#3332,#3333,#209,.T.);
#2633=EDGE_CURVE('',#3333,#3309,#210,.T.);
#2634=EDGE_CURVE('',#3312,#3334,#211,.T.);
#2635=EDGE_CURVE('',#3334,#3335,#212,.T.);
#2636=EDGE_CURVE('',#3335,#3313,#213,.T.);
#2637=EDGE_CURVE('',#3316,#3336,#214,.T.);
#2638=EDGE_CURVE('',#3336,#3337,#215,.T.);
#2639=EDGE_CURVE('',#3337,#3317,#216,.T.);
#2640=EDGE_CURVE('',#3319,#3338,#217,.T.);
#2641=EDGE_CURVE('',#3338,#3339,#218,.T.);
#2642=EDGE_CURVE('',#3291,#3339,#219,.T.);
#2643=EDGE_CURVE('',#3340,#3339,#220,.T.);
#2644=EDGE_CURVE('',#3290,#3340,#221,.T.);
#2645=EDGE_CURVE('',#3340,#3341,#222,.T.);
#2646=EDGE_CURVE('',#3341,#3318,#223,.T.);
#2647=EDGE_CURVE('',#3342,#3296,#41,.T.);
#2648=EDGE_CURVE('',#3342,#3297,#42,.T.);
#2649=EDGE_CURVE('',#3297,#3343,#43,.T.);
#2650=EDGE_CURVE('',#3295,#3343,#44,.T.);
#2651=EDGE_CURVE('',#3344,#3342,#224,.T.);
#2652=EDGE_CURVE('',#3345,#3344,#225,.T.);
#2653=EDGE_CURVE('',#3343,#3345,#226,.T.);
#2654=EDGE_CURVE('',#3346,#3344,#3750,.T.);
#2655=EDGE_CURVE('',#3347,#3346,#227,.T.);
#2656=EDGE_CURVE('',#3345,#3347,#3751,.T.);
#2657=EDGE_CURVE('',#3294,#3348,#45,.T.);
#2658=EDGE_CURVE('',#3296,#3348,#46,.T.);
#2659=EDGE_CURVE('',#3349,#3301,#47,.T.);
#2660=EDGE_CURVE('',#3349,#3299,#48,.T.);
#2661=EDGE_CURVE('',#3350,#3351,#228,.T.);
#2662=EDGE_CURVE('',#3352,#3350,#229,.T.);
#2663=EDGE_CURVE('',#3352,#3299,#49,.T.);
#2664=EDGE_CURVE('',#3351,#3349,#230,.T.);
#2665=EDGE_CURVE('',#3353,#3351,#3752,.T.);
#2666=EDGE_CURVE('',#3354,#3353,#231,.T.);
#2667=EDGE_CURVE('',#3350,#3354,#3753,.T.);
#2668=EDGE_CURVE('',#3300,#3355,#50,.T.);
#2669=EDGE_CURVE('',#3301,#3355,#51,.T.);
#2670=EDGE_CURVE('',#3298,#3352,#52,.T.);
#2671=EDGE_CURVE('',#3356,#3305,#53,.T.);
#2672=EDGE_CURVE('',#3356,#3303,#54,.T.);
#2673=EDGE_CURVE('',#3357,#3358,#232,.T.);
#2674=EDGE_CURVE('',#3359,#3357,#233,.T.);
#2675=EDGE_CURVE('',#3359,#3303,#55,.T.);
#2676=EDGE_CURVE('',#3358,#3356,#234,.T.);
#2677=EDGE_CURVE('',#3360,#3358,#3754,.T.);
#2678=EDGE_CURVE('',#3361,#3360,#235,.T.);
#2679=EDGE_CURVE('',#3357,#3361,#3755,.T.);
#2680=EDGE_CURVE('',#3304,#3362,#56,.T.);
#2681=EDGE_CURVE('',#3305,#3362,#57,.T.);
#2682=EDGE_CURVE('',#3302,#3359,#58,.T.);
#2683=EDGE_CURVE('',#3363,#3364,#236,.T.);
#2684=EDGE_CURVE('',#3363,#3322,#237,.T.);
#2685=EDGE_CURVE('',#3323,#3364,#238,.T.);
#2686=EDGE_CURVE('',#3331,#3365,#239,.T.);
#2687=EDGE_CURVE('',#3365,#3366,#240,.T.);
#2688=EDGE_CURVE('',#3364,#3366,#241,.T.);
#2689=EDGE_CURVE('',#3367,#3368,#242,.T.);
#2690=EDGE_CURVE('',#3366,#3368,#243,.T.);
#2691=EDGE_CURVE('',#3365,#3367,#244,.T.);
#2692=EDGE_CURVE('',#3369,#3306,#245,.T.);
#2693=EDGE_CURVE('',#3368,#3369,#246,.T.);
#2694=EDGE_CURVE('',#3367,#3332,#247,.T.);
#2695=EDGE_CURVE('',#3369,#3370,#248,.T.);
#2696=EDGE_CURVE('',#3307,#3370,#249,.T.);
#2697=EDGE_CURVE('',#3333,#3371,#250,.T.);
#2698=EDGE_CURVE('',#3371,#3372,#251,.T.);
#2699=EDGE_CURVE('',#3370,#3372,#252,.T.);
#2700=EDGE_CURVE('',#3373,#3374,#253,.T.);
#2701=EDGE_CURVE('',#3372,#3374,#254,.T.);
#2702=EDGE_CURVE('',#3371,#3373,#255,.T.);
#2703=EDGE_CURVE('',#3375,#3310,#256,.T.);
#2704=EDGE_CURVE('',#3374,#3375,#257,.T.);
#2705=EDGE_CURVE('',#3373,#3334,#258,.T.);
#2706=EDGE_CURVE('',#3375,#3376,#259,.T.);
#2707=EDGE_CURVE('',#3311,#3376,#260,.T.);
#2708=EDGE_CURVE('',#3335,#3377,#261,.T.);
#2709=EDGE_CURVE('',#3377,#3378,#262,.T.);
#2710=EDGE_CURVE('',#3376,#3378,#263,.T.);
#2711=EDGE_CURVE('',#3379,#3380,#264,.T.);
#2712=EDGE_CURVE('',#3378,#3380,#265,.T.);
#2713=EDGE_CURVE('',#3377,#3379,#266,.T.);
#2714=EDGE_CURVE('',#3381,#3314,#267,.T.);
#2715=EDGE_CURVE('',#3380,#3381,#268,.T.);
#2716=EDGE_CURVE('',#3379,#3336,#269,.T.);
#2717=EDGE_CURVE('',#3381,#3382,#270,.T.);
#2718=EDGE_CURVE('',#3315,#3382,#271,.T.);
#2719=EDGE_CURVE('',#3337,#3383,#272,.T.);
#2720=EDGE_CURVE('',#3383,#3384,#273,.T.);
#2721=EDGE_CURVE('',#3382,#3384,#274,.T.);
#2722=EDGE_CURVE('',#3341,#3385,#275,.T.);
#2723=EDGE_CURVE('',#3384,#3385,#276,.T.);
#2724=EDGE_CURVE('',#3383,#3386,#277,.T.);
#2725=EDGE_CURVE('',#3386,#3338,#278,.T.);
#2726=EDGE_CURVE('',#3387,#3294,#59,.T.);
#2727=EDGE_CURVE('',#3388,#3387,#279,.T.);
#2728=EDGE_CURVE('',#3389,#3388,#280,.T.);
#2729=EDGE_CURVE('',#3348,#3389,#281,.T.);
#2730=EDGE_CURVE('',#3390,#3300,#60,.T.);
#2731=EDGE_CURVE('',#3391,#3390,#282,.T.);
#2732=EDGE_CURVE('',#3392,#3391,#283,.T.);
#2733=EDGE_CURVE('',#3355,#3392,#284,.T.);
#2734=EDGE_CURVE('',#3393,#3304,#61,.T.);
#2735=EDGE_CURVE('',#3394,#3393,#285,.T.);
#2736=EDGE_CURVE('',#3395,#3394,#286,.T.);
#2737=EDGE_CURVE('',#3362,#3395,#287,.T.);
#2738=EDGE_CURVE('',#3329,#3396,#288,.T.);
#2739=EDGE_CURVE('',#3396,#3397,#289,.T.);
#2740=EDGE_CURVE('',#3397,#3398,#290,.T.);
#2741=EDGE_CURVE('',#3399,#3398,#291,.T.);
#2742=EDGE_CURVE('',#3399,#3326,#292,.T.);
#2743=EDGE_CURVE('',#3398,#3363,#293,.T.);
#2744=EDGE_CURVE('',#3397,#3330,#294,.T.);
#2745=EDGE_CURVE('',#3400,#3399,#295,.T.);
#2746=EDGE_CURVE('',#3400,#3401,#296,.T.);
#2747=EDGE_CURVE('',#3401,#3396,#297,.T.);
#2748=EDGE_CURVE('',#3401,#3402,#298,.T.);
#2749=EDGE_CURVE('',#3402,#3386,#299,.T.);
#2750=EDGE_CURVE('',#3402,#3403,#300,.T.);
#2751=EDGE_CURVE('',#3385,#3403,#301,.T.);
#2752=EDGE_CURVE('',#3404,#3389,#302,.T.);
#2753=EDGE_CURVE('',#3404,#3405,#303,.T.);
#2754=EDGE_CURVE('',#3346,#3405,#304,.T.);
#2755=EDGE_CURVE('',#3405,#3406,#305,.T.);
#2756=EDGE_CURVE('',#3347,#3406,#306,.T.);
#2757=EDGE_CURVE('',#3387,#3295,#62,.T.);
#2758=EDGE_CURVE('',#3406,#3407,#307,.T.);
#2759=EDGE_CURVE('',#3388,#3407,#308,.T.);
#2760=EDGE_CURVE('',#3408,#3392,#309,.T.);
#2761=EDGE_CURVE('',#3408,#3409,#310,.T.);
#2762=EDGE_CURVE('',#3353,#3409,#311,.T.);
#2763=EDGE_CURVE('',#3409,#3410,#312,.T.);
#2764=EDGE_CURVE('',#3354,#3410,#313,.T.);
#2765=EDGE_CURVE('',#3390,#3298,#63,.T.);
#2766=EDGE_CURVE('',#3410,#3411,#314,.T.);
#2767=EDGE_CURVE('',#3391,#3411,#315,.T.);
#2768=EDGE_CURVE('',#3412,#3395,#316,.T.);
#2769=EDGE_CURVE('',#3412,#3413,#317,.T.);
#2770=EDGE_CURVE('',#3360,#3413,#318,.T.);
#2771=EDGE_CURVE('',#3413,#3414,#319,.T.);
#2772=EDGE_CURVE('',#3361,#3414,#320,.T.);
#2773=EDGE_CURVE('',#3393,#3302,#64,.T.);
#2774=EDGE_CURVE('',#3414,#3415,#321,.T.);
#2775=EDGE_CURVE('',#3394,#3415,#322,.T.);
#2776=EDGE_CURVE('',#3403,#3404,#323,.T.);
#2777=EDGE_CURVE('',#3407,#3408,#324,.T.);
#2778=EDGE_CURVE('',#3411,#3412,#325,.T.);
#2779=EDGE_CURVE('',#3415,#3416,#326,.T.);
#2780=EDGE_CURVE('',#3416,#3417,#327,.T.);
#2781=EDGE_CURVE('',#3417,#3418,#328,.T.);
#2782=EDGE_CURVE('',#3418,#3419,#329,.T.);
#2783=EDGE_CURVE('',#3419,#3400,#330,.T.);
#2784=EDGE_CURVE('',#3420,#3421,#331,.T.);
#2785=EDGE_CURVE('',#3420,#3422,#332,.T.);
#2786=EDGE_CURVE('',#3423,#3422,#333,.T.);
#2787=EDGE_CURVE('',#3423,#3421,#334,.T.);
#2788=EDGE_CURVE('',#3416,#3420,#335,.T.);
#2789=EDGE_CURVE('',#3422,#3419,#336,.T.);
#2790=EDGE_CURVE('',#3424,#3425,#65,.T.);
#2791=EDGE_CURVE('',#3425,#3426,#66,.T.);
#2792=EDGE_CURVE('',#3418,#3426,#337,.T.);
#2793=EDGE_CURVE('',#3424,#3417,#338,.T.);
#2794=EDGE_CURVE('',#3427,#3428,#339,.T.);
#2795=EDGE_CURVE('',#3421,#3427,#3756,.T.);
#2796=EDGE_CURVE('',#3428,#3423,#3757,.T.);
#2797=EDGE_CURVE('',#3427,#3429,#340,.T.);
#2798=EDGE_CURVE('',#3429,#3430,#67,.T.);
#2799=EDGE_CURVE('',#3430,#3424,#68,.T.);
#2800=EDGE_CURVE('',#3430,#3425,#3758,.T.);
#2801=EDGE_CURVE('',#3426,#3431,#69,.T.);
#2802=EDGE_CURVE('',#3431,#3432,#70,.T.);
#2803=EDGE_CURVE('',#3432,#3428,#341,.T.);
#2804=EDGE_CURVE('',#3432,#3433,#71,.T.);
#2805=EDGE_CURVE('',#3433,#3429,#72,.T.);
#2806=EDGE_CURVE('',#3433,#3430,#3759,.T.);
#2807=EDGE_CURVE('',#3434,#3434,#3760,.T.);
#2808=EDGE_CURVE('',#3431,#3433,#3761,.T.);
#2809=EDGE_CURVE('',#3425,#3431,#3762,.T.);
#2810=EDGE_CURVE('',#3435,#3436,#73,.T.);
#2811=EDGE_CURVE('',#3435,#3437,#74,.F.);
#2812=EDGE_CURVE('',#3437,#3436,#3763,.T.);
#2813=EDGE_CURVE('',#3438,#3439,#342,.T.);
#2814=EDGE_CURVE('',#3440,#3439,#343,.T.);
#2815=EDGE_CURVE('',#3440,#3441,#344,.T.);
#2816=EDGE_CURVE('',#3441,#3438,#345,.T.);
#2817=EDGE_CURVE('',#3442,#3443,#346,.T.);
#2818=EDGE_CURVE('',#3444,#3443,#347,.T.);
#2819=EDGE_CURVE('',#3444,#3445,#348,.T.);
#2820=EDGE_CURVE('',#3445,#3442,#349,.T.);
#2821=EDGE_CURVE('',#3446,#3447,#350,.T.);
#2822=EDGE_CURVE('',#3448,#3447,#351,.T.);
#2823=EDGE_CURVE('',#3448,#3449,#352,.T.);
#2824=EDGE_CURVE('',#3446,#3449,#353,.T.);
#2825=EDGE_CURVE('',#3450,#3451,#354,.T.);
#2826=EDGE_CURVE('',#3452,#3451,#355,.T.);
#2827=EDGE_CURVE('',#3452,#3453,#356,.T.);
#2828=EDGE_CURVE('',#3453,#3450,#357,.T.);
#2829=EDGE_CURVE('',#3454,#3455,#358,.T.);
#2830=EDGE_CURVE('',#3456,#3455,#359,.T.);
#2831=EDGE_CURVE('',#3456,#3457,#360,.T.);
#2832=EDGE_CURVE('',#3457,#3454,#361,.T.);
#2833=EDGE_CURVE('',#3458,#3459,#362,.T.);
#2834=EDGE_CURVE('',#3460,#3459,#363,.T.);
#2835=EDGE_CURVE('',#3460,#3461,#364,.T.);
#2836=EDGE_CURVE('',#3458,#3461,#365,.T.);
#2837=EDGE_CURVE('',#3462,#3463,#366,.T.);
#2838=EDGE_CURVE('',#3464,#3463,#367,.T.);
#2839=EDGE_CURVE('',#3464,#3465,#368,.T.);
#2840=EDGE_CURVE('',#3462,#3465,#369,.T.);
#2841=EDGE_CURVE('',#3466,#3467,#370,.T.);
#2842=EDGE_CURVE('',#3468,#3467,#371,.T.);
#2843=EDGE_CURVE('',#3468,#3469,#372,.T.);
#2844=EDGE_CURVE('',#3469,#3466,#373,.T.);
#2845=EDGE_CURVE('',#3470,#3471,#374,.T.);
#2846=EDGE_CURVE('',#3470,#3472,#375,.T.);
#2847=EDGE_CURVE('',#3472,#3473,#376,.T.);
#2848=EDGE_CURVE('',#3473,#3471,#377,.T.);
#2849=EDGE_CURVE('',#3474,#3475,#378,.T.);
#2850=EDGE_CURVE('',#3476,#3475,#379,.T.);
#2851=EDGE_CURVE('',#3476,#3477,#380,.T.);
#2852=EDGE_CURVE('',#3474,#3477,#381,.T.);
#2853=EDGE_CURVE('',#3478,#3479,#382,.T.);
#2854=EDGE_CURVE('',#3480,#3479,#383,.T.);
#2855=EDGE_CURVE('',#3480,#3481,#384,.T.);
#2856=EDGE_CURVE('',#3478,#3481,#385,.T.);
#2857=EDGE_CURVE('',#3482,#3483,#386,.T.);
#2858=EDGE_CURVE('',#3482,#3484,#387,.T.);
#2859=EDGE_CURVE('',#3484,#3485,#388,.T.);
#2860=EDGE_CURVE('',#3485,#3483,#389,.T.);
#2861=EDGE_CURVE('',#3486,#3487,#390,.T.);
#2862=EDGE_CURVE('',#3486,#3488,#391,.T.);
#2863=EDGE_CURVE('',#3488,#3489,#392,.T.);
#2864=EDGE_CURVE('',#3489,#3487,#393,.T.);
#2865=EDGE_CURVE('',#3490,#3491,#394,.T.);
#2866=EDGE_CURVE('',#3492,#3491,#395,.T.);
#2867=EDGE_CURVE('',#3492,#3493,#396,.T.);
#2868=EDGE_CURVE('',#3490,#3493,#397,.T.);
#2869=EDGE_CURVE('',#3494,#3495,#398,.T.);
#2870=EDGE_CURVE('',#3496,#3495,#399,.T.);
#2871=EDGE_CURVE('',#3496,#3497,#400,.T.);
#2872=EDGE_CURVE('',#3497,#3494,#401,.T.);
#2873=EDGE_CURVE('',#3498,#3492,#402,.T.);
#2874=EDGE_CURVE('',#3491,#3499,#403,.T.);
#2875=EDGE_CURVE('',#3498,#3499,#404,.T.);
#2876=EDGE_CURVE('',#3500,#3501,#405,.T.);
#2877=EDGE_CURVE('',#3500,#3502,#406,.T.);
#2878=EDGE_CURVE('',#3502,#3503,#407,.T.);
#2879=EDGE_CURVE('',#3503,#3501,#408,.T.);
#2880=EDGE_CURVE('',#3479,#3504,#409,.T.);
#2881=EDGE_CURVE('',#3505,#3504,#410,.T.);
#2882=EDGE_CURVE('',#3505,#3480,#411,.T.);
#2883=EDGE_CURVE('',#3506,#3507,#412,.T.);
#2884=EDGE_CURVE('',#3508,#3507,#413,.T.);
#2885=EDGE_CURVE('',#3509,#3508,#414,.T.);
#2886=EDGE_CURVE('',#3509,#3506,#415,.T.);
#2887=EDGE_CURVE('',#3510,#3476,#416,.T.);
#2888=EDGE_CURVE('',#3475,#3511,#417,.T.);
#2889=EDGE_CURVE('',#3510,#3511,#418,.T.);
#2890=EDGE_CURVE('',#3512,#3513,#419,.T.);
#2891=EDGE_CURVE('',#3512,#3514,#420,.T.);
#2892=EDGE_CURVE('',#3514,#3515,#421,.T.);
#2893=EDGE_CURVE('',#3515,#3513,#422,.T.);
#2894=EDGE_CURVE('',#3463,#3516,#423,.T.);
#2895=EDGE_CURVE('',#3517,#3516,#424,.T.);
#2896=EDGE_CURVE('',#3517,#3464,#425,.T.);
#2897=EDGE_CURVE('',#3518,#3519,#426,.T.);
#2898=EDGE_CURVE('',#3518,#3520,#427,.T.);
#2899=EDGE_CURVE('',#3520,#3521,#428,.T.);
#2900=EDGE_CURVE('',#3521,#3519,#429,.T.);
#2901=EDGE_CURVE('',#3522,#3460,#430,.T.);
#2902=EDGE_CURVE('',#3459,#3523,#431,.T.);
#2903=EDGE_CURVE('',#3522,#3523,#432,.T.);
#2904=EDGE_CURVE('',#3524,#3525,#433,.T.);
#2905=EDGE_CURVE('',#3526,#3525,#434,.T.);
#2906=EDGE_CURVE('',#3527,#3526,#435,.T.);
#2907=EDGE_CURVE('',#3527,#3524,#436,.T.);
#2908=EDGE_CURVE('',#3447,#3528,#437,.T.);
#2909=EDGE_CURVE('',#3529,#3528,#438,.T.);
#2910=EDGE_CURVE('',#3529,#3448,#439,.T.);
#2911=EDGE_CURVE('',#3530,#3531,#440,.T.);
#2912=EDGE_CURVE('',#3530,#3532,#441,.T.);
#2913=EDGE_CURVE('',#3532,#3533,#442,.T.);
#2914=EDGE_CURVE('',#3533,#3531,#443,.T.);
#2915=EDGE_CURVE('',#3534,#3440,#444,.T.);
#2916=EDGE_CURVE('',#3439,#3535,#445,.T.);
#2917=EDGE_CURVE('',#3534,#3535,#446,.T.);
#2918=EDGE_CURVE('',#3536,#3537,#447,.T.);
#2919=EDGE_CURVE('',#3536,#3538,#448,.T.);
#2920=EDGE_CURVE('',#3538,#3539,#449,.T.);
#2921=EDGE_CURVE('',#3539,#3537,#450,.T.);
#2922=EDGE_CURVE('',#3540,#3541,#451,.T.);
#2923=EDGE_CURVE('',#3540,#3542,#452,.T.);
#2924=EDGE_CURVE('',#3542,#3543,#453,.T.);
#2925=EDGE_CURVE('',#3543,#3541,#454,.T.);
#2926=EDGE_CURVE('',#3495,#3544,#455,.T.);
#2927=EDGE_CURVE('',#3545,#3544,#456,.T.);
#2928=EDGE_CURVE('',#3545,#3496,#457,.T.);
#2929=EDGE_CURVE('',#3546,#3547,#75,.T.);
#2930=EDGE_CURVE('',#3546,#3548,#3764,.T.);
#2931=EDGE_CURVE('',#3548,#3547,#76,.F.);
#2932=EDGE_CURVE('',#3546,#3436,#458,.T.);
#2933=EDGE_CURVE('',#3547,#3435,#459,.T.);
#2934=EDGE_CURVE('',#3549,#3435,#460,.T.);
#2935=EDGE_CURVE('',#3550,#3549,#3765,.T.);
#2936=EDGE_CURVE('',#3550,#3437,#461,.T.);
#2937=EDGE_CURVE('',#3436,#3551,#462,.T.);
#2938=EDGE_CURVE('',#3437,#3552,#463,.T.);
#2939=EDGE_CURVE('',#3551,#3552,#3766,.T.);
#2940=EDGE_CURVE('',#3553,#3554,#3767,.T.);
#2941=EDGE_CURVE('',#3555,#3553,#3768,.T.);
#2942=EDGE_CURVE('',#3555,#3533,#3769,.T.);
#2943=EDGE_CURVE('',#3533,#3554,#3770,.T.);
#2944=EDGE_CURVE('',#3556,#3532,#3771,.T.);
#2945=EDGE_CURVE('',#3554,#3556,#464,.T.);
#2946=EDGE_CURVE('',#3438,#3557,#3772,.T.);
#2947=EDGE_CURVE('',#3558,#3441,#3773,.T.);
#2948=EDGE_CURVE('',#3557,#3558,#465,.T.);
#2949=EDGE_CURVE('',#3558,#3534,#466,.T.);
#2950=EDGE_CURVE('',#3534,#3443,#467,.T.);
#2951=EDGE_CURVE('',#3535,#3551,#468,.T.);
#2952=EDGE_CURVE('',#3552,#3444,#469,.T.);
#2953=EDGE_CURVE('',#3559,#3560,#470,.T.);
#2954=EDGE_CURVE('',#3442,#3560,#3774,.T.);
#2955=EDGE_CURVE('',#3445,#3559,#3775,.T.);
#2956=EDGE_CURVE('',#3560,#3561,#471,.T.);
#2957=EDGE_CURVE('',#3559,#3562,#472,.T.);
#2958=EDGE_CURVE('',#3561,#3562,#473,.T.);
#2959=EDGE_CURVE('',#3562,#3563,#3776,.T.);
#2960=EDGE_CURVE('',#3564,#3563,#474,.T.);
#2961=EDGE_CURVE('',#3561,#3564,#3777,.T.);
#2962=EDGE_CURVE('',#3555,#3565,#475,.T.);
#2963=EDGE_CURVE('',#3565,#3531,#3778,.T.);
#2964=EDGE_CURVE('',#3566,#3565,#3779,.T.);
#2965=EDGE_CURVE('',#3566,#3567,#3780,.T.);
#2966=EDGE_CURVE('',#3531,#3567,#3781,.T.);
#2967=EDGE_CURVE('',#3568,#3567,#476,.T.);
#2968=EDGE_CURVE('',#3530,#3568,#3782,.T.);
#2969=EDGE_CURVE('',#3569,#3449,#3783,.T.);
#2970=EDGE_CURVE('',#3570,#3569,#477,.T.);
#2971=EDGE_CURVE('',#3446,#3570,#3784,.T.);
#2972=EDGE_CURVE('',#3570,#3528,#478,.T.);
#2973=EDGE_CURVE('',#3571,#3572,#479,.T.);
#2974=EDGE_CURVE('',#3572,#3573,#3785,.T.);
#2975=EDGE_CURVE('',#3574,#3573,#480,.T.);
#2976=EDGE_CURVE('',#3574,#3571,#3786,.T.);
#2977=EDGE_CURVE('',#3575,#3572,#481,.T.);
#2978=EDGE_CURVE('',#3571,#3576,#482,.T.);
#2979=EDGE_CURVE('',#3575,#3576,#483,.T.);
#2980=EDGE_CURVE('',#3576,#3450,#3787,.T.);
#2981=EDGE_CURVE('',#3453,#3575,#3788,.T.);
#2982=EDGE_CURVE('',#3529,#3577,#484,.T.);
#2983=EDGE_CURVE('',#3452,#3528,#485,.T.);
#2984=EDGE_CURVE('',#3577,#3451,#486,.T.);
#2985=EDGE_CURVE('',#3578,#3525,#3789,.T.);
#2986=EDGE_CURVE('',#3579,#3524,#3790,.T.);
#2987=EDGE_CURVE('',#3579,#3578,#487,.T.);
#2988=EDGE_CURVE('',#3578,#3580,#3791,.T.);
#2989=EDGE_CURVE('',#3580,#3581,#3792,.T.);
#2990=EDGE_CURVE('',#3525,#3581,#3793,.T.);
#2991=EDGE_CURVE('',#3582,#3581,#488,.T.);
#2992=EDGE_CURVE('',#3582,#3526,#3794,.T.);
#2993=EDGE_CURVE('',#3583,#3582,#3795,.T.);
#2994=EDGE_CURVE('',#3583,#3584,#3796,.T.);
#2995=EDGE_CURVE('',#3526,#3584,#3797,.T.);
#2996=EDGE_CURVE('',#3585,#3584,#489,.T.);
#2997=EDGE_CURVE('',#3527,#3585,#3798,.T.);
#2998=EDGE_CURVE('',#3586,#3587,#490,.T.);
#2999=EDGE_CURVE('',#3587,#3588,#3799,.T.);
#3000=EDGE_CURVE('',#3589,#3588,#491,.T.);
#3001=EDGE_CURVE('',#3589,#3586,#3800,.T.);
#3002=EDGE_CURVE('',#3586,#3590,#492,.T.);
#3003=EDGE_CURVE('',#3591,#3590,#493,.T.);
#3004=EDGE_CURVE('',#3591,#3587,#494,.T.);
#3005=EDGE_CURVE('',#3590,#3454,#3801,.T.);
#3006=EDGE_CURVE('',#3457,#3591,#3802,.T.);
#3007=EDGE_CURVE('',#3592,#3523,#495,.T.);
#3008=EDGE_CURVE('',#3456,#3592,#496,.T.);
#3009=EDGE_CURVE('',#3522,#3455,#497,.T.);
#3010=EDGE_CURVE('',#3522,#3593,#498,.T.);
#3011=EDGE_CURVE('',#3593,#3461,#3803,.T.);
#3012=EDGE_CURVE('',#3594,#3593,#499,.T.);
#3013=EDGE_CURVE('',#3458,#3594,#3804,.T.);
#3014=EDGE_CURVE('',#3595,#3521,#3805,.T.);
#3015=EDGE_CURVE('',#3596,#3520,#3806,.T.);
#3016=EDGE_CURVE('',#3596,#3595,#500,.T.);
#3017=EDGE_CURVE('',#3595,#3597,#3807,.T.);
#3018=EDGE_CURVE('',#3597,#3598,#3808,.T.);
#3019=EDGE_CURVE('',#3521,#3598,#3809,.T.);
#3020=EDGE_CURVE('',#3598,#3599,#501,.T.);
#3021=EDGE_CURVE('',#3599,#3519,#3810,.T.);
#3022=EDGE_CURVE('',#3600,#3599,#3811,.T.);
#3023=EDGE_CURVE('',#3600,#3601,#3812,.T.);
#3024=EDGE_CURVE('',#3519,#3601,#3813,.T.);
#3025=EDGE_CURVE('',#3602,#3601,#502,.T.);
#3026=EDGE_CURVE('',#3518,#3602,#3814,.T.);
#3027=EDGE_CURVE('',#3603,#3465,#3815,.T.);
#3028=EDGE_CURVE('',#3604,#3603,#503,.T.);
#3029=EDGE_CURVE('',#3462,#3604,#3816,.T.);
#3030=EDGE_CURVE('',#3604,#3516,#504,.T.);
#3031=EDGE_CURVE('',#3605,#3606,#505,.T.);
#3032=EDGE_CURVE('',#3606,#3607,#3817,.T.);
#3033=EDGE_CURVE('',#3608,#3607,#506,.T.);
#3034=EDGE_CURVE('',#3608,#3605,#3818,.T.);
#3035=EDGE_CURVE('',#3605,#3609,#507,.T.);
#3036=EDGE_CURVE('',#3610,#3609,#508,.T.);
#3037=EDGE_CURVE('',#3610,#3606,#509,.T.);
#3038=EDGE_CURVE('',#3609,#3466,#3819,.T.);
#3039=EDGE_CURVE('',#3469,#3610,#3820,.T.);
#3040=EDGE_CURVE('',#3517,#3611,#510,.T.);
#3041=EDGE_CURVE('',#3468,#3516,#511,.T.);
#3042=EDGE_CURVE('',#3611,#3467,#512,.T.);
#3043=EDGE_CURVE('',#3612,#3515,#3821,.T.);
#3044=EDGE_CURVE('',#3613,#3514,#3822,.T.);
#3045=EDGE_CURVE('',#3613,#3612,#513,.T.);
#3046=EDGE_CURVE('',#3612,#3614,#3823,.T.);
#3047=EDGE_CURVE('',#3614,#3615,#3824,.T.);
#3048=EDGE_CURVE('',#3515,#3615,#3825,.T.);
#3049=EDGE_CURVE('',#3615,#3616,#514,.T.);
#3050=EDGE_CURVE('',#3616,#3513,#3826,.T.);
#3051=EDGE_CURVE('',#3617,#3616,#3827,.T.);
#3052=EDGE_CURVE('',#3617,#3618,#3828,.T.);
#3053=EDGE_CURVE('',#3513,#3618,#3829,.T.);
#3054=EDGE_CURVE('',#3619,#3618,#515,.T.);
#3055=EDGE_CURVE('',#3512,#3619,#3830,.T.);
#3056=EDGE_CURVE('',#3620,#3621,#516,.T.);
#3057=EDGE_CURVE('',#3620,#3622,#3831,.T.);
#3058=EDGE_CURVE('',#3622,#3623,#517,.T.);
#3059=EDGE_CURVE('',#3623,#3621,#3832,.T.);
#3060=EDGE_CURVE('',#3622,#3624,#518,.T.);
#3061=EDGE_CURVE('',#3625,#3624,#519,.T.);
#3062=EDGE_CURVE('',#3625,#3623,#520,.T.);
#3063=EDGE_CURVE('',#3471,#3625,#3833,.T.);
#3064=EDGE_CURVE('',#3624,#3470,#3834,.T.);
#3065=EDGE_CURVE('',#3626,#3511,#521,.T.);
#3066=EDGE_CURVE('',#3473,#3626,#522,.T.);
#3067=EDGE_CURVE('',#3510,#3472,#523,.T.);
#3068=EDGE_CURVE('',#3510,#3627,#524,.T.);
#3069=EDGE_CURVE('',#3627,#3477,#3835,.T.);
#3070=EDGE_CURVE('',#3628,#3627,#525,.T.);
#3071=EDGE_CURVE('',#3474,#3628,#3836,.T.);
#3072=EDGE_CURVE('',#3629,#3507,#3837,.T.);
#3073=EDGE_CURVE('',#3630,#3506,#3838,.T.);
#3074=EDGE_CURVE('',#3630,#3629,#526,.T.);
#3075=EDGE_CURVE('',#3629,#3631,#3839,.T.);
#3076=EDGE_CURVE('',#3631,#3632,#3840,.T.);
#3077=EDGE_CURVE('',#3507,#3632,#3841,.T.);
#3078=EDGE_CURVE('',#3633,#3632,#527,.T.);
#3079=EDGE_CURVE('',#3633,#3508,#3842,.T.);
#3080=EDGE_CURVE('',#3634,#3633,#3843,.T.);
#3081=EDGE_CURVE('',#3634,#3635,#3844,.T.);
#3082=EDGE_CURVE('',#3508,#3635,#3845,.T.);
#3083=EDGE_CURVE('',#3636,#3635,#528,.T.);
#3084=EDGE_CURVE('',#3509,#3636,#3846,.T.);
#3085=EDGE_CURVE('',#3637,#3481,#3847,.T.);
#3086=EDGE_CURVE('',#3638,#3637,#529,.T.);
#3087=EDGE_CURVE('',#3478,#3638,#3848,.T.);
#3088=EDGE_CURVE('',#3638,#3504,#530,.T.);
#3089=EDGE_CURVE('',#3639,#3640,#531,.T.);
#3090=EDGE_CURVE('',#3639,#3641,#3849,.T.);
#3091=EDGE_CURVE('',#3641,#3642,#532,.T.);
#3092=EDGE_CURVE('',#3642,#3640,#3850,.T.);
#3093=EDGE_CURVE('',#3641,#3643,#533,.T.);
#3094=EDGE_CURVE('',#3644,#3643,#534,.T.);
#3095=EDGE_CURVE('',#3644,#3642,#535,.T.);
#3096=EDGE_CURVE('',#3483,#3644,#3851,.T.);
#3097=EDGE_CURVE('',#3643,#3482,#3852,.T.);
#3098=EDGE_CURVE('',#3505,#3645,#536,.T.);
#3099=EDGE_CURVE('',#3485,#3504,#537,.T.);
#3100=EDGE_CURVE('',#3645,#3484,#538,.T.);
#3101=EDGE_CURVE('',#3646,#3503,#3853,.T.);
#3102=EDGE_CURVE('',#3647,#3502,#3854,.T.);
#3103=EDGE_CURVE('',#3647,#3646,#539,.T.);
#3104=EDGE_CURVE('',#3646,#3648,#3855,.T.);
#3105=EDGE_CURVE('',#3648,#3649,#3856,.T.);
#3106=EDGE_CURVE('',#3503,#3649,#3857,.T.);
#3107=EDGE_CURVE('',#3649,#3650,#540,.T.);
#3108=EDGE_CURVE('',#3650,#3501,#3858,.T.);
#3109=EDGE_CURVE('',#3651,#3650,#3859,.T.);
#3110=EDGE_CURVE('',#3651,#3652,#3860,.T.);
#3111=EDGE_CURVE('',#3501,#3652,#3861,.T.);
#3112=EDGE_CURVE('',#3653,#3652,#541,.T.);
#3113=EDGE_CURVE('',#3500,#3653,#3862,.T.);
#3114=EDGE_CURVE('',#3654,#3655,#542,.T.);
#3115=EDGE_CURVE('',#3654,#3656,#3863,.T.);
#3116=EDGE_CURVE('',#3656,#3657,#543,.T.);
#3117=EDGE_CURVE('',#3657,#3655,#3864,.T.);
#3118=EDGE_CURVE('',#3658,#3657,#544,.T.);
#3119=EDGE_CURVE('',#3656,#3659,#545,.T.);
#3120=EDGE_CURVE('',#3658,#3659,#546,.T.);
#3121=EDGE_CURVE('',#3487,#3658,#3865,.T.);
#3122=EDGE_CURVE('',#3659,#3486,#3866,.T.);
#3123=EDGE_CURVE('',#3660,#3499,#547,.T.);
#3124=EDGE_CURVE('',#3489,#3660,#548,.T.);
#3125=EDGE_CURVE('',#3498,#3488,#549,.T.);
#3126=EDGE_CURVE('',#3498,#3661,#550,.T.);
#3127=EDGE_CURVE('',#3661,#3493,#3867,.T.);
#3128=EDGE_CURVE('',#3662,#3661,#551,.T.);
#3129=EDGE_CURVE('',#3490,#3662,#3868,.T.);
#3130=EDGE_CURVE('',#3663,#3539,#3869,.T.);
#3131=EDGE_CURVE('',#3664,#3538,#3870,.T.);
#3132=EDGE_CURVE('',#3664,#3663,#552,.T.);
#3133=EDGE_CURVE('',#3663,#3665,#3871,.T.);
#3134=EDGE_CURVE('',#3665,#3666,#3872,.T.);
#3135=EDGE_CURVE('',#3539,#3666,#3873,.T.);
#3136=EDGE_CURVE('',#3666,#3667,#553,.T.);
#3137=EDGE_CURVE('',#3537,#3667,#3874,.T.);
#3138=EDGE_CURVE('',#3494,#3668,#3875,.T.);
#3139=EDGE_CURVE('',#3544,#3668,#554,.T.);
#3140=EDGE_CURVE('',#3669,#3497,#3876,.T.);
#3141=EDGE_CURVE('',#3668,#3669,#555,.T.);
#3142=EDGE_CURVE('',#3556,#3557,#556,.T.);
#3143=EDGE_CURVE('',#3568,#3569,#557,.T.);
#3144=EDGE_CURVE('',#3577,#3579,#558,.T.);
#3145=EDGE_CURVE('',#3585,#3592,#559,.T.);
#3146=EDGE_CURVE('',#3594,#3596,#560,.T.);
#3147=EDGE_CURVE('',#3602,#3603,#561,.T.);
#3148=EDGE_CURVE('',#3611,#3613,#562,.T.);
#3149=EDGE_CURVE('',#3619,#3626,#563,.T.);
#3150=EDGE_CURVE('',#3628,#3630,#564,.T.);
#3151=EDGE_CURVE('',#3636,#3637,#565,.T.);
#3152=EDGE_CURVE('',#3645,#3647,#566,.T.);
#3153=EDGE_CURVE('',#3653,#3660,#567,.T.);
#3154=EDGE_CURVE('',#3662,#3664,#568,.T.);
#3155=EDGE_CURVE('',#3536,#3670,#3877,.T.);
#3156=EDGE_CURVE('',#3669,#3670,#569,.T.);
#3157=EDGE_CURVE('',#3671,#3545,#570,.T.);
#3158=EDGE_CURVE('',#3671,#3546,#571,.T.);
#3159=EDGE_CURVE('',#3672,#3537,#3878,.T.);
#3160=EDGE_CURVE('',#3672,#3670,#572,.T.);
#3161=EDGE_CURVE('',#3667,#3673,#3879,.T.);
#3162=EDGE_CURVE('',#3672,#3673,#3880,.T.);
#3163=EDGE_CURVE('',#3674,#3675,#573,.T.);
#3164=EDGE_CURVE('',#3674,#3676,#3881,.T.);
#3165=EDGE_CURVE('',#3676,#3677,#574,.T.);
#3166=EDGE_CURVE('',#3675,#3677,#3882,.T.);
#3167=EDGE_CURVE('',#3676,#3678,#575,.T.);
#3168=EDGE_CURVE('',#3679,#3678,#576,.T.);
#3169=EDGE_CURVE('',#3677,#3679,#577,.T.);
#3170=EDGE_CURVE('',#3679,#3541,#3883,.T.);
#3171=EDGE_CURVE('',#3678,#3540,#3884,.T.);
#3172=EDGE_CURVE('',#3680,#3671,#3885,.T.);
#3173=EDGE_CURVE('',#3544,#3543,#578,.T.);
#3174=EDGE_CURVE('',#3680,#3542,#579,.T.);
#3175=EDGE_CURVE('',#3548,#3680,#580,.T.);
#3176=EDGE_CURVE('',#3681,#3548,#581,.T.);
#3177=EDGE_CURVE('',#3682,#3681,#3886,.T.);
#3178=EDGE_CURVE('',#3682,#3547,#582,.T.);
#3179=EDGE_CURVE('',#3681,#3683,#3887,.T.);
#3180=EDGE_CURVE('',#3683,#3684,#3888,.T.);
#3181=EDGE_CURVE('',#3682,#3684,#3889,.T.);
#3182=EDGE_CURVE('',#3549,#3682,#583,.T.);
#3183=EDGE_CURVE('',#3685,#3549,#3890,.T.);
#3184=EDGE_CURVE('',#3685,#3686,#3891,.T.);
#3185=EDGE_CURVE('',#3686,#3550,#3892,.T.);
#3186=EDGE_CURVE('',#3687,#3686,#584,.T.);
#3187=EDGE_CURVE('',#3687,#3688,#585,.T.);
#3188=EDGE_CURVE('',#3563,#3688,#586,.T.);
#3189=EDGE_CURVE('',#3688,#3689,#587,.T.);
#3190=EDGE_CURVE('',#3564,#3689,#588,.T.);
#3191=EDGE_CURVE('',#3689,#3690,#589,.T.);
#3192=EDGE_CURVE('',#3553,#3690,#590,.T.);
#3193=EDGE_CURVE('',#3555,#3691,#591,.T.);
#3194=EDGE_CURVE('',#3691,#3690,#3893,.T.);
#3195=EDGE_CURVE('',#3691,#3692,#592,.T.);
#3196=EDGE_CURVE('',#3565,#3692,#593,.T.);
#3197=EDGE_CURVE('',#3566,#3693,#594,.T.);
#3198=EDGE_CURVE('',#3693,#3692,#3894,.T.);
#3199=EDGE_CURVE('',#3573,#3694,#595,.T.);
#3200=EDGE_CURVE('',#3693,#3694,#596,.T.);
#3201=EDGE_CURVE('',#3694,#3695,#597,.T.);
#3202=EDGE_CURVE('',#3695,#3574,#598,.T.);
#3203=EDGE_CURVE('',#3695,#3696,#599,.T.);
#3204=EDGE_CURVE('',#3580,#3696,#600,.T.);
#3205=EDGE_CURVE('',#3581,#3697,#601,.T.);
#3206=EDGE_CURVE('',#3697,#3696,#3895,.T.);
#3207=EDGE_CURVE('',#3697,#3698,#602,.T.);
#3208=EDGE_CURVE('',#3582,#3698,#603,.T.);
#3209=EDGE_CURVE('',#3583,#3699,#604,.T.);
#3210=EDGE_CURVE('',#3699,#3698,#3896,.T.);
#3211=EDGE_CURVE('',#3588,#3700,#605,.T.);
#3212=EDGE_CURVE('',#3699,#3700,#606,.T.);
#3213=EDGE_CURVE('',#3700,#3701,#607,.T.);
#3214=EDGE_CURVE('',#3701,#3589,#608,.T.);
#3215=EDGE_CURVE('',#3701,#3702,#609,.T.);
#3216=EDGE_CURVE('',#3597,#3702,#610,.T.);
#3217=EDGE_CURVE('',#3598,#3703,#611,.T.);
#3218=EDGE_CURVE('',#3703,#3702,#3897,.T.);
#3219=EDGE_CURVE('',#3703,#3704,#612,.T.);
#3220=EDGE_CURVE('',#3599,#3704,#613,.T.);
#3221=EDGE_CURVE('',#3600,#3705,#614,.T.);
#3222=EDGE_CURVE('',#3705,#3704,#3898,.T.);
#3223=EDGE_CURVE('',#3607,#3706,#615,.T.);
#3224=EDGE_CURVE('',#3705,#3706,#616,.T.);
#3225=EDGE_CURVE('',#3706,#3707,#617,.T.);
#3226=EDGE_CURVE('',#3707,#3608,#618,.T.);
#3227=EDGE_CURVE('',#3707,#3708,#619,.T.);
#3228=EDGE_CURVE('',#3614,#3708,#620,.T.);
#3229=EDGE_CURVE('',#3615,#3709,#621,.T.);
#3230=EDGE_CURVE('',#3709,#3708,#3899,.T.);
#3231=EDGE_CURVE('',#3709,#3710,#622,.T.);
#3232=EDGE_CURVE('',#3616,#3710,#623,.T.);
#3233=EDGE_CURVE('',#3617,#3711,#624,.T.);
#3234=EDGE_CURVE('',#3711,#3710,#3900,.T.);
#3235=EDGE_CURVE('',#3621,#3712,#625,.T.);
#3236=EDGE_CURVE('',#3711,#3712,#626,.T.);
#3237=EDGE_CURVE('',#3713,#3712,#627,.T.);
#3238=EDGE_CURVE('',#3620,#3713,#628,.T.);
#3239=EDGE_CURVE('',#3713,#3714,#629,.T.);
#3240=EDGE_CURVE('',#3631,#3714,#630,.T.);
#3241=EDGE_CURVE('',#3632,#3715,#631,.T.);
#3242=EDGE_CURVE('',#3715,#3714,#3901,.T.);
#3243=EDGE_CURVE('',#3715,#3716,#632,.T.);
#3244=EDGE_CURVE('',#3633,#3716,#633,.T.);
#3245=EDGE_CURVE('',#3634,#3717,#634,.T.);
#3246=EDGE_CURVE('',#3717,#3716,#3902,.T.);
#3247=EDGE_CURVE('',#3640,#3718,#635,.T.);
#3248=EDGE_CURVE('',#3717,#3718,#636,.T.);
#3249=EDGE_CURVE('',#3719,#3718,#637,.T.);
#3250=EDGE_CURVE('',#3639,#3719,#638,.T.);
#3251=EDGE_CURVE('',#3719,#3720,#639,.T.);
#3252=EDGE_CURVE('',#3648,#3720,#640,.T.);
#3253=EDGE_CURVE('',#3649,#3721,#641,.T.);
#3254=EDGE_CURVE('',#3721,#3720,#3903,.T.);
#3255=EDGE_CURVE('',#3721,#3722,#642,.T.);
#3256=EDGE_CURVE('',#3650,#3722,#643,.T.);
#3257=EDGE_CURVE('',#3651,#3723,#644,.T.);
#3258=EDGE_CURVE('',#3723,#3722,#3904,.T.);
#3259=EDGE_CURVE('',#3655,#3724,#645,.T.);
#3260=EDGE_CURVE('',#3723,#3724,#646,.T.);
#3261=EDGE_CURVE('',#3725,#3724,#647,.T.);
#3262=EDGE_CURVE('',#3654,#3725,#648,.T.);
#3263=EDGE_CURVE('',#3725,#3726,#649,.T.);
#3264=EDGE_CURVE('',#3665,#3726,#650,.T.);
#3265=EDGE_CURVE('',#3666,#3727,#651,.T.);
#3266=EDGE_CURVE('',#3727,#3726,#3905,.T.);
#3267=EDGE_CURVE('',#3727,#3728,#652,.T.);
#3268=EDGE_CURVE('',#3667,#3728,#653,.T.);
#3269=EDGE_CURVE('',#3729,#3673,#654,.T.);
#3270=EDGE_CURVE('',#3729,#3728,#3906,.T.);
#3271=EDGE_CURVE('',#3729,#3730,#655,.T.);
#3272=EDGE_CURVE('',#3675,#3730,#656,.T.);
#3273=EDGE_CURVE('',#3731,#3730,#657,.T.);
#3274=EDGE_CURVE('',#3674,#3731,#658,.T.);
#3275=EDGE_CURVE('',#3731,#3732,#659,.T.);
#3276=EDGE_CURVE('',#3732,#3683,#660,.T.);
#3277=EDGE_CURVE('',#3733,#3684,#661,.T.);
#3278=EDGE_CURVE('',#3732,#3733,#3907,.T.);
#3279=EDGE_CURVE('',#3734,#3685,#662,.T.);
#3280=EDGE_CURVE('',#3734,#3687,#3908,.T.);
#3281=EDGE_CURVE('',#3684,#3685,#663,.T.);
#3282=EDGE_CURVE('',#3734,#3733,#664,.T.);
#3283=VERTEX_POINT('',#6699);
#3284=VERTEX_POINT('',#6702);
#3285=VERTEX_POINT('',#6705);
#3286=VERTEX_POINT('',#6708);
#3287=VERTEX_POINT('',#6709);
#3288=VERTEX_POINT('',#6711);
#3289=VERTEX_POINT('',#6713);
#3290=VERTEX_POINT('',#6717);
#3291=VERTEX_POINT('',#6718);
#3292=VERTEX_POINT('',#6720);
#3293=VERTEX_POINT('',#6722);
#3294=VERTEX_POINT('',#6726);
#3295=VERTEX_POINT('',#6727);
#3296=VERTEX_POINT('',#6729);
#3297=VERTEX_POINT('',#6731);
#3298=VERTEX_POINT('',#6735);
#3299=VERTEX_POINT('',#6736);
#3300=VERTEX_POINT('',#6738);
#3301=VERTEX_POINT('',#6740);
#3302=VERTEX_POINT('',#6744);
#3303=VERTEX_POINT('',#6745);
#3304=VERTEX_POINT('',#6747);
#3305=VERTEX_POINT('',#6749);
#3306=VERTEX_POINT('',#6753);
#3307=VERTEX_POINT('',#6754);
#3308=VERTEX_POINT('',#6756);
#3309=VERTEX_POINT('',#6758);
#3310=VERTEX_POINT('',#6762);
#3311=VERTEX_POINT('',#6763);
#3312=VERTEX_POINT('',#6765);
#3313=VERTEX_POINT('',#6767);
#3314=VERTEX_POINT('',#6771);
#3315=VERTEX_POINT('',#6772);
#3316=VERTEX_POINT('',#6774);
#3317=VERTEX_POINT('',#6776);
#3318=VERTEX_POINT('',#6780);
#3319=VERTEX_POINT('',#6782);
#3320=VERTEX_POINT('',#6786);
#3321=VERTEX_POINT('',#6788);
#3322=VERTEX_POINT('',#6792);
#3323=VERTEX_POINT('',#6793);
#3324=VERTEX_POINT('',#6795);
#3325=VERTEX_POINT('',#6797);
#3326=VERTEX_POINT('',#6801);
#3327=VERTEX_POINT('',#6802);
#3328=VERTEX_POINT('',#6807);
#3329=VERTEX_POINT('',#6811);
#3330=VERTEX_POINT('',#6815);
#3331=VERTEX_POINT('',#6817);
#3332=VERTEX_POINT('',#6821);
#3333=VERTEX_POINT('',#6823);
#3334=VERTEX_POINT('',#6827);
#3335=VERTEX_POINT('',#6829);
#3336=VERTEX_POINT('',#6833);
#3337=VERTEX_POINT('',#6835);
#3338=VERTEX_POINT('',#6839);
#3339=VERTEX_POINT('',#6841);
#3340=VERTEX_POINT('',#6845);
#3341=VERTEX_POINT('',#6849);
#3342=VERTEX_POINT('',#6858);
#3343=VERTEX_POINT('',#6872);
#3344=VERTEX_POINT('',#6881);
#3345=VERTEX_POINT('',#6883);
#3346=VERTEX_POINT('',#6887);
#3347=VERTEX_POINT('',#6889);
#3348=VERTEX_POINT('',#6898);
#3349=VERTEX_POINT('',#6912);
#3350=VERTEX_POINT('',#6921);
#3351=VERTEX_POINT('',#6922);
#3352=VERTEX_POINT('',#6924);
#3353=VERTEX_POINT('',#6934);
#3354=VERTEX_POINT('',#6936);
#3355=VERTEX_POINT('',#6945);
#3356=VERTEX_POINT('',#6966);
#3357=VERTEX_POINT('',#6975);
#3358=VERTEX_POINT('',#6976);
#3359=VERTEX_POINT('',#6978);
#3360=VERTEX_POINT('',#6988);
#3361=VERTEX_POINT('',#6990);
#3362=VERTEX_POINT('',#6999);
#3363=VERTEX_POINT('',#7015);
#3364=VERTEX_POINT('',#7016);
#3365=VERTEX_POINT('',#7021);
#3366=VERTEX_POINT('',#7023);
#3367=VERTEX_POINT('',#7027);
#3368=VERTEX_POINT('',#7028);
#3369=VERTEX_POINT('',#7033);
#3370=VERTEX_POINT('',#7038);
#3371=VERTEX_POINT('',#7042);
#3372=VERTEX_POINT('',#7044);
#3373=VERTEX_POINT('',#7048);
#3374=VERTEX_POINT('',#7049);
#3375=VERTEX_POINT('',#7054);
#3376=VERTEX_POINT('',#7059);
#3377=VERTEX_POINT('',#7063);
#3378=VERTEX_POINT('',#7065);
#3379=VERTEX_POINT('',#7069);
#3380=VERTEX_POINT('',#7070);
#3381=VERTEX_POINT('',#7075);
#3382=VERTEX_POINT('',#7080);
#3383=VERTEX_POINT('',#7084);
#3384=VERTEX_POINT('',#7086);
#3385=VERTEX_POINT('',#7090);
#3386=VERTEX_POINT('',#7093);
#3387=VERTEX_POINT('',#7102);
#3388=VERTEX_POINT('',#7104);
#3389=VERTEX_POINT('',#7106);
#3390=VERTEX_POINT('',#7115);
#3391=VERTEX_POINT('',#7117);
#3392=VERTEX_POINT('',#7119);
#3393=VERTEX_POINT('',#7128);
#3394=VERTEX_POINT('',#7130);
#3395=VERTEX_POINT('',#7132);
#3396=VERTEX_POINT('',#7136);
#3397=VERTEX_POINT('',#7138);
#3398=VERTEX_POINT('',#7140);
#3399=VERTEX_POINT('',#7142);
#3400=VERTEX_POINT('',#7149);
#3401=VERTEX_POINT('',#7151);
#3402=VERTEX_POINT('',#7155);
#3403=VERTEX_POINT('',#7159);
#3404=VERTEX_POINT('',#7163);
#3405=VERTEX_POINT('',#7165);
#3406=VERTEX_POINT('',#7169);
#3407=VERTEX_POINT('',#7179);
#3408=VERTEX_POINT('',#7183);
#3409=VERTEX_POINT('',#7185);
#3410=VERTEX_POINT('',#7189);
#3411=VERTEX_POINT('',#7199);
#3412=VERTEX_POINT('',#7203);
#3413=VERTEX_POINT('',#7205);
#3414=VERTEX_POINT('',#7209);
#3415=VERTEX_POINT('',#7219);
#3416=VERTEX_POINT('',#7226);
#3417=VERTEX_POINT('',#7228);
#3418=VERTEX_POINT('',#7230);
#3419=VERTEX_POINT('',#7232);
#3420=VERTEX_POINT('',#7236);
#3421=VERTEX_POINT('',#7237);
#3422=VERTEX_POINT('',#7239);
#3423=VERTEX_POINT('',#7241);
#3424=VERTEX_POINT('',#7253);
#3425=VERTEX_POINT('',#7254);
#3426=VERTEX_POINT('',#7261);
#3427=VERTEX_POINT('',#7266);
#3428=VERTEX_POINT('',#7267);
#3429=VERTEX_POINT('',#7272);
#3430=VERTEX_POINT('',#7279);
#3431=VERTEX_POINT('',#7295);
#3432=VERTEX_POINT('',#7302);
#3433=VERTEX_POINT('',#7311);
#3434=VERTEX_POINT('',#7322);
#3435=VERTEX_POINT('',#7362);
#3436=VERTEX_POINT('',#7363);
#3437=VERTEX_POINT('',#7373);
#3438=VERTEX_POINT('',#7377);
#3439=VERTEX_POINT('',#7378);
#3440=VERTEX_POINT('',#7380);
#3441=VERTEX_POINT('',#7382);
#3442=VERTEX_POINT('',#7386);
#3443=VERTEX_POINT('',#7387);
#3444=VERTEX_POINT('',#7389);
#3445=VERTEX_POINT('',#7391);
#3446=VERTEX_POINT('',#7395);
#3447=VERTEX_POINT('',#7396);
#3448=VERTEX_POINT('',#7398);
#3449=VERTEX_POINT('',#7400);
#3450=VERTEX_POINT('',#7404);
#3451=VERTEX_POINT('',#7405);
#3452=VERTEX_POINT('',#7407);
#3453=VERTEX_POINT('',#7409);
#3454=VERTEX_POINT('',#7413);
#3455=VERTEX_POINT('',#7414);
#3456=VERTEX_POINT('',#7416);
#3457=VERTEX_POINT('',#7418);
#3458=VERTEX_POINT('',#7422);
#3459=VERTEX_POINT('',#7423);
#3460=VERTEX_POINT('',#7425);
#3461=VERTEX_POINT('',#7427);
#3462=VERTEX_POINT('',#7431);
#3463=VERTEX_POINT('',#7432);
#3464=VERTEX_POINT('',#7434);
#3465=VERTEX_POINT('',#7436);
#3466=VERTEX_POINT('',#7440);
#3467=VERTEX_POINT('',#7441);
#3468=VERTEX_POINT('',#7443);
#3469=VERTEX_POINT('',#7445);
#3470=VERTEX_POINT('',#7449);
#3471=VERTEX_POINT('',#7450);
#3472=VERTEX_POINT('',#7452);
#3473=VERTEX_POINT('',#7454);
#3474=VERTEX_POINT('',#7458);
#3475=VERTEX_POINT('',#7459);
#3476=VERTEX_POINT('',#7461);
#3477=VERTEX_POINT('',#7463);
#3478=VERTEX_POINT('',#7467);
#3479=VERTEX_POINT('',#7468);
#3480=VERTEX_POINT('',#7470);
#3481=VERTEX_POINT('',#7472);
#3482=VERTEX_POINT('',#7476);
#3483=VERTEX_POINT('',#7477);
#3484=VERTEX_POINT('',#7479);
#3485=VERTEX_POINT('',#7481);
#3486=VERTEX_POINT('',#7485);
#3487=VERTEX_POINT('',#7486);
#3488=VERTEX_POINT('',#7488);
#3489=VERTEX_POINT('',#7490);
#3490=VERTEX_POINT('',#7494);
#3491=VERTEX_POINT('',#7495);
#3492=VERTEX_POINT('',#7497);
#3493=VERTEX_POINT('',#7499);
#3494=VERTEX_POINT('',#7503);
#3495=VERTEX_POINT('',#7504);
#3496=VERTEX_POINT('',#7506);
#3497=VERTEX_POINT('',#7508);
#3498=VERTEX_POINT('',#7512);
#3499=VERTEX_POINT('',#7514);
#3500=VERTEX_POINT('',#7518);
#3501=VERTEX_POINT('',#7519);
#3502=VERTEX_POINT('',#7521);
#3503=VERTEX_POINT('',#7523);
#3504=VERTEX_POINT('',#7527);
#3505=VERTEX_POINT('',#7529);
#3506=VERTEX_POINT('',#7533);
#3507=VERTEX_POINT('',#7534);
#3508=VERTEX_POINT('',#7536);
#3509=VERTEX_POINT('',#7538);
#3510=VERTEX_POINT('',#7542);
#3511=VERTEX_POINT('',#7544);
#3512=VERTEX_POINT('',#7548);
#3513=VERTEX_POINT('',#7549);
#3514=VERTEX_POINT('',#7551);
#3515=VERTEX_POINT('',#7553);
#3516=VERTEX_POINT('',#7557);
#3517=VERTEX_POINT('',#7559);
#3518=VERTEX_POINT('',#7563);
#3519=VERTEX_POINT('',#7564);
#3520=VERTEX_POINT('',#7566);
#3521=VERTEX_POINT('',#7568);
#3522=VERTEX_POINT('',#7572);
#3523=VERTEX_POINT('',#7574);
#3524=VERTEX_POINT('',#7578);
#3525=VERTEX_POINT('',#7579);
#3526=VERTEX_POINT('',#7581);
#3527=VERTEX_POINT('',#7583);
#3528=VERTEX_POINT('',#7587);
#3529=VERTEX_POINT('',#7589);
#3530=VERTEX_POINT('',#7593);
#3531=VERTEX_POINT('',#7594);
#3532=VERTEX_POINT('',#7596);
#3533=VERTEX_POINT('',#7598);
#3534=VERTEX_POINT('',#7602);
#3535=VERTEX_POINT('',#7604);
#3536=VERTEX_POINT('',#7608);
#3537=VERTEX_POINT('',#7609);
#3538=VERTEX_POINT('',#7611);
#3539=VERTEX_POINT('',#7613);
#3540=VERTEX_POINT('',#7617);
#3541=VERTEX_POINT('',#7618);
#3542=VERTEX_POINT('',#7620);
#3543=VERTEX_POINT('',#7622);
#3544=VERTEX_POINT('',#7626);
#3545=VERTEX_POINT('',#7628);
#3546=VERTEX_POINT('',#7660);
#3547=VERTEX_POINT('',#7661);
#3548=VERTEX_POINT('',#7663);
#3549=VERTEX_POINT('',#7678);
#3550=VERTEX_POINT('',#7680);
#3551=VERTEX_POINT('',#7684);
#3552=VERTEX_POINT('',#7686);
#3553=VERTEX_POINT('',#7690);
#3554=VERTEX_POINT('',#7691);
#3555=VERTEX_POINT('',#7693);
#3556=VERTEX_POINT('',#7698);
#3557=VERTEX_POINT('',#7702);
#3558=VERTEX_POINT('',#7704);
#3559=VERTEX_POINT('',#7714);
#3560=VERTEX_POINT('',#7715);
#3561=VERTEX_POINT('',#7720);
#3562=VERTEX_POINT('',#7722);
#3563=VERTEX_POINT('',#7726);
#3564=VERTEX_POINT('',#7728);
#3565=VERTEX_POINT('',#7732);
#3566=VERTEX_POINT('',#7736);
#3567=VERTEX_POINT('',#7738);
#3568=VERTEX_POINT('',#7742);
#3569=VERTEX_POINT('',#7746);
#3570=VERTEX_POINT('',#7748);
#3571=VERTEX_POINT('',#7754);
#3572=VERTEX_POINT('',#7755);
#3573=VERTEX_POINT('',#7757);
#3574=VERTEX_POINT('',#7759);
#3575=VERTEX_POINT('',#7763);
#3576=VERTEX_POINT('',#7765);
#3577=VERTEX_POINT('',#7772);
#3578=VERTEX_POINT('',#7777);
#3579=VERTEX_POINT('',#7779);
#3580=VERTEX_POINT('',#7783);
#3581=VERTEX_POINT('',#7785);
#3582=VERTEX_POINT('',#7789);
#3583=VERTEX_POINT('',#7793);
#3584=VERTEX_POINT('',#7795);
#3585=VERTEX_POINT('',#7799);
#3586=VERTEX_POINT('',#7803);
#3587=VERTEX_POINT('',#7804);
#3588=VERTEX_POINT('',#7806);
#3589=VERTEX_POINT('',#7808);
#3590=VERTEX_POINT('',#7812);
#3591=VERTEX_POINT('',#7814);
#3592=VERTEX_POINT('',#7821);
#3593=VERTEX_POINT('',#7826);
#3594=VERTEX_POINT('',#7830);
#3595=VERTEX_POINT('',#7834);
#3596=VERTEX_POINT('',#7836);
#3597=VERTEX_POINT('',#7840);
#3598=VERTEX_POINT('',#7842);
#3599=VERTEX_POINT('',#7846);
#3600=VERTEX_POINT('',#7850);
#3601=VERTEX_POINT('',#7852);
#3602=VERTEX_POINT('',#7856);
#3603=VERTEX_POINT('',#7860);
#3604=VERTEX_POINT('',#7862);
#3605=VERTEX_POINT('',#7868);
#3606=VERTEX_POINT('',#7869);
#3607=VERTEX_POINT('',#7871);
#3608=VERTEX_POINT('',#7873);
#3609=VERTEX_POINT('',#7877);
#3610=VERTEX_POINT('',#7879);
#3611=VERTEX_POINT('',#7886);
#3612=VERTEX_POINT('',#7891);
#3613=VERTEX_POINT('',#7893);
#3614=VERTEX_POINT('',#7897);
#3615=VERTEX_POINT('',#7899);
#3616=VERTEX_POINT('',#7903);
#3617=VERTEX_POINT('',#7907);
#3618=VERTEX_POINT('',#7909);
#3619=VERTEX_POINT('',#7913);
#3620=VERTEX_POINT('',#7917);
#3621=VERTEX_POINT('',#7918);
#3622=VERTEX_POINT('',#7920);
#3623=VERTEX_POINT('',#7922);
#3624=VERTEX_POINT('',#7926);
#3625=VERTEX_POINT('',#7928);
#3626=VERTEX_POINT('',#7935);
#3627=VERTEX_POINT('',#7940);
#3628=VERTEX_POINT('',#7944);
#3629=VERTEX_POINT('',#7948);
#3630=VERTEX_POINT('',#7950);
#3631=VERTEX_POINT('',#7954);
#3632=VERTEX_POINT('',#7956);
#3633=VERTEX_POINT('',#7960);
#3634=VERTEX_POINT('',#7964);
#3635=VERTEX_POINT('',#7966);
#3636=VERTEX_POINT('',#7970);
#3637=VERTEX_POINT('',#7974);
#3638=VERTEX_POINT('',#7976);
#3639=VERTEX_POINT('',#7982);
#3640=VERTEX_POINT('',#7983);
#3641=VERTEX_POINT('',#7985);
#3642=VERTEX_POINT('',#7987);
#3643=VERTEX_POINT('',#7991);
#3644=VERTEX_POINT('',#7993);
#3645=VERTEX_POINT('',#8000);
#3646=VERTEX_POINT('',#8005);
#3647=VERTEX_POINT('',#8007);
#3648=VERTEX_POINT('',#8011);
#3649=VERTEX_POINT('',#8013);
#3650=VERTEX_POINT('',#8017);
#3651=VERTEX_POINT('',#8021);
#3652=VERTEX_POINT('',#8023);
#3653=VERTEX_POINT('',#8027);
#3654=VERTEX_POINT('',#8031);
#3655=VERTEX_POINT('',#8032);
#3656=VERTEX_POINT('',#8034);
#3657=VERTEX_POINT('',#8036);
#3658=VERTEX_POINT('',#8040);
#3659=VERTEX_POINT('',#8042);
#3660=VERTEX_POINT('',#8049);
#3661=VERTEX_POINT('',#8054);
#3662=VERTEX_POINT('',#8058);
#3663=VERTEX_POINT('',#8062);
#3664=VERTEX_POINT('',#8064);
#3665=VERTEX_POINT('',#8068);
#3666=VERTEX_POINT('',#8070);
#3667=VERTEX_POINT('',#8074);
#3668=VERTEX_POINT('',#8078);
#3669=VERTEX_POINT('',#8082);
#3670=VERTEX_POINT('',#8099);
#3671=VERTEX_POINT('',#8102);
#3672=VERTEX_POINT('',#8106);
#3673=VERTEX_POINT('',#8110);
#3674=VERTEX_POINT('',#8114);
#3675=VERTEX_POINT('',#8115);
#3676=VERTEX_POINT('',#8117);
#3677=VERTEX_POINT('',#8119);
#3678=VERTEX_POINT('',#8123);
#3679=VERTEX_POINT('',#8125);
#3680=VERTEX_POINT('',#8132);
#3681=VERTEX_POINT('',#8139);
#3682=VERTEX_POINT('',#8141);
#3683=VERTEX_POINT('',#8145);
#3684=VERTEX_POINT('',#8147);
#3685=VERTEX_POINT('',#8153);
#3686=VERTEX_POINT('',#8155);
#3687=VERTEX_POINT('',#8159);
#3688=VERTEX_POINT('',#8161);
#3689=VERTEX_POINT('',#8165);
#3690=VERTEX_POINT('',#8169);
#3691=VERTEX_POINT('',#8173);
#3692=VERTEX_POINT('',#8177);
#3693=VERTEX_POINT('',#8181);
#3694=VERTEX_POINT('',#8185);
#3695=VERTEX_POINT('',#8189);
#3696=VERTEX_POINT('',#8193);
#3697=VERTEX_POINT('',#8197);
#3698=VERTEX_POINT('',#8201);
#3699=VERTEX_POINT('',#8205);
#3700=VERTEX_POINT('',#8209);
#3701=VERTEX_POINT('',#8213);
#3702=VERTEX_POINT('',#8217);
#3703=VERTEX_POINT('',#8221);
#3704=VERTEX_POINT('',#8225);
#3705=VERTEX_POINT('',#8229);
#3706=VERTEX_POINT('',#8233);
#3707=VERTEX_POINT('',#8237);
#3708=VERTEX_POINT('',#8241);
#3709=VERTEX_POINT('',#8245);
#3710=VERTEX_POINT('',#8249);
#3711=VERTEX_POINT('',#8253);
#3712=VERTEX_POINT('',#8257);
#3713=VERTEX_POINT('',#8261);
#3714=VERTEX_POINT('',#8265);
#3715=VERTEX_POINT('',#8269);
#3716=VERTEX_POINT('',#8273);
#3717=VERTEX_POINT('',#8277);
#3718=VERTEX_POINT('',#8281);
#3719=VERTEX_POINT('',#8285);
#3720=VERTEX_POINT('',#8289);
#3721=VERTEX_POINT('',#8293);
#3722=VERTEX_POINT('',#8297);
#3723=VERTEX_POINT('',#8301);
#3724=VERTEX_POINT('',#8305);
#3725=VERTEX_POINT('',#8309);
#3726=VERTEX_POINT('',#8313);
#3727=VERTEX_POINT('',#8317);
#3728=VERTEX_POINT('',#8321);
#3729=VERTEX_POINT('',#8325);
#3730=VERTEX_POINT('',#8329);
#3731=VERTEX_POINT('',#8333);
#3732=VERTEX_POINT('',#8337);
#3733=VERTEX_POINT('',#8341);
#3734=VERTEX_POINT('',#8345);
#3735=CIRCLE('',#4887,0.001400000019654);
#3736=CIRCLE('',#4889,0.001400000019654);
#3737=CIRCLE('',#4891,0.001400000019146);
#3738=CIRCLE('',#4895,0.001400000019654);
#3739=CIRCLE('',#4896,0.001400000019654);
#3740=CIRCLE('',#4897,0.001400000019654);
#3741=CIRCLE('',#4898,0.001400000019654);
#3742=CIRCLE('',#4900,0.001400000019654);
#3743=CIRCLE('',#4901,0.001400000019654);
#3744=CIRCLE('',#4902,0.001400000019654);
#3745=CIRCLE('',#4903,0.001400000019654);
#3746=CIRCLE('',#4905,0.001400000019146);
#3747=CIRCLE('',#4906,0.001400000019146);
#3748=CIRCLE('',#4907,0.001400000019146);
#3749=CIRCLE('',#4908,0.001400000019146);
#3750=CIRCLE('',#4929,0.002500000004054);
#3751=CIRCLE('',#4930,0.002500000004054);
#3752=CIRCLE('',#4935,0.001499999997454);
#3753=CIRCLE('',#4936,0.001499999997454);
#3754=CIRCLE('',#4942,0.001499999997454);
#3755=CIRCLE('',#4943,0.001499999997454);
#3756=CIRCLE('',#4983,0.001499999997454);
#3757=CIRCLE('',#4984,0.001499999997454);
#3758=CIRCLE('',#4987,0.001400000019146);
#3759=CIRCLE('',#4991,0.001400000019146);
#3760=CIRCLE('',#4993,0.001400000019146);
#3761=CIRCLE('',#4995,0.001400000019146);
#3762=CIRCLE('',#4997,0.001400000019146);
#3763=CIRCLE('',#5003,0.000507999999746);
#3764=CIRCLE('',#5035,0.000507999999746);
#3765=CIRCLE('',#5038,0.000761999999745999);
#3766=CIRCLE('',#5040,0.000507999999746);
#3767=CIRCLE('',#5042,0.0023730000038);
#3768=CIRCLE('',#5043,0.000126999999746);
#3769=CIRCLE('',#5044,0.002500000003546);
#3770=CIRCLE('',#5045,0.000126999999746);
#3771=CIRCLE('',#5047,0.000126999999746);
#3772=CIRCLE('',#5049,0.000127000000254);
#3773=CIRCLE('',#5050,0.000127000000254);
#3774=CIRCLE('',#5054,0.000253999999746001);
#3775=CIRCLE('',#5055,0.000253999999746001);
#3776=CIRCLE('',#5058,0.000254000000253999);
#3777=CIRCLE('',#5059,0.000254000000253999);
#3778=CIRCLE('',#5061,0.002500000003546);
#3779=CIRCLE('',#5063,0.000127000000254);
#3780=CIRCLE('',#5064,0.002373000003292);
#3781=CIRCLE('',#5065,0.000127000000254);
#3782=CIRCLE('',#5067,0.000127000000254);
#3783=CIRCLE('',#5069,0.000126999999746);
#3784=CIRCLE('',#5070,0.000126999999746);
#3785=CIRCLE('',#5073,0.000254000000253999);
#3786=CIRCLE('',#5074,0.000254000000253999);
#3787=CIRCLE('',#5077,0.000253999999746001);
#3788=CIRCLE('',#5078,0.000253999999746001);
#3789=CIRCLE('',#5081,0.000127000000254);
#3790=CIRCLE('',#5082,0.000127000000254);
#3791=CIRCLE('',#5084,0.002373000003292);
#3792=CIRCLE('',#5085,0.000127000000254);
#3793=CIRCLE('',#5086,0.002500000003546);
#3794=CIRCLE('',#5088,0.002500000003546);
#3795=CIRCLE('',#5090,0.000127000000254);
#3796=CIRCLE('',#5091,0.002373000003292);
#3797=CIRCLE('',#5092,0.000127000000254);
#3798=CIRCLE('',#5094,0.000127000000254);
#3799=CIRCLE('',#5096,0.000254000000253999);
#3800=CIRCLE('',#5097,0.000254000000253999);
#3801=CIRCLE('',#5100,0.000253999999746001);
#3802=CIRCLE('',#5101,0.000253999999746001);
#3803=CIRCLE('',#5104,0.000127000000254);
#3804=CIRCLE('',#5106,0.000127000000254);
#3805=CIRCLE('',#5108,0.000127000000254);
#3806=CIRCLE('',#5109,0.000127000000254);
#3807=CIRCLE('',#5111,0.002373000003292);
#3808=CIRCLE('',#5112,0.000127000000254);
#3809=CIRCLE('',#5113,0.002500000003546);
#3810=CIRCLE('',#5115,0.002500000003546);
#3811=CIRCLE('',#5117,0.000127000000254);
#3812=CIRCLE('',#5118,0.002373000003292);
#3813=CIRCLE('',#5119,0.000127000000254);
#3814=CIRCLE('',#5121,0.000127000000254);
#3815=CIRCLE('',#5123,0.000126999999746);
#3816=CIRCLE('',#5124,0.000126999999746);
#3817=CIRCLE('',#5127,0.000254000000253999);
#3818=CIRCLE('',#5128,0.000254000000253999);
#3819=CIRCLE('',#5131,0.000253999999746001);
#3820=CIRCLE('',#5132,0.000253999999746001);
#3821=CIRCLE('',#5135,0.000127000000254);
#3822=CIRCLE('',#5136,0.000127000000254);
#3823=CIRCLE('',#5138,0.002373000003292);
#3824=CIRCLE('',#5139,0.000127000000254);
#3825=CIRCLE('',#5140,0.002500000003546);
#3826=CIRCLE('',#5142,0.002500000003546);
#3827=CIRCLE('',#5144,0.000127000000254);
#3828=CIRCLE('',#5145,0.002373000003292);
#3829=CIRCLE('',#5146,0.000127000000254);
#3830=CIRCLE('',#5148,0.000127000000254);
#3831=CIRCLE('',#5150,0.000254000000253999);
#3832=CIRCLE('',#5151,0.000254000000253999);
#3833=CIRCLE('',#5154,0.000253999999746001);
#3834=CIRCLE('',#5155,0.000253999999746001);
#3835=CIRCLE('',#5158,0.000126999999746);
#3836=CIRCLE('',#5160,0.000126999999746);
#3837=CIRCLE('',#5162,0.000126999999746);
#3838=CIRCLE('',#5163,0.000126999999746);
#3839=CIRCLE('',#5165,0.0023730000038);
#3840=CIRCLE('',#5166,0.000126999999746);
#3841=CIRCLE('',#5167,0.002500000003546);
#3842=CIRCLE('',#5169,0.002500000003546);
#3843=CIRCLE('',#5171,0.000127000000254);
#3844=CIRCLE('',#5172,0.002373000003292);
#3845=CIRCLE('',#5173,0.000127000000254);
#3846=CIRCLE('',#5175,0.000127000000254);
#3847=CIRCLE('',#5177,0.000127000000254);
#3848=CIRCLE('',#5178,0.000127000000254);
#3849=CIRCLE('',#5181,0.000254000000253999);
#3850=CIRCLE('',#5182,0.000254000000253999);
#3851=CIRCLE('',#5185,0.000253999999746001);
#3852=CIRCLE('',#5186,0.000253999999746001);
#3853=CIRCLE('',#5189,0.000126999999746);
#3854=CIRCLE('',#5190,0.000126999999746);
#3855=CIRCLE('',#5192,0.0023730000038);
#3856=CIRCLE('',#5193,0.000126999999746);
#3857=CIRCLE('',#5194,0.002500000003546);
#3858=CIRCLE('',#5196,0.002500000003546);
#3859=CIRCLE('',#5198,0.000127000000254);
#3860=CIRCLE('',#5199,0.002373000003292);
#3861=CIRCLE('',#5200,0.000127000000254);
#3862=CIRCLE('',#5202,0.000127000000254);
#3863=CIRCLE('',#5204,0.000254000000253999);
#3864=CIRCLE('',#5205,0.000254000000253999);
#3865=CIRCLE('',#5208,0.000253999999746001);
#3866=CIRCLE('',#5209,0.000253999999746001);
#3867=CIRCLE('',#5212,0.000126999999746);
#3868=CIRCLE('',#5214,0.000126999999746);
#3869=CIRCLE('',#5216,0.000126999999746);
#3870=CIRCLE('',#5217,0.000126999999746);
#3871=CIRCLE('',#5219,0.0023730000038);
#3872=CIRCLE('',#5220,0.000126999999746);
#3873=CIRCLE('',#5221,0.002500000003546);
#3874=CIRCLE('',#5223,0.002500000003546);
#3875=CIRCLE('',#5225,0.000127000000254);
#3876=CIRCLE('',#5227,0.000127000000254);
#3877=CIRCLE('',#5229,0.000126999999746);
#3878=CIRCLE('',#5231,0.000126999999746);
#3879=CIRCLE('',#5233,0.000126999999746);
#3880=CIRCLE('',#5234,0.0023730000038);
#3881=CIRCLE('',#5236,0.000254000000253999);
#3882=CIRCLE('',#5237,0.000254000000253999);
#3883=CIRCLE('',#5240,0.000253999999746001);
#3884=CIRCLE('',#5241,0.000253999999746001);
#3885=CIRCLE('',#5243,0.000507999999746);
#3886=CIRCLE('',#5246,0.000762000000254001);
#3887=CIRCLE('',#5248,0.00254);
#3888=CIRCLE('',#5249,0.000762000000254001);
#3889=CIRCLE('',#5250,0.003302000000254);
#3890=CIRCLE('',#5253,0.003302000000254);
#3891=CIRCLE('',#5254,0.000761999999745999);
#3892=CIRCLE('',#5255,0.002540000000508);
#3893=CIRCLE('',#5260,0.000126999999746);
#3894=CIRCLE('',#5263,0.000127000000254);
#3895=CIRCLE('',#5268,0.000127000000254);
#3896=CIRCLE('',#5271,0.000127000000254);
#3897=CIRCLE('',#5276,0.000127000000254);
#3898=CIRCLE('',#5279,0.000127000000254);
#3899=CIRCLE('',#5284,0.000127000000254);
#3900=CIRCLE('',#5287,0.000127000000254);
#3901=CIRCLE('',#5292,0.000126999999746);
#3902=CIRCLE('',#5295,0.000127000000254);
#3903=CIRCLE('',#5300,0.000126999999746);
#3904=CIRCLE('',#5303,0.000127000000254);
#3905=CIRCLE('',#5308,0.000126999999746);
#3906=CIRCLE('',#5311,0.000126999999746);
#3907=CIRCLE('',#5316,0.000762000000254001);
#3908=CIRCLE('',#5318,0.000761999999745999);
#3909=EDGE_LOOP('',(#1162));
#3910=EDGE_LOOP('',(#1163));
#3911=EDGE_LOOP('',(#1164));
#3912=EDGE_LOOP('',(#1165,#1166,#1167,#1168));
#3913=EDGE_LOOP('',(#1169,#1170,#1171,#1172));
#3914=EDGE_LOOP('',(#1173));
#3915=EDGE_LOOP('',(#1174,#1175,#1176,#1177));
#3916=EDGE_LOOP('',(#1178,#1179,#1180,#1181));
#3917=EDGE_LOOP('',(#1182));
#3918=EDGE_LOOP('',(#1183,#1184,#1185,#1186));
#3919=EDGE_LOOP('',(#1187));
#3920=EDGE_LOOP('',(#1188,#1189,#1190,#1191));
#3921=EDGE_LOOP('',(#1192,#1193,#1194,#1195));
#3922=EDGE_LOOP('',(#1196,#1197,#1198,#1199));
#3923=EDGE_LOOP('',(#1200,#1201,#1202,#1203));
#3924=EDGE_LOOP('',(#1204,#1205,#1206,#1207));
#3925=EDGE_LOOP('',(#1208,#1209,#1210,#1211));
#3926=EDGE_LOOP('',(#1212,#1213,#1214,#1215,#1216));
#3927=EDGE_LOOP('',(#1217,#1218,#1219,#1220));
#3928=EDGE_LOOP('',(#1221,#1222,#1223,#1224,#1225));
#3929=EDGE_LOOP('',(#1226,#1227,#1228,#1229));
#3930=EDGE_LOOP('',(#1230,#1231,#1232,#1233));
#3931=EDGE_LOOP('',(#1234,#1235,#1236,#1237));
#3932=EDGE_LOOP('',(#1238,#1239,#1240,#1241));
#3933=EDGE_LOOP('',(#1242,#1243,#1244,#1245,#1246));
#3934=EDGE_LOOP('',(#1247,#1248,#1249,#1250));
#3935=EDGE_LOOP('',(#1251,#1252,#1253,#1254,#1255));
#3936=EDGE_LOOP('',(#1256,#1257,#1258));
#3937=EDGE_LOOP('',(#1259,#1260,#1261));
#3938=EDGE_LOOP('',(#1262,#1263,#1264,#1265,#1266));
#3939=EDGE_LOOP('',(#1267,#1268,#1269,#1270));
#3940=EDGE_LOOP('',(#1271,#1272,#1273));
#3941=EDGE_LOOP('',(#1274,#1275,#1276));
#3942=EDGE_LOOP('',(#1277,#1278,#1279,#1280,#1281));
#3943=EDGE_LOOP('',(#1282,#1283,#1284,#1285));
#3944=EDGE_LOOP('',(#1286,#1287,#1288));
#3945=EDGE_LOOP('',(#1289,#1290,#1291));
#3946=EDGE_LOOP('',(#1292,#1293,#1294));
#3947=EDGE_LOOP('',(#1295,#1296,#1297,#1298,#1299));
#3948=EDGE_LOOP('',(#1300,#1301,#1302,#1303));
#3949=EDGE_LOOP('',(#1304,#1305,#1306));
#3950=EDGE_LOOP('',(#1307,#1308,#1309));
#3951=EDGE_LOOP('',(#1310,#1311,#1312,#1313));
#3952=EDGE_LOOP('',(#1314,#1315,#1316,#1317,#1318,#1319));
#3953=EDGE_LOOP('',(#1320,#1321,#1322,#1323));
#3954=EDGE_LOOP('',(#1324,#1325,#1326,#1327,#1328,#1329));
#3955=EDGE_LOOP('',(#1330,#1331,#1332,#1333));
#3956=EDGE_LOOP('',(#1334,#1335,#1336,#1337,#1338,#1339));
#3957=EDGE_LOOP('',(#1340,#1341,#1342,#1343));
#3958=EDGE_LOOP('',(#1344,#1345,#1346,#1347,#1348,#1349));
#3959=EDGE_LOOP('',(#1350,#1351,#1352,#1353));
#3960=EDGE_LOOP('',(#1354,#1355,#1356,#1357,#1358,#1359));
#3961=EDGE_LOOP('',(#1360,#1361,#1362,#1363));
#3962=EDGE_LOOP('',(#1364,#1365,#1366,#1367,#1368,#1369));
#3963=EDGE_LOOP('',(#1370,#1371,#1372,#1373));
#3964=EDGE_LOOP('',(#1374,#1375,#1376,#1377,#1378,#1379));
#3965=EDGE_LOOP('',(#1380,#1381,#1382,#1383,#1384,#1385,#1386,#1387));
#3966=EDGE_LOOP('',(#1388,#1389,#1390,#1391,#1392));
#3967=EDGE_LOOP('',(#1393,#1394,#1395,#1396,#1397));
#3968=EDGE_LOOP('',(#1398,#1399,#1400,#1401,#1402));
#3969=EDGE_LOOP('',(#1403,#1404,#1405,#1406,#1407,#1408,#1409,#1410));
#3970=EDGE_LOOP('',(#1411,#1412,#1413,#1414,#1415,#1416));
#3971=EDGE_LOOP('',(#1417,#1418,#1419,#1420,#1421,#1422,#1423,#1424));
#3972=EDGE_LOOP('',(#1425,#1426,#1427,#1428,#1429,#1430,#1431,#1432,#1433,
#1434,#1435,#1436,#1437,#1438,#1439,#1440,#1441,#1442,#1443,#1444));
#3973=EDGE_LOOP('',(#1445,#1446,#1447,#1448,#1449,#1450,#1451,#1452));
#3974=EDGE_LOOP('',(#1453,#1454,#1455,#1456,#1457,#1458,#1459,#1460));
#3975=EDGE_LOOP('',(#1461,#1462,#1463,#1464));
#3976=EDGE_LOOP('',(#1465,#1466,#1467,#1468,#1469,#1470,#1471,#1472));
#3977=EDGE_LOOP('',(#1473,#1474,#1475,#1476,#1477,#1478,#1479,#1480));
#3978=EDGE_LOOP('',(#1481,#1482,#1483,#1484));
#3979=EDGE_LOOP('',(#1485,#1486,#1487,#1488,#1489,#1490,#1491,#1492));
#3980=EDGE_LOOP('',(#1493,#1494,#1495,#1496,#1497,#1498,#1499,#1500));
#3981=EDGE_LOOP('',(#1501,#1502,#1503,#1504));
#3982=EDGE_LOOP('',(#1505,#1506,#1507,#1508,#1509,#1510,#1511,#1512));
#3983=EDGE_LOOP('',(#1513,#1514,#1515,#1516,#1517,#1518,#1519,#1520,#1521,
#1522,#1523,#1524,#1525,#1526,#1527,#1528,#1529,#1530,#1531,#1532,#1533,
#1534,#1535,#1536,#1537,#1538,#1539,#1540,#1541,#1542,#1543,#1544,#1545,
#1546,#1547,#1548));
#3984=EDGE_LOOP('',(#1549,#1550,#1551,#1552));
#3985=EDGE_LOOP('',(#1553,#1554,#1555,#1556,#1557,#1558,#1559,#1560,#1561,
#1562,#1563,#1564,#1565,#1566,#1567,#1568,#1569,#1570,#1571,#1572));
#3986=EDGE_LOOP('',(#1573,#1574,#1575,#1576,#1577));
#3987=EDGE_LOOP('',(#1578,#1579,#1580,#1581));
#3988=EDGE_LOOP('',(#1582,#1583,#1584,#1585,#1586,#1587,#1588,#1589));
#3989=EDGE_LOOP('',(#1590,#1591,#1592));
#3990=EDGE_LOOP('',(#1593,#1594,#1595,#1596,#1597,#1598,#1599,#1600));
#3991=EDGE_LOOP('',(#1601,#1602,#1603,#1604,#1605));
#3992=EDGE_LOOP('',(#1606,#1607,#1608));
#3993=EDGE_LOOP('',(#1609));
#3994=EDGE_LOOP('',(#1610,#1611,#1612));
#3995=EDGE_LOOP('',(#1613,#1614,#1615,#1616));
#3996=EDGE_LOOP('',(#1617));
#3997=EDGE_LOOP('',(#1618,#1619,#1620));
#3998=EDGE_LOOP('',(#1621,#1622,#1623));
#3999=EDGE_LOOP('',(#1624,#1625,#1626));
#4000=EDGE_LOOP('',(#1627,#1628,#1629));
#4001=EDGE_LOOP('',(#1630,#1631,#1632));
#4002=EDGE_LOOP('',(#1633,#1634,#1635,#1636));
#4003=EDGE_LOOP('',(#1637,#1638,#1639,#1640));
#4004=EDGE_LOOP('',(#1641,#1642,#1643,#1644));
#4005=EDGE_LOOP('',(#1645,#1646,#1647,#1648));
#4006=EDGE_LOOP('',(#1649,#1650,#1651,#1652));
#4007=EDGE_LOOP('',(#1653,#1654,#1655,#1656));
#4008=EDGE_LOOP('',(#1657,#1658,#1659,#1660));
#4009=EDGE_LOOP('',(#1661,#1662,#1663,#1664));
#4010=EDGE_LOOP('',(#1665,#1666,#1667,#1668));
#4011=EDGE_LOOP('',(#1669,#1670,#1671,#1672));
#4012=EDGE_LOOP('',(#1673,#1674,#1675,#1676));
#4013=EDGE_LOOP('',(#1677,#1678,#1679,#1680));
#4014=EDGE_LOOP('',(#1681,#1682,#1683,#1684));
#4015=EDGE_LOOP('',(#1685,#1686,#1687,#1688));
#4016=EDGE_LOOP('',(#1689,#1690,#1691,#1692));
#4017=EDGE_LOOP('',(#1693,#1694,#1695,#1696));
#4018=EDGE_LOOP('',(#1697,#1698,#1699,#1700));
#4019=EDGE_LOOP('',(#1701,#1702,#1703,#1704));
#4020=EDGE_LOOP('',(#1705,#1706,#1707,#1708));
#4021=EDGE_LOOP('',(#1709,#1710,#1711,#1712));
#4022=EDGE_LOOP('',(#1713,#1714,#1715,#1716));
#4023=EDGE_LOOP('',(#1717,#1718,#1719,#1720));
#4024=EDGE_LOOP('',(#1721,#1722,#1723,#1724));
#4025=EDGE_LOOP('',(#1725,#1726,#1727,#1728));
#4026=EDGE_LOOP('',(#1729,#1730,#1731,#1732));
#4027=EDGE_LOOP('',(#1733,#1734,#1735,#1736));
#4028=EDGE_LOOP('',(#1737,#1738,#1739,#1740));
#4029=EDGE_LOOP('',(#1741,#1742,#1743,#1744));
#4030=EDGE_LOOP('',(#1745,#1746,#1747,#1748));
#4031=EDGE_LOOP('',(#1749,#1750,#1751,#1752));
#4032=EDGE_LOOP('',(#1753,#1754,#1755,#1756));
#4033=EDGE_LOOP('',(#1757,#1758,#1759));
#4034=EDGE_LOOP('',(#1760,#1761,#1762,#1763));
#4035=EDGE_LOOP('',(#1764,#1765,#1766,#1767));
#4036=EDGE_LOOP('',(#1768,#1769,#1770,#1771));
#4037=EDGE_LOOP('',(#1772,#1773,#1774,#1775));
#4038=EDGE_LOOP('',(#1776,#1777,#1778,#1779));
#4039=EDGE_LOOP('',(#1780,#1781,#1782,#1783));
#4040=EDGE_LOOP('',(#1784,#1785,#1786,#1787));
#4041=EDGE_LOOP('',(#1788,#1789,#1790,#1791,#1792,#1793));
#4042=EDGE_LOOP('',(#1794,#1795,#1796,#1797));
#4043=EDGE_LOOP('',(#1798,#1799,#1800,#1801));
#4044=EDGE_LOOP('',(#1802,#1803,#1804,#1805));
#4045=EDGE_LOOP('',(#1806,#1807,#1808,#1809));
#4046=EDGE_LOOP('',(#1810,#1811,#1812,#1813));
#4047=EDGE_LOOP('',(#1814,#1815,#1816,#1817));
#4048=EDGE_LOOP('',(#1818,#1819,#1820,#1821));
#4049=EDGE_LOOP('',(#1822,#1823,#1824,#1825));
#4050=EDGE_LOOP('',(#1826,#1827,#1828,#1829));
#4051=EDGE_LOOP('',(#1830,#1831,#1832,#1833));
#4052=EDGE_LOOP('',(#1834,#1835,#1836,#1837));
#4053=EDGE_LOOP('',(#1838,#1839,#1840,#1841,#1842));
#4054=EDGE_LOOP('',(#1843,#1844,#1845,#1846));
#4055=EDGE_LOOP('',(#1847,#1848,#1849,#1850));
#4056=EDGE_LOOP('',(#1851,#1852,#1853,#1854));
#4057=EDGE_LOOP('',(#1855,#1856,#1857,#1858));
#4058=EDGE_LOOP('',(#1859,#1860,#1861,#1862));
#4059=EDGE_LOOP('',(#1863,#1864,#1865,#1866));
#4060=EDGE_LOOP('',(#1867,#1868,#1869,#1870));
#4061=EDGE_LOOP('',(#1871,#1872,#1873,#1874));
#4062=EDGE_LOOP('',(#1875,#1876,#1877,#1878,#1879));
#4063=EDGE_LOOP('',(#1880,#1881,#1882,#1883));
#4064=EDGE_LOOP('',(#1884,#1885,#1886,#1887));
#4065=EDGE_LOOP('',(#1888,#1889,#1890,#1891));
#4066=EDGE_LOOP('',(#1892,#1893,#1894,#1895));
#4067=EDGE_LOOP('',(#1896,#1897,#1898,#1899));
#4068=EDGE_LOOP('',(#1900,#1901,#1902,#1903));
#4069=EDGE_LOOP('',(#1904,#1905,#1906,#1907));
#4070=EDGE_LOOP('',(#1908,#1909,#1910,#1911));
#4071=EDGE_LOOP('',(#1912,#1913,#1914,#1915));
#4072=EDGE_LOOP('',(#1916,#1917,#1918,#1919));
#4073=EDGE_LOOP('',(#1920,#1921,#1922,#1923));
#4074=EDGE_LOOP('',(#1924,#1925,#1926,#1927));
#4075=EDGE_LOOP('',(#1928,#1929,#1930,#1931,#1932));
#4076=EDGE_LOOP('',(#1933,#1934,#1935,#1936));
#4077=EDGE_LOOP('',(#1937,#1938,#1939,#1940));
#4078=EDGE_LOOP('',(#1941,#1942,#1943,#1944));
#4079=EDGE_LOOP('',(#1945,#1946,#1947,#1948));
#4080=EDGE_LOOP('',(#1949,#1950,#1951,#1952));
#4081=EDGE_LOOP('',(#1953,#1954,#1955,#1956));
#4082=EDGE_LOOP('',(#1957,#1958,#1959,#1960));
#4083=EDGE_LOOP('',(#1961,#1962,#1963,#1964));
#4084=EDGE_LOOP('',(#1965,#1966,#1967,#1968,#1969));
#4085=EDGE_LOOP('',(#1970,#1971,#1972,#1973));
#4086=EDGE_LOOP('',(#1974,#1975,#1976,#1977));
#4087=EDGE_LOOP('',(#1978,#1979,#1980,#1981));
#4088=EDGE_LOOP('',(#1982,#1983,#1984,#1985));
#4089=EDGE_LOOP('',(#1986,#1987,#1988,#1989));
#4090=EDGE_LOOP('',(#1990,#1991,#1992,#1993));
#4091=EDGE_LOOP('',(#1994,#1995,#1996,#1997));
#4092=EDGE_LOOP('',(#1998,#1999,#2000,#2001));
#4093=EDGE_LOOP('',(#2002,#2003,#2004,#2005));
#4094=EDGE_LOOP('',(#2006,#2007,#2008,#2009));
#4095=EDGE_LOOP('',(#2010,#2011,#2012,#2013));
#4096=EDGE_LOOP('',(#2014,#2015,#2016,#2017));
#4097=EDGE_LOOP('',(#2018,#2019,#2020,#2021,#2022));
#4098=EDGE_LOOP('',(#2023,#2024,#2025,#2026));
#4099=EDGE_LOOP('',(#2027,#2028,#2029,#2030));
#4100=EDGE_LOOP('',(#2031,#2032,#2033,#2034));
#4101=EDGE_LOOP('',(#2035,#2036,#2037,#2038));
#4102=EDGE_LOOP('',(#2039,#2040,#2041,#2042));
#4103=EDGE_LOOP('',(#2043,#2044,#2045,#2046));
#4104=EDGE_LOOP('',(#2047,#2048,#2049,#2050));
#4105=EDGE_LOOP('',(#2051,#2052,#2053,#2054));
#4106=EDGE_LOOP('',(#2055,#2056,#2057,#2058,#2059));
#4107=EDGE_LOOP('',(#2060,#2061,#2062,#2063));
#4108=EDGE_LOOP('',(#2064,#2065,#2066,#2067));
#4109=EDGE_LOOP('',(#2068,#2069,#2070,#2071));
#4110=EDGE_LOOP('',(#2072,#2073,#2074,#2075));
#4111=EDGE_LOOP('',(#2076,#2077,#2078,#2079));
#4112=EDGE_LOOP('',(#2080,#2081,#2082,#2083));
#4113=EDGE_LOOP('',(#2084,#2085,#2086,#2087));
#4114=EDGE_LOOP('',(#2088,#2089,#2090,#2091,#2092,#2093,#2094,#2095,#2096,
#2097,#2098,#2099,#2100,#2101,#2102,#2103,#2104,#2105,#2106,#2107,#2108,
#2109,#2110,#2111,#2112,#2113,#2114,#2115,#2116,#2117,#2118,#2119,#2120,
#2121,#2122,#2123,#2124,#2125,#2126,#2127,#2128,#2129,#2130,#2131,#2132,
#2133,#2134,#2135,#2136,#2137,#2138,#2139,#2140,#2141,#2142,#2143,#2144,
#2145,#2146,#2147,#2148,#2149,#2150,#2151,#2152,#2153,#2154,#2155,#2156,
#2157));
#4115=EDGE_LOOP('',(#2158,#2159,#2160,#2161));
#4116=EDGE_LOOP('',(#2162,#2163,#2164,#2165));
#4117=EDGE_LOOP('',(#2166,#2167,#2168,#2169));
#4118=EDGE_LOOP('',(#2170,#2171,#2172,#2173));
#4119=EDGE_LOOP('',(#2174,#2175,#2176,#2177));
#4120=EDGE_LOOP('',(#2178,#2179,#2180,#2181,#2182,#2183));
#4121=EDGE_LOOP('',(#2184,#2185,#2186,#2187));
#4122=EDGE_LOOP('',(#2188,#2189,#2190,#2191));
#4123=EDGE_LOOP('',(#2192,#2193,#2194,#2195));
#4124=EDGE_LOOP('',(#2196,#2197,#2198,#2199));
#4125=EDGE_LOOP('',(#2200,#2201,#2202,#2203));
#4126=EDGE_LOOP('',(#2204,#2205,#2206,#2207,#2208,#2209,#2210,#2211,#2212,
#2213,#2214));
#4127=EDGE_LOOP('',(#2215,#2216,#2217,#2218));
#4128=EDGE_LOOP('',(#2219,#2220,#2221,#2222,#2223,#2224,#2225,#2226,#2227,
#2228,#2229,#2230,#2231));
#4129=EDGE_LOOP('',(#2232,#2233,#2234,#2235));
#4130=EDGE_LOOP('',(#2236,#2237,#2238,#2239));
#4131=EDGE_LOOP('',(#2240,#2241,#2242,#2243));
#4132=EDGE_LOOP('',(#2244,#2245,#2246,#2247,#2248,#2249,#2250,#2251,#2252,
#2253,#2254,#2255,#2256));
#4133=EDGE_LOOP('',(#2257,#2258,#2259,#2260));
#4134=EDGE_LOOP('',(#2261,#2262,#2263,#2264,#2265,#2266,#2267,#2268,#2269,
#2270,#2271));
#4135=EDGE_LOOP('',(#2272,#2273,#2274,#2275));
#4136=EDGE_LOOP('',(#2276,#2277,#2278,#2279));
#4137=EDGE_LOOP('',(#2280,#2281,#2282,#2283));
#4138=EDGE_LOOP('',(#2284,#2285,#2286,#2287,#2288,#2289,#2290,#2291,#2292,
#2293,#2294));
#4139=EDGE_LOOP('',(#2295,#2296,#2297,#2298));
#4140=EDGE_LOOP('',(#2299,#2300,#2301,#2302,#2303,#2304,#2305,#2306,#2307,
#2308,#2309,#2310,#2311));
#4141=EDGE_LOOP('',(#2312,#2313,#2314,#2315));
#4142=EDGE_LOOP('',(#2316,#2317,#2318,#2319));
#4143=EDGE_LOOP('',(#2320,#2321,#2322,#2323));
#4144=EDGE_LOOP('',(#2324,#2325,#2326,#2327,#2328,#2329,#2330,#2331,#2332,
#2333,#2334,#2335,#2336));
#4145=EDGE_LOOP('',(#2337,#2338,#2339,#2340));
#4146=EDGE_LOOP('',(#2341,#2342,#2343,#2344,#2345,#2346,#2347,#2348,#2349,
#2350,#2351));
#4147=EDGE_LOOP('',(#2352,#2353,#2354,#2355));
#4148=EDGE_LOOP('',(#2356,#2357,#2358,#2359));
#4149=EDGE_LOOP('',(#2360,#2361,#2362,#2363));
#4150=EDGE_LOOP('',(#2364,#2365,#2366,#2367,#2368,#2369,#2370,#2371,#2372,
#2373,#2374));
#4151=EDGE_LOOP('',(#2375,#2376,#2377,#2378));
#4152=EDGE_LOOP('',(#2379,#2380,#2381,#2382,#2383,#2384,#2385,#2386,#2387,
#2388,#2389,#2390,#2391));
#4153=EDGE_LOOP('',(#2392,#2393,#2394,#2395));
#4154=EDGE_LOOP('',(#2396,#2397,#2398,#2399));
#4155=EDGE_LOOP('',(#2400,#2401,#2402,#2403));
#4156=EDGE_LOOP('',(#2404,#2405,#2406,#2407,#2408,#2409,#2410,#2411,#2412,
#2413,#2414,#2415,#2416));
#4157=EDGE_LOOP('',(#2417,#2418,#2419,#2420));
#4158=EDGE_LOOP('',(#2421,#2422,#2423,#2424,#2425,#2426,#2427,#2428,#2429,
#2430,#2431));
#4159=EDGE_LOOP('',(#2432,#2433,#2434,#2435));
#4160=EDGE_LOOP('',(#2436,#2437,#2438,#2439));
#4161=EDGE_LOOP('',(#2440,#2441,#2442,#2443));
#4162=EDGE_LOOP('',(#2444,#2445,#2446,#2447,#2448,#2449,#2450,#2451,#2452,
#2453,#2454));
#4163=EDGE_LOOP('',(#2455,#2456,#2457,#2458));
#4164=EDGE_LOOP('',(#2459,#2460,#2461,#2462,#2463,#2464,#2465,#2466,#2467,
#2468,#2469,#2470,#2471));
#4165=EDGE_LOOP('',(#2472,#2473,#2474,#2475));
#4166=EDGE_LOOP('',(#2476,#2477,#2478,#2479));
#4167=EDGE_LOOP('',(#2480,#2481,#2482,#2483));
#4168=EDGE_LOOP('',(#2484,#2485,#2486,#2487,#2488,#2489,#2490,#2491,#2492,
#2493,#2494,#2495,#2496));
#4169=EDGE_LOOP('',(#2497,#2498,#2499,#2500));
#4170=EDGE_LOOP('',(#2501,#2502,#2503,#2504,#2505,#2506,#2507,#2508,#2509,
#2510,#2511));
#4171=EDGE_LOOP('',(#2512,#2513,#2514,#2515));
#4172=EDGE_LOOP('',(#2516,#2517,#2518,#2519));
#4173=EDGE_LOOP('',(#2520,#2521,#2522,#2523));
#4174=EDGE_LOOP('',(#2524,#2525,#2526,#2527,#2528,#2529,#2530,#2531,#2532,
#2533,#2534,#2535,#2536,#2537,#2538,#2539,#2540,#2541,#2542,#2543,#2544,
#2545,#2546,#2547,#2548,#2549,#2550,#2551,#2552,#2553,#2554,#2555,#2556,
#2557,#2558,#2559,#2560,#2561,#2562,#2563,#2564,#2565,#2566,#2567,#2568,
#2569,#2570,#2571));
#4175=EDGE_LOOP('',(#2572,#2573,#2574,#2575));
#4176=FACE_BOUND('',#3909,.T.);
#4177=FACE_BOUND('',#3910,.T.);
#4178=FACE_BOUND('',#3911,.T.);
#4179=FACE_BOUND('',#3912,.T.);
#4180=FACE_BOUND('',#3913,.T.);
#4181=FACE_BOUND('',#3914,.T.);
#4182=FACE_BOUND('',#3915,.T.);
#4183=FACE_BOUND('',#3916,.T.);
#4184=FACE_BOUND('',#3917,.T.);
#4185=FACE_BOUND('',#3918,.T.);
#4186=FACE_BOUND('',#3919,.T.);
#4187=FACE_BOUND('',#3920,.T.);
#4188=FACE_BOUND('',#3921,.T.);
#4189=FACE_BOUND('',#3922,.T.);
#4190=FACE_BOUND('',#3923,.T.);
#4191=FACE_BOUND('',#3924,.T.);
#4192=FACE_BOUND('',#3925,.T.);
#4193=FACE_BOUND('',#3926,.T.);
#4194=FACE_BOUND('',#3927,.T.);
#4195=FACE_BOUND('',#3928,.T.);
#4196=FACE_BOUND('',#3929,.T.);
#4197=FACE_BOUND('',#3930,.T.);
#4198=FACE_BOUND('',#3931,.T.);
#4199=FACE_BOUND('',#3932,.T.);
#4200=FACE_BOUND('',#3933,.T.);
#4201=FACE_BOUND('',#3934,.T.);
#4202=FACE_BOUND('',#3935,.T.);
#4203=FACE_BOUND('',#3936,.T.);
#4204=FACE_BOUND('',#3937,.T.);
#4205=FACE_BOUND('',#3938,.T.);
#4206=FACE_BOUND('',#3939,.T.);
#4207=FACE_BOUND('',#3940,.T.);
#4208=FACE_BOUND('',#3941,.T.);
#4209=FACE_BOUND('',#3942,.T.);
#4210=FACE_BOUND('',#3943,.T.);
#4211=FACE_BOUND('',#3944,.T.);
#4212=FACE_BOUND('',#3945,.T.);
#4213=FACE_BOUND('',#3946,.T.);
#4214=FACE_BOUND('',#3947,.T.);
#4215=FACE_BOUND('',#3948,.T.);
#4216=FACE_BOUND('',#3949,.T.);
#4217=FACE_BOUND('',#3950,.T.);
#4218=FACE_BOUND('',#3951,.T.);
#4219=FACE_BOUND('',#3952,.T.);
#4220=FACE_BOUND('',#3953,.T.);
#4221=FACE_BOUND('',#3954,.T.);
#4222=FACE_BOUND('',#3955,.T.);
#4223=FACE_BOUND('',#3956,.T.);
#4224=FACE_BOUND('',#3957,.T.);
#4225=FACE_BOUND('',#3958,.T.);
#4226=FACE_BOUND('',#3959,.T.);
#4227=FACE_BOUND('',#3960,.T.);
#4228=FACE_BOUND('',#3961,.T.);
#4229=FACE_BOUND('',#3962,.T.);
#4230=FACE_BOUND('',#3963,.T.);
#4231=FACE_BOUND('',#3964,.T.);
#4232=FACE_BOUND('',#3965,.T.);
#4233=FACE_BOUND('',#3966,.T.);
#4234=FACE_BOUND('',#3967,.T.);
#4235=FACE_BOUND('',#3968,.T.);
#4236=FACE_BOUND('',#3969,.T.);
#4237=FACE_BOUND('',#3970,.T.);
#4238=FACE_BOUND('',#3971,.T.);
#4239=FACE_BOUND('',#3972,.T.);
#4240=FACE_BOUND('',#3973,.T.);
#4241=FACE_BOUND('',#3974,.T.);
#4242=FACE_BOUND('',#3975,.T.);
#4243=FACE_BOUND('',#3976,.T.);
#4244=FACE_BOUND('',#3977,.T.);
#4245=FACE_BOUND('',#3978,.T.);
#4246=FACE_BOUND('',#3979,.T.);
#4247=FACE_BOUND('',#3980,.T.);
#4248=FACE_BOUND('',#3981,.T.);
#4249=FACE_BOUND('',#3982,.T.);
#4250=FACE_BOUND('',#3983,.T.);
#4251=FACE_BOUND('',#3984,.T.);
#4252=FACE_BOUND('',#3985,.T.);
#4253=FACE_BOUND('',#3986,.T.);
#4254=FACE_BOUND('',#3987,.T.);
#4255=FACE_BOUND('',#3988,.T.);
#4256=FACE_BOUND('',#3989,.T.);
#4257=FACE_BOUND('',#3990,.T.);
#4258=FACE_BOUND('',#3991,.T.);
#4259=FACE_BOUND('',#3992,.T.);
#4260=FACE_BOUND('',#3993,.T.);
#4261=FACE_BOUND('',#3994,.T.);
#4262=FACE_BOUND('',#3995,.T.);
#4263=FACE_BOUND('',#3996,.T.);
#4264=FACE_BOUND('',#3997,.T.);
#4265=FACE_BOUND('',#3998,.T.);
#4266=FACE_BOUND('',#3999,.T.);
#4267=FACE_BOUND('',#4000,.T.);
#4268=FACE_BOUND('',#4001,.T.);
#4269=FACE_BOUND('',#4002,.T.);
#4270=FACE_BOUND('',#4003,.T.);
#4271=FACE_BOUND('',#4004,.T.);
#4272=FACE_BOUND('',#4005,.T.);
#4273=FACE_BOUND('',#4006,.T.);
#4274=FACE_BOUND('',#4007,.T.);
#4275=FACE_BOUND('',#4008,.T.);
#4276=FACE_BOUND('',#4009,.T.);
#4277=FACE_BOUND('',#4010,.T.);
#4278=FACE_BOUND('',#4011,.T.);
#4279=FACE_BOUND('',#4012,.T.);
#4280=FACE_BOUND('',#4013,.T.);
#4281=FACE_BOUND('',#4014,.T.);
#4282=FACE_BOUND('',#4015,.T.);
#4283=FACE_BOUND('',#4016,.T.);
#4284=FACE_BOUND('',#4017,.T.);
#4285=FACE_BOUND('',#4018,.T.);
#4286=FACE_BOUND('',#4019,.T.);
#4287=FACE_BOUND('',#4020,.T.);
#4288=FACE_BOUND('',#4021,.T.);
#4289=FACE_BOUND('',#4022,.T.);
#4290=FACE_BOUND('',#4023,.T.);
#4291=FACE_BOUND('',#4024,.T.);
#4292=FACE_BOUND('',#4025,.T.);
#4293=FACE_BOUND('',#4026,.T.);
#4294=FACE_BOUND('',#4027,.T.);
#4295=FACE_BOUND('',#4028,.T.);
#4296=FACE_BOUND('',#4029,.T.);
#4297=FACE_BOUND('',#4030,.T.);
#4298=FACE_BOUND('',#4031,.T.);
#4299=FACE_BOUND('',#4032,.T.);
#4300=FACE_BOUND('',#4033,.T.);
#4301=FACE_BOUND('',#4034,.T.);
#4302=FACE_BOUND('',#4035,.T.);
#4303=FACE_BOUND('',#4036,.T.);
#4304=FACE_BOUND('',#4037,.T.);
#4305=FACE_BOUND('',#4038,.T.);
#4306=FACE_BOUND('',#4039,.T.);
#4307=FACE_BOUND('',#4040,.T.);
#4308=FACE_BOUND('',#4041,.T.);
#4309=FACE_BOUND('',#4042,.T.);
#4310=FACE_BOUND('',#4043,.T.);
#4311=FACE_BOUND('',#4044,.T.);
#4312=FACE_BOUND('',#4045,.T.);
#4313=FACE_BOUND('',#4046,.T.);
#4314=FACE_BOUND('',#4047,.T.);
#4315=FACE_BOUND('',#4048,.T.);
#4316=FACE_BOUND('',#4049,.T.);
#4317=FACE_BOUND('',#4050,.T.);
#4318=FACE_BOUND('',#4051,.T.);
#4319=FACE_BOUND('',#4052,.T.);
#4320=FACE_BOUND('',#4053,.T.);
#4321=FACE_BOUND('',#4054,.T.);
#4322=FACE_BOUND('',#4055,.T.);
#4323=FACE_BOUND('',#4056,.T.);
#4324=FACE_BOUND('',#4057,.T.);
#4325=FACE_BOUND('',#4058,.T.);
#4326=FACE_BOUND('',#4059,.T.);
#4327=FACE_BOUND('',#4060,.T.);
#4328=FACE_BOUND('',#4061,.T.);
#4329=FACE_BOUND('',#4062,.T.);
#4330=FACE_BOUND('',#4063,.T.);
#4331=FACE_BOUND('',#4064,.T.);
#4332=FACE_BOUND('',#4065,.T.);
#4333=FACE_BOUND('',#4066,.T.);
#4334=FACE_BOUND('',#4067,.T.);
#4335=FACE_BOUND('',#4068,.T.);
#4336=FACE_BOUND('',#4069,.T.);
#4337=FACE_BOUND('',#4070,.T.);
#4338=FACE_BOUND('',#4071,.T.);
#4339=FACE_BOUND('',#4072,.T.);
#4340=FACE_BOUND('',#4073,.T.);
#4341=FACE_BOUND('',#4074,.T.);
#4342=FACE_BOUND('',#4075,.T.);
#4343=FACE_BOUND('',#4076,.T.);
#4344=FACE_BOUND('',#4077,.T.);
#4345=FACE_BOUND('',#4078,.T.);
#4346=FACE_BOUND('',#4079,.T.);
#4347=FACE_BOUND('',#4080,.T.);
#4348=FACE_BOUND('',#4081,.T.);
#4349=FACE_BOUND('',#4082,.T.);
#4350=FACE_BOUND('',#4083,.T.);
#4351=FACE_BOUND('',#4084,.T.);
#4352=FACE_BOUND('',#4085,.T.);
#4353=FACE_BOUND('',#4086,.T.);
#4354=FACE_BOUND('',#4087,.T.);
#4355=FACE_BOUND('',#4088,.T.);
#4356=FACE_BOUND('',#4089,.T.);
#4357=FACE_BOUND('',#4090,.T.);
#4358=FACE_BOUND('',#4091,.T.);
#4359=FACE_BOUND('',#4092,.T.);
#4360=FACE_BOUND('',#4093,.T.);
#4361=FACE_BOUND('',#4094,.T.);
#4362=FACE_BOUND('',#4095,.T.);
#4363=FACE_BOUND('',#4096,.T.);
#4364=FACE_BOUND('',#4097,.T.);
#4365=FACE_BOUND('',#4098,.T.);
#4366=FACE_BOUND('',#4099,.T.);
#4367=FACE_BOUND('',#4100,.T.);
#4368=FACE_BOUND('',#4101,.T.);
#4369=FACE_BOUND('',#4102,.T.);
#4370=FACE_BOUND('',#4103,.T.);
#4371=FACE_BOUND('',#4104,.T.);
#4372=FACE_BOUND('',#4105,.T.);
#4373=FACE_BOUND('',#4106,.T.);
#4374=FACE_BOUND('',#4107,.T.);
#4375=FACE_BOUND('',#4108,.T.);
#4376=FACE_BOUND('',#4109,.T.);
#4377=FACE_BOUND('',#4110,.T.);
#4378=FACE_BOUND('',#4111,.T.);
#4379=FACE_BOUND('',#4112,.T.);
#4380=FACE_BOUND('',#4113,.T.);
#4381=FACE_BOUND('',#4114,.T.);
#4382=FACE_BOUND('',#4115,.T.);
#4383=FACE_BOUND('',#4116,.T.);
#4384=FACE_BOUND('',#4117,.T.);
#4385=FACE_BOUND('',#4118,.T.);
#4386=FACE_BOUND('',#4119,.T.);
#4387=FACE_BOUND('',#4120,.T.);
#4388=FACE_BOUND('',#4121,.T.);
#4389=FACE_BOUND('',#4122,.T.);
#4390=FACE_BOUND('',#4123,.T.);
#4391=FACE_BOUND('',#4124,.T.);
#4392=FACE_BOUND('',#4125,.T.);
#4393=FACE_BOUND('',#4126,.T.);
#4394=FACE_BOUND('',#4127,.T.);
#4395=FACE_BOUND('',#4128,.T.);
#4396=FACE_BOUND('',#4129,.T.);
#4397=FACE_BOUND('',#4130,.T.);
#4398=FACE_BOUND('',#4131,.T.);
#4399=FACE_BOUND('',#4132,.T.);
#4400=FACE_BOUND('',#4133,.T.);
#4401=FACE_BOUND('',#4134,.T.);
#4402=FACE_BOUND('',#4135,.T.);
#4403=FACE_BOUND('',#4136,.T.);
#4404=FACE_BOUND('',#4137,.T.);
#4405=FACE_BOUND('',#4138,.T.);
#4406=FACE_BOUND('',#4139,.T.);
#4407=FACE_BOUND('',#4140,.T.);
#4408=FACE_BOUND('',#4141,.T.);
#4409=FACE_BOUND('',#4142,.T.);
#4410=FACE_BOUND('',#4143,.T.);
#4411=FACE_BOUND('',#4144,.T.);
#4412=FACE_BOUND('',#4145,.T.);
#4413=FACE_BOUND('',#4146,.T.);
#4414=FACE_BOUND('',#4147,.T.);
#4415=FACE_BOUND('',#4148,.T.);
#4416=FACE_BOUND('',#4149,.T.);
#4417=FACE_BOUND('',#4150,.T.);
#4418=FACE_BOUND('',#4151,.T.);
#4419=FACE_BOUND('',#4152,.T.);
#4420=FACE_BOUND('',#4153,.T.);
#4421=FACE_BOUND('',#4154,.T.);
#4422=FACE_BOUND('',#4155,.T.);
#4423=FACE_BOUND('',#4156,.T.);
#4424=FACE_BOUND('',#4157,.T.);
#4425=FACE_BOUND('',#4158,.T.);
#4426=FACE_BOUND('',#4159,.T.);
#4427=FACE_BOUND('',#4160,.T.);
#4428=FACE_BOUND('',#4161,.T.);
#4429=FACE_BOUND('',#4162,.T.);
#4430=FACE_BOUND('',#4163,.T.);
#4431=FACE_BOUND('',#4164,.T.);
#4432=FACE_BOUND('',#4165,.T.);
#4433=FACE_BOUND('',#4166,.T.);
#4434=FACE_BOUND('',#4167,.T.);
#4435=FACE_BOUND('',#4168,.T.);
#4436=FACE_BOUND('',#4169,.T.);
#4437=FACE_BOUND('',#4170,.T.);
#4438=FACE_BOUND('',#4171,.T.);
#4439=FACE_BOUND('',#4172,.T.);
#4440=FACE_BOUND('',#4173,.T.);
#4441=FACE_BOUND('',#4174,.T.);
#4442=FACE_BOUND('',#4175,.T.);
#4443=PLANE('',#4886);
#4444=PLANE('',#4888);
#4445=PLANE('',#4890);
#4446=PLANE('',#4892);
#4447=PLANE('',#4893);
#4448=PLANE('',#4909);
#4449=PLANE('',#4910);
#4450=PLANE('',#4911);
#4451=PLANE('',#4912);
#4452=PLANE('',#4913);
#4453=PLANE('',#4914);
#4454=PLANE('',#4915);
#4455=PLANE('',#4916);
#4456=PLANE('',#4917);
#4457=PLANE('',#4918);
#4458=PLANE('',#4919);
#4459=PLANE('',#4920);
#4460=PLANE('',#4921);
#4461=PLANE('',#4922);
#4462=PLANE('',#4923);
#4463=PLANE('',#4924);
#4464=PLANE('',#4927);
#4465=PLANE('',#4933);
#4466=PLANE('',#4940);
#4467=PLANE('',#4946);
#4468=PLANE('',#4947);
#4469=PLANE('',#4948);
#4470=PLANE('',#4949);
#4471=PLANE('',#4950);
#4472=PLANE('',#4951);
#4473=PLANE('',#4952);
#4474=PLANE('',#4953);
#4475=PLANE('',#4954);
#4476=PLANE('',#4955);
#4477=PLANE('',#4956);
#4478=PLANE('',#4957);
#4479=PLANE('',#4958);
#4480=PLANE('',#4959);
#4481=PLANE('',#4960);
#4482=PLANE('',#4961);
#4483=PLANE('',#4962);
#4484=PLANE('',#4963);
#4485=PLANE('',#4964);
#4486=PLANE('',#4965);
#4487=PLANE('',#4966);
#4488=PLANE('',#4967);
#4489=PLANE('',#4968);
#4490=PLANE('',#4969);
#4491=PLANE('',#4970);
#4492=PLANE('',#4971);
#4493=PLANE('',#4972);
#4494=PLANE('',#4973);
#4495=PLANE('',#4974);
#4496=PLANE('',#4975);
#4497=PLANE('',#4976);
#4498=PLANE('',#4977);
#4499=PLANE('',#4978);
#4500=PLANE('',#4979);
#4501=PLANE('',#4980);
#4502=PLANE('',#4981);
#4503=PLANE('',#4985);
#4504=PLANE('',#4988);
#4505=PLANE('',#4989);
#4506=PLANE('',#4992);
#4507=PLANE('',#5004);
#4508=PLANE('',#5005);
#4509=PLANE('',#5006);
#4510=PLANE('',#5007);
#4511=PLANE('',#5008);
#4512=PLANE('',#5009);
#4513=PLANE('',#5010);
#4514=PLANE('',#5011);
#4515=PLANE('',#5012);
#4516=PLANE('',#5013);
#4517=PLANE('',#5014);
#4518=PLANE('',#5015);
#4519=PLANE('',#5016);
#4520=PLANE('',#5017);
#4521=PLANE('',#5018);
#4522=PLANE('',#5019);
#4523=PLANE('',#5020);
#4524=PLANE('',#5021);
#4525=PLANE('',#5022);
#4526=PLANE('',#5023);
#4527=PLANE('',#5024);
#4528=PLANE('',#5025);
#4529=PLANE('',#5026);
#4530=PLANE('',#5027);
#4531=PLANE('',#5028);
#4532=PLANE('',#5029);
#4533=PLANE('',#5030);
#4534=PLANE('',#5031);
#4535=PLANE('',#5032);
#4536=PLANE('',#5033);
#4537=PLANE('',#5034);
#4538=PLANE('',#5051);
#4539=PLANE('',#5052);
#4540=PLANE('',#5056);
#4541=PLANE('',#5071);
#4542=PLANE('',#5075);
#4543=PLANE('',#5079);
#4544=PLANE('',#5098);
#4545=PLANE('',#5102);
#4546=PLANE('',#5103);
#4547=PLANE('',#5125);
#4548=PLANE('',#5129);
#4549=PLANE('',#5133);
#4550=PLANE('',#5152);
#4551=PLANE('',#5156);
#4552=PLANE('',#5157);
#4553=PLANE('',#5179);
#4554=PLANE('',#5183);
#4555=PLANE('',#5187);
#4556=PLANE('',#5206);
#4557=PLANE('',#5210);
#4558=PLANE('',#5211);
#4559=PLANE('',#5224);
#4560=PLANE('',#5228);
#4561=PLANE('',#5238);
#4562=PLANE('',#5242);
#4563=PLANE('',#5251);
#4564=PLANE('',#5256);
#4565=PLANE('',#5257);
#4566=PLANE('',#5258);
#4567=PLANE('',#5261);
#4568=PLANE('',#5264);
#4569=PLANE('',#5265);
#4570=PLANE('',#5266);
#4571=PLANE('',#5269);
#4572=PLANE('',#5272);
#4573=PLANE('',#5273);
#4574=PLANE('',#5274);
#4575=PLANE('',#5277);
#4576=PLANE('',#5280);
#4577=PLANE('',#5281);
#4578=PLANE('',#5282);
#4579=PLANE('',#5285);
#4580=PLANE('',#5288);
#4581=PLANE('',#5289);
#4582=PLANE('',#5290);
#4583=PLANE('',#5293);
#4584=PLANE('',#5296);
#4585=PLANE('',#5297);
#4586=PLANE('',#5298);
#4587=PLANE('',#5301);
#4588=PLANE('',#5304);
#4589=PLANE('',#5305);
#4590=PLANE('',#5306);
#4591=PLANE('',#5309);
#4592=PLANE('',#5312);
#4593=PLANE('',#5313);
#4594=PLANE('',#5314);
#4595=PLANE('',#5320);
#4596=PLANE('',#5321);
#4597=ADVANCED_FACE('',(#4176),#4443,.T.);
#4598=ADVANCED_FACE('',(#4177),#4444,.T.);
#4599=ADVANCED_FACE('',(#4178),#4445,.T.);
#4600=ADVANCED_FACE('',(#4179),#4446,.T.);
#4601=ADVANCED_FACE('',(#4180),#4447,.F.);
#4602=ADVANCED_FACE('',(#4181,#4182),#93,.T.);
#4603=ADVANCED_FACE('',(#4183,#4184),#94,.T.);
#4604=ADVANCED_FACE('',(#4185,#4186),#95,.T.);
#4605=ADVANCED_FACE('',(#4187),#4448,.F.);
#4606=ADVANCED_FACE('',(#4188),#4449,.F.);
#4607=ADVANCED_FACE('',(#4189),#4450,.F.);
#4608=ADVANCED_FACE('',(#4190),#4451,.F.);
#4609=ADVANCED_FACE('',(#4191),#4452,.T.);
#4610=ADVANCED_FACE('',(#4192),#4453,.F.);
#4611=ADVANCED_FACE('',(#4193),#4454,.F.);
#4612=ADVANCED_FACE('',(#4194),#4455,.T.);
#4613=ADVANCED_FACE('',(#4195),#4456,.T.);
#4614=ADVANCED_FACE('',(#4196),#4457,.F.);
#4615=ADVANCED_FACE('',(#4197),#4458,.F.);
#4616=ADVANCED_FACE('',(#4198),#4459,.F.);
#4617=ADVANCED_FACE('',(#4199),#4460,.F.);
#4618=ADVANCED_FACE('',(#4200),#4461,.T.);
#4619=ADVANCED_FACE('',(#4201),#4462,.T.);
#4620=ADVANCED_FACE('',(#4202),#4463,.F.);
#4621=ADVANCED_FACE('',(#4203),#77,.T.);
#4622=ADVANCED_FACE('',(#4204),#78,.T.);
#4623=ADVANCED_FACE('',(#4205),#4464,.F.);
#4624=ADVANCED_FACE('',(#4206),#96,.T.);
#4625=ADVANCED_FACE('',(#4207),#79,.T.);
#4626=ADVANCED_FACE('',(#4208),#80,.T.);
#4627=ADVANCED_FACE('',(#4209),#4465,.F.);
#4628=ADVANCED_FACE('',(#4210),#97,.T.);
#4629=ADVANCED_FACE('',(#4211),#81,.T.);
#4630=ADVANCED_FACE('',(#4212),#82,.T.);
#4631=ADVANCED_FACE('',(#4213),#83,.T.);
#4632=ADVANCED_FACE('',(#4214),#4466,.F.);
#4633=ADVANCED_FACE('',(#4215),#98,.T.);
#4634=ADVANCED_FACE('',(#4216),#84,.T.);
#4635=ADVANCED_FACE('',(#4217),#85,.T.);
#4636=ADVANCED_FACE('',(#4218),#4467,.T.);
#4637=ADVANCED_FACE('',(#4219),#4468,.F.);
#4638=ADVANCED_FACE('',(#4220),#4469,.F.);
#4639=ADVANCED_FACE('',(#4221),#4470,.F.);
#4640=ADVANCED_FACE('',(#4222),#4471,.T.);
#4641=ADVANCED_FACE('',(#4223),#4472,.F.);
#4642=ADVANCED_FACE('',(#4224),#4473,.F.);
#4643=ADVANCED_FACE('',(#4225),#4474,.F.);
#4644=ADVANCED_FACE('',(#4226),#4475,.T.);
#4645=ADVANCED_FACE('',(#4227),#4476,.F.);
#4646=ADVANCED_FACE('',(#4228),#4477,.F.);
#4647=ADVANCED_FACE('',(#4229),#4478,.F.);
#4648=ADVANCED_FACE('',(#4230),#4479,.T.);
#4649=ADVANCED_FACE('',(#4231),#4480,.F.);
#4650=ADVANCED_FACE('',(#4232),#4481,.F.);
#4651=ADVANCED_FACE('',(#4233),#4482,.F.);
#4652=ADVANCED_FACE('',(#4234),#4483,.F.);
#4653=ADVANCED_FACE('',(#4235),#4484,.F.);
#4654=ADVANCED_FACE('',(#4236),#4485,.F.);
#4655=ADVANCED_FACE('',(#4237),#4486,.F.);
#4656=ADVANCED_FACE('',(#4238),#4487,.F.);
#4657=ADVANCED_FACE('',(#4239),#4488,.F.);
#4658=ADVANCED_FACE('',(#4240),#4489,.F.);
#4659=ADVANCED_FACE('',(#4241),#4490,.T.);
#4660=ADVANCED_FACE('',(#4242),#4491,.T.);
#4661=ADVANCED_FACE('',(#4243),#4492,.T.);
#4662=ADVANCED_FACE('',(#4244),#4493,.T.);
#4663=ADVANCED_FACE('',(#4245),#4494,.T.);
#4664=ADVANCED_FACE('',(#4246),#4495,.T.);
#4665=ADVANCED_FACE('',(#4247),#4496,.T.);
#4666=ADVANCED_FACE('',(#4248),#4497,.T.);
#4667=ADVANCED_FACE('',(#4249),#4498,.T.);
#4668=ADVANCED_FACE('',(#4250),#4499,.T.);
#4669=ADVANCED_FACE('',(#4251),#4500,.T.);
#4670=ADVANCED_FACE('',(#4252),#4501,.F.);
#4671=ADVANCED_FACE('',(#4253),#4502,.F.);
#4672=ADVANCED_FACE('',(#4254),#99,.T.);
#4673=ADVANCED_FACE('',(#4255),#4503,.T.);
#4674=ADVANCED_FACE('',(#4256),#86,.T.);
#4675=ADVANCED_FACE('',(#4257),#4504,.T.);
#4676=ADVANCED_FACE('',(#4258),#4505,.F.);
#4677=ADVANCED_FACE('',(#4259),#87,.T.);
#4678=ADVANCED_FACE('',(#4260),#4506,.T.);
#4679=ADVANCED_FACE('',(#4261),#88,.T.);
#4680=ADVANCED_FACE('',(#4262,#4263),#100,.T.);
#4681=ADVANCED_FACE('',(#4264),#89,.T.);
#4682=ADVANCED_FACE('',(#4265),#90,.T.);
#4683=ADVANCED_FACE('',(#4266),#91,.T.);
#4684=ADVANCED_FACE('',(#4267),#92,.T.);
#4685=ADVANCED_FACE('',(#4268),#26,.T.);
#4686=ADVANCED_FACE('',(#4269),#4507,.T.);
#4687=ADVANCED_FACE('',(#4270),#4508,.T.);
#4688=ADVANCED_FACE('',(#4271),#4509,.T.);
#4689=ADVANCED_FACE('',(#4272),#4510,.T.);
#4690=ADVANCED_FACE('',(#4273),#4511,.T.);
#4691=ADVANCED_FACE('',(#4274),#4512,.T.);
#4692=ADVANCED_FACE('',(#4275),#4513,.T.);
#4693=ADVANCED_FACE('',(#4276),#4514,.T.);
#4694=ADVANCED_FACE('',(#4277),#4515,.T.);
#4695=ADVANCED_FACE('',(#4278),#4516,.T.);
#4696=ADVANCED_FACE('',(#4279),#4517,.T.);
#4697=ADVANCED_FACE('',(#4280),#4518,.T.);
#4698=ADVANCED_FACE('',(#4281),#4519,.T.);
#4699=ADVANCED_FACE('',(#4282),#4520,.T.);
#4700=ADVANCED_FACE('',(#4283),#4521,.T.);
#4701=ADVANCED_FACE('',(#4284),#4522,.T.);
#4702=ADVANCED_FACE('',(#4285),#4523,.F.);
#4703=ADVANCED_FACE('',(#4286),#4524,.T.);
#4704=ADVANCED_FACE('',(#4287),#4525,.F.);
#4705=ADVANCED_FACE('',(#4288),#4526,.T.);
#4706=ADVANCED_FACE('',(#4289),#4527,.F.);
#4707=ADVANCED_FACE('',(#4290),#4528,.T.);
#4708=ADVANCED_FACE('',(#4291),#4529,.F.);
#4709=ADVANCED_FACE('',(#4292),#4530,.T.);
#4710=ADVANCED_FACE('',(#4293),#4531,.F.);
#4711=ADVANCED_FACE('',(#4294),#4532,.T.);
#4712=ADVANCED_FACE('',(#4295),#4533,.F.);
#4713=ADVANCED_FACE('',(#4296),#4534,.T.);
#4714=ADVANCED_FACE('',(#4297),#4535,.F.);
#4715=ADVANCED_FACE('',(#4298),#4536,.T.);
#4716=ADVANCED_FACE('',(#4299),#4537,.T.);
#4717=ADVANCED_FACE('',(#4300),#27,.T.);
#4718=ADVANCED_FACE('',(#4301),#101,.T.);
#4719=ADVANCED_FACE('',(#4302),#102,.T.);
#4720=ADVANCED_FACE('',(#4303),#103,.T.);
#4721=ADVANCED_FACE('',(#4304),#10,.F.);
#4722=ADVANCED_FACE('',(#4305),#104,.F.);
#4723=ADVANCED_FACE('',(#4306),#105,.F.);
#4724=ADVANCED_FACE('',(#4307),#4538,.F.);
#4725=ADVANCED_FACE('',(#4308),#4539,.T.);
#4726=ADVANCED_FACE('',(#4309),#106,.T.);
#4727=ADVANCED_FACE('',(#4310),#4540,.T.);
#4728=ADVANCED_FACE('',(#4311),#107,.T.);
#4729=ADVANCED_FACE('',(#4312),#108,.F.);
#4730=ADVANCED_FACE('',(#4313),#11,.F.);
#4731=ADVANCED_FACE('',(#4314),#109,.F.);
#4732=ADVANCED_FACE('',(#4315),#110,.F.);
#4733=ADVANCED_FACE('',(#4316),#4541,.F.);
#4734=ADVANCED_FACE('',(#4317),#111,.T.);
#4735=ADVANCED_FACE('',(#4318),#4542,.T.);
#4736=ADVANCED_FACE('',(#4319),#112,.T.);
#4737=ADVANCED_FACE('',(#4320),#4543,.T.);
#4738=ADVANCED_FACE('',(#4321),#113,.F.);
#4739=ADVANCED_FACE('',(#4322),#12,.F.);
#4740=ADVANCED_FACE('',(#4323),#114,.F.);
#4741=ADVANCED_FACE('',(#4324),#13,.F.);
#4742=ADVANCED_FACE('',(#4325),#115,.F.);
#4743=ADVANCED_FACE('',(#4326),#116,.T.);
#4744=ADVANCED_FACE('',(#4327),#4544,.T.);
#4745=ADVANCED_FACE('',(#4328),#117,.T.);
#4746=ADVANCED_FACE('',(#4329),#4545,.T.);
#4747=ADVANCED_FACE('',(#4330),#4546,.F.);
#4748=ADVANCED_FACE('',(#4331),#118,.F.);
#4749=ADVANCED_FACE('',(#4332),#119,.F.);
#4750=ADVANCED_FACE('',(#4333),#14,.F.);
#4751=ADVANCED_FACE('',(#4334),#120,.F.);
#4752=ADVANCED_FACE('',(#4335),#15,.F.);
#4753=ADVANCED_FACE('',(#4336),#121,.F.);
#4754=ADVANCED_FACE('',(#4337),#122,.F.);
#4755=ADVANCED_FACE('',(#4338),#4547,.F.);
#4756=ADVANCED_FACE('',(#4339),#123,.T.);
#4757=ADVANCED_FACE('',(#4340),#4548,.T.);
#4758=ADVANCED_FACE('',(#4341),#124,.T.);
#4759=ADVANCED_FACE('',(#4342),#4549,.T.);
#4760=ADVANCED_FACE('',(#4343),#125,.F.);
#4761=ADVANCED_FACE('',(#4344),#16,.F.);
#4762=ADVANCED_FACE('',(#4345),#126,.F.);
#4763=ADVANCED_FACE('',(#4346),#17,.F.);
#4764=ADVANCED_FACE('',(#4347),#127,.F.);
#4765=ADVANCED_FACE('',(#4348),#128,.T.);
#4766=ADVANCED_FACE('',(#4349),#4550,.T.);
#4767=ADVANCED_FACE('',(#4350),#129,.T.);
#4768=ADVANCED_FACE('',(#4351),#4551,.T.);
#4769=ADVANCED_FACE('',(#4352),#4552,.F.);
#4770=ADVANCED_FACE('',(#4353),#130,.F.);
#4771=ADVANCED_FACE('',(#4354),#131,.F.);
#4772=ADVANCED_FACE('',(#4355),#18,.F.);
#4773=ADVANCED_FACE('',(#4356),#132,.F.);
#4774=ADVANCED_FACE('',(#4357),#19,.F.);
#4775=ADVANCED_FACE('',(#4358),#133,.F.);
#4776=ADVANCED_FACE('',(#4359),#134,.F.);
#4777=ADVANCED_FACE('',(#4360),#4553,.F.);
#4778=ADVANCED_FACE('',(#4361),#135,.T.);
#4779=ADVANCED_FACE('',(#4362),#4554,.T.);
#4780=ADVANCED_FACE('',(#4363),#136,.T.);
#4781=ADVANCED_FACE('',(#4364),#4555,.T.);
#4782=ADVANCED_FACE('',(#4365),#137,.F.);
#4783=ADVANCED_FACE('',(#4366),#20,.F.);
#4784=ADVANCED_FACE('',(#4367),#138,.F.);
#4785=ADVANCED_FACE('',(#4368),#21,.F.);
#4786=ADVANCED_FACE('',(#4369),#139,.F.);
#4787=ADVANCED_FACE('',(#4370),#140,.T.);
#4788=ADVANCED_FACE('',(#4371),#4556,.T.);
#4789=ADVANCED_FACE('',(#4372),#141,.T.);
#4790=ADVANCED_FACE('',(#4373),#4557,.T.);
#4791=ADVANCED_FACE('',(#4374),#4558,.F.);
#4792=ADVANCED_FACE('',(#4375),#142,.F.);
#4793=ADVANCED_FACE('',(#4376),#143,.F.);
#4794=ADVANCED_FACE('',(#4377),#22,.F.);
#4795=ADVANCED_FACE('',(#4378),#144,.F.);
#4796=ADVANCED_FACE('',(#4379),#4559,.F.);
#4797=ADVANCED_FACE('',(#4380),#145,.F.);
#4798=ADVANCED_FACE('',(#4381),#4560,.F.);
#4799=ADVANCED_FACE('',(#4382),#146,.F.);
#4800=ADVANCED_FACE('',(#4383),#23,.F.);
#4801=ADVANCED_FACE('',(#4384),#147,.T.);
#4802=ADVANCED_FACE('',(#4385),#4561,.T.);
#4803=ADVANCED_FACE('',(#4386),#148,.T.);
#4804=ADVANCED_FACE('',(#4387),#4562,.T.);
#4805=ADVANCED_FACE('',(#4388),#149,.T.);
#4806=ADVANCED_FACE('',(#4389),#150,.T.);
#4807=ADVANCED_FACE('',(#4390),#24,.T.);
#4808=ADVANCED_FACE('',(#4391),#4563,.F.);
#4809=ADVANCED_FACE('',(#4392),#25,.T.);
#4810=ADVANCED_FACE('',(#4393),#4564,.F.);
#4811=ADVANCED_FACE('',(#4394),#4565,.T.);
#4812=ADVANCED_FACE('',(#4395),#4566,.T.);
#4813=ADVANCED_FACE('',(#4396),#151,.F.);
#4814=ADVANCED_FACE('',(#4397),#4567,.F.);
#4815=ADVANCED_FACE('',(#4398),#152,.F.);
#4816=ADVANCED_FACE('',(#4399),#4568,.F.);
#4817=ADVANCED_FACE('',(#4400),#4569,.T.);
#4818=ADVANCED_FACE('',(#4401),#4570,.F.);
#4819=ADVANCED_FACE('',(#4402),#153,.F.);
#4820=ADVANCED_FACE('',(#4403),#4571,.F.);
#4821=ADVANCED_FACE('',(#4404),#154,.F.);
#4822=ADVANCED_FACE('',(#4405),#4572,.F.);
#4823=ADVANCED_FACE('',(#4406),#4573,.T.);
#4824=ADVANCED_FACE('',(#4407),#4574,.F.);
#4825=ADVANCED_FACE('',(#4408),#155,.F.);
#4826=ADVANCED_FACE('',(#4409),#4575,.F.);
#4827=ADVANCED_FACE('',(#4410),#156,.F.);
#4828=ADVANCED_FACE('',(#4411),#4576,.F.);
#4829=ADVANCED_FACE('',(#4412),#4577,.T.);
#4830=ADVANCED_FACE('',(#4413),#4578,.F.);
#4831=ADVANCED_FACE('',(#4414),#157,.F.);
#4832=ADVANCED_FACE('',(#4415),#4579,.F.);
#4833=ADVANCED_FACE('',(#4416),#158,.F.);
#4834=ADVANCED_FACE('',(#4417),#4580,.F.);
#4835=ADVANCED_FACE('',(#4418),#4581,.T.);
#4836=ADVANCED_FACE('',(#4419),#4582,.F.);
#4837=ADVANCED_FACE('',(#4420),#159,.F.);
#4838=ADVANCED_FACE('',(#4421),#4583,.F.);
#4839=ADVANCED_FACE('',(#4422),#160,.F.);
#4840=ADVANCED_FACE('',(#4423),#4584,.F.);
#4841=ADVANCED_FACE('',(#4424),#4585,.T.);
#4842=ADVANCED_FACE('',(#4425),#4586,.F.);
#4843=ADVANCED_FACE('',(#4426),#161,.F.);
#4844=ADVANCED_FACE('',(#4427),#4587,.F.);
#4845=ADVANCED_FACE('',(#4428),#162,.F.);
#4846=ADVANCED_FACE('',(#4429),#4588,.F.);
#4847=ADVANCED_FACE('',(#4430),#4589,.T.);
#4848=ADVANCED_FACE('',(#4431),#4590,.F.);
#4849=ADVANCED_FACE('',(#4432),#163,.F.);
#4850=ADVANCED_FACE('',(#4433),#4591,.F.);
#4851=ADVANCED_FACE('',(#4434),#164,.F.);
#4852=ADVANCED_FACE('',(#4435),#4592,.T.);
#4853=ADVANCED_FACE('',(#4436),#4593,.T.);
#4854=ADVANCED_FACE('',(#4437),#4594,.F.);
#4855=ADVANCED_FACE('',(#4438),#165,.T.);
#4856=ADVANCED_FACE('',(#4439),#166,.T.);
#4857=ADVANCED_FACE('',(#4440),#167,.T.);
#4858=ADVANCED_FACE('',(#4441),#4595,.F.);
#4859=ADVANCED_FACE('',(#4442),#4596,.F.);
#4860=CLOSED_SHELL('',(#4597,#4598,#4599,#4600,#4601,#4602,#4603,#4604,
#4605,#4606,#4607,#4608,#4609,#4610,#4611,#4612,#4613,#4614,#4615,#4616,
#4617,#4618,#4619,#4620,#4621,#4622,#4623,#4624,#4625,#4626,#4627,#4628,
#4629,#4630,#4631,#4632,#4633,#4634,#4635,#4636,#4637,#4638,#4639,#4640,
#4641,#4642,#4643,#4644,#4645,#4646,#4647,#4648,#4649,#4650,#4651,#4652,
#4653,#4654,#4655,#4656,#4657,#4658,#4659,#4660,#4661,#4662,#4663,#4664,
#4665,#4666,#4667,#4668,#4669,#4670,#4671,#4672,#4673,#4674,#4675,#4676,
#4677,#4678,#4679,#4680,#4681,#4682,#4683,#4684));
#4861=CLOSED_SHELL('',(#4685,#4686,#4687,#4688,#4689,#4690,#4691,#4692,
#4693,#4694,#4695,#4696,#4697,#4698,#4699,#4700,#4701,#4702,#4703,#4704,
#4705,#4706,#4707,#4708,#4709,#4710,#4711,#4712,#4713,#4714,#4715,#4716,
#4717,#4718,#4719,#4720,#4721,#4722,#4723,#4724,#4725,#4726,#4727,#4728,
#4729,#4730,#4731,#4732,#4733,#4734,#4735,#4736,#4737,#4738,#4739,#4740,
#4741,#4742,#4743,#4744,#4745,#4746,#4747,#4748,#4749,#4750,#4751,#4752,
#4753,#4754,#4755,#4756,#4757,#4758,#4759,#4760,#4761,#4762,#4763,#4764,
#4765,#4766,#4767,#4768,#4769,#4770,#4771,#4772,#4773,#4774,#4775,#4776,
#4777,#4778,#4779,#4780,#4781,#4782,#4783,#4784,#4785,#4786,#4787,#4788,
#4789,#4790,#4791,#4792,#4793,#4794,#4795,#4796,#4797,#4798,#4799,#4800,
#4801,#4802,#4803,#4804,#4805,#4806,#4807,#4808,#4809,#4810,#4811,#4812,
#4813,#4814,#4815,#4816,#4817,#4818,#4819,#4820,#4821,#4822,#4823,#4824,
#4825,#4826,#4827,#4828,#4829,#4830,#4831,#4832,#4833,#4834,#4835,#4836,
#4837,#4838,#4839,#4840,#4841,#4842,#4843,#4844,#4845,#4846,#4847,#4848,
#4849,#4850,#4851,#4852,#4853,#4854,#4855,#4856,#4857,#4858,#4859));
#4862=STYLED_ITEM('',(#4864),#4877);
#4863=STYLED_ITEM('',(#4865),#4878);
#4864=PRESENTATION_STYLE_ASSIGNMENT((#4866));
#4865=PRESENTATION_STYLE_ASSIGNMENT((#4867));
#4866=SURFACE_STYLE_USAGE(.BOTH.,#4868);
#4867=SURFACE_STYLE_USAGE(.BOTH.,#4869);
#4868=SURFACE_SIDE_STYLE('',(#4870));
#4869=SURFACE_SIDE_STYLE('',(#4871));
#4870=SURFACE_STYLE_FILL_AREA(#4872);
#4871=SURFACE_STYLE_FILL_AREA(#4873);
#4872=FILL_AREA_STYLE('',(#4874));
#4873=FILL_AREA_STYLE('',(#4875));
#4874=FILL_AREA_STYLE_COLOUR('',#4876);
#4875=FILL_AREA_STYLE_COLOUR('',#28);
#4876=DRAUGHTING_PRE_DEFINED_COLOUR('red');
#4877=MANIFOLD_SOLID_BREP('Part 1',#4860);
#4878=MANIFOLD_SOLID_BREP('Part 2',#4861);
#4879=SHAPE_DEFINITION_REPRESENTATION(#8363,#4882);
#4880=SHAPE_DEFINITION_REPRESENTATION(#8364,#4883);
#4881=SHAPE_DEFINITION_REPRESENTATION(#8366,#4884);
#4882=SHAPE_REPRESENTATION('Bivar-RLP4-200-500',(#4885,#5002,#5322),#8354);
#4883=SHAPE_REPRESENTATION('Part 1',(#4885),#8355);
#4884=SHAPE_REPRESENTATION('Part 2',(#4885),#8356);
#4885=AXIS2_PLACEMENT_3D('',#6696,#5323,#5324);
#4886=AXIS2_PLACEMENT_3D('',#6697,#5325,#5326);
#4887=AXIS2_PLACEMENT_3D('',#6698,#5327,#5328);
#4888=AXIS2_PLACEMENT_3D('',#6700,#5329,#5330);
#4889=AXIS2_PLACEMENT_3D('',#6701,#5331,#5332);
#4890=AXIS2_PLACEMENT_3D('',#6703,#5333,#5334);
#4891=AXIS2_PLACEMENT_3D('',#6704,#5335,#5336);
#4892=AXIS2_PLACEMENT_3D('',#6706,#5337,#5338);
#4893=AXIS2_PLACEMENT_3D('',#6715,#5343,#5344);
#4894=AXIS2_PLACEMENT_3D('',#6724,#5349,#5350);
#4895=AXIS2_PLACEMENT_3D('',#6725,#5351,#5352);
#4896=AXIS2_PLACEMENT_3D('',#6728,#5353,#5354);
#4897=AXIS2_PLACEMENT_3D('',#6730,#5355,#5356);
#4898=AXIS2_PLACEMENT_3D('',#6732,#5357,#5358);
#4899=AXIS2_PLACEMENT_3D('',#6733,#5359,#5360);
#4900=AXIS2_PLACEMENT_3D('',#6734,#5361,#5362);
#4901=AXIS2_PLACEMENT_3D('',#6737,#5363,#5364);
#4902=AXIS2_PLACEMENT_3D('',#6739,#5365,#5366);
#4903=AXIS2_PLACEMENT_3D('',#6741,#5367,#5368);
#4904=AXIS2_PLACEMENT_3D('',#6742,#5369,#5370);
#4905=AXIS2_PLACEMENT_3D('',#6743,#5371,#5372);
#4906=AXIS2_PLACEMENT_3D('',#6746,#5373,#5374);
#4907=AXIS2_PLACEMENT_3D('',#6748,#5375,#5376);
#4908=AXIS2_PLACEMENT_3D('',#6750,#5377,#5378);
#4909=AXIS2_PLACEMENT_3D('',#6751,#5379,#5380);
#4910=AXIS2_PLACEMENT_3D('',#6760,#5385,#5386);
#4911=AXIS2_PLACEMENT_3D('',#6769,#5391,#5392);
#4912=AXIS2_PLACEMENT_3D('',#6778,#5397,#5398);
#4913=AXIS2_PLACEMENT_3D('',#6784,#5402,#5403);
#4914=AXIS2_PLACEMENT_3D('',#6790,#5407,#5408);
#4915=AXIS2_PLACEMENT_3D('',#6799,#5413,#5414);
#4916=AXIS2_PLACEMENT_3D('',#6805,#5418,#5419);
#4917=AXIS2_PLACEMENT_3D('',#6809,#5422,#5423);
#4918=AXIS2_PLACEMENT_3D('',#6813,#5426,#5427);
#4919=AXIS2_PLACEMENT_3D('',#6819,#5431,#5432);
#4920=AXIS2_PLACEMENT_3D('',#6825,#5436,#5437);
#4921=AXIS2_PLACEMENT_3D('',#6831,#5441,#5442);
#4922=AXIS2_PLACEMENT_3D('',#6837,#5446,#5447);
#4923=AXIS2_PLACEMENT_3D('',#6843,#5451,#5452);
#4924=AXIS2_PLACEMENT_3D('',#6847,#5455,#5456);
#4925=AXIS2_PLACEMENT_3D('',#6851,#5459,#5460);
#4926=AXIS2_PLACEMENT_3D('',#6865,#5461,#5462);
#4927=AXIS2_PLACEMENT_3D('',#6879,#5463,#5464);
#4928=AXIS2_PLACEMENT_3D('',#6885,#5468,#5469);
#4929=AXIS2_PLACEMENT_3D('',#6886,#5470,#5471);
#4930=AXIS2_PLACEMENT_3D('',#6890,#5473,#5474);
#4931=AXIS2_PLACEMENT_3D('',#6891,#5475,#5476);
#4932=AXIS2_PLACEMENT_3D('',#6905,#5477,#5478);
#4933=AXIS2_PLACEMENT_3D('',#6919,#5479,#5480);
#4934=AXIS2_PLACEMENT_3D('',#6932,#5484,#5485);
#4935=AXIS2_PLACEMENT_3D('',#6933,#5486,#5487);
#4936=AXIS2_PLACEMENT_3D('',#6937,#5489,#5490);
#4937=AXIS2_PLACEMENT_3D('',#6938,#5491,#5492);
#4938=AXIS2_PLACEMENT_3D('',#6952,#5493,#5494);
#4939=AXIS2_PLACEMENT_3D('',#6959,#5495,#5496);
#4940=AXIS2_PLACEMENT_3D('',#6973,#5497,#5498);
#4941=AXIS2_PLACEMENT_3D('',#6986,#5502,#5503);
#4942=AXIS2_PLACEMENT_3D('',#6987,#5504,#5505);
#4943=AXIS2_PLACEMENT_3D('',#6991,#5507,#5508);
#4944=AXIS2_PLACEMENT_3D('',#6992,#5509,#5510);
#4945=AXIS2_PLACEMENT_3D('',#7006,#5511,#5512);
#4946=AXIS2_PLACEMENT_3D('',#7013,#5513,#5514);
#4947=AXIS2_PLACEMENT_3D('',#7019,#5518,#5519);
#4948=AXIS2_PLACEMENT_3D('',#7025,#5523,#5524);
#4949=AXIS2_PLACEMENT_3D('',#7031,#5528,#5529);
#4950=AXIS2_PLACEMENT_3D('',#7036,#5533,#5534);
#4951=AXIS2_PLACEMENT_3D('',#7040,#5537,#5538);
#4952=AXIS2_PLACEMENT_3D('',#7046,#5542,#5543);
#4953=AXIS2_PLACEMENT_3D('',#7052,#5547,#5548);
#4954=AXIS2_PLACEMENT_3D('',#7057,#5552,#5553);
#4955=AXIS2_PLACEMENT_3D('',#7061,#5556,#5557);
#4956=AXIS2_PLACEMENT_3D('',#7067,#5561,#5562);
#4957=AXIS2_PLACEMENT_3D('',#7073,#5566,#5567);
#4958=AXIS2_PLACEMENT_3D('',#7078,#5571,#5572);
#4959=AXIS2_PLACEMENT_3D('',#7082,#5575,#5576);
#4960=AXIS2_PLACEMENT_3D('',#7088,#5580,#5581);
#4961=AXIS2_PLACEMENT_3D('',#7095,#5586,#5587);
#4962=AXIS2_PLACEMENT_3D('',#7108,#5591,#5592);
#4963=AXIS2_PLACEMENT_3D('',#7121,#5596,#5597);
#4964=AXIS2_PLACEMENT_3D('',#7134,#5601,#5602);
#4965=AXIS2_PLACEMENT_3D('',#7144,#5608,#5609);
#4966=AXIS2_PLACEMENT_3D('',#7147,#5612,#5613);
#4967=AXIS2_PLACEMENT_3D('',#7153,#5617,#5618);
#4968=AXIS2_PLACEMENT_3D('',#7157,#5621,#5622);
#4969=AXIS2_PLACEMENT_3D('',#7161,#5625,#5626);
#4970=AXIS2_PLACEMENT_3D('',#7167,#5630,#5631);
#4971=AXIS2_PLACEMENT_3D('',#7171,#5634,#5635);
#4972=AXIS2_PLACEMENT_3D('',#7181,#5638,#5639);
#4973=AXIS2_PLACEMENT_3D('',#7187,#5643,#5644);
#4974=AXIS2_PLACEMENT_3D('',#7191,#5647,#5648);
#4975=AXIS2_PLACEMENT_3D('',#7201,#5651,#5652);
#4976=AXIS2_PLACEMENT_3D('',#7207,#5656,#5657);
#4977=AXIS2_PLACEMENT_3D('',#7211,#5660,#5661);
#4978=AXIS2_PLACEMENT_3D('',#7221,#5664,#5665);
#4979=AXIS2_PLACEMENT_3D('',#7234,#5674,#5675);
#4980=AXIS2_PLACEMENT_3D('',#7243,#5680,#5681);
#4981=AXIS2_PLACEMENT_3D('',#7246,#5684,#5685);
#4982=AXIS2_PLACEMENT_3D('',#7264,#5688,#5689);
#4983=AXIS2_PLACEMENT_3D('',#7268,#5691,#5692);
#4984=AXIS2_PLACEMENT_3D('',#7269,#5693,#5694);
#4985=AXIS2_PLACEMENT_3D('',#7270,#5695,#5696);
#4986=AXIS2_PLACEMENT_3D('',#7286,#5698,#5699);
#4987=AXIS2_PLACEMENT_3D('',#7287,#5700,#5701);
#4988=AXIS2_PLACEMENT_3D('',#7288,#5702,#5703);
#4989=AXIS2_PLACEMENT_3D('',#7304,#5705,#5706);
#4990=AXIS2_PLACEMENT_3D('',#7318,#5707,#5708);
#4991=AXIS2_PLACEMENT_3D('',#7319,#5709,#5710);
#4992=AXIS2_PLACEMENT_3D('',#7320,#5711,#5712);
#4993=AXIS2_PLACEMENT_3D('',#7321,#5713,#5714);
#4994=AXIS2_PLACEMENT_3D('',#7323,#5715,#5716);
#4995=AXIS2_PLACEMENT_3D('',#7324,#5717,#5718);
#4996=AXIS2_PLACEMENT_3D('',#7325,#5719,#5720);
#4997=AXIS2_PLACEMENT_3D('',#7326,#5721,#5722);
#4998=AXIS2_PLACEMENT_3D('',#7327,#5723,#5724);
#4999=AXIS2_PLACEMENT_3D('',#7328,#5725,#5726);
#5000=AXIS2_PLACEMENT_3D('',#7329,#5727,#5728);
#5001=AXIS2_PLACEMENT_3D('',#7330,#5729,#5730);
#5002=AXIS2_PLACEMENT_3D('',#7331,#5731,#5732);
#5003=AXIS2_PLACEMENT_3D('',#7374,#5733,#5734);
#5004=AXIS2_PLACEMENT_3D('',#7375,#5735,#5736);
#5005=AXIS2_PLACEMENT_3D('',#7384,#5741,#5742);
#5006=AXIS2_PLACEMENT_3D('',#7393,#5747,#5748);
#5007=AXIS2_PLACEMENT_3D('',#7402,#5753,#5754);
#5008=AXIS2_PLACEMENT_3D('',#7411,#5759,#5760);
#5009=AXIS2_PLACEMENT_3D('',#7420,#5765,#5766);
#5010=AXIS2_PLACEMENT_3D('',#7429,#5771,#5772);
#5011=AXIS2_PLACEMENT_3D('',#7438,#5777,#5778);
#5012=AXIS2_PLACEMENT_3D('',#7447,#5783,#5784);
#5013=AXIS2_PLACEMENT_3D('',#7456,#5789,#5790);
#5014=AXIS2_PLACEMENT_3D('',#7465,#5795,#5796);
#5015=AXIS2_PLACEMENT_3D('',#7474,#5801,#5802);
#5016=AXIS2_PLACEMENT_3D('',#7483,#5807,#5808);
#5017=AXIS2_PLACEMENT_3D('',#7492,#5813,#5814);
#5018=AXIS2_PLACEMENT_3D('',#7501,#5819,#5820);
#5019=AXIS2_PLACEMENT_3D('',#7510,#5825,#5826);
#5020=AXIS2_PLACEMENT_3D('',#7516,#5830,#5831);
#5021=AXIS2_PLACEMENT_3D('',#7525,#5836,#5837);
#5022=AXIS2_PLACEMENT_3D('',#7531,#5841,#5842);
#5023=AXIS2_PLACEMENT_3D('',#7540,#5847,#5848);
#5024=AXIS2_PLACEMENT_3D('',#7546,#5852,#5853);
#5025=AXIS2_PLACEMENT_3D('',#7555,#5858,#5859);
#5026=AXIS2_PLACEMENT_3D('',#7561,#5863,#5864);
#5027=AXIS2_PLACEMENT_3D('',#7570,#5869,#5870);
#5028=AXIS2_PLACEMENT_3D('',#7576,#5874,#5875);
#5029=AXIS2_PLACEMENT_3D('',#7585,#5880,#5881);
#5030=AXIS2_PLACEMENT_3D('',#7591,#5885,#5886);
#5031=AXIS2_PLACEMENT_3D('',#7600,#5891,#5892);
#5032=AXIS2_PLACEMENT_3D('',#7606,#5896,#5897);
#5033=AXIS2_PLACEMENT_3D('',#7615,#5902,#5903);
#5034=AXIS2_PLACEMENT_3D('',#7624,#5908,#5909);
#5035=AXIS2_PLACEMENT_3D('',#7662,#5913,#5914);
#5036=AXIS2_PLACEMENT_3D('',#7673,#5915,#5916);
#5037=AXIS2_PLACEMENT_3D('',#7676,#5919,#5920);
#5038=AXIS2_PLACEMENT_3D('',#7679,#5922,#5923);
#5039=AXIS2_PLACEMENT_3D('',#7682,#5925,#5926);
#5040=AXIS2_PLACEMENT_3D('',#7687,#5929,#5930);
#5041=AXIS2_PLACEMENT_3D('',#7688,#5931,#5932);
#5042=AXIS2_PLACEMENT_3D('',#7689,#5933,#5934);
#5043=AXIS2_PLACEMENT_3D('',#7692,#5935,#5936);
#5044=AXIS2_PLACEMENT_3D('',#7694,#5937,#5938);
#5045=AXIS2_PLACEMENT_3D('',#7695,#5939,#5940);
#5046=AXIS2_PLACEMENT_3D('',#7696,#5941,#5942);
#5047=AXIS2_PLACEMENT_3D('',#7697,#5943,#5944);
#5048=AXIS2_PLACEMENT_3D('',#7700,#5946,#5947);
#5049=AXIS2_PLACEMENT_3D('',#7701,#5948,#5949);
#5050=AXIS2_PLACEMENT_3D('',#7703,#5950,#5951);
#5051=AXIS2_PLACEMENT_3D('',#7706,#5953,#5954);
#5052=AXIS2_PLACEMENT_3D('',#7708,#5956,#5957);
#5053=AXIS2_PLACEMENT_3D('',#7712,#5961,#5962);
#5054=AXIS2_PLACEMENT_3D('',#7716,#5964,#5965);
#5055=AXIS2_PLACEMENT_3D('',#7717,#5966,#5967);
#5056=AXIS2_PLACEMENT_3D('',#7718,#5968,#5969);
#5057=AXIS2_PLACEMENT_3D('',#7724,#5973,#5974);
#5058=AXIS2_PLACEMENT_3D('',#7725,#5975,#5976);
#5059=AXIS2_PLACEMENT_3D('',#7729,#5978,#5979);
#5060=AXIS2_PLACEMENT_3D('',#7730,#5980,#5981);
#5061=AXIS2_PLACEMENT_3D('',#7733,#5983,#5984);
#5062=AXIS2_PLACEMENT_3D('',#7734,#5985,#5986);
#5063=AXIS2_PLACEMENT_3D('',#7735,#5987,#5988);
#5064=AXIS2_PLACEMENT_3D('',#7737,#5989,#5990);
#5065=AXIS2_PLACEMENT_3D('',#7739,#5991,#5992);
#5066=AXIS2_PLACEMENT_3D('',#7740,#5993,#5994);
#5067=AXIS2_PLACEMENT_3D('',#7743,#5996,#5997);
#5068=AXIS2_PLACEMENT_3D('',#7744,#5998,#5999);
#5069=AXIS2_PLACEMENT_3D('',#7745,#6000,#6001);
#5070=AXIS2_PLACEMENT_3D('',#7749,#6003,#6004);
#5071=AXIS2_PLACEMENT_3D('',#7750,#6005,#6006);
#5072=AXIS2_PLACEMENT_3D('',#7752,#6008,#6009);
#5073=AXIS2_PLACEMENT_3D('',#7756,#6011,#6012);
#5074=AXIS2_PLACEMENT_3D('',#7760,#6014,#6015);
#5075=AXIS2_PLACEMENT_3D('',#7761,#6016,#6017);
#5076=AXIS2_PLACEMENT_3D('',#7767,#6021,#6022);
#5077=AXIS2_PLACEMENT_3D('',#7768,#6023,#6024);
#5078=AXIS2_PLACEMENT_3D('',#7769,#6025,#6026);
#5079=AXIS2_PLACEMENT_3D('',#7770,#6027,#6028);
#5080=AXIS2_PLACEMENT_3D('',#7775,#6032,#6033);
#5081=AXIS2_PLACEMENT_3D('',#7776,#6034,#6035);
#5082=AXIS2_PLACEMENT_3D('',#7778,#6036,#6037);
#5083=AXIS2_PLACEMENT_3D('',#7781,#6039,#6040);
#5084=AXIS2_PLACEMENT_3D('',#7782,#6041,#6042);
#5085=AXIS2_PLACEMENT_3D('',#7784,#6043,#6044);
#5086=AXIS2_PLACEMENT_3D('',#7786,#6045,#6046);
#5087=AXIS2_PLACEMENT_3D('',#7787,#6047,#6048);
#5088=AXIS2_PLACEMENT_3D('',#7790,#6050,#6051);
#5089=AXIS2_PLACEMENT_3D('',#7791,#6052,#6053);
#5090=AXIS2_PLACEMENT_3D('',#7792,#6054,#6055);
#5091=AXIS2_PLACEMENT_3D('',#7794,#6056,#6057);
#5092=AXIS2_PLACEMENT_3D('',#7796,#6058,#6059);
#5093=AXIS2_PLACEMENT_3D('',#7797,#6060,#6061);
#5094=AXIS2_PLACEMENT_3D('',#7800,#6063,#6064);
#5095=AXIS2_PLACEMENT_3D('',#7801,#6065,#6066);
#5096=AXIS2_PLACEMENT_3D('',#7805,#6068,#6069);
#5097=AXIS2_PLACEMENT_3D('',#7809,#6071,#6072);
#5098=AXIS2_PLACEMENT_3D('',#7810,#6073,#6074);
#5099=AXIS2_PLACEMENT_3D('',#7816,#6078,#6079);
#5100=AXIS2_PLACEMENT_3D('',#7817,#6080,#6081);
#5101=AXIS2_PLACEMENT_3D('',#7818,#6082,#6083);
#5102=AXIS2_PLACEMENT_3D('',#7819,#6084,#6085);
#5103=AXIS2_PLACEMENT_3D('',#7824,#6089,#6090);
#5104=AXIS2_PLACEMENT_3D('',#7827,#6092,#6093);
#5105=AXIS2_PLACEMENT_3D('',#7828,#6094,#6095);
#5106=AXIS2_PLACEMENT_3D('',#7831,#6097,#6098);
#5107=AXIS2_PLACEMENT_3D('',#7832,#6099,#6100);
#5108=AXIS2_PLACEMENT_3D('',#7833,#6101,#6102);
#5109=AXIS2_PLACEMENT_3D('',#7835,#6103,#6104);
#5110=AXIS2_PLACEMENT_3D('',#7838,#6106,#6107);
#5111=AXIS2_PLACEMENT_3D('',#7839,#6108,#6109);
#5112=AXIS2_PLACEMENT_3D('',#7841,#6110,#6111);
#5113=AXIS2_PLACEMENT_3D('',#7843,#6112,#6113);
#5114=AXIS2_PLACEMENT_3D('',#7844,#6114,#6115);
#5115=AXIS2_PLACEMENT_3D('',#7847,#6117,#6118);
#5116=AXIS2_PLACEMENT_3D('',#7848,#6119,#6120);
#5117=AXIS2_PLACEMENT_3D('',#7849,#6121,#6122);
#5118=AXIS2_PLACEMENT_3D('',#7851,#6123,#6124);
#5119=AXIS2_PLACEMENT_3D('',#7853,#6125,#6126);
#5120=AXIS2_PLACEMENT_3D('',#7854,#6127,#6128);
#5121=AXIS2_PLACEMENT_3D('',#7857,#6130,#6131);
#5122=AXIS2_PLACEMENT_3D('',#7858,#6132,#6133);
#5123=AXIS2_PLACEMENT_3D('',#7859,#6134,#6135);
#5124=AXIS2_PLACEMENT_3D('',#7863,#6137,#6138);
#5125=AXIS2_PLACEMENT_3D('',#7864,#6139,#6140);
#5126=AXIS2_PLACEMENT_3D('',#7866,#6142,#6143);
#5127=AXIS2_PLACEMENT_3D('',#7870,#6145,#6146);
#5128=AXIS2_PLACEMENT_3D('',#7874,#6148,#6149);
#5129=AXIS2_PLACEMENT_3D('',#7875,#6150,#6151);
#5130=AXIS2_PLACEMENT_3D('',#7881,#6155,#6156);
#5131=AXIS2_PLACEMENT_3D('',#7882,#6157,#6158);
#5132=AXIS2_PLACEMENT_3D('',#7883,#6159,#6160);
#5133=AXIS2_PLACEMENT_3D('',#7884,#6161,#6162);
#5134=AXIS2_PLACEMENT_3D('',#7889,#6166,#6167);
#5135=AXIS2_PLACEMENT_3D('',#7890,#6168,#6169);
#5136=AXIS2_PLACEMENT_3D('',#7892,#6170,#6171);
#5137=AXIS2_PLACEMENT_3D('',#7895,#6173,#6174);
#5138=AXIS2_PLACEMENT_3D('',#7896,#6175,#6176);
#5139=AXIS2_PLACEMENT_3D('',#7898,#6177,#6178);
#5140=AXIS2_PLACEMENT_3D('',#7900,#6179,#6180);
#5141=AXIS2_PLACEMENT_3D('',#7901,#6181,#6182);
#5142=AXIS2_PLACEMENT_3D('',#7904,#6184,#6185);
#5143=AXIS2_PLACEMENT_3D('',#7905,#6186,#6187);
#5144=AXIS2_PLACEMENT_3D('',#7906,#6188,#6189);
#5145=AXIS2_PLACEMENT_3D('',#7908,#6190,#6191);
#5146=AXIS2_PLACEMENT_3D('',#7910,#6192,#6193);
#5147=AXIS2_PLACEMENT_3D('',#7911,#6194,#6195);
#5148=AXIS2_PLACEMENT_3D('',#7914,#6197,#6198);
#5149=AXIS2_PLACEMENT_3D('',#7915,#6199,#6200);
#5150=AXIS2_PLACEMENT_3D('',#7919,#6202,#6203);
#5151=AXIS2_PLACEMENT_3D('',#7923,#6205,#6206);
#5152=AXIS2_PLACEMENT_3D('',#7924,#6207,#6208);
#5153=AXIS2_PLACEMENT_3D('',#7930,#6212,#6213);
#5154=AXIS2_PLACEMENT_3D('',#7931,#6214,#6215);
#5155=AXIS2_PLACEMENT_3D('',#7932,#6216,#6217);
#5156=AXIS2_PLACEMENT_3D('',#7933,#6218,#6219);
#5157=AXIS2_PLACEMENT_3D('',#7938,#6223,#6224);
#5158=AXIS2_PLACEMENT_3D('',#7941,#6226,#6227);
#5159=AXIS2_PLACEMENT_3D('',#7942,#6228,#6229);
#5160=AXIS2_PLACEMENT_3D('',#7945,#6231,#6232);
#5161=AXIS2_PLACEMENT_3D('',#7946,#6233,#6234);
#5162=AXIS2_PLACEMENT_3D('',#7947,#6235,#6236);
#5163=AXIS2_PLACEMENT_3D('',#7949,#6237,#6238);
#5164=AXIS2_PLACEMENT_3D('',#7952,#6240,#6241);
#5165=AXIS2_PLACEMENT_3D('',#7953,#6242,#6243);
#5166=AXIS2_PLACEMENT_3D('',#7955,#6244,#6245);
#5167=AXIS2_PLACEMENT_3D('',#7957,#6246,#6247);
#5168=AXIS2_PLACEMENT_3D('',#7958,#6248,#6249);
#5169=AXIS2_PLACEMENT_3D('',#7961,#6251,#6252);
#5170=AXIS2_PLACEMENT_3D('',#7962,#6253,#6254);
#5171=AXIS2_PLACEMENT_3D('',#7963,#6255,#6256);
#5172=AXIS2_PLACEMENT_3D('',#7965,#6257,#6258);
#5173=AXIS2_PLACEMENT_3D('',#7967,#6259,#6260);
#5174=AXIS2_PLACEMENT_3D('',#7968,#6261,#6262);
#5175=AXIS2_PLACEMENT_3D('',#7971,#6264,#6265);
#5176=AXIS2_PLACEMENT_3D('',#7972,#6266,#6267);
#5177=AXIS2_PLACEMENT_3D('',#7973,#6268,#6269);
#5178=AXIS2_PLACEMENT_3D('',#7977,#6271,#6272);
#5179=AXIS2_PLACEMENT_3D('',#7978,#6273,#6274);
#5180=AXIS2_PLACEMENT_3D('',#7980,#6276,#6277);
#5181=AXIS2_PLACEMENT_3D('',#7984,#6279,#6280);
#5182=AXIS2_PLACEMENT_3D('',#7988,#6282,#6283);
#5183=AXIS2_PLACEMENT_3D('',#7989,#6284,#6285);
#5184=AXIS2_PLACEMENT_3D('',#7995,#6289,#6290);
#5185=AXIS2_PLACEMENT_3D('',#7996,#6291,#6292);
#5186=AXIS2_PLACEMENT_3D('',#7997,#6293,#6294);
#5187=AXIS2_PLACEMENT_3D('',#7998,#6295,#6296);
#5188=AXIS2_PLACEMENT_3D('',#8003,#6300,#6301);
#5189=AXIS2_PLACEMENT_3D('',#8004,#6302,#6303);
#5190=AXIS2_PLACEMENT_3D('',#8006,#6304,#6305);
#5191=AXIS2_PLACEMENT_3D('',#8009,#6307,#6308);
#5192=AXIS2_PLACEMENT_3D('',#8010,#6309,#6310);
#5193=AXIS2_PLACEMENT_3D('',#8012,#6311,#6312);
#5194=AXIS2_PLACEMENT_3D('',#8014,#6313,#6314);
#5195=AXIS2_PLACEMENT_3D('',#8015,#6315,#6316);
#5196=AXIS2_PLACEMENT_3D('',#8018,#6318,#6319);
#5197=AXIS2_PLACEMENT_3D('',#8019,#6320,#6321);
#5198=AXIS2_PLACEMENT_3D('',#8020,#6322,#6323);
#5199=AXIS2_PLACEMENT_3D('',#8022,#6324,#6325);
#5200=AXIS2_PLACEMENT_3D('',#8024,#6326,#6327);
#5201=AXIS2_PLACEMENT_3D('',#8025,#6328,#6329);
#5202=AXIS2_PLACEMENT_3D('',#8028,#6331,#6332);
#5203=AXIS2_PLACEMENT_3D('',#8029,#6333,#6334);
#5204=AXIS2_PLACEMENT_3D('',#8033,#6336,#6337);
#5205=AXIS2_PLACEMENT_3D('',#8037,#6339,#6340);
#5206=AXIS2_PLACEMENT_3D('',#8038,#6341,#6342);
#5207=AXIS2_PLACEMENT_3D('',#8044,#6346,#6347);
#5208=AXIS2_PLACEMENT_3D('',#8045,#6348,#6349);
#5209=AXIS2_PLACEMENT_3D('',#8046,#6350,#6351);
#5210=AXIS2_PLACEMENT_3D('',#8047,#6352,#6353);
#5211=AXIS2_PLACEMENT_3D('',#8052,#6357,#6358);
#5212=AXIS2_PLACEMENT_3D('',#8055,#6360,#6361);
#5213=AXIS2_PLACEMENT_3D('',#8056,#6362,#6363);
#5214=AXIS2_PLACEMENT_3D('',#8059,#6365,#6366);
#5215=AXIS2_PLACEMENT_3D('',#8060,#6367,#6368);
#5216=AXIS2_PLACEMENT_3D('',#8061,#6369,#6370);
#5217=AXIS2_PLACEMENT_3D('',#8063,#6371,#6372);
#5218=AXIS2_PLACEMENT_3D('',#8066,#6374,#6375);
#5219=AXIS2_PLACEMENT_3D('',#8067,#6376,#6377);
#5220=AXIS2_PLACEMENT_3D('',#8069,#6378,#6379);
#5221=AXIS2_PLACEMENT_3D('',#8071,#6380,#6381);
#5222=AXIS2_PLACEMENT_3D('',#8072,#6382,#6383);
#5223=AXIS2_PLACEMENT_3D('',#8075,#6385,#6386);
#5224=AXIS2_PLACEMENT_3D('',#8076,#6387,#6388);
#5225=AXIS2_PLACEMENT_3D('',#8077,#6389,#6390);
#5226=AXIS2_PLACEMENT_3D('',#8080,#6392,#6393);
#5227=AXIS2_PLACEMENT_3D('',#8081,#6394,#6395);
#5228=AXIS2_PLACEMENT_3D('',#8084,#6397,#6398);
#5229=AXIS2_PLACEMENT_3D('',#8098,#6412,#6413);
#5230=AXIS2_PLACEMENT_3D('',#8104,#6417,#6418);
#5231=AXIS2_PLACEMENT_3D('',#8105,#6419,#6420);
#5232=AXIS2_PLACEMENT_3D('',#8108,#6422,#6423);
#5233=AXIS2_PLACEMENT_3D('',#8109,#6424,#6425);
#5234=AXIS2_PLACEMENT_3D('',#8111,#6426,#6427);
#5235=AXIS2_PLACEMENT_3D('',#8112,#6428,#6429);
#5236=AXIS2_PLACEMENT_3D('',#8116,#6431,#6432);
#5237=AXIS2_PLACEMENT_3D('',#8120,#6434,#6435);
#5238=AXIS2_PLACEMENT_3D('',#8121,#6436,#6437);
#5239=AXIS2_PLACEMENT_3D('',#8127,#6441,#6442);
#5240=AXIS2_PLACEMENT_3D('',#8128,#6443,#6444);
#5241=AXIS2_PLACEMENT_3D('',#8129,#6445,#6446);
#5242=AXIS2_PLACEMENT_3D('',#8130,#6447,#6448);
#5243=AXIS2_PLACEMENT_3D('',#8131,#6449,#6450);
#5244=AXIS2_PLACEMENT_3D('',#8135,#6453,#6454);
#5245=AXIS2_PLACEMENT_3D('',#8137,#6456,#6457);
#5246=AXIS2_PLACEMENT_3D('',#8140,#6459,#6460);
#5247=AXIS2_PLACEMENT_3D('',#8143,#6462,#6463);
#5248=AXIS2_PLACEMENT_3D('',#8144,#6464,#6465);
#5249=AXIS2_PLACEMENT_3D('',#8146,#6466,#6467);
#5250=AXIS2_PLACEMENT_3D('',#8148,#6468,#6469);
#5251=AXIS2_PLACEMENT_3D('',#8149,#6470,#6471);
#5252=AXIS2_PLACEMENT_3D('',#8151,#6473,#6474);
#5253=AXIS2_PLACEMENT_3D('',#8152,#6475,#6476);
#5254=AXIS2_PLACEMENT_3D('',#8154,#6477,#6478);
#5255=AXIS2_PLACEMENT_3D('',#8156,#6479,#6480);
#5256=AXIS2_PLACEMENT_3D('',#8157,#6481,#6482);
#5257=AXIS2_PLACEMENT_3D('',#8163,#6486,#6487);
#5258=AXIS2_PLACEMENT_3D('',#8167,#6490,#6491);
#5259=AXIS2_PLACEMENT_3D('',#8171,#6494,#6495);
#5260=AXIS2_PLACEMENT_3D('',#8174,#6497,#6498);
#5261=AXIS2_PLACEMENT_3D('',#8175,#6499,#6500);
#5262=AXIS2_PLACEMENT_3D('',#8179,#6503,#6504);
#5263=AXIS2_PLACEMENT_3D('',#8182,#6506,#6507);
#5264=AXIS2_PLACEMENT_3D('',#8183,#6508,#6509);
#5265=AXIS2_PLACEMENT_3D('',#8187,#6512,#6513);
#5266=AXIS2_PLACEMENT_3D('',#8191,#6516,#6517);
#5267=AXIS2_PLACEMENT_3D('',#8195,#6520,#6521);
#5268=AXIS2_PLACEMENT_3D('',#8198,#6523,#6524);
#5269=AXIS2_PLACEMENT_3D('',#8199,#6525,#6526);
#5270=AXIS2_PLACEMENT_3D('',#8203,#6529,#6530);
#5271=AXIS2_PLACEMENT_3D('',#8206,#6532,#6533);
#5272=AXIS2_PLACEMENT_3D('',#8207,#6534,#6535);
#5273=AXIS2_PLACEMENT_3D('',#8211,#6538,#6539);
#5274=AXIS2_PLACEMENT_3D('',#8215,#6542,#6543);
#5275=AXIS2_PLACEMENT_3D('',#8219,#6546,#6547);
#5276=AXIS2_PLACEMENT_3D('',#8222,#6549,#6550);
#5277=AXIS2_PLACEMENT_3D('',#8223,#6551,#6552);
#5278=AXIS2_PLACEMENT_3D('',#8227,#6555,#6556);
#5279=AXIS2_PLACEMENT_3D('',#8230,#6558,#6559);
#5280=AXIS2_PLACEMENT_3D('',#8231,#6560,#6561);
#5281=AXIS2_PLACEMENT_3D('',#8235,#6564,#6565);
#5282=AXIS2_PLACEMENT_3D('',#8239,#6568,#6569);
#5283=AXIS2_PLACEMENT_3D('',#8243,#6572,#6573);
#5284=AXIS2_PLACEMENT_3D('',#8246,#6575,#6576);
#5285=AXIS2_PLACEMENT_3D('',#8247,#6577,#6578);
#5286=AXIS2_PLACEMENT_3D('',#8251,#6581,#6582);
#5287=AXIS2_PLACEMENT_3D('',#8254,#6584,#6585);
#5288=AXIS2_PLACEMENT_3D('',#8255,#6586,#6587);
#5289=AXIS2_PLACEMENT_3D('',#8259,#6590,#6591);
#5290=AXIS2_PLACEMENT_3D('',#8263,#6594,#6595);
#5291=AXIS2_PLACEMENT_3D('',#8267,#6598,#6599);
#5292=AXIS2_PLACEMENT_3D('',#8270,#6601,#6602);
#5293=AXIS2_PLACEMENT_3D('',#8271,#6603,#6604);
#5294=AXIS2_PLACEMENT_3D('',#8275,#6607,#6608);
#5295=AXIS2_PLACEMENT_3D('',#8278,#6610,#6611);
#5296=AXIS2_PLACEMENT_3D('',#8279,#6612,#6613);
#5297=AXIS2_PLACEMENT_3D('',#8283,#6616,#6617);
#5298=AXIS2_PLACEMENT_3D('',#8287,#6620,#6621);
#5299=AXIS2_PLACEMENT_3D('',#8291,#6624,#6625);
#5300=AXIS2_PLACEMENT_3D('',#8294,#6627,#6628);
#5301=AXIS2_PLACEMENT_3D('',#8295,#6629,#6630);
#5302=AXIS2_PLACEMENT_3D('',#8299,#6633,#6634);
#5303=AXIS2_PLACEMENT_3D('',#8302,#6636,#6637);
#5304=AXIS2_PLACEMENT_3D('',#8303,#6638,#6639);
#5305=AXIS2_PLACEMENT_3D('',#8307,#6642,#6643);
#5306=AXIS2_PLACEMENT_3D('',#8311,#6646,#6647);
#5307=AXIS2_PLACEMENT_3D('',#8315,#6650,#6651);
#5308=AXIS2_PLACEMENT_3D('',#8318,#6653,#6654);
#5309=AXIS2_PLACEMENT_3D('',#8319,#6655,#6656);
#5310=AXIS2_PLACEMENT_3D('',#8323,#6659,#6660);
#5311=AXIS2_PLACEMENT_3D('',#8326,#6662,#6663);
#5312=AXIS2_PLACEMENT_3D('',#8327,#6664,#6665);
#5313=AXIS2_PLACEMENT_3D('',#8331,#6668,#6669);
#5314=AXIS2_PLACEMENT_3D('',#8335,#6672,#6673);
#5315=AXIS2_PLACEMENT_3D('',#8339,#6676,#6677);
#5316=AXIS2_PLACEMENT_3D('',#8342,#6679,#6680);
#5317=AXIS2_PLACEMENT_3D('',#8343,#6681,#6682);
#5318=AXIS2_PLACEMENT_3D('',#8346,#6684,#6685);
#5319=AXIS2_PLACEMENT_3D('',#8347,#6686,#6687);
#5320=AXIS2_PLACEMENT_3D('',#8349,#6689,#6690);
#5321=AXIS2_PLACEMENT_3D('',#8351,#6692,#6693);
#5322=AXIS2_PLACEMENT_3D('',#8352,#6694,#6695);
#5323=DIRECTION('',(0.,0.,1.));
#5324=DIRECTION('',(1.,0.,0.));
#5325=DIRECTION('',(2.92980340544434E-17,1.,-5.02876703911718E-17));
#5326=DIRECTION('',(0.,5.02876703911718E-17,1.));
#5327=DIRECTION('',(2.92980340544434E-17,1.,-5.02876703911718E-17));
#5328=DIRECTION('',(0.,5.02876703911718E-17,1.));
#5329=DIRECTION('',(2.92980340544434E-17,1.,-5.02876703911718E-17));
#5330=DIRECTION('',(0.,5.02876703911718E-17,1.));
#5331=DIRECTION('',(2.92980340544434E-17,1.,-5.02876703911718E-17));
#5332=DIRECTION('',(0.,5.02876703911718E-17,1.));
#5333=DIRECTION('',(2.92980340544434E-17,1.,-5.02876703911718E-17));
#5334=DIRECTION('',(0.,5.02876703911718E-17,1.));
#5335=DIRECTION('',(2.92980340544434E-17,1.,-5.02876703911718E-17));
#5336=DIRECTION('',(0.,5.02876703911718E-17,1.));
#5337=DIRECTION('',(-0.573462348087443,-8.82296149892694E-17,0.81923191791216));
#5338=DIRECTION('',(0.81923191791216,0.,0.573462348087443));
#5339=DIRECTION('',(-0.81923191791216,0.,-0.573462348087443));
#5340=DIRECTION('',(-1.53854242189612E-16,1.,0.));
#5341=DIRECTION('',(-0.81923191791216,0.,-0.573462348087443));
#5342=DIRECTION('',(0.,-1.,-1.07697970574835E-16));
#5343=DIRECTION('',(-0.573462348087443,8.82296149892694E-17,-0.81923191791216));
#5344=DIRECTION('',(-0.81923191791216,0.,0.573462348087443));
#5345=DIRECTION('',(-1.53854242189612E-16,-1.,0.));
#5346=DIRECTION('',(-0.81923191791216,0.,0.573462348087443));
#5347=DIRECTION('',(0.,-1.,-1.07697970574835E-16));
#5348=DIRECTION('',(-0.81923191791216,0.,0.573462348087443));
#5349=DIRECTION('',(0.,1.,0.));
#5350=DIRECTION('',(1.,0.,0.));
#5351=DIRECTION('',(0.,-1.,0.));
#5352=DIRECTION('',(-1.,0.,0.));
#5353=DIRECTION('',(0.,-1.,0.));
#5354=DIRECTION('',(-1.,0.,0.));
#5355=DIRECTION('',(0.,-1.,0.));
#5356=DIRECTION('',(-1.,0.,0.));
#5357=DIRECTION('',(0.,-1.,0.));
#5358=DIRECTION('',(-1.,0.,0.));
#5359=DIRECTION('',(0.,1.,0.));
#5360=DIRECTION('',(1.,0.,0.));
#5361=DIRECTION('',(0.,-1.,0.));
#5362=DIRECTION('',(-1.,0.,0.));
#5363=DIRECTION('',(0.,-1.,0.));
#5364=DIRECTION('',(-1.,0.,0.));
#5365=DIRECTION('',(0.,-1.,0.));
#5366=DIRECTION('',(-1.,0.,0.));
#5367=DIRECTION('',(0.,-1.,0.));
#5368=DIRECTION('',(-1.,0.,0.));
#5369=DIRECTION('',(0.,1.,0.));
#5370=DIRECTION('',(1.,0.,0.));
#5371=DIRECTION('',(0.,-1.,0.));
#5372=DIRECTION('',(-1.,0.,0.));
#5373=DIRECTION('',(0.,-1.,0.));
#5374=DIRECTION('',(-1.,0.,0.));
#5375=DIRECTION('',(0.,-1.,0.));
#5376=DIRECTION('',(-1.,0.,0.));
#5377=DIRECTION('',(0.,-1.,0.));
#5378=DIRECTION('',(-1.,0.,0.));
#5379=DIRECTION('',(0.,1.,0.));
#5380=DIRECTION('',(0.,0.,1.));
#5381=DIRECTION('',(1.,0.,-8.90594644592631E-18));
#5382=DIRECTION('',(0.,0.,-1.));
#5383=DIRECTION('',(1.,0.,3.5494714095992E-18));
#5384=DIRECTION('',(0.,0.,1.));
#5385=DIRECTION('',(0.,1.,0.));
#5386=DIRECTION('',(0.,0.,1.));
#5387=DIRECTION('',(1.,0.,-8.90594644592631E-18));
#5388=DIRECTION('',(0.,0.,-1.));
#5389=DIRECTION('',(1.,0.,3.5494714095992E-18));
#5390=DIRECTION('',(0.,0.,1.));
#5391=DIRECTION('',(0.,1.,0.));
#5392=DIRECTION('',(0.,0.,1.));
#5393=DIRECTION('',(1.,0.,-8.90594644592631E-18));
#5394=DIRECTION('',(2.22576953083608E-17,0.,-1.));
#5395=DIRECTION('',(1.,0.,3.5494714095992E-18));
#5396=DIRECTION('',(8.2605879495596E-17,0.,1.));
#5397=DIRECTION('',(1.,0.,0.));
#5398=DIRECTION('',(0.,-1.,0.));
#5399=DIRECTION('',(0.,0.,-1.));
#5400=DIRECTION('',(0.,-1.,1.20170191896329E-17));
#5401=DIRECTION('',(0.,0.,-1.));
#5402=DIRECTION('',(1.,0.,0.));
#5403=DIRECTION('',(0.,-1.,0.));
#5404=DIRECTION('',(0.,0.,1.));
#5405=DIRECTION('',(0.,0.,1.));
#5406=DIRECTION('',(0.,1.,-1.20170191896329E-17));
#5407=DIRECTION('',(0.,1.,0.));
#5408=DIRECTION('',(0.,0.,1.));
#5409=DIRECTION('',(1.,0.,-8.90594644592631E-18));
#5410=DIRECTION('',(8.2605879495596E-17,0.,-1.));
#5411=DIRECTION('',(1.,0.,3.5494714095992E-18));
#5412=DIRECTION('',(2.22576953083608E-17,0.,1.));
#5413=DIRECTION('',(0.,-1.,0.));
#5414=DIRECTION('',(-1.,0.,0.));
#5415=DIRECTION('',(-7.76495271648663E-17,0.,1.));
#5416=DIRECTION('',(1.,0.,0.));
#5417=DIRECTION('',(-1.,0.,-2.73548702777745E-17));
#5418=DIRECTION('',(0.,0.,-1.));
#5419=DIRECTION('',(0.,1.,0.));
#5420=DIRECTION('',(-8.65225381653388E-17,-1.,0.));
#5421=DIRECTION('',(1.,0.,0.));
#5422=DIRECTION('',(0.,-1.,0.));
#5423=DIRECTION('',(-1.,0.,0.));
#5424=DIRECTION('',(7.76495271648663E-17,0.,-1.));
#5425=DIRECTION('',(1.,0.,2.73548702777745E-17));
#5426=DIRECTION('',(3.5494714095992E-18,-2.23899866297313E-18,-1.));
#5427=DIRECTION('',(-1.,0.,-3.5494714095992E-18));
#5428=DIRECTION('',(-3.84544614068159E-17,-1.,2.23899866297313E-18));
#5429=DIRECTION('',(1.,-3.11851056046415E-18,3.5494714095992E-18));
#5430=DIRECTION('',(9.72043330005514E-18,1.,-2.23899866297313E-18));
#5431=DIRECTION('',(3.5494714095992E-18,-2.23899866297313E-18,-1.));
#5432=DIRECTION('',(-1.,0.,-3.5494714095992E-18));
#5433=DIRECTION('',(0.,-1.,2.23899866297313E-18));
#5434=DIRECTION('',(1.,-3.11851056046415E-18,3.5494714095992E-18));
#5435=DIRECTION('',(0.,1.,-2.23899866297313E-18));
#5436=DIRECTION('',(3.5494714095992E-18,-2.23899866297313E-18,-1.));
#5437=DIRECTION('',(-1.,0.,-3.5494714095992E-18));
#5438=DIRECTION('',(0.,-1.,2.23899866297313E-18));
#5439=DIRECTION('',(1.,-3.11851056046415E-18,3.5494714095992E-18));
#5440=DIRECTION('',(0.,1.,-2.23899866297313E-18));
#5441=DIRECTION('',(3.5494714095992E-18,-2.23899866297313E-18,-1.));
#5442=DIRECTION('',(-1.,0.,-3.5494714095992E-18));
#5443=DIRECTION('',(-9.72043330005514E-18,-1.,2.23899866297313E-18));
#5444=DIRECTION('',(1.,-3.11851056046415E-18,3.5494714095992E-18));
#5445=DIRECTION('',(3.84544614068159E-17,1.,-2.23899866297313E-18));
#5446=DIRECTION('',(0.,-1.,0.));
#5447=DIRECTION('',(-1.,0.,0.));
#5448=DIRECTION('',(1.,0.,2.73548702777745E-17));
#5449=DIRECTION('',(-7.76495271648559E-17,0.,1.));
#5450=DIRECTION('',(-1.,0.,0.));
#5451=DIRECTION('',(0.,0.,-1.));
#5452=DIRECTION('',(0.,1.,0.));
#5453=DIRECTION('',(8.65225381653388E-17,-1.,0.));
#5454=DIRECTION('',(-1.,0.,0.));
#5455=DIRECTION('',(0.,-1.,0.));
#5456=DIRECTION('',(-1.,0.,0.));
#5457=DIRECTION('',(7.76495271648559E-17,0.,-1.));
#5458=DIRECTION('',(-1.,0.,-2.73548702777745E-17));
#5459=DIRECTION('',(0.,-1.,0.));
#5460=DIRECTION('',(-1.,0.,0.));
#5461=DIRECTION('',(0.,-1.,0.));
#5462=DIRECTION('',(-1.,0.,0.));
#5463=DIRECTION('',(2.65518898114182E-17,7.27821329193409E-18,1.));
#5464=DIRECTION('',(1.,0.,-2.65518898114182E-17));
#5465=DIRECTION('',(-8.37554433272386E-18,1.,-7.27821329193409E-18));
#5466=DIRECTION('',(1.,0.,-2.65518898114182E-17));
#5467=DIRECTION('',(7.63416930684816E-18,-1.,7.27821329193409E-18));
#5468=DIRECTION('',(-1.,0.,2.65518898114182E-17));
#5469=DIRECTION('',(2.65518898114182E-17,0.,1.));
#5470=DIRECTION('',(1.,8.37554433272386E-18,3.63181024399425E-17));
#5471=DIRECTION('',(3.63181024399425E-17,0.,-1.));
#5472=DIRECTION('',(1.,0.,-2.65518898114182E-17));
#5473=DIRECTION('',(-1.,-7.63416930684816E-18,3.65317383365307E-17));
#5474=DIRECTION('',(3.65317383365307E-17,0.,1.));
#5475=DIRECTION('',(0.,-1.,0.));
#5476=DIRECTION('',(-1.,0.,0.));
#5477=DIRECTION('',(0.,-1.,0.));
#5478=DIRECTION('',(-1.,0.,0.));
#5479=DIRECTION('',(2.65518898114182E-17,7.27821329193409E-18,1.));
#5480=DIRECTION('',(1.,0.,-2.65518898114182E-17));
#5481=DIRECTION('',(1.,0.,-2.65518898114182E-17));
#5482=DIRECTION('',(1.08355951451624E-18,-1.,7.27821329193409E-18));
#5483=DIRECTION('',(0.,1.,-7.27821329193409E-18));
#5484=DIRECTION('',(-1.,0.,2.65518898114182E-17));
#5485=DIRECTION('',(2.65518898114182E-17,0.,1.));
#5486=DIRECTION('',(1.,0.,0.));
#5487=DIRECTION('',(0.,-1.,0.));
#5488=DIRECTION('',(1.,0.,-2.65518898114182E-17));
#5489=DIRECTION('',(-1.,-1.08355951451624E-18,5.66135126263096E-18));
#5490=DIRECTION('',(5.66135126263096E-18,0.,1.));
#5491=DIRECTION('',(0.,-1.,0.));
#5492=DIRECTION('',(-1.,0.,0.));
#5493=DIRECTION('',(0.,-1.,0.));
#5494=DIRECTION('',(-1.,0.,0.));
#5495=DIRECTION('',(0.,-1.,0.));
#5496=DIRECTION('',(-1.,0.,0.));
#5497=DIRECTION('',(2.65518898114182E-17,7.27821329193409E-18,1.));
#5498=DIRECTION('',(1.,0.,-2.65518898114182E-17));
#5499=DIRECTION('',(1.,0.,-2.65518898114182E-17));
#5500=DIRECTION('',(0.,-1.,7.27821329193409E-18));
#5501=DIRECTION('',(0.,1.,-7.27821329193409E-18));
#5502=DIRECTION('',(-1.,0.,2.65518898114182E-17));
#5503=DIRECTION('',(2.65518898114182E-17,0.,1.));
#5504=DIRECTION('',(1.,0.,0.));
#5505=DIRECTION('',(0.,-1.,0.));
#5506=DIRECTION('',(1.,0.,-2.65518898114182E-17));
#5507=DIRECTION('',(-1.,0.,0.));
#5508=DIRECTION('',(0.,1.,0.));
#5509=DIRECTION('',(0.,-1.,0.));
#5510=DIRECTION('',(-1.,0.,0.));
#5511=DIRECTION('',(0.,-1.,0.));
#5512=DIRECTION('',(-1.,0.,0.));
#5513=DIRECTION('',(8.90594644592631E-18,-6.00640686113518E-17,1.));
#5514=DIRECTION('',(0.,-1.,-6.00640686113518E-17));
#5515=DIRECTION('',(1.,3.11851056046415E-18,-8.90594644592631E-18));
#5516=DIRECTION('',(-3.84544614068159E-17,-1.,-6.00640686113518E-17));
#5517=DIRECTION('',(9.72043330005514E-18,1.,6.00640686113518E-17));
#5518=DIRECTION('',(1.,-9.72043330005514E-18,-2.22576953083608E-17));
#5519=DIRECTION('',(-2.22576953083608E-17,0.,-1.));
#5520=DIRECTION('',(2.22576953083608E-17,2.30116378782645E-17,1.));
#5521=DIRECTION('',(9.72043330005514E-18,1.,-1.20170191896329E-17));
#5522=DIRECTION('',(2.22576953083608E-17,-2.23724256968581E-17,1.));
#5523=DIRECTION('',(2.73548702777745E-17,-1.20170191896329E-17,-1.));
#5524=DIRECTION('',(-1.,0.,-2.73548702777745E-17));
#5525=DIRECTION('',(0.,1.,-1.20170191896329E-17));
#5526=DIRECTION('',(1.,3.11851056046415E-18,2.73548702777745E-17));
#5527=DIRECTION('',(1.,-3.11851056046415E-18,2.73548702777745E-17));
#5528=DIRECTION('',(-1.,0.,0.));
#5529=DIRECTION('',(0.,1.,0.));
#5530=DIRECTION('',(0.,-1.,-6.00640686113518E-17));
#5531=DIRECTION('',(0.,2.23724256968581E-17,-1.));
#5532=DIRECTION('',(0.,-2.30116378782645E-17,-1.));
#5533=DIRECTION('',(8.90594644592631E-18,-6.00640686113518E-17,1.));
#5534=DIRECTION('',(0.,-1.,-6.00640686113518E-17));
#5535=DIRECTION('',(1.,3.11851056046415E-18,-8.90594644592631E-18));
#5536=DIRECTION('',(0.,1.,6.00640686113518E-17));
#5537=DIRECTION('',(1.,0.,0.));
#5538=DIRECTION('',(0.,-1.,0.));
#5539=DIRECTION('',(0.,2.30116378782645E-17,1.));
#5540=DIRECTION('',(0.,1.,-1.20170191896329E-17));
#5541=DIRECTION('',(0.,-2.23724256968581E-17,1.));
#5542=DIRECTION('',(2.73548702777745E-17,-1.20170191896329E-17,-1.));
#5543=DIRECTION('',(-1.,0.,-2.73548702777745E-17));
#5544=DIRECTION('',(0.,1.,-1.20170191896329E-17));
#5545=DIRECTION('',(1.,3.11851056046415E-18,2.73548702777745E-17));
#5546=DIRECTION('',(1.,-3.11851056046415E-18,2.73548702777745E-17));
#5547=DIRECTION('',(-1.,0.,0.));
#5548=DIRECTION('',(0.,1.,0.));
#5549=DIRECTION('',(0.,-1.,-6.00640686113518E-17));
#5550=DIRECTION('',(0.,2.23724256968581E-17,-1.));
#5551=DIRECTION('',(0.,-2.30116378782645E-17,-1.));
#5552=DIRECTION('',(8.90594644592631E-18,-6.00640686113518E-17,1.));
#5553=DIRECTION('',(0.,-1.,-6.00640686113518E-17));
#5554=DIRECTION('',(1.,3.11851056046415E-18,-8.90594644592631E-18));
#5555=DIRECTION('',(0.,1.,6.00640686113518E-17));
#5556=DIRECTION('',(1.,0.,0.));
#5557=DIRECTION('',(0.,-1.,0.));
#5558=DIRECTION('',(0.,2.30116378782645E-17,1.));
#5559=DIRECTION('',(0.,1.,-1.20170191896329E-17));
#5560=DIRECTION('',(0.,-2.23724256968581E-17,1.));
#5561=DIRECTION('',(2.73548702777745E-17,-1.20170191896329E-17,-1.));
#5562=DIRECTION('',(-1.,0.,-2.73548702777745E-17));
#5563=DIRECTION('',(9.72043330005514E-18,1.,-1.20170191896329E-17));
#5564=DIRECTION('',(1.,3.11851056046415E-18,2.73548702777745E-17));
#5565=DIRECTION('',(1.,-3.11851056046415E-18,2.73548702777745E-17));
#5566=DIRECTION('',(-1.,9.72043330005514E-18,-2.22576953083608E-17));
#5567=DIRECTION('',(-2.22576953083608E-17,0.,1.));
#5568=DIRECTION('',(-9.72043330005514E-18,-1.,-6.00640686113518E-17));
#5569=DIRECTION('',(2.22576953083608E-17,2.23724256968581E-17,-1.));
#5570=DIRECTION('',(2.22576953083608E-17,-2.30116378782645E-17,-1.));
#5571=DIRECTION('',(8.90594644592631E-18,-6.00640686113518E-17,1.));
#5572=DIRECTION('',(0.,-1.,-6.00640686113518E-17));
#5573=DIRECTION('',(1.,3.11851056046415E-18,-8.90594644592631E-18));
#5574=DIRECTION('',(3.84544614068159E-17,1.,6.00640686113518E-17));
#5575=DIRECTION('',(1.,-3.84544614068159E-17,-8.2605879495596E-17));
#5576=DIRECTION('',(-8.2605879495596E-17,0.,-1.));
#5577=DIRECTION('',(8.2605879495596E-17,2.30116378782645E-17,1.));
#5578=DIRECTION('',(3.84544614068159E-17,1.,-1.20170191896329E-17));
#5579=DIRECTION('',(8.2605879495596E-17,-2.23724256968581E-17,1.));
#5580=DIRECTION('',(2.73548702777745E-17,-1.20170191896329E-17,-1.));
#5581=DIRECTION('',(-1.,0.,-2.73548702777745E-17));
#5582=DIRECTION('',(-8.65225381653388E-17,1.,-1.20170191896329E-17));
#5583=DIRECTION('',(1.,3.11851056046415E-18,2.73548702777745E-17));
#5584=DIRECTION('',(1.,-3.11851056046415E-18,2.73548702777745E-17));
#5585=DIRECTION('',(-8.65225381653388E-17,1.,-1.20170191896329E-17));
#5586=DIRECTION('',(-9.4383670813873E-19,-3.2019603792362E-19,-1.));
#5587=DIRECTION('',(-1.,0.,9.4383670813873E-19));
#5588=DIRECTION('',(-7.63416930684816E-18,1.,-3.2019603792362E-19));
#5589=DIRECTION('',(-1.,-3.11851056046415E-18,9.4383670813873E-19));
#5590=DIRECTION('',(8.37554433272386E-18,-1.,3.2019603792362E-19));
#5591=DIRECTION('',(-9.4383670813873E-19,-3.2019603792362E-19,-1.));
#5592=DIRECTION('',(-1.,0.,9.4383670813873E-19));
#5593=DIRECTION('',(-1.08355951451624E-18,1.,-3.2019603792362E-19));
#5594=DIRECTION('',(-1.,-3.11851056046415E-18,9.4383670813873E-19));
#5595=DIRECTION('',(0.,-1.,3.2019603792362E-19));
#5596=DIRECTION('',(-9.4383670813873E-19,-3.2019603792362E-19,-1.));
#5597=DIRECTION('',(-1.,0.,9.4383670813873E-19));
#5598=DIRECTION('',(0.,1.,-3.2019603792362E-19));
#5599=DIRECTION('',(-1.,-3.11851056046415E-18,9.4383670813873E-19));
#5600=DIRECTION('',(0.,-1.,3.2019603792362E-19));
#5601=DIRECTION('',(2.73548702777745E-17,-1.20170191896329E-17,-1.));
#5602=DIRECTION('',(-1.,0.,-2.73548702777745E-17));
#5603=DIRECTION('',(-8.65225381653388E-17,-1.,1.20170191896329E-17));
#5604=DIRECTION('',(1.,-3.11851056046415E-18,2.73548702777745E-17));
#5605=DIRECTION('',(3.84544614068159E-17,1.,-1.20170191896329E-17));
#5606=DIRECTION('',(1.,3.11851056046415E-18,2.73548702777745E-17));
#5607=DIRECTION('',(-8.65225381653388E-17,-1.,1.20170191896329E-17));
#5608=DIRECTION('',(-1.,3.84544614068159E-17,-8.2605879495596E-17));
#5609=DIRECTION('',(-8.2605879495596E-17,0.,1.));
#5610=DIRECTION('',(8.2605879495596E-17,2.23724256968581E-17,-1.));
#5611=DIRECTION('',(8.2605879495596E-17,-2.30116378782645E-17,-1.));
#5612=DIRECTION('',(1.,-8.65225381653388E-17,7.76495271648663E-17));
#5613=DIRECTION('',(-8.65225381653388E-17,-1.,0.));
#5614=DIRECTION('',(-7.76495271648663E-17,-2.23724256968581E-17,1.));
#5615=DIRECTION('',(-8.65225381653388E-17,-1.,0.));
#5616=DIRECTION('',(-7.76495271648663E-17,2.30116378782645E-17,1.));
#5617=DIRECTION('',(3.11851056046415E-18,1.,-2.30116378782645E-17));
#5618=DIRECTION('',(0.,2.30116378782645E-17,1.));
#5619=DIRECTION('',(1.,-3.11851056046415E-18,0.));
#5620=DIRECTION('',(-7.76495271648559E-17,2.30116378782645E-17,1.));
#5621=DIRECTION('',(-1.,-8.65225381653388E-17,-7.76495271648559E-17));
#5622=DIRECTION('',(-8.65225381653388E-17,1.,0.));
#5623=DIRECTION('',(-8.65225381653388E-17,1.,0.));
#5624=DIRECTION('',(7.76495271648559E-17,2.23724256968581E-17,-1.));
#5625=DIRECTION('',(1.,8.37554433272386E-18,3.63181024399425E-17));
#5626=DIRECTION('',(3.63181024399425E-17,0.,-1.));
#5627=DIRECTION('',(3.63181024399425E-17,2.23724256968581E-17,-1.));
#5628=DIRECTION('',(8.37554433272386E-18,-1.,0.));
#5629=DIRECTION('',(-3.63181024399425E-17,0.,1.));
#5630=DIRECTION('',(0.,-1.,0.));
#5631=DIRECTION('',(-1.,0.,0.));
#5632=DIRECTION('',(-1.,0.,0.));
#5633=DIRECTION('',(3.65317383365307E-17,0.,1.));
#5634=DIRECTION('',(-1.,-7.63416930684816E-18,3.65317383365307E-17));
#5635=DIRECTION('',(3.65317383365307E-17,0.,1.));
#5636=DIRECTION('',(-7.63416930684816E-18,1.,0.));
#5637=DIRECTION('',(3.65317383365307E-17,-2.23724256968581E-17,1.));
#5638=DIRECTION('',(1.,0.,0.));
#5639=DIRECTION('',(0.,-1.,0.));
#5640=DIRECTION('',(0.,2.23724256968581E-17,-1.));
#5641=DIRECTION('',(0.,-1.,0.));
#5642=DIRECTION('',(0.,0.,1.));
#5643=DIRECTION('',(0.,-1.,0.));
#5644=DIRECTION('',(-1.,0.,0.));
#5645=DIRECTION('',(-1.,0.,0.));
#5646=DIRECTION('',(5.66135126263096E-18,0.,1.));
#5647=DIRECTION('',(-1.,-1.08355951451624E-18,5.66135126263096E-18));
#5648=DIRECTION('',(5.66135126263096E-18,0.,1.));
#5649=DIRECTION('',(-1.08355951451624E-18,1.,0.));
#5650=DIRECTION('',(5.66135126263096E-18,-2.23724256968581E-17,1.));
#5651=DIRECTION('',(1.,0.,0.));
#5652=DIRECTION('',(0.,-1.,0.));
#5653=DIRECTION('',(0.,2.23724256968581E-17,-1.));
#5654=DIRECTION('',(0.,-1.,0.));
#5655=DIRECTION('',(0.,0.,1.));
#5656=DIRECTION('',(0.,-1.,0.));
#5657=DIRECTION('',(-1.,0.,0.));
#5658=DIRECTION('',(-1.,0.,0.));
#5659=DIRECTION('',(0.,0.,1.));
#5660=DIRECTION('',(-1.,0.,0.));
#5661=DIRECTION('',(0.,1.,0.));
#5662=DIRECTION('',(0.,1.,0.));
#5663=DIRECTION('',(0.,-2.23724256968581E-17,1.));
#5664=DIRECTION('',(-3.11851056046415E-18,1.,2.23724256968581E-17));
#5665=DIRECTION('',(0.,-2.23724256968581E-17,1.));
#5666=DIRECTION('',(-1.,-3.11851056046415E-18,0.));
#5667=DIRECTION('',(-1.,-3.11851056046415E-18,0.));
#5668=DIRECTION('',(-1.,-3.11851056046415E-18,0.));
#5669=DIRECTION('',(-1.,-3.11851056046415E-18,0.));
#5670=DIRECTION('',(1.06817948352523E-17,2.23724256968581E-17,-1.));
#5671=DIRECTION('',(-1.,-3.11851056046415E-18,9.4383670813873E-19));
#5672=DIRECTION('',(0.,-2.23724256968581E-17,1.));
#5673=DIRECTION('',(-1.,-3.11851056046415E-18,0.));
#5674=DIRECTION('',(0.,-1.,0.));
#5675=DIRECTION('',(-1.,0.,0.));
#5676=DIRECTION('',(1.06817948352523E-17,0.,-1.));
#5677=DIRECTION('',(-1.,0.,0.));
#5678=DIRECTION('',(0.,0.,1.));
#5679=DIRECTION('',(1.,0.,-2.65518898114182E-17));
#5680=DIRECTION('',(0.,0.,1.));
#5681=DIRECTION('',(0.,-1.,0.));
#5682=DIRECTION('',(1.28096560382916E-18,-1.,0.));
#5683=DIRECTION('',(0.,1.,0.));
#5684=DIRECTION('',(-9.4383670813873E-19,-3.2019603792362E-19,-1.));
#5685=DIRECTION('',(-1.,0.,9.4383670813873E-19));
#5686=DIRECTION('',(0.,1.,-3.2019603792362E-19));
#5687=DIRECTION('',(1.28096560382916E-18,-1.,3.2019603792362E-19));
#5688=DIRECTION('',(-1.,0.,2.65518898114182E-17));
#5689=DIRECTION('',(2.65518898114182E-17,0.,1.));
#5690=DIRECTION('',(-1.,0.,2.65518898114182E-17));
#5691=DIRECTION('',(1.,1.28096560382916E-18,1.06817948352523E-17));
#5692=DIRECTION('',(1.06817948352523E-17,0.,-1.));
#5693=DIRECTION('',(-1.,0.,0.));
#5694=DIRECTION('',(0.,1.,0.));
#5695=DIRECTION('',(1.,1.28096560382916E-18,1.06817948352523E-17));
#5696=DIRECTION('',(1.06817948352523E-17,0.,-1.));
#5697=DIRECTION('',(-1.28096560382916E-18,1.,-7.27821329193409E-18));
#5698=DIRECTION('',(0.,-1.,0.));
#5699=DIRECTION('',(-1.,0.,0.));
#5700=DIRECTION('',(0.,-1.,0.));
#5701=DIRECTION('',(-1.,0.,0.));
#5702=DIRECTION('',(-1.,0.,0.));
#5703=DIRECTION('',(0.,0.,1.));
#5704=DIRECTION('',(0.,-1.,7.27821329193409E-18));
#5705=DIRECTION('',(2.65518898114182E-17,7.27821329193409E-18,1.));
#5706=DIRECTION('',(1.,0.,-2.65518898114182E-17));
#5707=DIRECTION('',(0.,-1.,0.));
#5708=DIRECTION('',(-1.,0.,0.));
#5709=DIRECTION('',(0.,-1.,0.));
#5710=DIRECTION('',(-1.,0.,0.));
#5711=DIRECTION('',(2.92980340544434E-17,1.,-5.02876703911718E-17));
#5712=DIRECTION('',(0.,5.02876703911718E-17,1.));
#5713=DIRECTION('',(2.92980340544434E-17,1.,-5.02876703911718E-17));
#5714=DIRECTION('',(0.,5.02876703911718E-17,1.));
#5715=DIRECTION('',(0.,-1.,0.));
#5716=DIRECTION('',(-1.,0.,0.));
#5717=DIRECTION('',(0.,-1.,0.));
#5718=DIRECTION('',(-1.,0.,0.));
#5719=DIRECTION('',(0.,1.,0.));
#5720=DIRECTION('',(1.,0.,0.));
#5721=DIRECTION('',(0.,-1.,0.));
#5722=DIRECTION('',(-1.,0.,0.));
#5723=DIRECTION('',(0.,-1.,0.));
#5724=DIRECTION('',(-1.,0.,0.));
#5725=DIRECTION('',(0.,-1.,0.));
#5726=DIRECTION('',(-1.,0.,0.));
#5727=DIRECTION('',(0.,-1.,0.));
#5728=DIRECTION('',(-1.,0.,0.));
#5729=DIRECTION('',(0.,-1.,0.));
#5730=DIRECTION('',(-1.,0.,0.));
#5731=DIRECTION('',(0.,0.,1.));
#5732=DIRECTION('',(1.,0.,0.));
#5733=DIRECTION('',(-2.81610952707182E-17,0.,-1.));
#5734=DIRECTION('',(-1.,0.,2.81610952707182E-17));
#5735=DIRECTION('',(0.,0.,-1.));
#5736=DIRECTION('',(-1.,0.,0.));
#5737=DIRECTION('',(1.,0.,0.));
#5738=DIRECTION('',(1.12615193533853E-16,1.,0.));
#5739=DIRECTION('',(-1.,0.,0.));
#5740=DIRECTION('',(0.,1.,0.));
#5741=DIRECTION('',(0.,1.,0.));
#5742=DIRECTION('',(0.,0.,1.));
#5743=DIRECTION('',(0.,0.,-1.));
#5744=DIRECTION('',(1.,0.,0.));
#5745=DIRECTION('',(2.81610952707182E-17,0.,1.));
#5746=DIRECTION('',(1.,0.,0.));
#5747=DIRECTION('',(0.,0.,-1.));
#5748=DIRECTION('',(-1.,0.,0.));
#5749=DIRECTION('',(-1.,0.,0.));
#5750=DIRECTION('',(-1.80563637716439E-16,-1.,0.));
#5751=DIRECTION('',(1.,0.,0.));
#5752=DIRECTION('',(-2.03368090437435E-17,1.,0.));
#5753=DIRECTION('',(0.,1.,0.));
#5754=DIRECTION('',(0.,0.,1.));
#5755=DIRECTION('',(8.06997634283136E-17,0.,-1.));
#5756=DIRECTION('',(1.,0.,0.));
#5757=DIRECTION('',(-5.46457517562102E-17,0.,1.));
#5758=DIRECTION('',(1.,0.,0.));
#5759=DIRECTION('',(0.,1.,0.));
#5760=DIRECTION('',(0.,0.,1.));
#5761=DIRECTION('',(0.,0.,-1.));
#5762=DIRECTION('',(1.,0.,0.));
#5763=DIRECTION('',(-6.32740283476929E-17,0.,1.));
#5764=DIRECTION('',(1.,0.,0.));
#5765=DIRECTION('',(0.,0.,-1.));
#5766=DIRECTION('',(-1.,0.,0.));
#5767=DIRECTION('',(1.,0.,0.));
#5768=DIRECTION('',(-4.66329911419546E-18,1.,0.));
#5769=DIRECTION('',(-1.,0.,0.));
#5770=DIRECTION('',(0.,-1.,0.));
#5771=DIRECTION('',(0.,0.,-1.));
#5772=DIRECTION('',(-1.,0.,0.));
#5773=DIRECTION('',(-1.,0.,0.));
#5774=DIRECTION('',(-6.29371376718087E-17,-1.,0.));
#5775=DIRECTION('',(1.,0.,0.));
#5776=DIRECTION('',(0.,1.,0.));
#5777=DIRECTION('',(0.,1.,0.));
#5778=DIRECTION('',(0.,0.,1.));
#5779=DIRECTION('',(1.61780186114775E-18,0.,-1.));
#5780=DIRECTION('',(1.,0.,0.));
#5781=DIRECTION('',(0.,0.,1.));
#5782=DIRECTION('',(1.,0.,0.));
#5783=DIRECTION('',(0.,1.,0.));
#5784=DIRECTION('',(0.,0.,1.));
#5785=DIRECTION('',(-1.,0.,0.));
#5786=DIRECTION('',(0.,0.,-1.));
#5787=DIRECTION('',(-1.,0.,0.));
#5788=DIRECTION('',(1.61780186114775E-18,0.,1.));
#5789=DIRECTION('',(0.,0.,-1.));
#5790=DIRECTION('',(-1.,0.,0.));
#5791=DIRECTION('',(1.,0.,0.));
#5792=DIRECTION('',(-3.96380424706607E-17,1.,0.));
#5793=DIRECTION('',(-1.,0.,0.));
#5794=DIRECTION('',(0.,-1.,0.));
#5795=DIRECTION('',(0.,0.,-1.));
#5796=DIRECTION('',(-1.,0.,0.));
#5797=DIRECTION('',(-1.,0.,0.));
#5798=DIRECTION('',(-3.10944608845792E-17,-1.,0.));
#5799=DIRECTION('',(1.,0.,0.));
#5800=DIRECTION('',(0.,1.,0.));
#5801=DIRECTION('',(0.,1.,0.));
#5802=DIRECTION('',(0.,0.,1.));
#5803=DIRECTION('',(-1.,0.,0.));
#5804=DIRECTION('',(-6.32740283476929E-17,0.,-1.));
#5805=DIRECTION('',(-1.,0.,0.));
#5806=DIRECTION('',(0.,0.,1.));
#5807=DIRECTION('',(0.,1.,0.));
#5808=DIRECTION('',(0.,0.,1.));
#5809=DIRECTION('',(-1.,0.,0.));
#5810=DIRECTION('',(-5.46457517562102E-17,0.,-1.));
#5811=DIRECTION('',(-1.,0.,0.));
#5812=DIRECTION('',(8.06997634283136E-17,0.,1.));
#5813=DIRECTION('',(0.,0.,-1.));
#5814=DIRECTION('',(-1.,0.,0.));
#5815=DIRECTION('',(1.,0.,0.));
#5816=DIRECTION('',(-9.7668275850667E-17,1.,0.));
#5817=DIRECTION('',(-1.,0.,0.));
#5818=DIRECTION('',(2.03368090437414E-17,-1.,0.));
#5819=DIRECTION('',(0.,0.,-1.));
#5820=DIRECTION('',(-1.,0.,0.));
#5821=DIRECTION('',(-1.,0.,0.));
#5822=DIRECTION('',(9.28831741476675E-17,-1.,0.));
#5823=DIRECTION('',(1.,0.,0.));
#5824=DIRECTION('',(0.,-1.,0.));
#5825=DIRECTION('',(0.857492925712544,8.37498556084882E-17,0.514495755427528));
#5826=DIRECTION('',(0.514495755427528,0.,-0.857492925712544));
#5827=DIRECTION('',(0.514495755427528,0.,-0.857492925712544));
#5828=DIRECTION('',(-0.514495755427528,0.,0.857492925712544));
#5829=DIRECTION('',(-9.7668275850667E-17,1.,0.));
#5830=DIRECTION('',(0.,0.,-1.));
#5831=DIRECTION('',(-1.,0.,0.));
#5832=DIRECTION('',(-2.48983363058921E-17,-1.,0.));
#5833=DIRECTION('',(-1.,0.,0.));
#5834=DIRECTION('',(2.07802908608991E-17,-1.,0.));
#5835=DIRECTION('',(1.,0.,0.));
#5836=DIRECTION('',(-0.857492925712544,2.6663280237372E-17,0.514495755427528));
#5837=DIRECTION('',(0.514495755427527,0.,0.857492925712544));
#5838=DIRECTION('',(0.514495755427527,0.,0.857492925712544));
#5839=DIRECTION('',(-3.10944608845792E-17,-1.,0.));
#5840=DIRECTION('',(-0.514495755427527,0.,-0.857492925712544));
#5841=DIRECTION('',(0.,0.,-1.));
#5842=DIRECTION('',(-1.,0.,0.));
#5843=DIRECTION('',(0.,-1.,0.));
#5844=DIRECTION('',(-1.,0.,0.));
#5845=DIRECTION('',(0.,-1.,0.));
#5846=DIRECTION('',(-1.,0.,0.));
#5847=DIRECTION('',(0.857492925712545,3.3989341007685E-17,0.514495755427526));
#5848=DIRECTION('',(0.514495755427526,0.,-0.857492925712545));
#5849=DIRECTION('',(0.514495755427526,0.,-0.857492925712545));
#5850=DIRECTION('',(-0.514495755427526,0.,0.857492925712545));
#5851=DIRECTION('',(-3.96380424706607E-17,1.,0.));
#5852=DIRECTION('',(0.,0.,-1.));
#5853=DIRECTION('',(-1.,0.,0.));
#5854=DIRECTION('',(-7.00859657465514E-19,-1.,0.));
#5855=DIRECTION('',(-1.,0.,0.));
#5856=DIRECTION('',(-7.00859657465667E-19,-1.,0.));
#5857=DIRECTION('',(1.,0.,0.));
#5858=DIRECTION('',(-0.857492925712544,5.39681503181724E-17,0.514495755427527));
#5859=DIRECTION('',(0.514495755427527,0.,0.857492925712544));
#5860=DIRECTION('',(0.514495755427527,0.,0.857492925712544));
#5861=DIRECTION('',(-6.29371376718087E-17,-1.,0.));
#5862=DIRECTION('',(-0.514495755427527,0.,-0.857492925712544));
#5863=DIRECTION('',(0.,0.,-1.));
#5864=DIRECTION('',(-1.,0.,0.));
#5865=DIRECTION('',(0.,-1.,0.));
#5866=DIRECTION('',(-1.,0.,0.));
#5867=DIRECTION('',(0.,-1.,0.));
#5868=DIRECTION('',(1.,0.,0.));
#5869=DIRECTION('',(0.857492925712544,3.99874600090418E-18,0.514495755427527));
#5870=DIRECTION('',(0.514495755427527,0.,-0.857492925712544));
#5871=DIRECTION('',(0.514495755427527,0.,-0.857492925712544));
#5872=DIRECTION('',(-0.514495755427527,0.,0.857492925712544));
#5873=DIRECTION('',(-4.66329911419546E-18,1.,0.));
#5874=DIRECTION('',(0.,0.,-1.));
#5875=DIRECTION('',(-1.,0.,0.));
#5876=DIRECTION('',(-2.48983363058926E-17,-1.,0.));
#5877=DIRECTION('',(-1.,0.,0.));
#5878=DIRECTION('',(2.0780290860898E-17,-1.,0.));
#5879=DIRECTION('',(-1.,0.,0.));
#5880=DIRECTION('',(-0.857492925712543,1.54832041982769E-16,0.514495755427529));
#5881=DIRECTION('',(0.514495755427529,0.,0.857492925712543));
#5882=DIRECTION('',(0.514495755427529,0.,0.857492925712543));
#5883=DIRECTION('',(-1.80563637716439E-16,-1.,0.));
#5884=DIRECTION('',(-0.514495755427529,0.,-0.857492925712543));
#5885=DIRECTION('',(0.,0.,-1.));
#5886=DIRECTION('',(-1.,0.,0.));
#5887=DIRECTION('',(2.03368090437435E-17,-1.,0.));
#5888=DIRECTION('',(-1.,0.,0.));
#5889=DIRECTION('',(0.,-1.,0.));
#5890=DIRECTION('',(1.,0.,0.));
#5891=DIRECTION('',(0.857492925712543,-9.65667317830277E-17,0.514495755427528));
#5892=DIRECTION('',(0.514495755427528,0.,-0.857492925712543));
#5893=DIRECTION('',(0.514495755427528,0.,-0.857492925712543));
#5894=DIRECTION('',(-0.514495755427528,0.,0.857492925712543));
#5895=DIRECTION('',(1.12615193533853E-16,1.,0.));
#5896=DIRECTION('',(0.,0.,-1.));
#5897=DIRECTION('',(-1.,0.,0.));
#5898=DIRECTION('',(0.,-1.,0.));
#5899=DIRECTION('',(-1.,0.,0.));
#5900=DIRECTION('',(2.03368090437414E-17,-1.,0.));
#5901=DIRECTION('',(1.,0.,0.));
#5902=DIRECTION('',(0.,1.,0.));
#5903=DIRECTION('',(0.,0.,1.));
#5904=DIRECTION('',(-1.,0.,0.));
#5905=DIRECTION('',(-2.81610952685102E-17,0.,-1.));
#5906=DIRECTION('',(-1.,0.,0.));
#5907=DIRECTION('',(0.,0.,1.));
#5908=DIRECTION('',(-0.857492925712543,-7.9646664749351E-17,0.514495755427529));
#5909=DIRECTION('',(0.514495755427529,0.,0.857492925712543));
#5910=DIRECTION('',(0.514495755427529,0.,0.857492925712543));
#5911=DIRECTION('',(9.28831741476675E-17,-1.,0.));
#5912=DIRECTION('',(-0.514495755427529,0.,-0.857492925712543));
#5913=DIRECTION('',(-2.81610952685102E-17,0.,-1.));
#5914=DIRECTION('',(-1.,0.,2.81610952685102E-17));
#5915=DIRECTION('',(1.,0.,-1.99001472626285E-17));
#5916=DIRECTION('',(-1.99001472626285E-17,0.,-1.));
#5917=DIRECTION('',(-1.,0.,1.99001472626285E-17));
#5918=DIRECTION('',(-1.,0.,1.99001472626285E-17));
#5919=DIRECTION('',(-1.39573583009942E-17,-1.,-5.85395998642379E-17));
#5920=DIRECTION('',(0.,5.85395998642379E-17,-1.));
#5921=DIRECTION('',(1.39573583009942E-17,1.,5.85395998642379E-17));
#5922=DIRECTION('',(-1.39573583009942E-17,-1.,-5.85395998642379E-17));
#5923=DIRECTION('',(0.,5.85395998642379E-17,-1.));
#5924=DIRECTION('',(1.39573583009942E-17,1.,5.85395998642379E-17));
#5925=DIRECTION('',(-2.81610952707182E-17,0.,-1.));
#5926=DIRECTION('',(-1.,0.,2.81610952707182E-17));
#5927=DIRECTION('',(2.81610952707182E-17,0.,1.));
#5928=DIRECTION('',(2.81610952707182E-17,0.,1.));
#5929=DIRECTION('',(0.,0.,1.));
#5930=DIRECTION('',(0.,-1.,0.));
#5931=DIRECTION('',(1.,0.,0.));
#5932=DIRECTION('',(0.,-1.,0.));
#5933=DIRECTION('',(1.,0.,0.));
#5934=DIRECTION('',(0.,-1.,0.));
#5935=DIRECTION('',(0.,0.,-1.));
#5936=DIRECTION('',(0.,1.,0.));
#5937=DIRECTION('',(1.,0.,0.));
#5938=DIRECTION('',(0.,-1.,0.));
#5939=DIRECTION('',(0.,1.,0.));
#5940=DIRECTION('',(1.,0.,0.));
#5941=DIRECTION('',(0.,1.,0.));
#5942=DIRECTION('',(1.,0.,0.));
#5943=DIRECTION('',(0.,-1.,0.));
#5944=DIRECTION('',(-1.,0.,0.));
#5945=DIRECTION('',(0.,1.,0.));
#5946=DIRECTION('',(0.,1.,0.));
#5947=DIRECTION('',(1.,0.,0.));
#5948=DIRECTION('',(0.,-1.,0.));
#5949=DIRECTION('',(-1.,0.,0.));
#5950=DIRECTION('',(0.,1.,0.));
#5951=DIRECTION('',(1.,0.,0.));
#5952=DIRECTION('',(0.,-1.,0.));
#5953=DIRECTION('',(0.,1.,0.));
#5954=DIRECTION('',(1.,0.,0.));
#5955=DIRECTION('',(0.,0.,1.));
#5956=DIRECTION('',(0.,0.,1.));
#5957=DIRECTION('',(1.,0.,0.));
#5958=DIRECTION('',(0.,-1.,0.));
#5959=DIRECTION('',(-1.,0.,0.));
#5960=DIRECTION('',(-1.39573583009942E-17,-1.,0.));
#5961=DIRECTION('',(1.,0.,0.));
#5962=DIRECTION('',(0.,-1.,0.));
#5963=DIRECTION('',(1.,0.,0.));
#5964=DIRECTION('',(1.,0.,0.));
#5965=DIRECTION('',(0.,-1.,0.));
#5966=DIRECTION('',(1.,-1.39573583009942E-17,-2.81610952707182E-17));
#5967=DIRECTION('',(-2.81610952707182E-17,0.,-1.));
#5968=DIRECTION('',(0.,0.,1.));
#5969=DIRECTION('',(0.,-1.,0.));
#5970=DIRECTION('',(0.,-1.,0.));
#5971=DIRECTION('',(-1.39573583009942E-17,-1.,0.));
#5972=DIRECTION('',(-1.,7.21988398287522E-17,0.));
#5973=DIRECTION('',(-1.,7.21988398287522E-17,0.));
#5974=DIRECTION('',(7.21988398287522E-17,1.,0.));
#5975=DIRECTION('',(1.,-1.39573583009942E-17,-2.81610952707182E-17));
#5976=DIRECTION('',(-2.81610952707182E-17,0.,-1.));
#5977=DIRECTION('',(-1.,7.21988398287522E-17,0.));
#5978=DIRECTION('',(1.,0.,0.));
#5979=DIRECTION('',(0.,-1.,0.));
#5980=DIRECTION('',(1.,0.,0.));
#5981=DIRECTION('',(0.,-1.,0.));
#5982=DIRECTION('',(1.,0.,0.));
#5983=DIRECTION('',(1.,2.03368090437435E-17,5.46457517562102E-17));
#5984=DIRECTION('',(5.46457517562102E-17,0.,-1.));
#5985=DIRECTION('',(1.,2.03368090437435E-17,5.46457517562102E-17));
#5986=DIRECTION('',(5.46457517562102E-17,0.,-1.));
#5987=DIRECTION('',(5.46457517562102E-17,0.,-1.));
#5988=DIRECTION('',(-1.,0.,-5.46457517562102E-17));
#5989=DIRECTION('',(1.,2.03368090437435E-17,5.46457517562102E-17));
#5990=DIRECTION('',(5.46457517562102E-17,0.,-1.));
#5991=DIRECTION('',(2.03368090437435E-17,-1.,0.));
#5992=DIRECTION('',(-1.,-2.03368090437435E-17,0.));
#5993=DIRECTION('',(2.03368090437435E-17,-1.,0.));
#5994=DIRECTION('',(-1.,-2.03368090437435E-17,0.));
#5995=DIRECTION('',(2.03368090437435E-17,-1.,0.));
#5996=DIRECTION('',(0.,-1.,0.));
#5997=DIRECTION('',(-1.,0.,0.));
#5998=DIRECTION('',(2.03368090437435E-17,-1.,0.));
#5999=DIRECTION('',(-1.,-2.03368090437435E-17,0.));
#6000=DIRECTION('',(0.,-1.,0.));
#6001=DIRECTION('',(-1.,0.,0.));
#6002=DIRECTION('',(-2.03368090437435E-17,1.,0.));
#6003=DIRECTION('',(0.,1.,0.));
#6004=DIRECTION('',(1.,0.,0.));
#6005=DIRECTION('',(0.,1.,0.));
#6006=DIRECTION('',(1.,0.,0.));
#6007=DIRECTION('',(-5.46457517562102E-17,0.,1.));
#6008=DIRECTION('',(-1.,7.21988398287522E-17,0.));
#6009=DIRECTION('',(7.21988398287522E-17,1.,0.));
#6010=DIRECTION('',(-1.,7.21988398287522E-17,0.));
#6011=DIRECTION('',(1.,2.03368090437435E-17,5.46457517562102E-17));
#6012=DIRECTION('',(5.46457517562102E-17,0.,-1.));
#6013=DIRECTION('',(-1.,7.21988398287522E-17,0.));
#6014=DIRECTION('',(-1.,2.48983363058926E-17,-8.06997634283136E-17));
#6015=DIRECTION('',(-8.06997634283136E-17,0.,1.));
#6016=DIRECTION('',(0.,0.,1.));
#6017=DIRECTION('',(0.,-1.,0.));
#6018=DIRECTION('',(2.03368090437435E-17,-1.,0.));
#6019=DIRECTION('',(2.48983363058926E-17,1.,0.));
#6020=DIRECTION('',(1.,0.,0.));
#6021=DIRECTION('',(1.,0.,0.));
#6022=DIRECTION('',(0.,-1.,0.));
#6023=DIRECTION('',(-1.,2.48983363058926E-17,-8.06997634283136E-17));
#6024=DIRECTION('',(-8.06997634283136E-17,0.,1.));
#6025=DIRECTION('',(1.,2.03368090437435E-17,5.46457517562102E-17));
#6026=DIRECTION('',(5.46457517562102E-17,0.,-1.));
#6027=DIRECTION('',(0.,0.,1.));
#6028=DIRECTION('',(1.,0.,0.));
#6029=DIRECTION('',(1.,0.,0.));
#6030=DIRECTION('',(-2.03368090437435E-17,1.,0.));
#6031=DIRECTION('',(-2.48983363058926E-17,-1.,0.));
#6032=DIRECTION('',(-2.48983363058926E-17,-1.,0.));
#6033=DIRECTION('',(-1.,2.48983363058926E-17,0.));
#6034=DIRECTION('',(-2.48983363058926E-17,-1.,0.));
#6035=DIRECTION('',(-1.,2.48983363058926E-17,0.));
#6036=DIRECTION('',(0.,-1.,0.));
#6037=DIRECTION('',(-1.,0.,0.));
#6038=DIRECTION('',(-2.48983363058926E-17,-1.,0.));
#6039=DIRECTION('',(-1.,2.48983363058926E-17,-8.06997634283136E-17));
#6040=DIRECTION('',(-8.06997634283136E-17,0.,1.));
#6041=DIRECTION('',(-1.,2.48983363058926E-17,-8.06997634283136E-17));
#6042=DIRECTION('',(-8.06997634283136E-17,0.,1.));
#6043=DIRECTION('',(-8.06997634283136E-17,0.,1.));
#6044=DIRECTION('',(1.,0.,8.06997634283136E-17));
#6045=DIRECTION('',(-1.,2.48983363058926E-17,-8.06997634283136E-17));
#6046=DIRECTION('',(-8.06997634283136E-17,0.,1.));
#6047=DIRECTION('',(1.,0.,0.));
#6048=DIRECTION('',(0.,-1.,0.));
#6049=DIRECTION('',(-1.,0.,0.));
#6050=DIRECTION('',(1.,2.0780290860898E-17,6.32740283476929E-17));
#6051=DIRECTION('',(6.32740283476929E-17,0.,-1.));
#6052=DIRECTION('',(1.,2.0780290860898E-17,6.32740283476929E-17));
#6053=DIRECTION('',(6.32740283476929E-17,0.,-1.));
#6054=DIRECTION('',(6.32740283476929E-17,0.,-1.));
#6055=DIRECTION('',(-1.,0.,-6.32740283476929E-17));
#6056=DIRECTION('',(1.,2.0780290860898E-17,6.32740283476929E-17));
#6057=DIRECTION('',(6.32740283476929E-17,0.,-1.));
#6058=DIRECTION('',(2.0780290860898E-17,-1.,0.));
#6059=DIRECTION('',(-1.,-2.0780290860898E-17,0.));
#6060=DIRECTION('',(2.0780290860898E-17,-1.,0.));
#6061=DIRECTION('',(-1.,-2.0780290860898E-17,0.));
#6062=DIRECTION('',(2.0780290860898E-17,-1.,0.));
#6063=DIRECTION('',(0.,-1.,0.));
#6064=DIRECTION('',(-1.,0.,0.));
#6065=DIRECTION('',(-1.,7.21988398287522E-17,0.));
#6066=DIRECTION('',(7.21988398287522E-17,1.,0.));
#6067=DIRECTION('',(-1.,7.21988398287522E-17,0.));
#6068=DIRECTION('',(1.,2.0780290860898E-17,6.32740283476929E-17));
#6069=DIRECTION('',(6.32740283476929E-17,0.,-1.));
#6070=DIRECTION('',(-1.,7.21988398287522E-17,0.));
#6071=DIRECTION('',(-1.,0.,0.));
#6072=DIRECTION('',(0.,1.,0.));
#6073=DIRECTION('',(0.,0.,1.));
#6074=DIRECTION('',(0.,-1.,0.));
#6075=DIRECTION('',(0.,1.,0.));
#6076=DIRECTION('',(1.,0.,0.));
#6077=DIRECTION('',(2.0780290860898E-17,-1.,0.));
#6078=DIRECTION('',(1.,0.,0.));
#6079=DIRECTION('',(0.,-1.,0.));
#6080=DIRECTION('',(-1.,0.,0.));
#6081=DIRECTION('',(0.,1.,0.));
#6082=DIRECTION('',(1.,2.0780290860898E-17,6.32740283476929E-17));
#6083=DIRECTION('',(6.32740283476929E-17,0.,-1.));
#6084=DIRECTION('',(0.,0.,1.));
#6085=DIRECTION('',(1.,0.,0.));
#6086=DIRECTION('',(1.,0.,0.));
#6087=DIRECTION('',(-2.0780290860898E-17,1.,0.));
#6088=DIRECTION('',(0.,-1.,0.));
#6089=DIRECTION('',(0.,1.,0.));
#6090=DIRECTION('',(1.,0.,0.));
#6091=DIRECTION('',(0.,0.,-1.));
#6092=DIRECTION('',(0.,1.,0.));
#6093=DIRECTION('',(1.,0.,0.));
#6094=DIRECTION('',(0.,1.,0.));
#6095=DIRECTION('',(1.,0.,0.));
#6096=DIRECTION('',(0.,-1.,0.));
#6097=DIRECTION('',(0.,-1.,0.));
#6098=DIRECTION('',(-1.,0.,0.));
#6099=DIRECTION('',(0.,-1.,0.));
#6100=DIRECTION('',(-1.,0.,0.));
#6101=DIRECTION('',(0.,-1.,0.));
#6102=DIRECTION('',(-1.,0.,0.));
#6103=DIRECTION('',(0.,-1.,0.));
#6104=DIRECTION('',(-1.,0.,0.));
#6105=DIRECTION('',(0.,-1.,0.));
#6106=DIRECTION('',(-1.,0.,0.));
#6107=DIRECTION('',(0.,1.,0.));
#6108=DIRECTION('',(-1.,0.,0.));
#6109=DIRECTION('',(0.,1.,0.));
#6110=DIRECTION('',(0.,0.,1.));
#6111=DIRECTION('',(0.,-1.,0.));
#6112=DIRECTION('',(-1.,0.,0.));
#6113=DIRECTION('',(0.,1.,0.));
#6114=DIRECTION('',(1.,0.,0.));
#6115=DIRECTION('',(0.,-1.,0.));
#6116=DIRECTION('',(1.,0.,0.));
#6117=DIRECTION('',(1.,0.,0.));
#6118=DIRECTION('',(0.,-1.,0.));
#6119=DIRECTION('',(1.,0.,0.));
#6120=DIRECTION('',(0.,-1.,0.));
#6121=DIRECTION('',(0.,0.,-1.));
#6122=DIRECTION('',(0.,1.,0.));
#6123=DIRECTION('',(1.,0.,0.));
#6124=DIRECTION('',(0.,-1.,0.));
#6125=DIRECTION('',(0.,-1.,0.));
#6126=DIRECTION('',(-1.,0.,0.));
#6127=DIRECTION('',(0.,-1.,0.));
#6128=DIRECTION('',(-1.,0.,0.));
#6129=DIRECTION('',(0.,-1.,0.));
#6130=DIRECTION('',(0.,-1.,0.));
#6131=DIRECTION('',(-1.,0.,0.));
#6132=DIRECTION('',(0.,-1.,0.));
#6133=DIRECTION('',(-1.,0.,0.));
#6134=DIRECTION('',(0.,-1.,0.));
#6135=DIRECTION('',(-1.,0.,0.));
#6136=DIRECTION('',(0.,1.,0.));
#6137=DIRECTION('',(0.,1.,0.));
#6138=DIRECTION('',(1.,0.,0.));
#6139=DIRECTION('',(0.,1.,0.));
#6140=DIRECTION('',(1.,0.,0.));
#6141=DIRECTION('',(0.,0.,1.));
#6142=DIRECTION('',(-1.,7.21988398287522E-17,0.));
#6143=DIRECTION('',(7.21988398287522E-17,1.,0.));
#6144=DIRECTION('',(-1.,7.21988398287522E-17,0.));
#6145=DIRECTION('',(1.,0.,0.));
#6146=DIRECTION('',(0.,-1.,0.));
#6147=DIRECTION('',(-1.,7.21988398287522E-17,0.));
#6148=DIRECTION('',(-1.,7.00859657465667E-19,-1.61780186114775E-18));
#6149=DIRECTION('',(-1.61780186114775E-18,0.,1.));
#6150=DIRECTION('',(0.,0.,1.));
#6151=DIRECTION('',(0.,-1.,0.));
#6152=DIRECTION('',(7.00859657465667E-19,1.,0.));
#6153=DIRECTION('',(1.,0.,0.));
#6154=DIRECTION('',(0.,-1.,0.));
#6155=DIRECTION('',(1.,0.,0.));
#6156=DIRECTION('',(0.,-1.,0.));
#6157=DIRECTION('',(-1.,7.00859657465667E-19,-1.61780186114775E-18));
#6158=DIRECTION('',(-1.61780186114775E-18,0.,1.));
#6159=DIRECTION('',(1.,0.,0.));
#6160=DIRECTION('',(0.,-1.,0.));
#6161=DIRECTION('',(0.,0.,1.));
#6162=DIRECTION('',(1.,0.,0.));
#6163=DIRECTION('',(1.,0.,0.));
#6164=DIRECTION('',(0.,1.,0.));
#6165=DIRECTION('',(-7.00859657465667E-19,-1.,0.));
#6166=DIRECTION('',(-7.00859657465667E-19,-1.,0.));
#6167=DIRECTION('',(-1.,7.00859657465667E-19,0.));
#6168=DIRECTION('',(-7.00859657465667E-19,-1.,0.));
#6169=DIRECTION('',(-1.,7.00859657465667E-19,0.));
#6170=DIRECTION('',(0.,-1.,0.));
#6171=DIRECTION('',(-1.,0.,0.));
#6172=DIRECTION('',(-7.00859657465667E-19,-1.,0.));
#6173=DIRECTION('',(-1.,7.00859657465667E-19,-1.61780186114775E-18));
#6174=DIRECTION('',(-1.61780186114775E-18,0.,1.));
#6175=DIRECTION('',(-1.,7.00859657465667E-19,-1.61780186114775E-18));
#6176=DIRECTION('',(-1.61780186114775E-18,0.,1.));
#6177=DIRECTION('',(-1.61780186114775E-18,0.,1.));
#6178=DIRECTION('',(1.,0.,1.61780186114775E-18));
#6179=DIRECTION('',(-1.,7.00859657465667E-19,-1.61780186114775E-18));
#6180=DIRECTION('',(-1.61780186114775E-18,0.,1.));
#6181=DIRECTION('',(1.,0.,0.));
#6182=DIRECTION('',(0.,-1.,0.));
#6183=DIRECTION('',(1.,0.,0.));
#6184=DIRECTION('',(1.,-7.00859657465514E-19,-1.61780186114775E-18));
#6185=DIRECTION('',(-1.61780186114775E-18,0.,-1.));
#6186=DIRECTION('',(1.,-7.00859657465514E-19,-1.61780186114775E-18));
#6187=DIRECTION('',(-1.61780186114775E-18,0.,-1.));
#6188=DIRECTION('',(-1.61780186114775E-18,0.,-1.));
#6189=DIRECTION('',(-1.,0.,1.61780186114775E-18));
#6190=DIRECTION('',(1.,-7.00859657465514E-19,-1.61780186114775E-18));
#6191=DIRECTION('',(-1.61780186114775E-18,0.,-1.));
#6192=DIRECTION('',(-7.00859657465514E-19,-1.,0.));
#6193=DIRECTION('',(-1.,7.00859657465514E-19,0.));
#6194=DIRECTION('',(-7.00859657465514E-19,-1.,0.));
#6195=DIRECTION('',(-1.,7.00859657465514E-19,0.));
#6196=DIRECTION('',(-7.00859657465514E-19,-1.,0.));
#6197=DIRECTION('',(0.,-1.,0.));
#6198=DIRECTION('',(-1.,0.,0.));
#6199=DIRECTION('',(-1.,7.21988398287522E-17,0.));
#6200=DIRECTION('',(7.21988398287522E-17,1.,0.));
#6201=DIRECTION('',(-1.,7.21988398287522E-17,0.));
#6202=DIRECTION('',(-1.,0.,0.));
#6203=DIRECTION('',(0.,1.,0.));
#6204=DIRECTION('',(-1.,7.21988398287522E-17,0.));
#6205=DIRECTION('',(1.,-7.00859657465514E-19,-1.61780186114775E-18));
#6206=DIRECTION('',(-1.61780186114775E-18,0.,-1.));
#6207=DIRECTION('',(0.,0.,1.));
#6208=DIRECTION('',(0.,-1.,0.));
#6209=DIRECTION('',(0.,1.,0.));
#6210=DIRECTION('',(1.,0.,0.));
#6211=DIRECTION('',(-7.00859657465514E-19,-1.,0.));
#6212=DIRECTION('',(1.,0.,0.));
#6213=DIRECTION('',(0.,-1.,0.));
#6214=DIRECTION('',(1.,-7.00859657465514E-19,-1.61780186114775E-18));
#6215=DIRECTION('',(-1.61780186114775E-18,0.,-1.));
#6216=DIRECTION('',(-1.,0.,0.));
#6217=DIRECTION('',(0.,1.,0.));
#6218=DIRECTION('',(0.,0.,1.));
#6219=DIRECTION('',(1.,0.,0.));
#6220=DIRECTION('',(1.,0.,0.));
#6221=DIRECTION('',(7.00859657465514E-19,1.,0.));
#6222=DIRECTION('',(0.,-1.,0.));
#6223=DIRECTION('',(0.,1.,0.));
#6224=DIRECTION('',(1.,0.,0.));
#6225=DIRECTION('',(0.,0.,-1.));
#6226=DIRECTION('',(0.,1.,0.));
#6227=DIRECTION('',(1.,0.,0.));
#6228=DIRECTION('',(0.,1.,0.));
#6229=DIRECTION('',(1.,0.,0.));
#6230=DIRECTION('',(0.,-1.,0.));
#6231=DIRECTION('',(0.,-1.,0.));
#6232=DIRECTION('',(-1.,0.,0.));
#6233=DIRECTION('',(0.,-1.,0.));
#6234=DIRECTION('',(-1.,0.,0.));
#6235=DIRECTION('',(0.,-1.,0.));
#6236=DIRECTION('',(-1.,0.,0.));
#6237=DIRECTION('',(0.,-1.,0.));
#6238=DIRECTION('',(-1.,0.,0.));
#6239=DIRECTION('',(0.,-1.,0.));
#6240=DIRECTION('',(-1.,0.,0.));
#6241=DIRECTION('',(0.,1.,0.));
#6242=DIRECTION('',(-1.,0.,0.));
#6243=DIRECTION('',(0.,1.,0.));
#6244=DIRECTION('',(0.,0.,1.));
#6245=DIRECTION('',(0.,-1.,0.));
#6246=DIRECTION('',(-1.,0.,0.));
#6247=DIRECTION('',(0.,1.,0.));
#6248=DIRECTION('',(1.,0.,0.));
#6249=DIRECTION('',(0.,-1.,0.));
#6250=DIRECTION('',(-1.,0.,0.));
#6251=DIRECTION('',(1.,0.,0.));
#6252=DIRECTION('',(0.,-1.,0.));
#6253=DIRECTION('',(1.,0.,0.));
#6254=DIRECTION('',(0.,-1.,0.));
#6255=DIRECTION('',(0.,0.,-1.));
#6256=DIRECTION('',(0.,1.,0.));
#6257=DIRECTION('',(1.,0.,0.));
#6258=DIRECTION('',(0.,-1.,0.));
#6259=DIRECTION('',(0.,-1.,0.));
#6260=DIRECTION('',(-1.,0.,0.));
#6261=DIRECTION('',(0.,-1.,0.));
#6262=DIRECTION('',(-1.,0.,0.));
#6263=DIRECTION('',(0.,-1.,0.));
#6264=DIRECTION('',(0.,-1.,0.));
#6265=DIRECTION('',(-1.,0.,0.));
#6266=DIRECTION('',(0.,-1.,0.));
#6267=DIRECTION('',(-1.,0.,0.));
#6268=DIRECTION('',(0.,-1.,0.));
#6269=DIRECTION('',(-1.,0.,0.));
#6270=DIRECTION('',(0.,1.,0.));
#6271=DIRECTION('',(0.,1.,0.));
#6272=DIRECTION('',(1.,0.,0.));
#6273=DIRECTION('',(0.,1.,0.));
#6274=DIRECTION('',(1.,0.,0.));
#6275=DIRECTION('',(0.,0.,1.));
#6276=DIRECTION('',(-1.,7.21988398287522E-17,0.));
#6277=DIRECTION('',(7.21988398287522E-17,1.,0.));
#6278=DIRECTION('',(-1.,7.21988398287522E-17,0.));
#6279=DIRECTION('',(-1.,-2.07802908608991E-17,6.32740283476929E-17));
#6280=DIRECTION('',(6.32740283476929E-17,0.,1.));
#6281=DIRECTION('',(-1.,7.21988398287522E-17,0.));
#6282=DIRECTION('',(1.,0.,0.));
#6283=DIRECTION('',(0.,-1.,0.));
#6284=DIRECTION('',(0.,0.,1.));
#6285=DIRECTION('',(0.,-1.,0.));
#6286=DIRECTION('',(-2.07802908608991E-17,1.,0.));
#6287=DIRECTION('',(1.,0.,0.));
#6288=DIRECTION('',(0.,-1.,0.));
#6289=DIRECTION('',(1.,0.,0.));
#6290=DIRECTION('',(0.,-1.,0.));
#6291=DIRECTION('',(1.,0.,0.));
#6292=DIRECTION('',(0.,-1.,0.));
#6293=DIRECTION('',(-1.,-2.07802908608991E-17,6.32740283476929E-17));
#6294=DIRECTION('',(6.32740283476929E-17,0.,1.));
#6295=DIRECTION('',(0.,0.,1.));
#6296=DIRECTION('',(1.,0.,0.));
#6297=DIRECTION('',(1.,0.,0.));
#6298=DIRECTION('',(0.,1.,0.));
#6299=DIRECTION('',(2.07802908608991E-17,-1.,0.));
#6300=DIRECTION('',(2.07802908608991E-17,-1.,0.));
#6301=DIRECTION('',(-1.,-2.07802908608991E-17,0.));
#6302=DIRECTION('',(2.07802908608991E-17,-1.,0.));
#6303=DIRECTION('',(-1.,-2.07802908608991E-17,0.));
#6304=DIRECTION('',(0.,-1.,0.));
#6305=DIRECTION('',(-1.,0.,0.));
#6306=DIRECTION('',(2.07802908608991E-17,-1.,0.));
#6307=DIRECTION('',(-1.,-2.07802908608991E-17,6.32740283476929E-17));
#6308=DIRECTION('',(6.32740283476929E-17,0.,1.));
#6309=DIRECTION('',(-1.,-2.07802908608991E-17,6.32740283476929E-17));
#6310=DIRECTION('',(6.32740283476929E-17,0.,1.));
#6311=DIRECTION('',(6.32740283476929E-17,0.,1.));
#6312=DIRECTION('',(1.,0.,-6.32740283476929E-17));
#6313=DIRECTION('',(-1.,-2.07802908608991E-17,6.32740283476929E-17));
#6314=DIRECTION('',(6.32740283476929E-17,0.,1.));
#6315=DIRECTION('',(1.,0.,0.));
#6316=DIRECTION('',(0.,-1.,0.));
#6317=DIRECTION('',(1.,0.,0.));
#6318=DIRECTION('',(1.,-2.48983363058921E-17,-8.06997634283136E-17));
#6319=DIRECTION('',(-8.06997634283136E-17,0.,-1.));
#6320=DIRECTION('',(1.,-2.48983363058921E-17,-8.06997634283136E-17));
#6321=DIRECTION('',(-8.06997634283136E-17,0.,-1.));
#6322=DIRECTION('',(-8.06997634283136E-17,0.,-1.));
#6323=DIRECTION('',(-1.,0.,8.06997634283136E-17));
#6324=DIRECTION('',(1.,-2.48983363058921E-17,-8.06997634283136E-17));
#6325=DIRECTION('',(-8.06997634283136E-17,0.,-1.));
#6326=DIRECTION('',(-2.48983363058921E-17,-1.,0.));
#6327=DIRECTION('',(-1.,2.48983363058921E-17,0.));
#6328=DIRECTION('',(-2.48983363058921E-17,-1.,0.));
#6329=DIRECTION('',(-1.,2.48983363058921E-17,0.));
#6330=DIRECTION('',(-2.48983363058921E-17,-1.,0.));
#6331=DIRECTION('',(0.,-1.,0.));
#6332=DIRECTION('',(-1.,0.,0.));
#6333=DIRECTION('',(-1.,7.21988398287522E-17,0.));
#6334=DIRECTION('',(7.21988398287522E-17,1.,0.));
#6335=DIRECTION('',(-1.,7.21988398287522E-17,0.));
#6336=DIRECTION('',(-1.,-2.03368090437414E-17,5.46457517562102E-17));
#6337=DIRECTION('',(5.46457517562102E-17,0.,1.));
#6338=DIRECTION('',(-1.,7.21988398287522E-17,0.));
#6339=DIRECTION('',(1.,-2.48983363058921E-17,-8.06997634283136E-17));
#6340=DIRECTION('',(-8.06997634283136E-17,0.,-1.));
#6341=DIRECTION('',(0.,0.,1.));
#6342=DIRECTION('',(0.,-1.,0.));
#6343=DIRECTION('',(-2.48983363058921E-17,-1.,0.));
#6344=DIRECTION('',(-2.03368090437414E-17,1.,0.));
#6345=DIRECTION('',(1.,0.,0.));
#6346=DIRECTION('',(1.,0.,0.));
#6347=DIRECTION('',(0.,-1.,0.));
#6348=DIRECTION('',(1.,-2.48983363058921E-17,-8.06997634283136E-17));
#6349=DIRECTION('',(-8.06997634283136E-17,0.,-1.));
#6350=DIRECTION('',(-1.,-2.03368090437414E-17,5.46457517562102E-17));
#6351=DIRECTION('',(5.46457517562102E-17,0.,1.));
#6352=DIRECTION('',(0.,0.,1.));
#6353=DIRECTION('',(1.,0.,0.));
#6354=DIRECTION('',(1.,0.,0.));
#6355=DIRECTION('',(2.48983363058921E-17,1.,0.));
#6356=DIRECTION('',(2.03368090437414E-17,-1.,0.));
#6357=DIRECTION('',(0.,1.,0.));
#6358=DIRECTION('',(1.,0.,0.));
#6359=DIRECTION('',(-5.46457517562102E-17,0.,-1.));
#6360=DIRECTION('',(0.,1.,0.));
#6361=DIRECTION('',(1.,0.,0.));
#6362=DIRECTION('',(-2.03368090437414E-17,1.,0.));
#6363=DIRECTION('',(1.,2.03368090437414E-17,0.));
#6364=DIRECTION('',(2.03368090437414E-17,-1.,0.));
#6365=DIRECTION('',(0.,-1.,0.));
#6366=DIRECTION('',(-1.,0.,0.));
#6367=DIRECTION('',(2.03368090437414E-17,-1.,0.));
#6368=DIRECTION('',(-1.,-2.03368090437414E-17,0.));
#6369=DIRECTION('',(2.03368090437414E-17,-1.,0.));
#6370=DIRECTION('',(-1.,-2.03368090437414E-17,0.));
#6371=DIRECTION('',(0.,-1.,0.));
#6372=DIRECTION('',(-1.,0.,0.));
#6373=DIRECTION('',(2.03368090437414E-17,-1.,0.));
#6374=DIRECTION('',(-1.,-2.03368090437414E-17,5.46457517562102E-17));
#6375=DIRECTION('',(5.46457517562102E-17,0.,1.));
#6376=DIRECTION('',(-1.,-2.03368090437414E-17,5.46457517562102E-17));
#6377=DIRECTION('',(5.46457517562102E-17,0.,1.));
#6378=DIRECTION('',(5.46457517562102E-17,0.,1.));
#6379=DIRECTION('',(1.,0.,-5.46457517562102E-17));
#6380=DIRECTION('',(-1.,-2.03368090437414E-17,5.46457517562102E-17));
#6381=DIRECTION('',(5.46457517562102E-17,0.,1.));
#6382=DIRECTION('',(1.,0.,0.));
#6383=DIRECTION('',(0.,-1.,0.));
#6384=DIRECTION('',(1.,0.,0.));
#6385=DIRECTION('',(-1.,0.,0.));
#6386=DIRECTION('',(0.,1.,0.));
#6387=DIRECTION('',(0.,1.,0.));
#6388=DIRECTION('',(1.,0.,0.));
#6389=DIRECTION('',(0.,1.,0.));
#6390=DIRECTION('',(1.,0.,0.));
#6391=DIRECTION('',(0.,0.,-1.));
#6392=DIRECTION('',(0.,-1.,0.));
#6393=DIRECTION('',(-1.,0.,0.));
#6394=DIRECTION('',(0.,-1.,0.));
#6395=DIRECTION('',(-1.,0.,0.));
#6396=DIRECTION('',(0.,1.,0.));
#6397=DIRECTION('',(0.,-1.,0.));
#6398=DIRECTION('',(-1.,0.,0.));
#6399=DIRECTION('',(0.,0.,1.));
#6400=DIRECTION('',(-5.46457517562102E-17,0.,1.));
#6401=DIRECTION('',(8.06997634283136E-17,0.,-1.));
#6402=DIRECTION('',(-6.32740283476929E-17,0.,1.));
#6403=DIRECTION('',(0.,0.,-1.));
#6404=DIRECTION('',(0.,0.,1.));
#6405=DIRECTION('',(1.61780186114775E-18,0.,-1.));
#6406=DIRECTION('',(1.61780186114775E-18,0.,1.));
#6407=DIRECTION('',(0.,0.,-1.));
#6408=DIRECTION('',(0.,0.,1.));
#6409=DIRECTION('',(-6.32740283476929E-17,0.,-1.));
#6410=DIRECTION('',(8.06997634283136E-17,0.,1.));
#6411=DIRECTION('',(-5.46457517562102E-17,0.,-1.));
#6412=DIRECTION('',(0.,-1.,0.));
#6413=DIRECTION('',(-1.,0.,0.));
#6414=DIRECTION('',(0.,0.,-1.));
#6415=DIRECTION('',(-1.,0.,0.));
#6416=DIRECTION('',(-2.81610952685102E-17,0.,-1.));
#6417=DIRECTION('',(0.,1.,0.));
#6418=DIRECTION('',(1.,0.,0.));
#6419=DIRECTION('',(0.,1.,0.));
#6420=DIRECTION('',(1.,0.,0.));
#6421=DIRECTION('',(0.,1.,0.));
#6422=DIRECTION('',(-1.,0.,0.));
#6423=DIRECTION('',(0.,1.,0.));
#6424=DIRECTION('',(0.,0.,1.));
#6425=DIRECTION('',(0.,-1.,0.));
#6426=DIRECTION('',(-1.,0.,0.));
#6427=DIRECTION('',(0.,1.,0.));
#6428=DIRECTION('',(-1.,7.21988398287522E-17,0.));
#6429=DIRECTION('',(7.21988398287522E-17,1.,0.));
#6430=DIRECTION('',(-1.,7.21988398287522E-17,0.));
#6431=DIRECTION('',(-1.,-1.39573583009942E-17,2.81610952685102E-17));
#6432=DIRECTION('',(2.81610952685102E-17,0.,1.));
#6433=DIRECTION('',(-1.,7.21988398287522E-17,0.));
#6434=DIRECTION('',(-1.,0.,0.));
#6435=DIRECTION('',(0.,1.,0.));
#6436=DIRECTION('',(0.,0.,1.));
#6437=DIRECTION('',(0.,-1.,0.));
#6438=DIRECTION('',(-1.39573583009942E-17,1.,0.));
#6439=DIRECTION('',(1.,0.,0.));
#6440=DIRECTION('',(0.,1.,0.));
#6441=DIRECTION('',(1.,0.,0.));
#6442=DIRECTION('',(0.,-1.,0.));
#6443=DIRECTION('',(-1.,0.,0.));
#6444=DIRECTION('',(0.,1.,0.));
#6445=DIRECTION('',(-1.,-1.39573583009942E-17,2.81610952685102E-17));
#6446=DIRECTION('',(2.81610952685102E-17,0.,1.));
#6447=DIRECTION('',(0.,0.,1.));
#6448=DIRECTION('',(1.,0.,0.));
#6449=DIRECTION('',(0.,0.,1.));
#6450=DIRECTION('',(0.,-1.,0.));
#6451=DIRECTION('',(0.,-1.,0.));
#6452=DIRECTION('',(1.39573583009942E-17,-1.,0.));
#6453=DIRECTION('',(-2.81610952685102E-17,0.,-1.));
#6454=DIRECTION('',(-1.,0.,2.81610952685102E-17));
#6455=DIRECTION('',(2.81610952685102E-17,0.,1.));
#6456=DIRECTION('',(1.39573583009942E-17,-1.,-5.85395998642379E-17));
#6457=DIRECTION('',(0.,5.85395998642379E-17,-1.));
#6458=DIRECTION('',(-1.39573583009942E-17,1.,5.85395998642379E-17));
#6459=DIRECTION('',(1.39573583009942E-17,-1.,0.));
#6460=DIRECTION('',(-1.,-1.39573583009942E-17,0.));
#6461=DIRECTION('',(-1.39573583009942E-17,1.,5.85395998642379E-17));
#6462=DIRECTION('',(-1.,-1.39573583009942E-17,2.81610952685102E-17));
#6463=DIRECTION('',(2.81610952685102E-17,0.,1.));
#6464=DIRECTION('',(-1.,-1.39573583009942E-17,2.81610952685102E-17));
#6465=DIRECTION('',(2.81610952685102E-17,0.,1.));
#6466=DIRECTION('',(-2.81610952685102E-17,0.,-1.));
#6467=DIRECTION('',(-1.,0.,2.81610952685102E-17));
#6468=DIRECTION('',(-1.,-1.39573583009942E-17,2.81610952685102E-17));
#6469=DIRECTION('',(2.81610952685102E-17,0.,1.));
#6470=DIRECTION('',(1.99001472626285E-17,-5.85395998642379E-17,1.));
#6471=DIRECTION('',(0.,-1.,-5.85395998642379E-17));
#6472=DIRECTION('',(1.,0.,-1.99001472626285E-17));
#6473=DIRECTION('',(1.,-1.39573583009942E-17,-2.81610952707182E-17));
#6474=DIRECTION('',(-2.81610952707182E-17,0.,-1.));
#6475=DIRECTION('',(1.,-1.39573583009942E-17,-2.81610952707182E-17));
#6476=DIRECTION('',(-2.81610952707182E-17,0.,-1.));
#6477=DIRECTION('',(-2.81610952707182E-17,0.,-1.));
#6478=DIRECTION('',(-1.,0.,2.81610952707182E-17));
#6479=DIRECTION('',(1.,-1.39573583009942E-17,-2.81610952707182E-17));
#6480=DIRECTION('',(-2.81610952707182E-17,0.,-1.));
#6481=DIRECTION('',(1.,-1.39573583009942E-17,-2.81610952707182E-17));
#6482=DIRECTION('',(-2.81610952707182E-17,0.,-1.));
#6483=DIRECTION('',(-2.81610952707182E-17,0.,-1.));
#6484=DIRECTION('',(1.39573583009942E-17,1.,4.02960148677547E-18));
#6485=DIRECTION('',(-2.81610952707182E-17,5.29643998697248E-17,-1.));
#6486=DIRECTION('',(-7.21988398287522E-17,-1.,-5.29643998697248E-17));
#6487=DIRECTION('',(-1.,7.21988398287522E-17,0.));
#6488=DIRECTION('',(1.,-7.21988398287522E-17,-6.36853784423933E-18));
#6489=DIRECTION('',(0.,5.29643998697248E-17,-1.));
#6490=DIRECTION('',(1.,0.,0.));
#6491=DIRECTION('',(0.,-1.,0.));
#6492=DIRECTION('',(0.,-1.,-4.02960148677547E-18));
#6493=DIRECTION('',(0.,0.,1.));
#6494=DIRECTION('',(0.,0.,-1.));
#6495=DIRECTION('',(0.,1.,0.));
#6496=DIRECTION('',(0.,0.,1.));
#6497=DIRECTION('',(-6.36853784423933E-18,4.02960148677547E-18,-1.));
#6498=DIRECTION('',(-1.,0.,6.36853784423933E-18));
#6499=DIRECTION('',(0.,-1.,0.));
#6500=DIRECTION('',(-1.,0.,0.));
#6501=DIRECTION('',(1.,0.,-6.36853784423933E-18));
#6502=DIRECTION('',(-5.46457517562102E-17,0.,1.));
#6503=DIRECTION('',(-5.46457517562102E-17,0.,1.));
#6504=DIRECTION('',(1.,0.,5.46457517562102E-17));
#6505=DIRECTION('',(-5.46457517562102E-17,0.,1.));
#6506=DIRECTION('',(-6.36853784423933E-18,4.02960148677547E-18,-1.));
#6507=DIRECTION('',(-1.,0.,6.36853784423933E-18));
#6508=DIRECTION('',(1.,2.03368090437435E-17,5.46457517562102E-17));
#6509=DIRECTION('',(5.46457517562102E-17,0.,-1.));
#6510=DIRECTION('',(5.46457517562102E-17,5.29643998697248E-17,-1.));
#6511=DIRECTION('',(-2.03368090437435E-17,1.,4.02960148677547E-18));
#6512=DIRECTION('',(-7.21988398287522E-17,-1.,-5.29643998697248E-17));
#6513=DIRECTION('',(-1.,7.21988398287522E-17,0.));
#6514=DIRECTION('',(1.,-7.21988398287522E-17,-6.36853784423933E-18));
#6515=DIRECTION('',(-8.06997634283136E-17,-5.29643998697248E-17,1.));
#6516=DIRECTION('',(-1.,2.48983363058926E-17,-8.06997634283136E-17));
#6517=DIRECTION('',(-8.06997634283136E-17,0.,1.));
#6518=DIRECTION('',(-2.48983363058926E-17,-1.,-4.02960148677547E-18));
#6519=DIRECTION('',(-8.06997634283136E-17,0.,1.));
#6520=DIRECTION('',(-8.06997634283136E-17,0.,1.));
#6521=DIRECTION('',(1.,0.,8.06997634283136E-17));
#6522=DIRECTION('',(-8.06997634283136E-17,0.,1.));
#6523=DIRECTION('',(-6.36853784423933E-18,4.02960148677547E-18,-1.));
#6524=DIRECTION('',(-1.,0.,6.36853784423933E-18));
#6525=DIRECTION('',(0.,-1.,0.));
#6526=DIRECTION('',(-1.,0.,0.));
#6527=DIRECTION('',(1.,0.,-6.36853784423933E-18));
#6528=DIRECTION('',(-6.32740283476929E-17,0.,1.));
#6529=DIRECTION('',(-6.32740283476929E-17,0.,1.));
#6530=DIRECTION('',(1.,0.,6.32740283476929E-17));
#6531=DIRECTION('',(-6.32740283476929E-17,0.,1.));
#6532=DIRECTION('',(-6.36853784423933E-18,4.02960148677547E-18,-1.));
#6533=DIRECTION('',(-1.,0.,6.36853784423933E-18));
#6534=DIRECTION('',(1.,2.0780290860898E-17,6.32740283476929E-17));
#6535=DIRECTION('',(6.32740283476929E-17,0.,-1.));
#6536=DIRECTION('',(6.32740283476929E-17,5.29643998697248E-17,-1.));
#6537=DIRECTION('',(-2.0780290860898E-17,1.,4.02960148677547E-18));
#6538=DIRECTION('',(-7.21988398287522E-17,-1.,-5.29643998697248E-17));
#6539=DIRECTION('',(-1.,7.21988398287522E-17,0.));
#6540=DIRECTION('',(1.,-7.21988398287522E-17,-6.36853784423933E-18));
#6541=DIRECTION('',(0.,-5.29643998697248E-17,1.));
#6542=DIRECTION('',(-1.,0.,0.));
#6543=DIRECTION('',(0.,1.,0.));
#6544=DIRECTION('',(0.,-1.,-4.02960148677547E-18));
#6545=DIRECTION('',(0.,0.,1.));
#6546=DIRECTION('',(0.,0.,1.));
#6547=DIRECTION('',(0.,-1.,0.));
#6548=DIRECTION('',(0.,0.,1.));
#6549=DIRECTION('',(-6.36853784423933E-18,4.02960148677547E-18,-1.));
#6550=DIRECTION('',(-1.,0.,6.36853784423933E-18));
#6551=DIRECTION('',(0.,-1.,0.));
#6552=DIRECTION('',(-1.,0.,0.));
#6553=DIRECTION('',(1.,0.,-6.36853784423933E-18));
#6554=DIRECTION('',(0.,0.,1.));
#6555=DIRECTION('',(0.,0.,1.));
#6556=DIRECTION('',(0.,-1.,0.));
#6557=DIRECTION('',(0.,0.,1.));
#6558=DIRECTION('',(-6.36853784423933E-18,4.02960148677547E-18,-1.));
#6559=DIRECTION('',(-1.,0.,6.36853784423933E-18));
#6560=DIRECTION('',(1.,0.,0.));
#6561=DIRECTION('',(0.,-1.,0.));
#6562=DIRECTION('',(0.,5.29643998697248E-17,-1.));
#6563=DIRECTION('',(0.,1.,4.02960148677547E-18));
#6564=DIRECTION('',(-7.21988398287522E-17,-1.,-5.29643998697248E-17));
#6565=DIRECTION('',(-1.,7.21988398287522E-17,0.));
#6566=DIRECTION('',(1.,-7.21988398287522E-17,-6.36853784423933E-18));
#6567=DIRECTION('',(-1.61780186114775E-18,-5.29643998697248E-17,1.));
#6568=DIRECTION('',(-1.,7.00859657465667E-19,-1.61780186114775E-18));
#6569=DIRECTION('',(-1.61780186114775E-18,0.,1.));
#6570=DIRECTION('',(-7.00859657465667E-19,-1.,-4.02960148677547E-18));
#6571=DIRECTION('',(-1.61780186114775E-18,0.,1.));
#6572=DIRECTION('',(-1.61780186114775E-18,0.,1.));
#6573=DIRECTION('',(1.,0.,1.61780186114775E-18));
#6574=DIRECTION('',(-1.61780186114775E-18,0.,1.));
#6575=DIRECTION('',(-6.36853784423933E-18,4.02960148677547E-18,-1.));
#6576=DIRECTION('',(-1.,0.,6.36853784423933E-18));
#6577=DIRECTION('',(0.,-1.,0.));
#6578=DIRECTION('',(-1.,0.,0.));
#6579=DIRECTION('',(1.,0.,-6.36853784423933E-18));
#6580=DIRECTION('',(1.61780186114775E-18,0.,1.));
#6581=DIRECTION('',(1.61780186114775E-18,0.,1.));
#6582=DIRECTION('',(1.,0.,-1.61780186114775E-18));
#6583=DIRECTION('',(1.61780186114775E-18,0.,1.));
#6584=DIRECTION('',(-6.36853784423933E-18,4.02960148677547E-18,-1.));
#6585=DIRECTION('',(-1.,0.,6.36853784423933E-18));
#6586=DIRECTION('',(1.,-7.00859657465514E-19,-1.61780186114775E-18));
#6587=DIRECTION('',(-1.61780186114775E-18,0.,-1.));
#6588=DIRECTION('',(-1.61780186114775E-18,5.29643998697248E-17,-1.));
#6589=DIRECTION('',(7.00859657465514E-19,1.,4.02960148677547E-18));
#6590=DIRECTION('',(-7.21988398287522E-17,-1.,-5.29643998697248E-17));
#6591=DIRECTION('',(-1.,7.21988398287522E-17,0.));
#6592=DIRECTION('',(-1.,7.21988398287522E-17,6.36853784423933E-18));
#6593=DIRECTION('',(0.,5.29643998697248E-17,-1.));
#6594=DIRECTION('',(-1.,0.,0.));
#6595=DIRECTION('',(0.,1.,0.));
#6596=DIRECTION('',(0.,-1.,-4.02960148677547E-18));
#6597=DIRECTION('',(0.,0.,1.));
#6598=DIRECTION('',(0.,0.,1.));
#6599=DIRECTION('',(0.,-1.,0.));
#6600=DIRECTION('',(0.,0.,1.));
#6601=DIRECTION('',(-6.36853784423933E-18,4.02960148677547E-18,-1.));
#6602=DIRECTION('',(-1.,0.,6.36853784423933E-18));
#6603=DIRECTION('',(0.,-1.,0.));
#6604=DIRECTION('',(-1.,0.,0.));
#6605=DIRECTION('',(1.,0.,-6.36853784423933E-18));
#6606=DIRECTION('',(0.,0.,1.));
#6607=DIRECTION('',(0.,0.,1.));
#6608=DIRECTION('',(0.,-1.,0.));
#6609=DIRECTION('',(0.,0.,1.));
#6610=DIRECTION('',(-6.36853784423933E-18,4.02960148677547E-18,-1.));
#6611=DIRECTION('',(-1.,0.,6.36853784423933E-18));
#6612=DIRECTION('',(1.,0.,0.));
#6613=DIRECTION('',(0.,-1.,0.));
#6614=DIRECTION('',(0.,5.29643998697248E-17,-1.));
#6615=DIRECTION('',(0.,1.,4.02960148677547E-18));
#6616=DIRECTION('',(-7.21988398287522E-17,-1.,-5.29643998697248E-17));
#6617=DIRECTION('',(-1.,7.21988398287522E-17,0.));
#6618=DIRECTION('',(-1.,7.21988398287522E-17,6.36853784423933E-18));
#6619=DIRECTION('',(-6.32740283476929E-17,5.29643998697248E-17,-1.));
#6620=DIRECTION('',(-1.,-2.07802908608991E-17,6.32740283476929E-17));
#6621=DIRECTION('',(6.32740283476929E-17,0.,1.));
#6622=DIRECTION('',(2.07802908608991E-17,-1.,-4.02960148677547E-18));
#6623=DIRECTION('',(6.32740283476929E-17,0.,1.));
#6624=DIRECTION('',(6.32740283476929E-17,0.,1.));
#6625=DIRECTION('',(1.,0.,-6.32740283476929E-17));
#6626=DIRECTION('',(6.32740283476929E-17,0.,1.));
#6627=DIRECTION('',(-6.36853784423933E-18,4.02960148677547E-18,-1.));
#6628=DIRECTION('',(-1.,0.,6.36853784423933E-18));
#6629=DIRECTION('',(0.,-1.,0.));
#6630=DIRECTION('',(-1.,0.,0.));
#6631=DIRECTION('',(1.,0.,-6.36853784423933E-18));
#6632=DIRECTION('',(8.06997634283136E-17,0.,1.));
#6633=DIRECTION('',(8.06997634283136E-17,0.,1.));
#6634=DIRECTION('',(1.,0.,-8.06997634283136E-17));
#6635=DIRECTION('',(8.06997634283136E-17,0.,1.));
#6636=DIRECTION('',(-6.36853784423933E-18,4.02960148677547E-18,-1.));
#6637=DIRECTION('',(-1.,0.,6.36853784423933E-18));
#6638=DIRECTION('',(1.,-2.48983363058921E-17,-8.06997634283136E-17));
#6639=DIRECTION('',(-8.06997634283136E-17,0.,-1.));
#6640=DIRECTION('',(-8.06997634283136E-17,5.29643998697248E-17,-1.));
#6641=DIRECTION('',(2.48983363058921E-17,1.,4.02960148677547E-18));
#6642=DIRECTION('',(-7.21988398287522E-17,-1.,-5.29643998697248E-17));
#6643=DIRECTION('',(-1.,7.21988398287522E-17,0.));
#6644=DIRECTION('',(-1.,7.21988398287522E-17,6.36853784423933E-18));
#6645=DIRECTION('',(-5.46457517562102E-17,5.29643998697248E-17,-1.));
#6646=DIRECTION('',(-1.,-2.03368090437414E-17,5.46457517562102E-17));
#6647=DIRECTION('',(5.46457517562102E-17,0.,1.));
#6648=DIRECTION('',(2.03368090437414E-17,-1.,-4.02960148677547E-18));
#6649=DIRECTION('',(5.46457517562102E-17,0.,1.));
#6650=DIRECTION('',(5.46457517562102E-17,0.,1.));
#6651=DIRECTION('',(1.,0.,-5.46457517562102E-17));
#6652=DIRECTION('',(5.46457517562102E-17,0.,1.));
#6653=DIRECTION('',(-6.36853784423933E-18,4.02960148677547E-18,-1.));
#6654=DIRECTION('',(-1.,0.,6.36853784423933E-18));
#6655=DIRECTION('',(0.,-1.,0.));
#6656=DIRECTION('',(-1.,0.,0.));
#6657=DIRECTION('',(1.,0.,-6.36853784423933E-18));
#6658=DIRECTION('',(0.,0.,1.));
#6659=DIRECTION('',(0.,0.,-1.));
#6660=DIRECTION('',(0.,1.,0.));
#6661=DIRECTION('',(0.,0.,-1.));
#6662=DIRECTION('',(-6.36853784423933E-18,4.02960148677547E-18,-1.));
#6663=DIRECTION('',(-1.,0.,6.36853784423933E-18));
#6664=DIRECTION('',(-1.,0.,0.));
#6665=DIRECTION('',(0.,1.,0.));
#6666=DIRECTION('',(0.,1.,4.02960148677547E-18));
#6667=DIRECTION('',(0.,5.29643998697248E-17,-1.));
#6668=DIRECTION('',(-7.21988398287522E-17,-1.,-5.29643998697248E-17));
#6669=DIRECTION('',(-1.,7.21988398287522E-17,0.));
#6670=DIRECTION('',(-1.,7.21988398287522E-17,6.36853784423933E-18));
#6671=DIRECTION('',(-2.81610952685102E-17,5.29643998697248E-17,-1.));
#6672=DIRECTION('',(-1.,-1.39573583009942E-17,2.81610952685102E-17));
#6673=DIRECTION('',(2.81610952685102E-17,0.,1.));
#6674=DIRECTION('',(1.39573583009942E-17,-1.,-4.02960148677547E-18));
#6675=DIRECTION('',(-2.81610952685102E-17,0.,-1.));
#6676=DIRECTION('',(-2.81610952685102E-17,0.,-1.));
#6677=DIRECTION('',(-1.,0.,2.81610952685102E-17));
#6678=DIRECTION('',(-2.81610952685102E-17,0.,-1.));
#6679=DIRECTION('',(-6.36853784423933E-18,4.02960148677547E-18,-1.));
#6680=DIRECTION('',(-1.,0.,6.36853784423933E-18));
#6681=DIRECTION('',(-2.81610952707182E-17,0.,-1.));
#6682=DIRECTION('',(-1.,0.,2.81610952707182E-17));
#6683=DIRECTION('',(-2.81610952707182E-17,0.,-1.));
#6684=DIRECTION('',(-6.36853784423933E-18,4.02960148677547E-18,-1.));
#6685=DIRECTION('',(-1.,0.,6.36853784423933E-18));
#6686=DIRECTION('',(1.,0.,-1.99001472626285E-17));
#6687=DIRECTION('',(-1.99001472626285E-17,0.,-1.));
#6688=DIRECTION('',(-1.,0.,1.99001472626285E-17));
#6689=DIRECTION('',(-6.36853784423933E-18,4.02960148677547E-18,-1.));
#6690=DIRECTION('',(-1.,0.,6.36853784423933E-18));
#6691=DIRECTION('',(1.,0.,-6.36853784423933E-18));
#6692=DIRECTION('',(0.,1.,0.));
#6693=DIRECTION('',(1.,0.,0.));
#6694=DIRECTION('',(0.,0.,1.));
#6695=DIRECTION('',(1.,0.,0.));
#6696=CARTESIAN_POINT('',(0.,0.,0.));
#6697=CARTESIAN_POINT('',(-0.0075999963951,0.0140000031912001,-0.0015000000099));
#6698=CARTESIAN_POINT('',(0.0076400035922,0.0140000031912001,-0.0014999999972));
#6699=CARTESIAN_POINT('',(0.0076400035922,0.0140000031912001,-9.9999977546E-5));
#6700=CARTESIAN_POINT('',(-0.0075999963951,0.0140000031912001,-0.0015000000099));
#6701=CARTESIAN_POINT('',(0.0025600035922,0.0140000031912001,-0.0014999999972));
#6702=CARTESIAN_POINT('',(0.0025600035922,0.0140000031912001,-9.9999977546E-5));
#6703=CARTESIAN_POINT('',(-0.0075999963951,0.0140000031912001,-0.0015000000099));
#6704=CARTESIAN_POINT('',(-0.0025199964078,0.0140000031912001,-0.0014999999972));
#6705=CARTESIAN_POINT('',(-0.0025199964078,0.0140000031912001,-9.99999780540001E-5));
#6706=CARTESIAN_POINT('',(-0.0116700000026,-2.60208521396521E-20,0.0057749999943));
#6707=CARTESIAN_POINT('',(-0.0120810738247199,0.0010000000066,0.00548724831603176));
#6708=CARTESIAN_POINT('',(-0.010920000004,0.0010000000066,0.00629999999840003));
#6709=CARTESIAN_POINT('',(-0.0124200000012,0.0010000000066,0.00524999999020003));
#6710=CARTESIAN_POINT('',(-0.0124200000012,-2.09767503076989E-19,0.00524999999020003));
#6711=CARTESIAN_POINT('',(-0.0124200000012,-0.0010000000066,0.00524999999020003));
#6712=CARTESIAN_POINT('',(-0.0120810738247199,-0.0010000000066,0.00548724831603176));
#6713=CARTESIAN_POINT('',(-0.010920000004,-0.0010000000066,0.00629999999840003));
#6714=CARTESIAN_POINT('',(-0.010920000004,2.05267850941253E-20,0.00629999999840003));
#6715=CARTESIAN_POINT('',(0.0116700000026,-2.60208521396521E-20,0.0057749999943));
#6716=CARTESIAN_POINT('',(0.0124200000012,-1.4141153356646E-19,0.00524999999020003));
#6717=CARTESIAN_POINT('',(0.0124200000012,0.0010000000066,0.00524999999020003));
#6718=CARTESIAN_POINT('',(0.0124200000012,-0.0010000000066,0.00524999999020003));
#6719=CARTESIAN_POINT('',(0.0116700000026,0.0010000000066,0.0057749999943));
#6720=CARTESIAN_POINT('',(0.010920000004,0.0010000000066,0.00629999999840003));
#6721=CARTESIAN_POINT('',(0.010920000004,-8.25622871330045E-20,0.00629999999840003));
#6722=CARTESIAN_POINT('',(0.010920000004,-0.0010000000066,0.00629999999840003));
#6723=CARTESIAN_POINT('',(0.0116700000026,-0.0010000000066,0.0057749999943));
#6724=CARTESIAN_POINT('',(0.0076400035922,0.0105000032062,-0.0014999999972));
#6725=CARTESIAN_POINT('',(0.0076400064116,0.0104999949646146,-0.0015000027912));
#6726=CARTESIAN_POINT('',(0.00764024247917035,0.0104999866986423,-0.000100000003199999));
#6727=CARTESIAN_POINT('',(0.006240004995073,0.0104999906839492,-0.00149972233291164));
#6728=CARTESIAN_POINT('',(0.0076400064116,0.0104999949646146,-0.0015000027912));
#6729=CARTESIAN_POINT('',(0.00904000361160004,0.0105000030795829,-0.00150032619396662));
#6730=CARTESIAN_POINT('',(0.0076400064116,0.0104999949646146,-0.0015000027912));
#6731=CARTESIAN_POINT('',(0.00763967346375883,0.0105000031995894,-0.00289999991596747));
#6732=CARTESIAN_POINT('',(0.0076400064116,0.0104999949646146,-0.0015000027912));
#6733=CARTESIAN_POINT('',(0.0025600035922,0.0105000032062,-0.0014999999972));
#6734=CARTESIAN_POINT('',(0.0025600064116,0.0104999949646146,-0.0015000027912));
#6735=CARTESIAN_POINT('',(0.00116000359820001,0.0104999866648153,-0.00150013233135432));
#6736=CARTESIAN_POINT('',(0.00255982507559494,0.0105000032034433,-0.00289999987647222));
#6737=CARTESIAN_POINT('',(0.0025600064116,0.0104999949646146,-0.0015000027912));
#6738=CARTESIAN_POINT('',(0.00256024247926107,0.0104999866986415,-0.000100000003199999));
#6739=CARTESIAN_POINT('',(0.0025600064116,0.0104999949646146,-0.0015000027912));
#6740=CARTESIAN_POINT('',(0.00396000361160003,0.0105000028383223,-0.00150058166513491));
#6741=CARTESIAN_POINT('',(0.0025600064116,0.0104999949646146,-0.0015000027912));
#6742=CARTESIAN_POINT('',(-0.0025199964078,0.0105000032062,-0.0014999999972));
#6743=CARTESIAN_POINT('',(-0.0025199935884,0.0104999949676024,-0.0015000027912));
#6744=CARTESIAN_POINT('',(-0.00391999500467299,0.0104999906970349,-0.00149973169331894));
#6745=CARTESIAN_POINT('',(-0.00251994615099065,0.0105000031330705,-0.00289999998645976));
#6746=CARTESIAN_POINT('',(-0.0025199935884,0.0104999949676024,-0.0015000027912));
#6747=CARTESIAN_POINT('',(-0.00251975752056056,0.0104999867001361,-0.000100000003199999));
#6748=CARTESIAN_POINT('',(-0.0025199935884,0.0104999949676024,-0.0015000027912));
#6749=CARTESIAN_POINT('',(-0.00111999638839999,0.0105000028550791,-0.00150056897469084));
#6750=CARTESIAN_POINT('',(-0.0025199935884,0.0104999949676024,-0.0015000027912));
#6751=CARTESIAN_POINT('',(-0.00763999999809998,0.00239199999119999,0.00125000000189999));
#6752=CARTESIAN_POINT('',(-0.00763999999809998,0.00239199999119999,0.0017000000036));
#6753=CARTESIAN_POINT('',(-0.00434000000679997,0.00239199999119999,0.0017000000036));
#6754=CARTESIAN_POINT('',(-0.000739999993200007,0.00239199999119999,0.0017000000036));
#6755=CARTESIAN_POINT('',(-0.00434000000679997,0.00239199999119999,0.00215000000529998));
#6756=CARTESIAN_POINT('',(-0.00434000000679997,0.00239199999119999,0.000800000000199995));
#6757=CARTESIAN_POINT('',(-0.00763999999809998,0.00239199999119999,0.000800000000199995));
#6758=CARTESIAN_POINT('',(-0.000739999993200008,0.00239199999119999,0.000800000000199995));
#6759=CARTESIAN_POINT('',(-0.000739999993200008,0.00239199999119999,0.00215000000529999));
#6760=CARTESIAN_POINT('',(-0.00763999999809998,0.00239199999119999,0.00125000000189999));
#6761=CARTESIAN_POINT('',(-0.00763999999809998,0.00239199999119999,0.0017000000036));
#6762=CARTESIAN_POINT('',(0.000739999993200008,0.00239199999119999,0.0017000000036));
#6763=CARTESIAN_POINT('',(0.00434000000679997,0.00239199999119999,0.0017000000036));
#6764=CARTESIAN_POINT('',(0.000739999993200008,0.00239199999119999,0.00215000000529999));
#6765=CARTESIAN_POINT('',(0.000739999993200008,0.00239199999119999,0.000800000000199995));
#6766=CARTESIAN_POINT('',(-0.00763999999809998,0.00239199999119999,0.000800000000199995));
#6767=CARTESIAN_POINT('',(0.00434000000679997,0.00239199999119999,0.000800000000199995));
#6768=CARTESIAN_POINT('',(0.00434000000679997,0.00239199999119999,0.00215000000529998));
#6769=CARTESIAN_POINT('',(-0.00763999999809998,0.00239199999119999,0.00125000000189999));
#6770=CARTESIAN_POINT('',(-0.00763999999809998,0.00239199999119999,0.0017000000036));
#6771=CARTESIAN_POINT('',(0.00584000000399998,0.00239199999119999,0.0017000000036));
#6772=CARTESIAN_POINT('',(0.00943999999220004,0.00239199999119999,0.0017000000036));
#6773=CARTESIAN_POINT('',(0.00584000000399998,0.00239199999119999,0.00215000000529998));
#6774=CARTESIAN_POINT('',(0.00584000000399998,0.00239199999119999,0.000800000000199995));
#6775=CARTESIAN_POINT('',(-0.00763999999809998,0.00239199999119999,0.000800000000199995));
#6776=CARTESIAN_POINT('',(0.00943999999220004,0.00239199999119999,0.000800000000199995));
#6777=CARTESIAN_POINT('',(0.00943999999220004,0.00239199999119999,0.00215000000529998));
#6778=CARTESIAN_POINT('',(0.010920000004,1.7130394325271E-19,0.00490000000439999));
#6779=CARTESIAN_POINT('',(0.010920000004,0.0010000000066,0.00490000000439999));
#6780=CARTESIAN_POINT('',(0.010920000004,0.0010000000066,0.00350000001039998));
#6781=CARTESIAN_POINT('',(0.010920000004,-1.73472347597681E-19,0.00350000001039998));
#6782=CARTESIAN_POINT('',(0.010920000004,-0.0010000000066,0.00350000001039998));
#6783=CARTESIAN_POINT('',(0.010920000004,-0.0010000000066,0.00490000000439999));
#6784=CARTESIAN_POINT('',(-0.010920000004,1.7130394325271E-19,0.00490000000439999));
#6785=CARTESIAN_POINT('',(-0.010920000004,0.0010000000066,0.00490000000439999));
#6786=CARTESIAN_POINT('',(-0.010920000004,0.0010000000066,0.00350000001039998));
#6787=CARTESIAN_POINT('',(-0.010920000004,-0.0010000000066,0.00490000000439999));
#6788=CARTESIAN_POINT('',(-0.010920000004,-0.0010000000066,0.00350000001039998));
#6789=CARTESIAN_POINT('',(-0.010920000004,1.54480116459326E-19,0.00350000001039998));
#6790=CARTESIAN_POINT('',(-0.00763999999809998,0.00239199999119999,0.00125000000189999));
#6791=CARTESIAN_POINT('',(-0.00763999999809998,0.00239199999119999,0.0017000000036));
#6792=CARTESIAN_POINT('',(-0.00943999999220004,0.00239199999119999,0.0017000000036));
#6793=CARTESIAN_POINT('',(-0.00584000000399998,0.00239199999119999,0.0017000000036));
#6794=CARTESIAN_POINT('',(-0.00943999999220004,0.00239199999119999,0.00215000000529998));
#6795=CARTESIAN_POINT('',(-0.00943999999220004,0.00239199999119999,0.000800000000199995));
#6796=CARTESIAN_POINT('',(-0.00763999999809998,0.00239199999119999,0.000800000000199995));
#6797=CARTESIAN_POINT('',(-0.00584000000399998,0.00239199999119999,0.000800000000199995));
#6798=CARTESIAN_POINT('',(-0.00584000000399998,0.00239199999119999,0.00215000000529998));
#6799=CARTESIAN_POINT('',(-0.0116700000026,0.0010000000066,0.00490000000439999));
#6800=CARTESIAN_POINT('',(-0.0119200000106,0.0010000000066,0.00490000000439999));
#6801=CARTESIAN_POINT('',(-0.0119200000106,0.0010000000066,0.00350000001039998));
#6802=CARTESIAN_POINT('',(-0.0119200000106,0.0010000000066,0.00524999999020003));
#6803=CARTESIAN_POINT('',(-0.0116700000026,0.0010000000066,0.00524999999020003));
#6804=CARTESIAN_POINT('',(-0.0106800000014,0.0010000000066,0.00350000001039998));
#6805=CARTESIAN_POINT('',(-0.0121700000059,-1.7130394325271E-19,0.00524999999020003));
#6806=CARTESIAN_POINT('',(-0.0119200000106,-1.9293457738739E-19,0.00524999999020003));
#6807=CARTESIAN_POINT('',(-0.0119200000106,-0.0010000000066,0.00524999999020003));
#6808=CARTESIAN_POINT('',(-0.0116700000026,-0.0010000000066,0.00524999999020003));
#6809=CARTESIAN_POINT('',(-0.0116700000026,-0.0010000000066,0.00490000000439999));
#6810=CARTESIAN_POINT('',(-0.0119200000106,-0.0010000000066,0.0026249999951));
#6811=CARTESIAN_POINT('',(-0.0119200000106,-0.0010000000066,0.00350000001039998));
#6812=CARTESIAN_POINT('',(-0.0116700000026,-0.0010000000066,0.00350000001039998));
#6813=CARTESIAN_POINT('',(-0.00763999999809998,-0.000254,0.000800000000199995));
#6814=CARTESIAN_POINT('',(-0.00943999999220004,-3.65146173816591E-19,0.000800000000199995));
#6815=CARTESIAN_POINT('',(-0.00943999999220004,-0.00289999999120003,0.000800000000199995));
#6816=CARTESIAN_POINT('',(-0.00763999999809998,-0.00289999999120003,0.000800000000199995));
#6817=CARTESIAN_POINT('',(-0.00584000000399998,-0.00289999999120003,0.000800000000199995));
#6818=CARTESIAN_POINT('',(-0.00584000000399998,3.59100877403726E-19,0.000800000000199995));
#6819=CARTESIAN_POINT('',(-0.00763999999809998,-0.000254,0.000800000000199995));
#6820=CARTESIAN_POINT('',(-0.00434000000679997,-3.65146173816591E-19,0.000800000000199995));
#6821=CARTESIAN_POINT('',(-0.00434000000679997,-0.00289999999120003,0.000800000000199995));
#6822=CARTESIAN_POINT('',(-0.00763999999809998,-0.00289999999120003,0.000800000000199995));
#6823=CARTESIAN_POINT('',(-0.000739999993200008,-0.00289999999120003,0.000800000000199995));
#6824=CARTESIAN_POINT('',(-0.000739999993200008,-1.76494995804114E-19,0.000800000000199995));
#6825=CARTESIAN_POINT('',(-0.00763999999809998,-0.000254,0.000800000000199995));
#6826=CARTESIAN_POINT('',(0.000739999993200008,-1.76494995804114E-19,0.000800000000199995));
#6827=CARTESIAN_POINT('',(0.000739999993200008,-0.00289999999120003,0.000800000000199995));
#6828=CARTESIAN_POINT('',(-0.00763999999809998,-0.00289999999120003,0.000800000000199995));
#6829=CARTESIAN_POINT('',(0.00434000000679997,-0.00289999999120003,0.000800000000199995));
#6830=CARTESIAN_POINT('',(0.00434000000679997,3.59100877403726E-19,0.000800000000199995));
#6831=CARTESIAN_POINT('',(-0.00763999999809998,-0.000254,0.000800000000199995));
#6832=CARTESIAN_POINT('',(0.00584000000399998,-3.65146173816591E-19,0.000800000000199995));
#6833=CARTESIAN_POINT('',(0.00584000000399998,-0.00289999999120003,0.000800000000199995));
#6834=CARTESIAN_POINT('',(-0.00763999999809998,-0.00289999999120003,0.000800000000199995));
#6835=CARTESIAN_POINT('',(0.00943999999220004,-0.00289999999120003,0.000800000000199995));
#6836=CARTESIAN_POINT('',(0.00943999999220004,3.59100877403726E-19,0.000800000000199995));
#6837=CARTESIAN_POINT('',(-0.0116700000026,-0.0010000000066,0.00490000000439999));
#6838=CARTESIAN_POINT('',(-0.0116700000026,-0.0010000000066,0.00350000001039998));
#6839=CARTESIAN_POINT('',(0.0119200000106,-0.0010000000066,0.00350000001039998));
#6840=CARTESIAN_POINT('',(0.0119200000106,-0.0010000000066,0.0026249999951));
#6841=CARTESIAN_POINT('',(0.0119200000106,-0.0010000000066,0.00524999999020003));
#6842=CARTESIAN_POINT('',(-0.0121700000059,-0.0010000000066,0.00524999999020003));
#6843=CARTESIAN_POINT('',(-0.0121700000059,-1.7130394325271E-19,0.00524999999020003));
#6844=CARTESIAN_POINT('',(0.0119200000106,-1.73472347597681E-19,0.00524999999020003));
#6845=CARTESIAN_POINT('',(0.0119200000106,0.0010000000066,0.00524999999020003));
#6846=CARTESIAN_POINT('',(-0.0121700000059,0.0010000000066,0.00524999999020003));
#6847=CARTESIAN_POINT('',(-0.0116700000026,0.0010000000066,0.00490000000439999));
#6848=CARTESIAN_POINT('',(0.0119200000106,0.0010000000066,0.00490000000439999));
#6849=CARTESIAN_POINT('',(0.0119200000106,0.0010000000066,0.00350000001039998));
#6850=CARTESIAN_POINT('',(-0.0106800000014,0.0010000000066,0.00350000001039998));
#6851=CARTESIAN_POINT('',(0.0076400064116,0.0105134941116541,-0.0015000027912));
#6852=CARTESIAN_POINT('',(0.00904000361160004,0.0087946458253623,-0.00289999998001541));
#6853=CARTESIAN_POINT('',(0.00904000361160004,0.00913862928861245,-0.00273457974935774));
#6854=CARTESIAN_POINT('',(0.00904000361160004,0.00965098009960283,-0.0024696891071177));
#6855=CARTESIAN_POINT('',(0.00904000361160004,0.0102641971479535,-0.0020265070204017));
#6856=CARTESIAN_POINT('',(0.00904000361160004,0.010499871422024,-0.00169422977247983));
#6857=CARTESIAN_POINT('',(0.00904000361160004,0.0105000031467743,-0.00150032619476147));
#6858=CARTESIAN_POINT('',(0.00904000360600707,0.00879464582536367,-0.00289999998560772));
#6859=CARTESIAN_POINT('',(0.0090400036004141,0.00879464582536504,-0.00289999999120003));
#6860=CARTESIAN_POINT('',(0.00887453347292322,0.00913873304669482,-0.00289999999120003));
#6861=CARTESIAN_POINT('',(0.00860955793646989,0.0096512234444845,-0.00289999999120003));
#6862=CARTESIAN_POINT('',(0.00816618423842824,0.0102646243595586,-0.00289999999120003));
#6863=CARTESIAN_POINT('',(0.00783364011311415,0.0105001387964975,-0.00289999999120003));
#6864=CARTESIAN_POINT('',(0.00763967346380037,0.010500003140195,-0.00289999999120003));
#6865=CARTESIAN_POINT('',(0.0076400064116,0.0105134941116541,-0.0015000027912));
#6866=CARTESIAN_POINT('',(0.00763967346380037,0.010500003140195,-0.00289999999120003));
#6867=CARTESIAN_POINT('',(0.00744513413601851,0.0104998670833729,-0.00289999999120003));
#6868=CARTESIAN_POINT('',(0.0071116811784913,0.0102623249468486,-0.00289999999120003));
#6869=CARTESIAN_POINT('',(0.00666962700763408,0.00964939122330011,-0.00289999999120003));
#6870=CARTESIAN_POINT('',(0.00640526864596088,0.00913829558535059,-0.00289999999120003));
#6871=CARTESIAN_POINT('',(0.00624000361544681,0.00879463416515974,-0.00289999999120003));
#6872=CARTESIAN_POINT('',(0.0062400036068234,0.0087946341662471,-0.00289999999120003));
#6873=CARTESIAN_POINT('',(0.00624000359819999,0.0104999866661853,-0.00149972233527858));
#6874=CARTESIAN_POINT('',(0.00624000359819999,0.0105001013016422,-0.00169431180166628));
#6875=CARTESIAN_POINT('',(0.00624000359819999,0.0102626955578689,-0.00202804597413109));
#6876=CARTESIAN_POINT('',(0.00624000359819999,0.00964955567038126,-0.00247028014172446));
#6877=CARTESIAN_POINT('',(0.00624000359819999,0.00913838224061581,-0.00273469260868536));
#6878=CARTESIAN_POINT('',(0.00624000359819999,0.0087946341604638,-0.00289999997621141));
#6879=CARTESIAN_POINT('',(-0.0025199963951,0.0050330016942,-0.00289999999120003));
#6880=CARTESIAN_POINT('',(0.00904000361160004,0.0050330016942,-0.00289999999120003));
#6881=CARTESIAN_POINT('',(0.00904000361160004,0.000499873081753775,-0.00289999999120003));
#6882=CARTESIAN_POINT('',(-0.00759999639509997,0.00050000001625401,-0.00289999999120003));
#6883=CARTESIAN_POINT('',(0.00624000359819999,0.000499873373017516,-0.00289999999120003));
#6884=CARTESIAN_POINT('',(0.00624000359819999,0.0050330016942,-0.00289999999120003));
#6885=CARTESIAN_POINT('',(-0.00759999639509997,0.00050000001625401,-0.000399999987146029));
#6886=CARTESIAN_POINT('',(0.00904000361160004,0.00050000001625401,-0.00039999998714603));
#6887=CARTESIAN_POINT('',(0.009040003361504,-0.00199999998760176,-0.000400031469911414));
#6888=CARTESIAN_POINT('',(-0.00759999639509997,-0.00199999998779999,-0.000399999987146029));
#6889=CARTESIAN_POINT('',(0.00624000384880399,-0.00199999998760133,-0.000400031504014079));
#6890=CARTESIAN_POINT('',(0.00624000359819999,0.00050000001625401,-0.00039999998714603));
#6891=CARTESIAN_POINT('',(0.0076400064116,0.0105134941116541,-0.0015000027912));
#6892=CARTESIAN_POINT('',(0.00764024247920323,0.0104999867649618,-0.000100000003199999));
#6893=CARTESIAN_POINT('',(0.00783478852710854,0.0104998902946152,-0.000100000003199999));
#6894=CARTESIAN_POINT('',(0.00816828470395908,0.010262372846532,-0.000100000003199999));
#6895=CARTESIAN_POINT('',(0.00861036628663374,0.00964941146151865,-0.000100000003199999));
#6896=CARTESIAN_POINT('',(0.00887473239913709,0.00913830707750472,-0.000100000003199999));
#6897=CARTESIAN_POINT('',(0.00904000355339846,0.00879463430314109,-0.000100000003199999));
#6898=CARTESIAN_POINT('',(0.00904000358270917,0.00879463430872892,-0.000100000003199999));
#6899=CARTESIAN_POINT('',(0.00904000360078412,0.0105000031449862,-0.00150032619401105));
#6900=CARTESIAN_POINT('',(0.00904000360078412,0.0105001353387881,-0.00130573170549683));
#6901=CARTESIAN_POINT('',(0.00904000361651637,0.0102627351627632,-0.000971976371029989));
#6902=CARTESIAN_POINT('',(0.00904000360865024,0.00964957469781921,-0.000529728338612444));
#6903=CARTESIAN_POINT('',(0.00904000361160004,0.00913839137676938,-0.000265311095081337));
#6904=CARTESIAN_POINT('',(0.00904000361160004,0.00879463430301563,-0.000100000061341011));
#6905=CARTESIAN_POINT('',(0.0025600064116,0.0105134941116541,-0.0015000027912));
#6906=CARTESIAN_POINT('',(0.00396000361160003,0.00879464588730341,-0.0028999999502282));
#6907=CARTESIAN_POINT('',(0.00396000361160003,0.0091385889738105,-0.00273459913482038));
#6908=CARTESIAN_POINT('',(0.00396000361160003,0.00965088541201888,-0.00246974157974));
#6909=CARTESIAN_POINT('',(0.00396000361160003,0.0102640310348798,-0.00202663388061013));
#6910=CARTESIAN_POINT('',(0.00396000361160003,0.0104997671547772,-0.00169446064507424));
#6911=CARTESIAN_POINT('',(0.00396000361160003,0.0105000029046784,-0.0015005816652156));
#6912=CARTESIAN_POINT('',(0.0039600035903846,0.0087946458888204,-0.00289999997071411));
#6913=CARTESIAN_POINT('',(0.00396000356916917,0.00879464589033739,-0.00289999999120003));
#6914=CARTESIAN_POINT('',(0.00379454497430798,0.00913870912627557,-0.00289999999120003));
#6915=CARTESIAN_POINT('',(0.0035295890407236,0.00965116727110508,-0.00289999999120003));
#6916=CARTESIAN_POINT('',(0.00308625967785866,0.0102645256382749,-0.00289999999120003));
#6917=CARTESIAN_POINT('',(0.00275377716372717,0.0105000771001148,-0.00289999999120003));
#6918=CARTESIAN_POINT('',(0.00255982507558784,0.0105000032220872,-0.00289999999120003));
#6919=CARTESIAN_POINT('',(-0.0025199963951,0.0050330016942,-0.00289999999120003));
#6920=CARTESIAN_POINT('',(-0.00759999639509997,-0.000499999990345989,-0.00289999999120003));
#6921=CARTESIAN_POINT('',(0.0011600035982,-0.000500020645765793,-0.00289999999105781));
#6922=CARTESIAN_POINT('',(0.00396000336176977,-0.000500012942715674,-0.00289999999114411));
#6923=CARTESIAN_POINT('',(0.00116000359820001,0.0050330016942,-0.00289999999120003));
#6924=CARTESIAN_POINT('',(0.00116000361592722,0.00879463420609217,-0.00289999999120003));
#6925=CARTESIAN_POINT('',(0.00116000363154394,0.0087946342040366,-0.00289999999646302));
#6926=CARTESIAN_POINT('',(0.00132543532694734,0.00913864219396868,-0.00289999999646302));
#6927=CARTESIAN_POINT('',(0.00159034537158992,0.00965102638949147,-0.00289999999000389));
#6928=CARTESIAN_POINT('',(0.00203357038966894,0.0102642872787527,-0.00289999999143926));
#6929=CARTESIAN_POINT('',(0.0023659067232537,0.0104999293569099,-0.00289999999120003));
#6930=CARTESIAN_POINT('',(0.00255982507558784,0.0105000032220872,-0.00289999999120003));
#6931=CARTESIAN_POINT('',(0.00396000361160003,0.0050330016942,-0.00289999999120003));
#6932=CARTESIAN_POINT('',(-0.00759999639509997,-0.000499999990345989,-0.00139999999374603));
#6933=CARTESIAN_POINT('',(0.00396000361160003,-0.000499999990345989,-0.00139999999374603));
#6934=CARTESIAN_POINT('',(0.00396000361160003,-0.00199999998779999,-0.00139999999374603));
#6935=CARTESIAN_POINT('',(-0.00759999639509997,-0.00199999998779999,-0.00139999999374603));
#6936=CARTESIAN_POINT('',(0.001160003599027,-0.00199999992078593,-0.00140044837102089));
#6937=CARTESIAN_POINT('',(0.00116000359820001,-0.000499999990345989,-0.00139999999374603));
#6938=CARTESIAN_POINT('',(0.0025600064116,0.0105134941116541,-0.0015000027912));
#6939=CARTESIAN_POINT('',(0.00256024247929395,0.0104999867649617,-0.000100000003199999));
#6940=CARTESIAN_POINT('',(0.00275478853291855,0.0104998902945752,-0.000100000003199999));
#6941=CARTESIAN_POINT('',(0.00308828471673995,0.010262372834265,-0.000100000003199999));
#6942=CARTESIAN_POINT('',(0.00353036630709045,0.0096494114279714,-0.000100000003199999));
#6943=CARTESIAN_POINT('',(0.00379473242474585,0.00913830702781654,-0.000100000003199999));
#6944=CARTESIAN_POINT('',(0.0039600035824344,0.00879463424276237,-0.000100000003199999));
#6945=CARTESIAN_POINT('',(0.00396000359701721,0.00879463424495134,-0.000100000003199999));
#6946=CARTESIAN_POINT('',(0.00396000361160003,0.0105000029046784,-0.0015005816652156));
#6947=CARTESIAN_POINT('',(0.00396000361160003,0.0105002395506457,-0.00130596576718605));
#6948=CARTESIAN_POINT('',(0.00396000361160003,0.0102628947740012,-0.000972092591746475));
#6949=CARTESIAN_POINT('',(0.00396000361160003,0.0096496459778538,-0.000529769138518354));
#6950=CARTESIAN_POINT('',(0.00396000361160003,0.00913842854854379,-0.000265328969033495));
#6951=CARTESIAN_POINT('',(0.00396000361160003,0.00879463424083271,-0.000100000031437554));
#6952=CARTESIAN_POINT('',(0.0025600064116,0.0105134941116541,-0.0015000027912));
#6953=CARTESIAN_POINT('',(0.00116000359820001,0.0104999867311713,-0.00150013233137238));
#6954=CARTESIAN_POINT('',(0.00116000359820001,0.0104999337914147,-0.00169468734987));
#6955=CARTESIAN_POINT('',(0.00116000359820001,0.0102624393465931,-0.00202823258973383));
#6956=CARTESIAN_POINT('',(0.00116000359820001,0.00964944114731583,-0.00247034565675579));
#6957=CARTESIAN_POINT('',(0.00116000359820001,0.00913832250737787,-0.00273472133324408));
#6958=CARTESIAN_POINT('',(0.00116000359820001,0.0087946341945301,-0.00289999995982905));
#6959=CARTESIAN_POINT('',(-0.0025199935884,0.0105134941116541,-0.0015000027912));
#6960=CARTESIAN_POINT('',(-0.00111999638839999,0.00879464588775268,-0.00289999995073058));
#6961=CARTESIAN_POINT('',(-0.00111999638839999,0.00913859097934185,-0.00273459817111671));
#6962=CARTESIAN_POINT('',(-0.00111999638839999,0.00965089011828312,-0.00246973897210656));
#6963=CARTESIAN_POINT('',(-0.00111999638839999,0.01026403928633,-0.00202662758070564));
#6964=CARTESIAN_POINT('',(-0.00111999638839999,0.0104997723383385,-0.00169444917689256));
#6965=CARTESIAN_POINT('',(-0.00111999638839999,0.0105000029214343,-0.00150056897476975));
#6966=CARTESIAN_POINT('',(-0.00111999640936332,0.00879464588926778,-0.00289999997096531));
#6967=CARTESIAN_POINT('',(-0.00111999643032665,0.00879464589078288,-0.00289999999120003));
#6968=CARTESIAN_POINT('',(-0.00128543763237682,0.00913867295926422,-0.00289999999120003));
#6969=CARTESIAN_POINT('',(-0.00155036398059328,0.0096510824539695,-0.00289999999120003));
#6970=CARTESIAN_POINT('',(-0.001993626532324,0.0102643767143449,-0.00289999999120003));
#6971=CARTESIAN_POINT('',(-0.00232601604133432,0.0104999839314841,-0.00289999999120003));
#6972=CARTESIAN_POINT('',(-0.00251994615097842,0.0105000032557539,-0.00289999999120003));
#6973=CARTESIAN_POINT('',(-0.0025199963951,0.0050330016942,-0.00289999999120003));
#6974=CARTESIAN_POINT('',(-0.00759999639509997,-0.000499999990345989,-0.00289999999120003));
#6975=CARTESIAN_POINT('',(-0.0039199964018,-0.000500020645765792,-0.00289999999105781));
#6976=CARTESIAN_POINT('',(-0.0011199966384841,-0.000500012942709996,-0.00289999999114411));
#6977=CARTESIAN_POINT('',(-0.00391999640179998,0.0050330016942,-0.00289999999120003));
#6978=CARTESIAN_POINT('',(-0.00391999639354144,0.00879463416613792,-0.00289999999120003));
#6979=CARTESIAN_POINT('',(-0.0039199963852829,0.00879463416513626,-0.00289999999120003));
#6980=CARTESIAN_POINT('',(-0.00375454729744219,0.00913867832459682,-0.00289999999120003));
#6981=CARTESIAN_POINT('',(-0.00348960765625257,0.00965111118902858,-0.00289999999120003));
#6982=CARTESIAN_POINT('',(-0.00304631587390138,0.010264436156824,-0.00289999999120003));
#6983=CARTESIAN_POINT('',(-0.0027138864971102,0.0105000225810438,-0.00289999999120003));
#6984=CARTESIAN_POINT('',(-0.00251994615097842,0.0105000032557539,-0.00289999999120003));
#6985=CARTESIAN_POINT('',(-0.00111999638839999,0.0050330016942,-0.00289999999120003));
#6986=CARTESIAN_POINT('',(-0.00759999639509997,-0.000499999990345989,-0.00139999999374603));
#6987=CARTESIAN_POINT('',(-0.00111999638839999,-0.000499999990345989,-0.00139999999374603));
#6988=CARTESIAN_POINT('',(-0.00111999663900399,-0.00199999998759853,-0.00140002457817202));
#6989=CARTESIAN_POINT('',(-0.00759999639509997,-0.00199999998779999,-0.00139999999374603));
#6990=CARTESIAN_POINT('',(-0.00391999640179998,-0.00199999998779999,-0.00139999999374603));
#6991=CARTESIAN_POINT('',(-0.00391999640179998,-0.000499999990345989,-0.00139999999374603));
#6992=CARTESIAN_POINT('',(-0.0025199935884,0.0105134941116541,-0.0015000027912));
#6993=CARTESIAN_POINT('',(-0.00251975752052767,0.0104999867664556,-0.000100000003199999));
#6994=CARTESIAN_POINT('',(-0.00232521146779584,0.0104998902959966,-0.000100000003199999));
#6995=CARTESIAN_POINT('',(-0.00199171528513139,0.0102623728375189,-0.000100000003199999));
#6996=CARTESIAN_POINT('',(-0.00154963369601417,0.00964941143455328,-0.000100000003199999));
#6997=CARTESIAN_POINT('',(-0.00128526757916566,0.00913830703689801,-0.000100000003199999));
#6998=CARTESIAN_POINT('',(-0.00111999642201587,0.00879463425351039,-0.000100000003199999));
#6999=CARTESIAN_POINT('',(-0.00111999640520793,0.00879463425681182,-0.000100000003199999));
#7000=CARTESIAN_POINT('',(-0.00111999638839999,0.0105000029214343,-0.00150056897476975));
#7001=CARTESIAN_POINT('',(-0.00111999638839999,0.0105002343782339,-0.00130595414002098));
#7002=CARTESIAN_POINT('',(-0.00111999638839999,0.0102628868489068,-0.000972086821091382));
#7003=CARTESIAN_POINT('',(-0.00111999638839999,0.00964964244396543,-0.000529767114654496));
#7004=CARTESIAN_POINT('',(-0.00111999638839999,0.00913842671041654,-0.000265328084685699));
#7005=CARTESIAN_POINT('',(-0.00111999638839999,0.0087946342534806,-0.00010000003680142));
#7006=CARTESIAN_POINT('',(-0.0025199935884,0.0105134941116541,-0.0015000027912));
#7007=CARTESIAN_POINT('',(-0.00391999640179998,0.0104999866731016,-0.0014997316956104));
#7008=CARTESIAN_POINT('',(-0.00391999640179998,0.010500097482106,-0.00169432037691665));
#7009=CARTESIAN_POINT('',(-0.00391999640179998,0.010262689710076,-0.00202805023406854));
#7010=CARTESIAN_POINT('',(-0.00391999640179998,0.00964955305721634,-0.00247028163800568));
#7011=CARTESIAN_POINT('',(-0.00391999640179998,0.0091383808768996,-0.00273469326524965));
#7012=CARTESIAN_POINT('',(-0.00391999640179998,0.00879463416058367,-0.00289999997687221));
#7013=CARTESIAN_POINT('',(-0.00763999999809998,0.0026459999912,0.0017000000036));
#7014=CARTESIAN_POINT('',(-2.02095284951298E-18,0.00289999999120003,0.0017000000036));
#7015=CARTESIAN_POINT('',(-0.00943999999220004,0.00289999999120003,0.0017000000036));
#7016=CARTESIAN_POINT('',(-0.00584000000399998,0.00289999999120003,0.0017000000036));
#7017=CARTESIAN_POINT('',(-0.00943999999220004,0.0026459999912,0.0017000000036));
#7018=CARTESIAN_POINT('',(-0.00584000000399998,0.0026459999912,0.0017000000036));
#7019=CARTESIAN_POINT('',(-0.00584000000399998,3.62123525610158E-19,0.00215000000529998));
#7020=CARTESIAN_POINT('',(-0.00584000000399998,-0.00289999999120003,0.00215000000529998));
#7021=CARTESIAN_POINT('',(-0.00584000000399998,-0.00289999999120003,0.00350000001039998));
#7022=CARTESIAN_POINT('',(-0.00584000000399998,3.7834650157745E-19,0.00350000001039998));
#7023=CARTESIAN_POINT('',(-0.00584000000399998,0.00289999999120003,0.00350000001039998));
#7024=CARTESIAN_POINT('',(-0.00584000000399998,0.00289999999120003,0.00215000000529998));
#7025=CARTESIAN_POINT('',(-0.0106800000014,-1.73472347597681E-19,0.00350000001039998));
#7026=CARTESIAN_POINT('',(-0.00434000000679997,-1.73472347597681E-19,0.00350000001039998));
#7027=CARTESIAN_POINT('',(-0.00434000000679997,-0.00289999999120003,0.00350000001039998));
#7028=CARTESIAN_POINT('',(-0.00434000000679997,0.00289999999120003,0.00350000001039998));
#7029=CARTESIAN_POINT('',(-0.0106800000014,0.00289999999120003,0.00350000001039998));
#7030=CARTESIAN_POINT('',(-0.0106800000014,-0.00289999999120003,0.00350000001039998));
#7031=CARTESIAN_POINT('',(-0.00434000000679997,-3.62123525610158E-19,0.00215000000529998));
#7032=CARTESIAN_POINT('',(-0.00434000000679997,0.0026459999912,0.0017000000036));
#7033=CARTESIAN_POINT('',(-0.00434000000679997,0.00289999999120003,0.0017000000036));
#7034=CARTESIAN_POINT('',(-0.00434000000679997,0.00289999999120003,0.00215000000529998));
#7035=CARTESIAN_POINT('',(-0.00434000000679997,-0.00289999999120003,0.00215000000529998));
#7036=CARTESIAN_POINT('',(-0.00763999999809998,0.0026459999912,0.0017000000036));
#7037=CARTESIAN_POINT('',(-2.02095284951298E-18,0.00289999999120003,0.0017000000036));
#7038=CARTESIAN_POINT('',(-0.000739999993200008,0.00289999999120003,0.0017000000036));
#7039=CARTESIAN_POINT('',(-0.000739999993200007,0.0026459999912,0.0017000000036));
#7040=CARTESIAN_POINT('',(-0.000739999993200008,-1.73472347597681E-19,0.00215000000529999));
#7041=CARTESIAN_POINT('',(-0.000739999993200008,-0.00289999999120003,0.00215000000529999));
#7042=CARTESIAN_POINT('',(-0.000739999993200008,-0.00289999999120003,0.00350000001039998));
#7043=CARTESIAN_POINT('',(-0.000739999993200008,-1.57249371630389E-19,0.00350000001039998));
#7044=CARTESIAN_POINT('',(-0.000739999993200008,0.00289999999120003,0.00350000001039998));
#7045=CARTESIAN_POINT('',(-0.000739999993200008,0.00289999999120003,0.00215000000529999));
#7046=CARTESIAN_POINT('',(-0.0106800000014,-1.73472347597681E-19,0.00350000001039998));
#7047=CARTESIAN_POINT('',(0.000739999993200008,-1.73472347597681E-19,0.00350000001039998));
#7048=CARTESIAN_POINT('',(0.000739999993200008,-0.00289999999120003,0.00350000001039998));
#7049=CARTESIAN_POINT('',(0.000739999993200008,0.00289999999120003,0.00350000001039998));
#7050=CARTESIAN_POINT('',(-0.0106800000014,0.00289999999120003,0.00350000001039998));
#7051=CARTESIAN_POINT('',(-0.0106800000014,-0.00289999999120003,0.00350000001039998));
#7052=CARTESIAN_POINT('',(0.000739999993200008,-1.73472347597681E-19,0.00215000000529999));
#7053=CARTESIAN_POINT('',(0.000739999993200007,0.0026459999912,0.0017000000036));
#7054=CARTESIAN_POINT('',(0.000739999993200008,0.00289999999120003,0.0017000000036));
#7055=CARTESIAN_POINT('',(0.000739999993200008,0.00289999999120003,0.00215000000529999));
#7056=CARTESIAN_POINT('',(0.000739999993200008,-0.00289999999120003,0.00215000000529999));
#7057=CARTESIAN_POINT('',(-0.00763999999809998,0.0026459999912,0.0017000000036));
#7058=CARTESIAN_POINT('',(-2.02095284951298E-18,0.00289999999120003,0.0017000000036));
#7059=CARTESIAN_POINT('',(0.00434000000679997,0.00289999999120003,0.0017000000036));
#7060=CARTESIAN_POINT('',(0.00434000000679997,0.0026459999912,0.0017000000036));
#7061=CARTESIAN_POINT('',(0.00434000000679997,3.62123525610158E-19,0.00215000000529998));
#7062=CARTESIAN_POINT('',(0.00434000000679997,-0.00289999999120003,0.00215000000529998));
#7063=CARTESIAN_POINT('',(0.00434000000679997,-0.00289999999120003,0.00350000001039998));
#7064=CARTESIAN_POINT('',(0.00434000000679997,3.7834650157745E-19,0.00350000001039998));
#7065=CARTESIAN_POINT('',(0.00434000000679997,0.00289999999120003,0.00350000001039998));
#7066=CARTESIAN_POINT('',(0.00434000000679997,0.00289999999120003,0.00215000000529998));
#7067=CARTESIAN_POINT('',(-0.0106800000014,-1.73472347597681E-19,0.00350000001039998));
#7068=CARTESIAN_POINT('',(0.00584000000399998,-3.34053905767081E-19,0.00350000001039998));
#7069=CARTESIAN_POINT('',(0.00584000000399998,-0.00289999999120003,0.00350000001039998));
#7070=CARTESIAN_POINT('',(0.00584000000399998,0.00289999999120003,0.00350000001039998));
#7071=CARTESIAN_POINT('',(-0.0106800000014,0.00289999999120003,0.00350000001039998));
#7072=CARTESIAN_POINT('',(-0.0106800000014,-0.00289999999120003,0.00350000001039998));
#7073=CARTESIAN_POINT('',(0.00584000000399998,-3.62123525610158E-19,0.00215000000529998));
#7074=CARTESIAN_POINT('',(0.00584000000399998,0.0026459999912,0.0017000000036));
#7075=CARTESIAN_POINT('',(0.00584000000399998,0.00289999999120003,0.0017000000036));
#7076=CARTESIAN_POINT('',(0.00584000000399998,0.00289999999120003,0.00215000000529998));
#7077=CARTESIAN_POINT('',(0.00584000000399998,-0.00289999999120003,0.00215000000529998));
#7078=CARTESIAN_POINT('',(-0.00763999999809998,0.0026459999912,0.0017000000036));
#7079=CARTESIAN_POINT('',(-2.02095284951298E-18,0.00289999999120003,0.0017000000036));
#7080=CARTESIAN_POINT('',(0.00943999999220004,0.00289999999120003,0.0017000000036));
#7081=CARTESIAN_POINT('',(0.00943999999220004,0.0026459999912,0.0017000000036));
#7082=CARTESIAN_POINT('',(0.00943999999220004,3.62123525610158E-19,0.00215000000529998));
#7083=CARTESIAN_POINT('',(0.00943999999220004,-0.00289999999120003,0.00215000000529998));
#7084=CARTESIAN_POINT('',(0.00943999999220004,-0.00289999999120003,0.00350000001039998));
#7085=CARTESIAN_POINT('',(0.00943999999220004,3.7834650157745E-19,0.00350000001039998));
#7086=CARTESIAN_POINT('',(0.00943999999220004,0.00289999999120003,0.00350000001039998));
#7087=CARTESIAN_POINT('',(0.00943999999220004,0.00289999999120003,0.00215000000529998));
#7088=CARTESIAN_POINT('',(-0.0106800000014,-1.73472347597681E-19,0.00350000001039998));
#7089=CARTESIAN_POINT('',(0.0119200000106,1.78193701597724E-18,0.00350000001039998));
#7090=CARTESIAN_POINT('',(0.0119200000106,0.00289999999120003,0.00350000001039998));
#7091=CARTESIAN_POINT('',(-0.0106800000014,0.00289999999120003,0.00350000001039998));
#7092=CARTESIAN_POINT('',(-0.0106800000014,-0.00289999999120003,0.00350000001039998));
#7093=CARTESIAN_POINT('',(0.0119200000106,-0.00289999999120003,0.00350000001039998));
#7094=CARTESIAN_POINT('',(0.0119200000106,1.78193701597724E-18,0.00350000001039998));
#7095=CARTESIAN_POINT('',(-0.0025199963951,0.006724430925,-0.000100000003199999));
#7096=CARTESIAN_POINT('',(0.00624000367901911,0.00879462266465323,-0.000100000015603501));
#7097=CARTESIAN_POINT('',(0.00640546709455118,0.00913869592487416,-0.000100000015603501));
#7098=CARTESIAN_POINT('',(0.00667043115398422,0.00965116775077461,-0.000100000000381021));
#7099=CARTESIAN_POINT('',(0.00711377828250588,0.0102645439071948,-0.000100000003763795));
#7100=CARTESIAN_POINT('',(0.00744628436327822,0.0105000829437682,-0.000100000003199999));
#7101=CARTESIAN_POINT('',(0.00764024247920323,0.0104999867649618,-0.000100000003199999));
#7102=CARTESIAN_POINT('',(0.00624000359819999,0.00879462259792217,-0.000100000003199999));
#7103=CARTESIAN_POINT('',(0.00624000359819999,0.006724430925,-0.000100000003199999));
#7104=CARTESIAN_POINT('',(0.00624000359819999,0.00289999999120003,-0.000100000003199999));
#7105=CARTESIAN_POINT('',(-2.02265175559405E-18,0.00289999999120003,-0.000100000003199999));
#7106=CARTESIAN_POINT('',(0.00904000361160004,0.00289999999120003,-0.000100000003199999));
#7107=CARTESIAN_POINT('',(0.00904000361160004,0.006724430925,-0.000100000003199999));
#7108=CARTESIAN_POINT('',(-0.0025199963951,0.006724430925,-0.000100000003199999));
#7109=CARTESIAN_POINT('',(0.00116000368756004,0.00879462268329685,-0.000100000014743305));
#7110=CARTESIAN_POINT('',(0.00132546710206777,0.00913869594023248,-0.000100000014743305));
#7111=CARTESIAN_POINT('',(0.00159043116029119,0.00965116776092163,-0.00010000000057652));
#7112=CARTESIAN_POINT('',(0.00203377828633447,0.0102645439109009,-0.000100000003724695));
#7113=CARTESIAN_POINT('',(0.00236628436512485,0.0105000829438042,-0.000100000003199999));
#7114=CARTESIAN_POINT('',(0.00256024247929395,0.0104999867649617,-0.000100000003199999));
#7115=CARTESIAN_POINT('',(0.00116000359820001,0.00879462260811709,-0.000100000003199999));
#7116=CARTESIAN_POINT('',(0.00116000359820001,0.006724430925,-0.000100000003199999));
#7117=CARTESIAN_POINT('',(0.00116000359820001,0.00289999999120003,-0.000100000003199999));
#7118=CARTESIAN_POINT('',(-2.02265175559405E-18,0.00289999999120003,-0.000100000003199999));
#7119=CARTESIAN_POINT('',(0.00396000361160003,0.00289999999120003,-0.000100000003199999));
#7120=CARTESIAN_POINT('',(0.00396000361160003,0.006724430925,-0.000100000003199999));
#7121=CARTESIAN_POINT('',(-0.0025199963951,0.006724430925,-0.000100000003199999));
#7122=CARTESIAN_POINT('',(-0.00391999632378486,0.00879462266135518,-0.000100000014591771));
#7123=CARTESIAN_POINT('',(-0.00375453290791094,0.0091386959225072,-0.000100000014591771));
#7124=CARTESIAN_POINT('',(-0.00348956884755216,0.0096511677495879,-0.00010000000061096));
#7125=CARTESIAN_POINT('',(-0.00304622171840154,0.0102645439078909,-0.000100000003717807));
#7126=CARTESIAN_POINT('',(-0.00271371563695423,0.0105000829453718,-0.000100000003199999));
#7127=CARTESIAN_POINT('',(-0.00251975752052767,0.0104999867664556,-0.000100000003199999));
#7128=CARTESIAN_POINT('',(-0.00391999640179998,0.0087946225961082,-0.000100000003199999));
#7129=CARTESIAN_POINT('',(-0.00391999640179998,0.006724430925,-0.000100000003199999));
#7130=CARTESIAN_POINT('',(-0.00391999640179998,0.00289999999120003,-0.000100000003199999));
#7131=CARTESIAN_POINT('',(-2.02265175559405E-18,0.00289999999120003,-0.000100000003199999));
#7132=CARTESIAN_POINT('',(-0.00111999638839999,0.00289999999120003,-0.000100000003199999));
#7133=CARTESIAN_POINT('',(-0.00111999638839999,0.006724430925,-0.000100000003199999));
#7134=CARTESIAN_POINT('',(-0.0106800000014,-1.73472347597681E-19,0.00350000001039998));
#7135=CARTESIAN_POINT('',(-0.0119200000106,-6.61843994766535E-20,0.00350000001039998));
#7136=CARTESIAN_POINT('',(-0.0119200000106,-0.00289999999120003,0.00350000001039998));
#7137=CARTESIAN_POINT('',(-0.0106800000014,-0.00289999999120003,0.00350000001039998));
#7138=CARTESIAN_POINT('',(-0.00943999999220004,-0.00289999999120003,0.00350000001039998));
#7139=CARTESIAN_POINT('',(-0.00943999999220004,-2.21155880095911E-19,0.00350000001039998));
#7140=CARTESIAN_POINT('',(-0.00943999999220004,0.00289999999120003,0.00350000001039998));
#7141=CARTESIAN_POINT('',(-0.0106800000014,0.00289999999120003,0.00350000001039998));
#7142=CARTESIAN_POINT('',(-0.0119200000106,0.00289999999120003,0.00350000001039998));
#7143=CARTESIAN_POINT('',(-0.0119200000106,-6.61843994766535E-20,0.00350000001039998));
#7144=CARTESIAN_POINT('',(-0.00943999999220004,-3.62123525610158E-19,0.00215000000529998));
#7145=CARTESIAN_POINT('',(-0.00943999999220004,0.00289999999120003,0.00215000000529998));
#7146=CARTESIAN_POINT('',(-0.00943999999220004,-0.00289999999120003,0.00215000000529998));
#7147=CARTESIAN_POINT('',(-0.0119200000106,-1.73472347597681E-19,0.0026249999951));
#7148=CARTESIAN_POINT('',(-0.0119200000106,0.00289999999120003,0.0026249999951));
#7149=CARTESIAN_POINT('',(-0.0119200000106,0.00289999999120003,0.));
#7150=CARTESIAN_POINT('',(-0.0119200000106,-1.73472347597681E-19,0.));
#7151=CARTESIAN_POINT('',(-0.0119200000106,-0.00289999999120003,0.));
#7152=CARTESIAN_POINT('',(-0.0119200000106,-0.00289999999120003,0.0026249999951));
#7153=CARTESIAN_POINT('',(-2.02095284951298E-18,-0.00289999999120003,0.0017500000052));
#7154=CARTESIAN_POINT('',(-2.02095284951298E-18,-0.00289999999120003,0.));
#7155=CARTESIAN_POINT('',(0.0119200000106,-0.00289999999120003,0.));
#7156=CARTESIAN_POINT('',(0.0119200000106,-0.00289999999120003,0.0017500000052));
#7157=CARTESIAN_POINT('',(0.0119200000106,-1.73472347597681E-19,0.0026249999951));
#7158=CARTESIAN_POINT('',(0.0119200000106,-1.73472347597681E-19,0.));
#7159=CARTESIAN_POINT('',(0.0119200000106,0.00289999999120003,0.));
#7160=CARTESIAN_POINT('',(0.0119200000106,0.00289999999120003,0.0026249999951));
#7161=CARTESIAN_POINT('',(0.00904000361160004,0.0042875016104,-0.0014499999956));
#7162=CARTESIAN_POINT('',(0.00904000361160004,0.00289999999120003,0.0017000000036));
#7163=CARTESIAN_POINT('',(0.00904000361160004,0.00289999999120003,0.));
#7164=CARTESIAN_POINT('',(0.00904000361160004,0.0042875016104,0.));
#7165=CARTESIAN_POINT('',(0.00904000361160004,-0.00199999998779999,0.));
#7166=CARTESIAN_POINT('',(0.00904000361160004,-0.00199999998779999,-0.000699999997));
#7167=CARTESIAN_POINT('',(-0.00759999639509997,-0.00199999998779999,-0.000699999997));
#7168=CARTESIAN_POINT('',(-0.00759999639509997,-0.00199999998779999,0.));
#7169=CARTESIAN_POINT('',(0.00624000359819999,-0.00199999998779999,0.));
#7170=CARTESIAN_POINT('',(0.00624000359819999,-0.00199999998779999,-0.0014499999956));
#7171=CARTESIAN_POINT('',(0.00624000359819999,0.0042894423482,-0.0014499999956));
#7172=CARTESIAN_POINT('',(0.00624000361085694,0.00879462266440637,-0.000100000084025546));
#7173=CARTESIAN_POINT('',(0.00624000361085694,0.00913861426077956,-0.000265424230735823));
#7174=CARTESIAN_POINT('',(0.00624000359532341,0.00965097621487577,-0.000530321472538513));
#7175=CARTESIAN_POINT('',(0.00624000359877531,0.0102642076686191,-0.000973517828633759));
#7176=CARTESIAN_POINT('',(0.00624000359819999,0.0104998724319136,-0.00130581386595577));
#7177=CARTESIAN_POINT('',(0.00624000359819999,0.0104999866661853,-0.00149972233527858));
#7178=CARTESIAN_POINT('',(0.00624000359819999,0.0042894423482,0.));
#7179=CARTESIAN_POINT('',(0.00624000359819999,0.00289999999120003,0.));
#7180=CARTESIAN_POINT('',(0.00624000359819999,0.00289999999120003,0.0017000000036));
#7181=CARTESIAN_POINT('',(0.00396000361160003,0.0042875016104,-0.0014499999956));
#7182=CARTESIAN_POINT('',(0.00396000361160003,0.00289999999120003,0.0017000000036));
#7183=CARTESIAN_POINT('',(0.00396000361160003,0.00289999999120003,0.));
#7184=CARTESIAN_POINT('',(0.00396000361160003,0.0042875016104,0.));
#7185=CARTESIAN_POINT('',(0.00396000361160003,-0.00199999998779999,0.));
#7186=CARTESIAN_POINT('',(0.00396000361160003,-0.00199999998779999,-0.000699999997));
#7187=CARTESIAN_POINT('',(-0.00759999639509997,-0.00199999998779999,-0.000699999997));
#7188=CARTESIAN_POINT('',(-0.00759999639509997,-0.00199999998779999,0.));
#7189=CARTESIAN_POINT('',(0.00116000359820001,-0.00199999998779999,0.));
#7190=CARTESIAN_POINT('',(0.00116000359820001,-0.00199999998779999,-0.0014499999956));
#7191=CARTESIAN_POINT('',(0.00116000359820001,0.0042894423482,-0.0014499999956));
#7192=CARTESIAN_POINT('',(0.00116000361198537,0.00879462268111312,-0.000100000092616875));
#7193=CARTESIAN_POINT('',(0.00116000361198537,0.00913867908231233,-0.000265455404142973));
#7194=CARTESIAN_POINT('',(0.00116000359506697,0.00965112823327069,-0.000530405684834119));
#7195=CARTESIAN_POINT('',(0.00116000359882662,0.0102644744892045,-0.000973721673821168));
#7196=CARTESIAN_POINT('',(0.00116000359820001,0.0105000395057208,-0.00130618445332188));
#7197=CARTESIAN_POINT('',(0.00116000359820001,0.0104999867311713,-0.00150013233137238));
#7198=CARTESIAN_POINT('',(0.00116000359820001,0.0042894423482,0.));
#7199=CARTESIAN_POINT('',(0.00116000359820001,0.00289999999120003,0.));
#7200=CARTESIAN_POINT('',(0.00116000359820001,0.00289999999120003,0.0017000000036));
#7201=CARTESIAN_POINT('',(-0.00111999638839999,0.0042875016104,-0.0014499999956));
#7202=CARTESIAN_POINT('',(-0.00111999638839999,0.00289999999120003,0.0017000000036));
#7203=CARTESIAN_POINT('',(-0.00111999638839999,0.00289999999120003,0.));
#7204=CARTESIAN_POINT('',(-0.00111999638839999,0.0042875016104,0.));
#7205=CARTESIAN_POINT('',(-0.00111999638839999,-0.00199999998779999,0.));
#7206=CARTESIAN_POINT('',(-0.00111999638839999,-0.00199999998779999,-0.000699999997));
#7207=CARTESIAN_POINT('',(-0.00759999639509997,-0.00199999998779999,-0.000699999997));
#7208=CARTESIAN_POINT('',(-0.00759999639509997,-0.00199999998779999,0.));
#7209=CARTESIAN_POINT('',(-0.00391999640179998,-0.00199999998779999,0.));
#7210=CARTESIAN_POINT('',(-0.00391999640179998,-0.00199999998779999,-0.0014499999956));
#7211=CARTESIAN_POINT('',(-0.00391999640179998,0.0042894423482,-0.0014499999956));
#7212=CARTESIAN_POINT('',(-0.00391999638821826,0.00879462265922221,-0.000100000081270647));
#7213=CARTESIAN_POINT('',(-0.00391999638821826,0.00913861573601936,-0.000265424939693332));
#7214=CARTESIAN_POINT('',(-0.00391999640488673,0.00965097968332835,-0.000530323393203988));
#7215=CARTESIAN_POINT('',(-0.00391999640118263,0.0102642137578063,-0.000973522478310041));
#7216=CARTESIAN_POINT('',(-0.00391999640179998,0.0104998762509325,-0.0013058223252293));
#7217=CARTESIAN_POINT('',(-0.00391999640179998,0.0104999866731016,-0.0014997316956104));
#7218=CARTESIAN_POINT('',(-0.00391999640179998,0.0042894423482,0.));
#7219=CARTESIAN_POINT('',(-0.00391999640179998,0.00289999999120003,0.));
#7220=CARTESIAN_POINT('',(-0.00391999640179998,0.00289999999120003,0.0017000000036));
#7221=CARTESIAN_POINT('',(-2.02095284951298E-18,0.00289999999120003,0.0017000000036));
#7222=CARTESIAN_POINT('',(-2.02999653011088E-18,0.00289999999120003,0.));
#7223=CARTESIAN_POINT('',(-2.02999653011088E-18,0.00289999999120003,0.));
#7224=CARTESIAN_POINT('',(-2.02999653011088E-18,0.00289999999120003,0.));
#7225=CARTESIAN_POINT('',(-2.02999653011088E-18,0.00289999999120003,0.));
#7226=CARTESIAN_POINT('',(-0.0061999963884,0.00289999999120003,0.));
#7227=CARTESIAN_POINT('',(-0.0061999963884,0.00289999999120003,0.0017000000036));
#7228=CARTESIAN_POINT('',(-0.0061999963884,0.00289999999120003,-0.000100000003199999));
#7229=CARTESIAN_POINT('',(-2.02265175559405E-18,0.00289999999120003,-0.000100000003199999));
#7230=CARTESIAN_POINT('',(-0.00899999640179996,0.00289999999120003,-0.000100000003199999));
#7231=CARTESIAN_POINT('',(-0.00899999640179996,0.00289999999120003,0.0017000000036));
#7232=CARTESIAN_POINT('',(-0.00899999640179996,0.00289999999120003,0.));
#7233=CARTESIAN_POINT('',(-2.02999653011088E-18,0.00289999999120003,0.));
#7234=CARTESIAN_POINT('',(-0.00759999639509997,-0.00199999998779999,-0.000699999997));
#7235=CARTESIAN_POINT('',(-0.0061999963884,-0.00199999998779999,-0.0014499999956));
#7236=CARTESIAN_POINT('',(-0.0061999963884,-0.00199999998779999,0.));
#7237=CARTESIAN_POINT('',(-0.00619999663852699,-0.00199999998759853,-0.00140002457817202));
#7238=CARTESIAN_POINT('',(-0.00759999639509997,-0.00199999998779999,0.));
#7239=CARTESIAN_POINT('',(-0.00899999640179996,-0.00199999998779999,0.));
#7240=CARTESIAN_POINT('',(-0.00899999640179996,-0.00199999998779999,-0.0014499999956));
#7241=CARTESIAN_POINT('',(-0.00899999640179996,-0.00199999998779999,-0.00139999999374603));
#7242=CARTESIAN_POINT('',(-0.00759999639509997,-0.00199999998779999,-0.00139999999374603));
#7243=CARTESIAN_POINT('',(-2.02095284951298E-18,-1.73472347597681E-19,0.));
#7244=CARTESIAN_POINT('',(-0.0061999963884,0.0042875016104,0.));
#7245=CARTESIAN_POINT('',(-0.00899999640179996,0.0042894423482,0.));
#7246=CARTESIAN_POINT('',(-0.0025199963951,0.006724430925,-0.000100000003199999));
#7247=CARTESIAN_POINT('',(-0.00619999641147356,0.00879463423158819,-0.000100000003199999));
#7248=CARTESIAN_POINT('',(-0.00636542327552902,0.00913863080069044,-0.000100000003199999));
#7249=CARTESIAN_POINT('',(-0.00663032527249944,0.00965099907769567,-0.000100000003199999));
#7250=CARTESIAN_POINT('',(-0.00707353307517211,0.0102642389198549,-0.000100000003199999));
#7251=CARTESIAN_POINT('',(-0.00740584593002176,0.0104998906337966,-0.000100000003199999));
#7252=CARTESIAN_POINT('',(-0.0075997575774513,0.0104999867664838,-0.000100000003199999));
#7253=CARTESIAN_POINT('',(-0.0061999963884,0.00879463420930342,-0.000100000003199999));
#7254=CARTESIAN_POINT('',(-0.00759975757748419,0.0104999867001281,-0.000100000003199999));
#7255=CARTESIAN_POINT('',(-0.0075997575774513,0.0104999867664838,-0.000100000003199999));
#7256=CARTESIAN_POINT('',(-0.00779434440899361,0.0105000832338969,-0.000100000003199999));
#7257=CARTESIAN_POINT('',(-0.00812805943012979,0.0102626655261398,-0.000100000003199999));
#7258=CARTESIAN_POINT('',(-0.00857028194128514,0.00964953692619909,-0.000100000003199999));
#7259=CARTESIAN_POINT('',(-0.00883469140461969,0.00913836634506069,-0.000100000003199999));
#7260=CARTESIAN_POINT('',(-0.00899999631224061,0.00879462269705695,-0.000100000003199999));
#7261=CARTESIAN_POINT('',(-0.00899999640179996,0.00879462270227392,-0.000100000046166112));
#7262=CARTESIAN_POINT('',(-0.00899999640179996,0.006724430925,-0.000100000003199999));
#7263=CARTESIAN_POINT('',(-0.0061999963884,0.006724430925,-0.000100000003199999));
#7264=CARTESIAN_POINT('',(-0.00759999639509997,-0.000499999990345989,-0.00139999999374603));
#7265=CARTESIAN_POINT('',(-0.0025199963951,-0.000499999990345989,-0.00289999999120003));
#7266=CARTESIAN_POINT('',(-0.0061999966384841,-0.000500012942709996,-0.00289999999114411));
#7267=CARTESIAN_POINT('',(-0.0089999964018,-0.000500020645765792,-0.00289999999105781));
#7268=CARTESIAN_POINT('',(-0.0061999963884,-0.000499999990345989,-0.00139999999374603));
#7269=CARTESIAN_POINT('',(-0.00899999640179996,-0.000499999990345989,-0.00139999999374603));
#7270=CARTESIAN_POINT('',(-0.0061999963884,0.0042875016104,-0.0014499999956));
#7271=CARTESIAN_POINT('',(-0.0061999963884,0.0050330016942,-0.00289999999120003));
#7272=CARTESIAN_POINT('',(-0.0061999963884,0.00879464582561379,-0.00289999999120003));
#7273=CARTESIAN_POINT('',(-0.00619999638131236,0.0087946458407259,-0.00289999997684503));
#7274=CARTESIAN_POINT('',(-0.00619999638131236,0.00913858893589439,-0.00273459915842561));
#7275=CARTESIAN_POINT('',(-0.00619999639001083,0.00965088538572614,-0.00246974159594147));
#7276=CARTESIAN_POINT('',(-0.00619999638807783,0.010264031026051,-0.00202663389139694));
#7277=CARTESIAN_POINT('',(-0.0061999963884,0.0104997671559005,-0.00169446065059307));
#7278=CARTESIAN_POINT('',(-0.0061999963884,0.0105000029061713,-0.00150058166610926));
#7279=CARTESIAN_POINT('',(-0.0061999963884,0.0105000028398164,-0.00150058166529065));
#7280=CARTESIAN_POINT('',(-0.00619999639908133,0.0105000029044058,-0.00150058166536919));
#7281=CARTESIAN_POINT('',(-0.00619999639908133,0.0105002395504381,-0.00130596576698411));
#7282=CARTESIAN_POINT('',(-0.00619999638354485,0.0102628947738994,-0.000972092588882995));
#7283=CARTESIAN_POINT('',(-0.00619999639131309,0.00964964597272592,-0.000529769135028045));
#7284=CARTESIAN_POINT('',(-0.0061999963884,0.00913842854097221,-0.000265328964362042));
#7285=CARTESIAN_POINT('',(-0.0061999963884,0.00879463423134357,-0.000100000026155823));
#7286=CARTESIAN_POINT('',(-0.0075999935884,0.0105134941116541,-0.0015000027912));
#7287=CARTESIAN_POINT('',(-0.0075999935884,0.0104999949676023,-0.0015000027912));
#7288=CARTESIAN_POINT('',(-0.00899999640179996,0.0042894423482,-0.0014499999956));
#7289=CARTESIAN_POINT('',(-0.00899999638160267,0.00879462268561964,-0.000100000097231419));
#7290=CARTESIAN_POINT('',(-0.00899999638160267,0.00913867914873167,-0.000265455438424923));
#7291=CARTESIAN_POINT('',(-0.00899999640639025,0.00965112838429759,-0.000530405767097932));
#7292=CARTESIAN_POINT('',(-0.0089999964008819,0.010264474749508,-0.00097372187196365));
#7293=CARTESIAN_POINT('',(-0.00899999640179996,0.0105000396685798,-0.00130618481198397));
#7294=CARTESIAN_POINT('',(-0.00899999640179996,0.0104999867325573,-0.00150013272769804));
#7295=CARTESIAN_POINT('',(-0.00899999640179996,0.0104999866662015,-0.00150013272767993));
#7296=CARTESIAN_POINT('',(-0.00899999640179996,0.0104999867325573,-0.00150013272769804));
#7297=CARTESIAN_POINT('',(-0.00899999640179996,0.0104999336308407,-0.00169468771621033));
#7298=CARTESIAN_POINT('',(-0.00899999640179996,0.0102624390932224,-0.00202823277765594));
#7299=CARTESIAN_POINT('',(-0.00899999640179996,0.00964944101836126,-0.0024703457321043));
#7300=CARTESIAN_POINT('',(-0.00899999640179996,0.00913832242193273,-0.00273472137605887));
#7301=CARTESIAN_POINT('',(-0.00899999640179996,0.00879463416058327,-0.00289999997687242));
#7302=CARTESIAN_POINT('',(-0.00899999640179996,0.00879463414568651,-0.00289999999120003));
#7303=CARTESIAN_POINT('',(-0.00899999640179996,0.0050330016942,-0.00289999999120003));
#7304=CARTESIAN_POINT('',(-0.0025199963951,0.0050330016942,-0.00289999999120003));
#7305=CARTESIAN_POINT('',(-0.00899999639016347,0.00879463415498733,-0.00289999999120003));
#7306=CARTESIAN_POINT('',(-0.00883456469075012,0.0091386421565715,-0.00289999999120003));
#7307=CARTESIAN_POINT('',(-0.00856965464187225,0.00965102637057345,-0.00289999999120003));
#7308=CARTESIAN_POINT('',(-0.00812642961160902,0.0102642872819805,-0.00289999999120003));
#7309=CARTESIAN_POINT('',(-0.00779409326544425,0.0104999293656333,-0.00289999999120003));
#7310=CARTESIAN_POINT('',(-0.00760017490667473,0.0105000032235879,-0.00289999999120003));
#7311=CARTESIAN_POINT('',(-0.00760017490666718,0.010500003203753,-0.00289999987687465));
#7312=CARTESIAN_POINT('',(-0.00760017490667474,0.0105000032235879,-0.00289999999120003));
#7313=CARTESIAN_POINT('',(-0.00740559343277883,0.0105000773341041,-0.00289999999120003));
#7314=CARTESIAN_POINT('',(-0.00707190494311133,0.0102626487103713,-0.00289999999120003));
#7315=CARTESIAN_POINT('',(-0.00662970033500358,0.00964954142461253,-0.00289999999120003));
#7316=CARTESIAN_POINT('',(-0.00636529682585523,0.0091383801618716,-0.00289999999120003));
#7317=CARTESIAN_POINT('',(-0.00619999640559717,0.00879464583935912,-0.00289999999120003));
#7318=CARTESIAN_POINT('',(-0.0075999935884,0.0105134941116541,-0.0015000027912));
#7319=CARTESIAN_POINT('',(-0.0075999935884,0.0104999949676023,-0.0015000027912));
#7320=CARTESIAN_POINT('',(-0.0075999963951,0.0140000031912001,-0.0015000000099));
#7321=CARTESIAN_POINT('',(-0.0075999964078,0.0140000031912001,-0.0014999999972));
#7322=CARTESIAN_POINT('',(-0.0075999964078,0.0140000031912001,-9.99999780540001E-5));
#7323=CARTESIAN_POINT('',(-0.0075999935884,0.0105134941116541,-0.0015000027912));
#7324=CARTESIAN_POINT('',(-0.0075999935884,0.0104999949676023,-0.0015000027912));
#7325=CARTESIAN_POINT('',(-0.0075999964078,0.0105000032062,-0.0014999999972));
#7326=CARTESIAN_POINT('',(-0.0075999935884,0.0104999949676023,-0.0015000027912));
#7327=CARTESIAN_POINT('',(0.0076400064116,0.0105134941116541,-0.0015000027912));
#7328=CARTESIAN_POINT('',(0.0025600064116,0.0105134941116541,-0.0015000027912));
#7329=CARTESIAN_POINT('',(-0.0025199935884,0.0105134941116541,-0.0015000027912));
#7330=CARTESIAN_POINT('',(-0.0075999935884,0.0105134941116541,-0.0015000027912));
#7331=CARTESIAN_POINT('',(-2.21762667610436E-5,-0.00014885679030241,-0.00352271510340772));
#7332=CARTESIAN_POINT('',(-0.00922020000050805,0.0104139999997459,-0.013027000006654));
#7333=CARTESIAN_POINT('',(-0.00972820000025405,0.0104139999997459,-0.0130270000059767));
#7334=CARTESIAN_POINT('',(-0.00972820000025405,0.009906,-0.013027000005638));
#7335=CARTESIAN_POINT('',(-0.00922020000001194,0.0104139999996794,-0.0131267460887771));
#7336=CARTESIAN_POINT('',(-0.00972819997554545,0.0104139999749044,-0.0131932450196538));
#7337=CARTESIAN_POINT('',(-0.00972820000038705,0.00990599999950383,-0.0131267460877611));
#7338=CARTESIAN_POINT('',(-0.00920697453328109,0.0103743235972147,-0.0133261899684652));
#7339=CARTESIAN_POINT('',(-0.00963506808739435,0.0103208680865172,-0.0134937902024535));
#7340=CARTESIAN_POINT('',(-0.00968852359808991,0.00989277453277298,-0.0133261899675592));
#7341=CARTESIAN_POINT('',(-0.0091504815441236,0.0102048446307063,-0.013579844669925));
#7342=CARTESIAN_POINT('',(-0.00939163657296508,0.010077436572091,-0.0137014467344937));
#7343=CARTESIAN_POINT('',(-0.0095190446317857,0.00983628154361548,-0.013579844669417));
#7344=CARTESIAN_POINT('',(-0.00906593002753438,0.00995119008103561,-0.0137493235948049));
#7345=CARTESIAN_POINT('',(-0.00917100600116739,0.00985680600044147,-0.0137758610537709));
#7346=CARTESIAN_POINT('',(-0.00926539008193931,0.00975173002702627,-0.013749323594695));
#7347=CARTESIAN_POINT('',(-0.00899944860843689,0.00975174582412822,-0.0137890000064));
#7348=CARTESIAN_POINT('',(-0.00903269721664588,0.00971849721609828,-0.0137890000063048));
#7349=CARTESIAN_POINT('',(-0.00906594582476924,0.00968524860792878,-0.0137890000064));
#7350=CARTESIAN_POINT('',(-0.00896620000025405,0.00965199999974594,-0.0137890000064));
#7351=CARTESIAN_POINT('',(-0.00896620000025405,0.00965199999974594,-0.0137890000064));
#7352=CARTESIAN_POINT('',(-0.00896620000025405,0.00965199999974594,-0.0137890000064));
#7353=CARTESIAN_POINT('',(-0.00896620000025405,0.00965199999974594,-0.0137890000064));
#7354=CARTESIAN_POINT('',(-0.00898830490889735,0.00971831472563162,-0.0137890000064));
#7355=CARTESIAN_POINT('',(-0.00902846198262506,0.00983953363261728,-0.0137689650761892));
#7356=CARTESIAN_POINT('',(-0.00905987226465714,0.00993275480065267,-0.0137400601267047));
#7357=CARTESIAN_POINT('',(-0.00911245851177828,0.0100910758165631,-0.0136567716779346));
#7358=CARTESIAN_POINT('',(-0.00915728001583075,0.0102248799307543,-0.0135434005187868));
#7359=CARTESIAN_POINT('',(-0.00920926414145752,0.0103829320476838,-0.0133127675456505));
#7360=CARTESIAN_POINT('',(-0.00922020000050805,0.0104139999999685,-0.0131212874436626));
#7361=CARTESIAN_POINT('',(-0.00922020000050805,0.0104139999999999,-0.0130270000064));
#7362=CARTESIAN_POINT('',(-0.00896620000025405,0.00965199999974594,-0.0137890000064));
#7363=CARTESIAN_POINT('',(-0.00922020000025405,0.010414,-0.013027000006146));
#7364=CARTESIAN_POINT('',(-0.00972820000000005,0.00990599999999994,-0.0130270000064));
#7365=CARTESIAN_POINT('',(-0.00972820000003147,0.00990599999999994,-0.0131212743450991));
#7366=CARTESIAN_POINT('',(-0.00969716005946144,0.00989506890064367,-0.0133127297465924));
#7367=CARTESIAN_POINT('',(-0.00953903951508159,0.00984306692616343,-0.0135434296791773));
#7368=CARTESIAN_POINT('',(-0.00940534296308823,0.00979828111981789,-0.0136567267492664));
#7369=CARTESIAN_POINT('',(-0.00924692503236789,0.00974566215457772,-0.0137400755065786));
#7370=CARTESIAN_POINT('',(-0.00915378556119553,0.00971427981185448,-0.0137689484855601));
#7371=CARTESIAN_POINT('',(-0.00903253564389951,0.00967411188099057,-0.0137890000064));
#7372=CARTESIAN_POINT('',(-0.00896620000025405,0.00965199999974594,-0.0137890000064));
#7373=CARTESIAN_POINT('',(-0.0097282,0.00990600000025395,-0.013027000006654));
#7374=CARTESIAN_POINT('',(-0.00922020000050805,0.009906,-0.0130270000064));
#7375=CARTESIAN_POINT('',(-0.0089154,0.009398,-0.00997299999299994));
#7376=CARTESIAN_POINT('',(1.44849410244063E-18,0.010414,-0.00997299999299994));
#7377=CARTESIAN_POINT('',(-0.00896619999974604,0.010414,-0.00997299999299994));
#7378=CARTESIAN_POINT('',(-0.0088646,0.010414,-0.00997299999299994));
#7379=CARTESIAN_POINT('',(-0.0088646,0.009398,-0.00997299999299994));
#7380=CARTESIAN_POINT('',(-0.0088646,0.008382,-0.00997299999299994));
#7381=CARTESIAN_POINT('',(-0.0089782142,0.008382,-0.00997299999299994));
#7382=CARTESIAN_POINT('',(-0.00896633017076642,0.008382,-0.00997300005971056));
#7383=CARTESIAN_POINT('',(-0.00896619999974604,0.009398,-0.00997299999299994));
#7384=CARTESIAN_POINT('',(-0.0094107,0.00640800001100003,-0.00947849999139998));
#7385=CARTESIAN_POINT('',(-0.0090932,0.00640800001100003,-0.00947849999139998));
#7386=CARTESIAN_POINT('',(-0.0090932,0.00640800001100003,-0.00936499998954603));
#7387=CARTESIAN_POINT('',(-0.0090932,0.00640800001100003,-0.00959199999299996));
#7388=CARTESIAN_POINT('',(-0.0094107,0.00640800001100003,-0.00959199999299996));
#7389=CARTESIAN_POINT('',(-0.0097282,0.00640800001100003,-0.00959199999299996));
#7390=CARTESIAN_POINT('',(-0.0097282,0.00640800001100003,-0.0110689999981));
#7391=CARTESIAN_POINT('',(-0.0097282,0.00640800001039758,-0.00936498249553026));
#7392=CARTESIAN_POINT('',(-0.0094107,0.00640800001100003,-0.00936499998954603));
#7393=CARTESIAN_POINT('',(-0.0089154,0.009398,-0.00997299999299994));
#7394=CARTESIAN_POINT('',(-0.0089782142,0.008382,-0.00997299999299994));
#7395=CARTESIAN_POINT('',(-0.00627379999974597,0.008382,-0.00997299999299994));
#7396=CARTESIAN_POINT('',(-0.0063754,0.008382,-0.00997299999299994));
#7397=CARTESIAN_POINT('',(-0.0063754,0.009398,-0.00997299999299994));
#7398=CARTESIAN_POINT('',(-0.0063754,0.010414,-0.00997299999299994));
#7399=CARTESIAN_POINT('',(1.44849410244063E-18,0.010414,-0.00997299999299994));
#7400=CARTESIAN_POINT('',(-0.00627379999974597,0.010414,-0.00997299999299994));
#7401=CARTESIAN_POINT('',(-0.00627379999974597,0.009398,-0.00997299999299994));
#7402=CARTESIAN_POINT('',(-0.0094107,0.00640800001100003,-0.00947849999139998));
#7403=CARTESIAN_POINT('',(-0.0055118,0.00640800001100003,-0.0109419999981));
#7404=CARTESIAN_POINT('',(-0.0055118,0.00640799994634317,-0.0093648187557763));
#7405=CARTESIAN_POINT('',(-0.0055118,0.00640800001100003,-0.00959199999299996));
#7406=CARTESIAN_POINT('',(-0.0094107,0.00640800001100003,-0.00959199999299996));
#7407=CARTESIAN_POINT('',(-0.0061468,0.00640800001100003,-0.00959199999299996));
#7408=CARTESIAN_POINT('',(-0.0061468,0.00640800001100003,-0.0109419999981));
#7409=CARTESIAN_POINT('',(-0.0061468,0.00640799994332743,-0.00936481457736537));
#7410=CARTESIAN_POINT('',(-0.0094107,0.00640800001100003,-0.00936499998954603));
#7411=CARTESIAN_POINT('',(-0.0094107,0.00640800001100003,-0.00947849999139998));
#7412=CARTESIAN_POINT('',(-0.0040132,0.00640800001100003,-0.0109419999981));
#7413=CARTESIAN_POINT('',(-0.0040132,0.00640799994634317,-0.0093648187557763));
#7414=CARTESIAN_POINT('',(-0.0040132,0.00640800001100003,-0.00959199999299996));
#7415=CARTESIAN_POINT('',(-0.0094107,0.00640800001100003,-0.00959199999299996));
#7416=CARTESIAN_POINT('',(-0.0046482,0.00640800001100003,-0.00959199999299996));
#7417=CARTESIAN_POINT('',(-0.0046482,0.00640800001100003,-0.0109419999981));
#7418=CARTESIAN_POINT('',(-0.0046482,0.00640799994332743,-0.00936481457736537));
#7419=CARTESIAN_POINT('',(-0.0094107,0.00640800001100003,-0.00936499998954603));
#7420=CARTESIAN_POINT('',(-0.0089154,0.009398,-0.00997299999299994));
#7421=CARTESIAN_POINT('',(1.44849410244063E-18,0.010414,-0.00997299999299994));
#7422=CARTESIAN_POINT('',(-0.00388619999974599,0.010414,-0.00997299999299994));
#7423=CARTESIAN_POINT('',(-0.00378460000000005,0.010414,-0.00997299999299994));
#7424=CARTESIAN_POINT('',(-0.00378460000000005,0.009398,-0.00997299999299994));
#7425=CARTESIAN_POINT('',(-0.00378460000000005,0.008382,-0.00997299999299994));
#7426=CARTESIAN_POINT('',(-0.0089782142,0.008382,-0.00997299999299994));
#7427=CARTESIAN_POINT('',(-0.00388619999974599,0.008382,-0.00997299999299994));
#7428=CARTESIAN_POINT('',(-0.00388619999974599,0.009398,-0.00997299999299994));
#7429=CARTESIAN_POINT('',(-0.0089154,0.009398,-0.00997299999299994));
#7430=CARTESIAN_POINT('',(-0.0089782142,0.008382,-0.00997299999299994));
#7431=CARTESIAN_POINT('',(-0.0011936638330072,0.008382,-0.00997300006599752));
#7432=CARTESIAN_POINT('',(-0.00129539999999996,0.008382,-0.00997299999299994));
#7433=CARTESIAN_POINT('',(-0.00129539999999996,0.009398,-0.00997299999299994));
#7434=CARTESIAN_POINT('',(-0.00129539999999996,0.010414,-0.00997299999299994));
#7435=CARTESIAN_POINT('',(1.44849410244063E-18,0.010414,-0.00997299999299994));
#7436=CARTESIAN_POINT('',(-0.00119379999974599,0.010414,-0.00997299999299994));
#7437=CARTESIAN_POINT('',(-0.00119379999974599,0.009398,-0.00997299999299994));
#7438=CARTESIAN_POINT('',(-0.0094107,0.00640800001100003,-0.00947849999139998));
#7439=CARTESIAN_POINT('',(-0.0004318,0.00640800001100003,-0.0109419999981));
#7440=CARTESIAN_POINT('',(-0.0004318,0.00640799994634317,-0.0093648187557763));
#7441=CARTESIAN_POINT('',(-0.0004318,0.00640800001100003,-0.00959199999299996));
#7442=CARTESIAN_POINT('',(-0.0094107,0.00640800001100003,-0.00959199999299996));
#7443=CARTESIAN_POINT('',(-0.0010668,0.00640800001100003,-0.00959199999299996));
#7444=CARTESIAN_POINT('',(-0.0010668,0.00640800001100003,-0.0109419999981));
#7445=CARTESIAN_POINT('',(-0.0010668,0.00640799994332743,-0.00936481457736537));
#7446=CARTESIAN_POINT('',(-0.0094107,0.00640800001100003,-0.00936499998954603));
#7447=CARTESIAN_POINT('',(-0.0094107,0.00640800001100003,-0.00947849999139998));
#7448=CARTESIAN_POINT('',(-0.0094107,0.00640800001100003,-0.00936499998954603));
#7449=CARTESIAN_POINT('',(0.0010668,0.00640800001100003,-0.00936495971537504));
#7450=CARTESIAN_POINT('',(0.0004318,0.00640800000431632,-0.00936495878684037));
#7451=CARTESIAN_POINT('',(0.0010668,0.00640800001100003,-0.0109419999981));
#7452=CARTESIAN_POINT('',(0.0010668,0.00640800001100003,-0.00959199999299996));
#7453=CARTESIAN_POINT('',(-0.0094107,0.00640800001100003,-0.00959199999299996));
#7454=CARTESIAN_POINT('',(0.0004318,0.00640800001100003,-0.00959199999299996));
#7455=CARTESIAN_POINT('',(0.0004318,0.00640800001100003,-0.0109419999981));
#7456=CARTESIAN_POINT('',(-0.0089154,0.009398,-0.00997299999299994));
#7457=CARTESIAN_POINT('',(1.44849410244063E-18,0.010414,-0.00997299999299994));
#7458=CARTESIAN_POINT('',(0.00119379999974599,0.010414,-0.00997299999299994));
#7459=CARTESIAN_POINT('',(0.00129539999999996,0.010414,-0.00997299999299994));
#7460=CARTESIAN_POINT('',(0.00129539999999996,0.009398,-0.00997299999299994));
#7461=CARTESIAN_POINT('',(0.00129539999999996,0.008382,-0.00997299999299994));
#7462=CARTESIAN_POINT('',(-0.0089782142,0.008382,-0.00997299999299994));
#7463=CARTESIAN_POINT('',(0.00119379999974599,0.008382,-0.00997299999299994));
#7464=CARTESIAN_POINT('',(0.00119379999974599,0.009398,-0.00997299999299994));
#7465=CARTESIAN_POINT('',(-0.0089154,0.009398,-0.00997299999299994));
#7466=CARTESIAN_POINT('',(-0.0089782142,0.008382,-0.00997299999299994));
#7467=CARTESIAN_POINT('',(0.00388633618354385,0.008382,-0.00997300006601581));
#7468=CARTESIAN_POINT('',(0.00378460000000005,0.008382,-0.00997299999299994));
#7469=CARTESIAN_POINT('',(0.00378460000000005,0.009398,-0.00997299999299994));
#7470=CARTESIAN_POINT('',(0.00378460000000005,0.010414,-0.00997299999299994));
#7471=CARTESIAN_POINT('',(1.44849410244063E-18,0.010414,-0.00997299999299994));
#7472=CARTESIAN_POINT('',(0.00388633179777196,0.010414,-0.00997300006138861));
#7473=CARTESIAN_POINT('',(0.00388619999974599,0.009398,-0.00997299999299994));
#7474=CARTESIAN_POINT('',(-0.0094107,0.00640800001100003,-0.00947849999139998));
#7475=CARTESIAN_POINT('',(-0.0094107,0.00640800001100003,-0.00936499998954603));
#7476=CARTESIAN_POINT('',(0.0046482,0.00640800001100003,-0.00936495971538624));
#7477=CARTESIAN_POINT('',(0.0040132,0.00640800000431632,-0.00936495878683667));
#7478=CARTESIAN_POINT('',(0.0046482,0.00640800001100003,-0.0109419999981));
#7479=CARTESIAN_POINT('',(0.0046482,0.00640800001100003,-0.00959199999299996));
#7480=CARTESIAN_POINT('',(-0.0094107,0.00640800001100003,-0.00959199999299996));
#7481=CARTESIAN_POINT('',(0.0040132,0.00640800001100003,-0.00959199999299996));
#7482=CARTESIAN_POINT('',(0.0040132,0.00640800001100003,-0.0109419999981));
#7483=CARTESIAN_POINT('',(-0.0094107,0.00640800001100003,-0.00947849999139998));
#7484=CARTESIAN_POINT('',(-0.0094107,0.00640800001100003,-0.00936499998954603));
#7485=CARTESIAN_POINT('',(0.0061468,0.00640800001100003,-0.00936495971538624));
#7486=CARTESIAN_POINT('',(0.0055118,0.00640800000431632,-0.00936495878683667));
#7487=CARTESIAN_POINT('',(0.0061468,0.00640800001100003,-0.0109419999981));
#7488=CARTESIAN_POINT('',(0.0061468,0.00640800001100003,-0.00959199999299996));
#7489=CARTESIAN_POINT('',(-0.0094107,0.00640800001100003,-0.00959199999299996));
#7490=CARTESIAN_POINT('',(0.0055118,0.00640800001100003,-0.00959199999299996));
#7491=CARTESIAN_POINT('',(0.0055118,0.00640800001100003,-0.0109419999981));
#7492=CARTESIAN_POINT('',(-0.0089154,0.009398,-0.00997299999299994));
#7493=CARTESIAN_POINT('',(1.44849410244063E-18,0.010414,-0.00997299999299994));
#7494=CARTESIAN_POINT('',(0.00627366335775296,0.010414,-0.00997300006650797));
#7495=CARTESIAN_POINT('',(0.0063754,0.010414,-0.00997299999299994));
#7496=CARTESIAN_POINT('',(0.0063754,0.009398,-0.00997299999299994));
#7497=CARTESIAN_POINT('',(0.0063754,0.008382,-0.00997299999299994));
#7498=CARTESIAN_POINT('',(-0.0089782142,0.008382,-0.00997299999299994));
#7499=CARTESIAN_POINT('',(0.00627366984545694,0.008382,-0.00997300005969341));
#7500=CARTESIAN_POINT('',(0.00627379999974597,0.009398,-0.00997299999299994));
#7501=CARTESIAN_POINT('',(-0.0089154,0.009398,-0.00997299999299994));
#7502=CARTESIAN_POINT('',(-0.0089782142,0.008382,-0.00997299999299994));
#7503=CARTESIAN_POINT('',(0.00896619999974604,0.008382,-0.00997299999299994));
#7504=CARTESIAN_POINT('',(0.0088646,0.008382,-0.00997299999299994));
#7505=CARTESIAN_POINT('',(0.0088646,0.009398,-0.00997299999299994));
#7506=CARTESIAN_POINT('',(0.0088646,0.010414,-0.00997299999299994));
#7507=CARTESIAN_POINT('',(1.44849410244063E-18,0.010414,-0.00997299999299994));
#7508=CARTESIAN_POINT('',(0.00896619999974604,0.010414,-0.00997299999299994));
#7509=CARTESIAN_POINT('',(0.00896619999974604,0.009398,-0.00997299999299994));
#7510=CARTESIAN_POINT('',(0.0062611,0.009398,-0.00978249999300001));
#7511=CARTESIAN_POINT('',(0.00225517859411763,0.008382,-0.00310596431652938));
#7512=CARTESIAN_POINT('',(0.0061468,0.00838199996860867,-0.00959199999299994));
#7513=CARTESIAN_POINT('',(0.00527742647354411,0.010414,-0.0081430441155735));
#7514=CARTESIAN_POINT('',(0.0061468,0.010414,-0.00959199999299995));
#7515=CARTESIAN_POINT('',(0.0061468,0.00841100000550001,-0.00959199999299996));
#7516=CARTESIAN_POINT('',(-0.00762,0.0067110000019,-0.0129000000064));
#7517=CARTESIAN_POINT('',(0.00538479999974601,0.0067110000019,-0.0129000000064));
#7518=CARTESIAN_POINT('',(0.00538479999974601,0.010414,-0.0129000000064));
#7519=CARTESIAN_POINT('',(0.00538479999974601,0.003008000003546,-0.0129000000064));
#7520=CARTESIAN_POINT('',(-0.00762,0.010414,-0.0129000000064));
#7521=CARTESIAN_POINT('',(0.00477519999974604,0.010414,-0.0129000000064));
#7522=CARTESIAN_POINT('',(0.00477519999974604,0.0067110000019,-0.0129000000064));
#7523=CARTESIAN_POINT('',(0.00477519999974604,0.003008000003546,-0.0129000000064));
#7524=CARTESIAN_POINT('',(-0.00762,0.003008000003546,-0.0129000000064));
#7525=CARTESIAN_POINT('',(0.0038989,0.009398,-0.00978249999300001));
#7526=CARTESIAN_POINT('',(0.000462237417647065,0.008382,-0.0155102709635882));
#7527=CARTESIAN_POINT('',(0.0040132,0.00838200003056346,-0.00959199999299999));
#7528=CARTESIAN_POINT('',(0.0040132,0.00841100000550001,-0.00959199999299996));
#7529=CARTESIAN_POINT('',(0.0040132,0.010414,-0.00959199999299996));
#7530=CARTESIAN_POINT('',(0.00219316176175001,0.010414,-0.01262539705675));
#7531=CARTESIAN_POINT('',(-0.00762,0.0067110000019,-0.0129000000064));
#7532=CARTESIAN_POINT('',(0.00119379999974599,0.0067110000019,-0.0129000000064));
#7533=CARTESIAN_POINT('',(0.00119379999974599,0.010414,-0.0129000000064));
#7534=CARTESIAN_POINT('',(0.00119379999974599,0.003008000003546,-0.0129000000064));
#7535=CARTESIAN_POINT('',(-0.00762,0.003008000003546,-0.0129000000064));
#7536=CARTESIAN_POINT('',(0.00388619999974599,0.003008000003546,-0.0129000000064));
#7537=CARTESIAN_POINT('',(0.00388619999974599,0.0067110000019,-0.0129000000064));
#7538=CARTESIAN_POINT('',(0.00388619999974599,0.010414,-0.0129000000064));
#7539=CARTESIAN_POINT('',(-0.00762,0.010414,-0.0129000000064));
#7540=CARTESIAN_POINT('',(0.0011811,0.009398,-0.00978249999300001));
#7541=CARTESIAN_POINT('',(-0.00148011552352942,0.008382,-0.00534714078711763));
#7542=CARTESIAN_POINT('',(0.00106679999999998,0.00838200003056346,-0.00959199999299997));
#7543=CARTESIAN_POINT('',(0.00154213235589705,0.010414,-0.0103842205861617));
#7544=CARTESIAN_POINT('',(0.00106679999999997,0.010414,-0.00959199999299995));
#7545=CARTESIAN_POINT('',(0.00106679999999997,0.00841100000550001,-0.00959199999299996));
#7546=CARTESIAN_POINT('',(-0.00762,0.0067110000019,-0.0129000000064));
#7547=CARTESIAN_POINT('',(0.000304799999746002,0.0067110000019,-0.0129000000064));
#7548=CARTESIAN_POINT('',(0.000304799999746002,0.010414,-0.0129000000064));
#7549=CARTESIAN_POINT('',(0.000304799999746002,0.003008000003546,-0.0129000000064));
#7550=CARTESIAN_POINT('',(-0.00762,0.010414,-0.0129000000064));
#7551=CARTESIAN_POINT('',(-0.000304799999746002,0.010414,-0.0129000000064));
#7552=CARTESIAN_POINT('',(-0.000304799999746002,0.0067110000019,-0.0129000000064));
#7553=CARTESIAN_POINT('',(-0.000304799999746002,0.003008000003546,-0.0129000000064));
#7554=CARTESIAN_POINT('',(-0.00762,0.003008000003546,-0.0129000000064));
#7555=CARTESIAN_POINT('',(-0.0011811,0.009398,-0.00978249999300001));
#7556=CARTESIAN_POINT('',(-0.00327305669999999,0.008382,-0.013269094493));
#7557=CARTESIAN_POINT('',(-0.00106679999999998,0.00838200000683294,-0.00959199999299998));
#7558=CARTESIAN_POINT('',(-0.00106679999999997,0.00841100000550001,-0.00959199999299996));
#7559=CARTESIAN_POINT('',(-0.00106679999999997,0.010414,-0.00959199999299996));
#7560=CARTESIAN_POINT('',(-0.00154213235589704,0.010414,-0.0103842205861617));
#7561=CARTESIAN_POINT('',(-0.00762,0.0067110000019,-0.0129000000064));
#7562=CARTESIAN_POINT('',(-0.00119380000025399,0.0067110000019,-0.0129000000064));
#7563=CARTESIAN_POINT('',(-0.00119380000025399,0.010414,-0.0129000000064));
#7564=CARTESIAN_POINT('',(-0.00119380000025399,0.003008000003546,-0.0129000000064));
#7565=CARTESIAN_POINT('',(-0.00762,0.010414,-0.0129000000064));
#7566=CARTESIAN_POINT('',(-0.00388619999974599,0.010414,-0.0129000000064));
#7567=CARTESIAN_POINT('',(-0.00388619999974599,0.0067110000019,-0.0129000000064));
#7568=CARTESIAN_POINT('',(-0.00388619999974599,0.003008000003546,-0.0129000000064));
#7569=CARTESIAN_POINT('',(-0.00762,0.003008000003546,-0.0129000000064));
#7570=CARTESIAN_POINT('',(-0.0038989,0.009398,-0.00978249999300001));
#7571=CARTESIAN_POINT('',(-0.00521540964117649,0.008382,-0.00758831725770586));
#7572=CARTESIAN_POINT('',(-0.0040132,0.00838200000683294,-0.00959199999299999));
#7573=CARTESIAN_POINT('',(-0.00219316176175001,0.010414,-0.01262539705675));
#7574=CARTESIAN_POINT('',(-0.0040132,0.010414,-0.00959199999299996));
#7575=CARTESIAN_POINT('',(-0.0040132,0.00841100000550001,-0.00959199999299996));
#7576=CARTESIAN_POINT('',(-0.00762,0.0067110000019,-0.0129000000064));
#7577=CARTESIAN_POINT('',(-0.00538479999974601,0.0067110000019,-0.0129000000064));
#7578=CARTESIAN_POINT('',(-0.00538479999974601,0.010414,-0.0129000000064));
#7579=CARTESIAN_POINT('',(-0.00538479999974601,0.003008000003546,-0.0129000000064));
#7580=CARTESIAN_POINT('',(-0.00762,0.003008000003546,-0.0129000000064));
#7581=CARTESIAN_POINT('',(-0.00477520000025404,0.003008000003546,-0.0129000000064));
#7582=CARTESIAN_POINT('',(-0.00477520000025404,0.0067110000019,-0.0129000000064));
#7583=CARTESIAN_POINT('',(-0.00477520000025404,0.010414,-0.0129000000064));
#7584=CARTESIAN_POINT('',(-0.00762,0.010414,-0.0129000000064));
#7585=CARTESIAN_POINT('',(-0.0062611,0.009398,-0.00978249999300001));
#7586=CARTESIAN_POINT('',(-0.00700835081764706,0.008382,-0.0110279180224117));
#7587=CARTESIAN_POINT('',(-0.0061468,0.00838200000683294,-0.00959199999299994));
#7588=CARTESIAN_POINT('',(-0.0061468,0.00841100000550001,-0.00959199999299996));
#7589=CARTESIAN_POINT('',(-0.0061468,0.010414,-0.00959199999299996));
#7590=CARTESIAN_POINT('',(-0.0052774264735441,0.010414,-0.00814304411557349));
#7591=CARTESIAN_POINT('',(-0.00762,0.0067110000019,-0.0129000000064));
#7592=CARTESIAN_POINT('',(-0.00627380000025397,0.0067110000019,-0.0129000000064));
#7593=CARTESIAN_POINT('',(-0.00627380000025397,0.010414,-0.0129000000064));
#7594=CARTESIAN_POINT('',(-0.00627380000025397,0.003008000003546,-0.0129000000064));
#7595=CARTESIAN_POINT('',(-0.00762,0.010414,-0.0129000000064));
#7596=CARTESIAN_POINT('',(-0.00896620000025404,0.010414,-0.0129000000064));
#7597=CARTESIAN_POINT('',(-0.00896620000025404,0.0055245,-0.0129000000064));
#7598=CARTESIAN_POINT('',(-0.00896620000025404,0.003008000003546,-0.0129000000064));
#7599=CARTESIAN_POINT('',(-0.00762,0.003008000003546,-0.0129000000064));
#7600=CARTESIAN_POINT('',(-0.0089789,0.009398,-0.00978249999300001));
#7601=CARTESIAN_POINT('',(-0.00895070375882354,0.008382,-0.0098294937282941));
#7602=CARTESIAN_POINT('',(-0.0090932,0.00838199996849605,-0.00959199999299994));
#7603=CARTESIAN_POINT('',(-0.00592845587939706,0.010414,-0.0148665735273382));
#7604=CARTESIAN_POINT('',(-0.0090932,0.010414,-0.00959199999299995));
#7605=CARTESIAN_POINT('',(-0.0090932,0.00841100000550001,-0.00959199999299996));
#7606=CARTESIAN_POINT('',(-0.00762,0.0067110000019,-0.0129000000064));
#7607=CARTESIAN_POINT('',(0.00896620000025404,0.0067110000019,-0.0129000000064));
#7608=CARTESIAN_POINT('',(0.00896620000025404,0.010414,-0.0129000000064));
#7609=CARTESIAN_POINT('',(0.00896620000025404,0.003008000003546,-0.0129000000064));
#7610=CARTESIAN_POINT('',(-0.00762,0.010414,-0.0129000000064));
#7611=CARTESIAN_POINT('',(0.00627379999974597,0.010414,-0.0129000000064));
#7612=CARTESIAN_POINT('',(0.00627379999974597,0.0067110000019,-0.0129000000064));
#7613=CARTESIAN_POINT('',(0.00627379999974597,0.003008000003546,-0.0129000000064));
#7614=CARTESIAN_POINT('',(-0.00762,0.003008000003546,-0.0129000000064));
#7615=CARTESIAN_POINT('',(-0.0094107,0.00640800001100003,-0.00947849999139998));
#7616=CARTESIAN_POINT('',(-0.0094107,0.00640800001100003,-0.00936499998954603));
#7617=CARTESIAN_POINT('',(0.0097282,0.00640800001100003,-0.00936499610664773));
#7618=CARTESIAN_POINT('',(0.0090932,0.00640800001100003,-0.00936499557316771));
#7619=CARTESIAN_POINT('',(0.0097282,0.00640800001100003,-0.0110689999981));
#7620=CARTESIAN_POINT('',(0.0097282,0.00640800001100003,-0.00959199999299996));
#7621=CARTESIAN_POINT('',(-0.0094107,0.00640800001100003,-0.00959199999299996));
#7622=CARTESIAN_POINT('',(0.0090932,0.00640800001100003,-0.00959199999299996));
#7623=CARTESIAN_POINT('',(0.0090932,0.00640800001100003,-0.00947849999139998));
#7624=CARTESIAN_POINT('',(0.0089789,0.009398,-0.00978249999300001));
#7625=CARTESIAN_POINT('',(0.00419753153529409,0.008382,-0.0177514474341765));
#7626=CARTESIAN_POINT('',(0.0090932,0.00838199996860867,-0.00959199999299994));
#7627=CARTESIAN_POINT('',(0.0090932,0.00841100000550001,-0.00959199999299996));
#7628=CARTESIAN_POINT('',(0.0090932,0.010414,-0.00959199999299996));
#7629=CARTESIAN_POINT('',(0.00592845587939705,0.010414,-0.0148665735273382));
#7630=CARTESIAN_POINT('',(0.00896619999974605,0.00965199999974594,-0.0137890000064));
#7631=CARTESIAN_POINT('',(0.00896619999974605,0.00965199999974594,-0.0137890000064));
#7632=CARTESIAN_POINT('',(0.00896619999974605,0.00965199999974594,-0.0137890000064));
#7633=CARTESIAN_POINT('',(0.00899944860795508,0.0097517458242068,-0.0137890000064));
#7634=CARTESIAN_POINT('',(0.00903269721613709,0.00971849721613696,-0.0137890000061373));
#7635=CARTESIAN_POINT('',(0.00906594582420691,0.00968524860795497,-0.0137890000064));
#7636=CARTESIAN_POINT('',(0.00906593002710496,0.00995119008126966,-0.0137493235947538));
#7637=CARTESIAN_POINT('',(0.00917100600060702,0.00985680600060692,-0.0137758610538425));
#7638=CARTESIAN_POINT('',(0.00926539008126977,0.00975173002710485,-0.0137493235947538));
#7639=CARTESIAN_POINT('',(0.00915048154376714,0.010204844631078,-0.0135798446696874));
#7640=CARTESIAN_POINT('',(0.00939163657236011,0.01007743657236,-0.0137014467344401));
#7641=CARTESIAN_POINT('',(0.00951904463107815,0.00983628154376703,-0.0135798446696874));
#7642=CARTESIAN_POINT('',(0.00920697453298635,0.0103743235975564,-0.0133261899680354));
#7643=CARTESIAN_POINT('',(0.00963506808678379,0.0103208680867837,-0.0134937902024981));
#7644=CARTESIAN_POINT('',(0.00968852359755648,0.00989277453298624,-0.0133261899680353));
#7645=CARTESIAN_POINT('',(0.00922019999974675,0.010414,-0.0131267460882809));
#7646=CARTESIAN_POINT('',(0.00972819997514714,0.0104139999751471,-0.0131932450198134));
#7647=CARTESIAN_POINT('',(0.0097282,0.00990599999974665,-0.013126746088281));
#7648=CARTESIAN_POINT('',(0.00922020000025405,0.010414,-0.013027000006146));
#7649=CARTESIAN_POINT('',(0.00972820000000005,0.0104139999999999,-0.013027000006146));
#7650=CARTESIAN_POINT('',(0.0097282,0.00990600000025394,-0.013027000006146));
#7651=CARTESIAN_POINT('',(0.00922020000025405,0.0104139999999999,-0.013027000006146));
#7652=CARTESIAN_POINT('',(0.00922020000025405,0.0104139999999999,-0.0131212743448657));
#7653=CARTESIAN_POINT('',(0.00920926890088711,0.0103829600593765,-0.0133127297463999));
#7654=CARTESIAN_POINT('',(0.00915726692635386,0.0102248395149096,-0.0135434296790563));
#7655=CARTESIAN_POINT('',(0.00911248111996556,0.0100911429628565,-0.0136567267491879));
#7656=CARTESIAN_POINT('',(0.009059862154671,0.00993272503204068,-0.0137400755065478));
#7657=CARTESIAN_POINT('',(0.00902847981191759,0.00983958556081286,-0.0137689484855464));
#7658=CARTESIAN_POINT('',(0.00898831188101307,0.00971833564343643,-0.0137890000064));
#7659=CARTESIAN_POINT('',(0.00896619999974605,0.00965199999974594,-0.0137890000064));
#7660=CARTESIAN_POINT('',(0.00922020000025405,0.010414,-0.013027000006146));
#7661=CARTESIAN_POINT('',(0.00896619999974605,0.00965199999974594,-0.0137890000064));
#7662=CARTESIAN_POINT('',(0.00922020000025405,0.00990600000025394,-0.013027000006146));
#7663=CARTESIAN_POINT('',(0.0097282,0.00990600000025395,-0.013027000006146));
#7664=CARTESIAN_POINT('',(0.00896619999974605,0.00965199999974594,-0.0137890000064));
#7665=CARTESIAN_POINT('',(0.00903251472563262,0.00967410490841164,-0.0137890000064));
#7666=CARTESIAN_POINT('',(0.00915373363261973,0.00971426198217939,-0.0137689650761892));
#7667=CARTESIAN_POINT('',(0.0092469548006618,0.0097456722642443,-0.0137400601267005));
#7668=CARTESIAN_POINT('',(0.00940527581656579,0.00979825851140988,-0.0136567716779346));
#7669=CARTESIAN_POINT('',(0.00953907993080874,0.0098430800155175,-0.0135434005187371));
#7670=CARTESIAN_POINT('',(0.00969713204773942,0.0098950641411911,-0.0133127675455394));
#7671=CARTESIAN_POINT('',(0.00972820000000005,0.00990600000025394,-0.0131212874434562));
#7672=CARTESIAN_POINT('',(0.00972820000000005,0.00990600000025394,-0.013027000006146));
#7673=CARTESIAN_POINT('',(-8.95565912668646E-19,0.00965199999974594,-0.013027000006146));
#7674=CARTESIAN_POINT('',(-8.95565912668646E-19,0.010414,-0.013027000006146));
#7675=CARTESIAN_POINT('',(-9.10729824887824E-19,0.00965199999974594,-0.0137890000064));
#7676=CARTESIAN_POINT('',(-0.00896620000025405,0.005334,-0.013027000006654));
#7677=CARTESIAN_POINT('',(-0.00896620000025405,0.005334,-0.0137890000064));
#7678=CARTESIAN_POINT('',(-0.00896620000025405,0.003302000000254,-0.0137890000064));
#7679=CARTESIAN_POINT('',(-0.00896620000025405,0.003302000000254,-0.013027000006654));
#7680=CARTESIAN_POINT('',(-0.0097282,0.003302000000254,-0.013027000006654));
#7681=CARTESIAN_POINT('',(-0.0097282,0.005334,-0.013027000006654));
#7682=CARTESIAN_POINT('',(-0.00922020000025405,0.00990600000025395,-0.0110689999981));
#7683=CARTESIAN_POINT('',(-0.00922020000025405,0.010414,-0.0110689999981));
#7684=CARTESIAN_POINT('',(-0.00922045794528111,0.0104139999345121,-0.00959199999299996));
#7685=CARTESIAN_POINT('',(-0.0097282,0.00990600000025395,-0.0110689999981));
#7686=CARTESIAN_POINT('',(-0.0097282,0.00990600000025395,-0.00959199999299996));
#7687=CARTESIAN_POINT('',(-0.00922020000025405,0.00990600000025395,-0.00959199999299996));
#7688=CARTESIAN_POINT('',(-0.00896620000025404,0.003008000003546,-0.010400000002854));
#7689=CARTESIAN_POINT('',(-0.0090932,0.003008000003546,-0.010400000002854));
#7690=CARTESIAN_POINT('',(-0.0090932,0.000634999999746002,-0.010400000002854));
#7691=CARTESIAN_POINT('',(-0.0090932,0.003008000003546,-0.012773000006654));
#7692=CARTESIAN_POINT('',(-0.00896620000025404,0.000634999999746002,-0.010400000002854));
#7693=CARTESIAN_POINT('',(-0.00896620000025404,0.000508,-0.010400000002854));
#7694=CARTESIAN_POINT('',(-0.00896620000025404,0.003008000003546,-0.010400000002854));
#7695=CARTESIAN_POINT('',(-0.00896620000025404,0.003008000003546,-0.012773000006654));
#7696=CARTESIAN_POINT('',(-0.00896620000025404,0.0055245,-0.012773000006654));
#7697=CARTESIAN_POINT('',(-0.00896620000025404,0.010414,-0.012773000006654));
#7698=CARTESIAN_POINT('',(-0.0090932,0.010414,-0.012773000006654));
#7699=CARTESIAN_POINT('',(-0.0090932,0.0055245,-0.012773000006654));
#7700=CARTESIAN_POINT('',(-0.00896619999974604,0.0055245,-0.0100999999932539));
#7701=CARTESIAN_POINT('',(-0.00896619999974604,0.010414,-0.0100999999932539));
#7702=CARTESIAN_POINT('',(-0.0090932,0.010414,-0.0100999999932539));
#7703=CARTESIAN_POINT('',(-0.00896619999974604,0.008382,-0.0100999999932539));
#7704=CARTESIAN_POINT('',(-0.0090932,0.008382,-0.0100999999932539));
#7705=CARTESIAN_POINT('',(-0.0090932,0.0055245,-0.0100999999932539));
#7706=CARTESIAN_POINT('',(-0.0089782142,0.008382,-0.00984599999299997));
#7707=CARTESIAN_POINT('',(-0.0090932,0.008382,-0.0109419999981));
#7708=CARTESIAN_POINT('',(-0.0094107,0.00841100000550001,-0.00959199999299996));
#7709=CARTESIAN_POINT('',(-0.0090932,0.0055245,-0.00959199999299996));
#7710=CARTESIAN_POINT('',(1.44849410244063E-18,0.010414,-0.00959199999299996));
#7711=CARTESIAN_POINT('',(-0.0097282,0.005334,-0.00959199999299996));
#7712=CARTESIAN_POINT('',(-0.0094107,0.00615400001125403,-0.00936499998954603));
#7713=CARTESIAN_POINT('',(-0.0094107,0.00615400001125403,-0.00911099998980003));
#7714=CARTESIAN_POINT('',(-0.0097282,0.00615401136856865,-0.00911099999005394));
#7715=CARTESIAN_POINT('',(-0.0090932,0.00615401100661162,-0.00911099999003801));
#7716=CARTESIAN_POINT('',(-0.0090932,0.00615400001125403,-0.00936499998954603));
#7717=CARTESIAN_POINT('',(-0.0097282,0.00615400001125403,-0.00936499998954603));
#7718=CARTESIAN_POINT('',(-0.0094107,0.0059714681561,-0.00911099998980003));
#7719=CARTESIAN_POINT('',(-0.0090932,0.0055245,-0.00911099998980003));
#7720=CARTESIAN_POINT('',(-0.0090932,0.00578892531344012,-0.0091109999900377));
#7721=CARTESIAN_POINT('',(-0.0097282,0.005334,-0.00911099998980003));
#7722=CARTESIAN_POINT('',(-0.0097282,0.00578892493074187,-0.00911099999005454));
#7723=CARTESIAN_POINT('',(-0.0094107,0.00578893630145404,-0.00911099998980003));
#7724=CARTESIAN_POINT('',(-0.0094107,0.00578893630145404,-0.00936499999005403));
#7725=CARTESIAN_POINT('',(-0.0097282,0.00578893630145404,-0.00936499999005403));
#7726=CARTESIAN_POINT('',(-0.0097282,0.00553493636815887,-0.00936481555827851));
#7727=CARTESIAN_POINT('',(-0.0094107,0.00553493630120004,-0.00936499999005403));
#7728=CARTESIAN_POINT('',(-0.0090932,0.00553493636888341,-0.00936481456311785));
#7729=CARTESIAN_POINT('',(-0.0090932,0.00578893630145404,-0.00936499999005403));
#7730=CARTESIAN_POINT('',(-0.00762,0.003008000003546,-0.010400000002854));
#7731=CARTESIAN_POINT('',(-0.00762,0.000508,-0.010400000002854));
#7732=CARTESIAN_POINT('',(-0.00627380000025397,0.000508,-0.010400000002854));
#7733=CARTESIAN_POINT('',(-0.00627380000025397,0.003008000003546,-0.010400000002854));
#7734=CARTESIAN_POINT('',(-0.00627380000025397,0.003008000003546,-0.010400000002854));
#7735=CARTESIAN_POINT('',(-0.00627380000025397,0.000635000000254002,-0.010400000002854));
#7736=CARTESIAN_POINT('',(-0.0061468,0.000635000000254002,-0.010400000002854));
#7737=CARTESIAN_POINT('',(-0.0061468,0.003008000003546,-0.010400000002854));
#7738=CARTESIAN_POINT('',(-0.0061468,0.003008000003546,-0.012773000006146));
#7739=CARTESIAN_POINT('',(-0.00627380000025397,0.003008000003546,-0.012773000006146));
#7740=CARTESIAN_POINT('',(-0.00627380000025397,0.0067110000019,-0.012773000006146));
#7741=CARTESIAN_POINT('',(-0.0061468,0.0055245,-0.012773000006146));
#7742=CARTESIAN_POINT('',(-0.0061468,0.010414,-0.012773000006146));
#7743=CARTESIAN_POINT('',(-0.00627380000025397,0.010414,-0.012773000006146));
#7744=CARTESIAN_POINT('',(-0.00627379999974597,0.009398,-0.0100999999927459));
#7745=CARTESIAN_POINT('',(-0.00627379999974597,0.010414,-0.0100999999927459));
#7746=CARTESIAN_POINT('',(-0.0061468,0.010414,-0.0100999999927459));
#7747=CARTESIAN_POINT('',(-0.0061468,0.009398,-0.0100999999927459));
#7748=CARTESIAN_POINT('',(-0.00614680013895065,0.00838200000063504,-0.0100998121272211));
#7749=CARTESIAN_POINT('',(-0.00627379999974597,0.008382,-0.0100999999927459));
#7750=CARTESIAN_POINT('',(-0.0089782142,0.008382,-0.00984599999299997));
#7751=CARTESIAN_POINT('',(-0.0061468,0.008382,-0.0109419999981));
#7752=CARTESIAN_POINT('',(-0.0094107,0.00578893630145404,-0.00936499999005403));
#7753=CARTESIAN_POINT('',(-0.0094107,0.00578893630145404,-0.00911099998980003));
#7754=CARTESIAN_POINT('',(-0.0055118,0.00578892531343999,-0.0091109999900377));
#7755=CARTESIAN_POINT('',(-0.0061468,0.00578892530635025,-0.009110999990038));
#7756=CARTESIAN_POINT('',(-0.0061468,0.00578893630145404,-0.00936499999005403));
#7757=CARTESIAN_POINT('',(-0.0061468,0.00553493636586861,-0.00936481873987519));
#7758=CARTESIAN_POINT('',(-0.0094107,0.00553493630120004,-0.00936499999005403));
#7759=CARTESIAN_POINT('',(-0.0055118,0.00553493636888341,-0.00936481456311792));
#7760=CARTESIAN_POINT('',(-0.0055118,0.00578893630145404,-0.00936499999005403));
#7761=CARTESIAN_POINT('',(-0.0094107,0.0059714681561,-0.00911099998980003));
#7762=CARTESIAN_POINT('',(-0.0061468,0.0055245,-0.00911099998980003));
#7763=CARTESIAN_POINT('',(-0.0061468,0.00615401099952201,-0.00911099999003771));
#7764=CARTESIAN_POINT('',(-0.0055118,0.0055245,-0.00911099998980003));
#7765=CARTESIAN_POINT('',(-0.0055118,0.00615401100661176,-0.00911099999003801));
#7766=CARTESIAN_POINT('',(-0.0094107,0.00615400001125403,-0.00911099998980003));
#7767=CARTESIAN_POINT('',(-0.0094107,0.00615400001125403,-0.00936499998954603));
#7768=CARTESIAN_POINT('',(-0.0055118,0.00615400001125403,-0.00936499998954603));
#7769=CARTESIAN_POINT('',(-0.0061468,0.00615400001125403,-0.00936499998954603));
#7770=CARTESIAN_POINT('',(-0.0094107,0.00841100000550001,-0.00959199999299996));
#7771=CARTESIAN_POINT('',(-0.0094107,0.010414,-0.00959199999299996));
#7772=CARTESIAN_POINT('',(-0.0055118,0.010414,-0.00959199999299996));
#7773=CARTESIAN_POINT('',(-0.0061468,0.00841100000550001,-0.00959199999299996));
#7774=CARTESIAN_POINT('',(-0.0055118,0.00841100000550001,-0.00959199999299996));
#7775=CARTESIAN_POINT('',(-0.00538479999974601,0.0055245,-0.012773000006146));
#7776=CARTESIAN_POINT('',(-0.00538479999974601,0.003008000003546,-0.012773000006146));
#7777=CARTESIAN_POINT('',(-0.0055118,0.003008000003546,-0.012773000006146));
#7778=CARTESIAN_POINT('',(-0.00538479999974601,0.010414,-0.012773000006146));
#7779=CARTESIAN_POINT('',(-0.0055118,0.010414,-0.012773000006146));
#7780=CARTESIAN_POINT('',(-0.0055118,0.0055245,-0.012773000006146));
#7781=CARTESIAN_POINT('',(-0.00538479999974601,0.003008000003546,-0.010400000002854));
#7782=CARTESIAN_POINT('',(-0.0055118,0.003008000003546,-0.010400000002854));
#7783=CARTESIAN_POINT('',(-0.0055118,0.000635000000254002,-0.010400000002854));
#7784=CARTESIAN_POINT('',(-0.00538479999974601,0.000635000000254002,-0.010400000002854));
#7785=CARTESIAN_POINT('',(-0.00538479999974601,0.000508,-0.010400000002854));
#7786=CARTESIAN_POINT('',(-0.00538479999974601,0.003008000003546,-0.010400000002854));
#7787=CARTESIAN_POINT('',(-0.00762,0.003008000003546,-0.010400000002854));
#7788=CARTESIAN_POINT('',(-0.00762,0.000508,-0.010400000002854));
#7789=CARTESIAN_POINT('',(-0.00477520000025404,0.000508,-0.010400000002854));
#7790=CARTESIAN_POINT('',(-0.00477520000025404,0.003008000003546,-0.010400000002854));
#7791=CARTESIAN_POINT('',(-0.00477520000025404,0.003008000003546,-0.010400000002854));
#7792=CARTESIAN_POINT('',(-0.00477520000025404,0.000635000000254002,-0.010400000002854));
#7793=CARTESIAN_POINT('',(-0.0046482,0.000635000000254002,-0.010400000002854));
#7794=CARTESIAN_POINT('',(-0.0046482,0.003008000003546,-0.010400000002854));
#7795=CARTESIAN_POINT('',(-0.0046482,0.003008000003546,-0.012773000006146));
#7796=CARTESIAN_POINT('',(-0.00477520000025404,0.003008000003546,-0.012773000006146));
#7797=CARTESIAN_POINT('',(-0.00477520000025404,0.0067110000019,-0.012773000006146));
#7798=CARTESIAN_POINT('',(-0.0046482,0.0055245,-0.012773000006146));
#7799=CARTESIAN_POINT('',(-0.0046482,0.010414,-0.012773000006146));
#7800=CARTESIAN_POINT('',(-0.00477520000025404,0.010414,-0.012773000006146));
#7801=CARTESIAN_POINT('',(-0.0094107,0.00578893630145404,-0.00936499999005403));
#7802=CARTESIAN_POINT('',(-0.0094107,0.00578893630145404,-0.00911099998980003));
#7803=CARTESIAN_POINT('',(-0.0040132,0.00578875398406966,-0.00911100005523238));
#7804=CARTESIAN_POINT('',(-0.0046482,0.00578874984847101,-0.00911100005823451));
#7805=CARTESIAN_POINT('',(-0.0046482,0.00578893630145404,-0.00936499999005403));
#7806=CARTESIAN_POINT('',(-0.0046482,0.00553493636586861,-0.00936481873987519));
#7807=CARTESIAN_POINT('',(-0.0094107,0.00553493630120004,-0.00936499999005403));
#7808=CARTESIAN_POINT('',(-0.0040132,0.00553493636888341,-0.00936481456311792));
#7809=CARTESIAN_POINT('',(-0.0040132,0.00578893630145404,-0.00936499999005403));
#7810=CARTESIAN_POINT('',(-0.0094107,0.0059714681561,-0.00911099998980003));
#7811=CARTESIAN_POINT('',(-0.0040132,0.0055245,-0.00911099998980003));
#7812=CARTESIAN_POINT('',(-0.0040132,0.00615418646237005,-0.00911100005823314));
#7813=CARTESIAN_POINT('',(-0.0094107,0.00615400001125403,-0.00911099998980003));
#7814=CARTESIAN_POINT('',(-0.0046482,0.00615418232395791,-0.00911100005522902));
#7815=CARTESIAN_POINT('',(-0.0046482,0.0055245,-0.00911099998980003));
#7816=CARTESIAN_POINT('',(-0.0094107,0.00615400001125403,-0.00936499998954603));
#7817=CARTESIAN_POINT('',(-0.0040132,0.00615400001125403,-0.00936499998954603));
#7818=CARTESIAN_POINT('',(-0.0046482,0.00615400001125403,-0.00936499998954603));
#7819=CARTESIAN_POINT('',(-0.0094107,0.00841100000550001,-0.00959199999299996));
#7820=CARTESIAN_POINT('',(-0.0094107,0.010414,-0.00959199999299996));
#7821=CARTESIAN_POINT('',(-0.0046482,0.010414,-0.00959199999299996));
#7822=CARTESIAN_POINT('',(-0.0046482,0.00841100000550001,-0.00959199999299996));
#7823=CARTESIAN_POINT('',(-0.0040132,0.00841100000550001,-0.00959199999299996));
#7824=CARTESIAN_POINT('',(-0.0089782142,0.008382,-0.00984599999299997));
#7825=CARTESIAN_POINT('',(-0.0040132,0.008382,-0.0109419999981));
#7826=CARTESIAN_POINT('',(-0.00401319984993176,0.00838200000063504,-0.0100998047567083));
#7827=CARTESIAN_POINT('',(-0.00388619999974599,0.008382,-0.0100999999932539));
#7828=CARTESIAN_POINT('',(-0.00388619999974599,0.009398,-0.0100999999932539));
#7829=CARTESIAN_POINT('',(-0.0040132,0.009398,-0.0100999999932539));
#7830=CARTESIAN_POINT('',(-0.0040132,0.010414,-0.0100999999932539));
#7831=CARTESIAN_POINT('',(-0.00388619999974599,0.010414,-0.0100999999932539));
#7832=CARTESIAN_POINT('',(-0.00388619999974599,0.0055245,-0.012773000006146));
#7833=CARTESIAN_POINT('',(-0.00388619999974599,0.003008000003546,-0.012773000006146));
#7834=CARTESIAN_POINT('',(-0.0040132,0.003008000003546,-0.012773000006146));
#7835=CARTESIAN_POINT('',(-0.00388619999974599,0.010414,-0.012773000006146));
#7836=CARTESIAN_POINT('',(-0.0040132,0.010414,-0.012773000006146));
#7837=CARTESIAN_POINT('',(-0.0040132,0.0055245,-0.012773000006146));
#7838=CARTESIAN_POINT('',(-0.00388619999974599,0.003008000003546,-0.010400000002854));
#7839=CARTESIAN_POINT('',(-0.0040132,0.003008000003546,-0.010400000002854));
#7840=CARTESIAN_POINT('',(-0.0040132,0.000635000000254002,-0.010400000002854));
#7841=CARTESIAN_POINT('',(-0.00388619999974599,0.000635000000254002,-0.010400000002854));
#7842=CARTESIAN_POINT('',(-0.00388619999974599,0.000508,-0.010400000002854));
#7843=CARTESIAN_POINT('',(-0.00388619999974599,0.003008000003546,-0.010400000002854));
#7844=CARTESIAN_POINT('',(-0.00762,0.003008000003546,-0.010400000002854));
#7845=CARTESIAN_POINT('',(-0.00762,0.000508,-0.010400000002854));
#7846=CARTESIAN_POINT('',(-0.00119380000025399,0.000508,-0.010400000002854));
#7847=CARTESIAN_POINT('',(-0.00119380000025399,0.003008000003546,-0.010400000002854));
#7848=CARTESIAN_POINT('',(-0.00119380000025399,0.003008000003546,-0.010400000002854));
#7849=CARTESIAN_POINT('',(-0.00119380000025399,0.000635000000254002,-0.010400000002854));
#7850=CARTESIAN_POINT('',(-0.0010668,0.000635000000254002,-0.010400000002854));
#7851=CARTESIAN_POINT('',(-0.0010668,0.003008000003546,-0.010400000002854));
#7852=CARTESIAN_POINT('',(-0.0010668,0.003008000003546,-0.012773000006146));
#7853=CARTESIAN_POINT('',(-0.00119380000025399,0.003008000003546,-0.012773000006146));
#7854=CARTESIAN_POINT('',(-0.00119380000025399,0.0067110000019,-0.012773000006146));
#7855=CARTESIAN_POINT('',(-0.0010668,0.0055245,-0.012773000006146));
#7856=CARTESIAN_POINT('',(-0.0010668,0.010414,-0.012773000006146));
#7857=CARTESIAN_POINT('',(-0.00119380000025399,0.010414,-0.012773000006146));
#7858=CARTESIAN_POINT('',(-0.00119379999974599,0.009398,-0.0100999999927459));
#7859=CARTESIAN_POINT('',(-0.00119379999974599,0.010414,-0.0100999999927459));
#7860=CARTESIAN_POINT('',(-0.0010668,0.010414,-0.0100999999927459));
#7861=CARTESIAN_POINT('',(-0.0010668,0.009398,-0.0100999999927459));
#7862=CARTESIAN_POINT('',(-0.00106680013895068,0.00838200000063504,-0.010099812127221));
#7863=CARTESIAN_POINT('',(-0.00119379999974599,0.008382,-0.0100999999927459));
#7864=CARTESIAN_POINT('',(-0.0089782142,0.008382,-0.00984599999299997));
#7865=CARTESIAN_POINT('',(-0.0010668,0.008382,-0.0109419999981));
#7866=CARTESIAN_POINT('',(-0.0094107,0.00578893630145404,-0.00936499999005403));
#7867=CARTESIAN_POINT('',(-0.0094107,0.00578893630145404,-0.00911099998980003));
#7868=CARTESIAN_POINT('',(-0.0004318,0.00578892531343999,-0.0091109999900377));
#7869=CARTESIAN_POINT('',(-0.0010668,0.00578892530635025,-0.009110999990038));
#7870=CARTESIAN_POINT('',(-0.0010668,0.00578893630145404,-0.00936499999005403));
#7871=CARTESIAN_POINT('',(-0.0010668,0.00553493636586861,-0.00936481873987519));
#7872=CARTESIAN_POINT('',(-0.0094107,0.00553493630120004,-0.00936499999005403));
#7873=CARTESIAN_POINT('',(-0.0004318,0.00553493636888341,-0.00936481456311792));
#7874=CARTESIAN_POINT('',(-0.0004318,0.00578893630145404,-0.00936499999005403));
#7875=CARTESIAN_POINT('',(-0.0094107,0.0059714681561,-0.00911099998980003));
#7876=CARTESIAN_POINT('',(-0.0004318,0.0055245,-0.00911099998980003));
#7877=CARTESIAN_POINT('',(-0.0004318,0.00615401100661176,-0.00911099999003801));
#7878=CARTESIAN_POINT('',(-0.0094107,0.00615400001125403,-0.00911099998980003));
#7879=CARTESIAN_POINT('',(-0.0010668,0.00615401099952201,-0.00911099999003771));
#7880=CARTESIAN_POINT('',(-0.0010668,0.0055245,-0.00911099998980003));
#7881=CARTESIAN_POINT('',(-0.0094107,0.00615400001125403,-0.00936499998954603));
#7882=CARTESIAN_POINT('',(-0.0004318,0.00615400001125403,-0.00936499998954603));
#7883=CARTESIAN_POINT('',(-0.0010668,0.00615400001125403,-0.00936499998954603));
#7884=CARTESIAN_POINT('',(-0.0094107,0.00841100000550001,-0.00959199999299996));
#7885=CARTESIAN_POINT('',(-0.0094107,0.010414,-0.00959199999299996));
#7886=CARTESIAN_POINT('',(-0.0004318,0.010414,-0.00959199999299996));
#7887=CARTESIAN_POINT('',(-0.0010668,0.00841100000550001,-0.00959199999299996));
#7888=CARTESIAN_POINT('',(-0.0004318,0.00841100000550001,-0.00959199999299996));
#7889=CARTESIAN_POINT('',(-0.000304799999746002,0.0055245,-0.012773000006146));
#7890=CARTESIAN_POINT('',(-0.000304799999746002,0.003008000003546,-0.012773000006146));
#7891=CARTESIAN_POINT('',(-0.0004318,0.003008000003546,-0.012773000006146));
#7892=CARTESIAN_POINT('',(-0.000304799999746002,0.010414,-0.012773000006146));
#7893=CARTESIAN_POINT('',(-0.0004318,0.010414,-0.012773000006146));
#7894=CARTESIAN_POINT('',(-0.0004318,0.0055245,-0.012773000006146));
#7895=CARTESIAN_POINT('',(-0.000304799999746002,0.003008000003546,-0.010400000002854));
#7896=CARTESIAN_POINT('',(-0.0004318,0.003008000003546,-0.010400000002854));
#7897=CARTESIAN_POINT('',(-0.0004318,0.000635000000254002,-0.010400000002854));
#7898=CARTESIAN_POINT('',(-0.000304799999746002,0.000635000000254002,-0.010400000002854));
#7899=CARTESIAN_POINT('',(-0.000304799999746002,0.000508,-0.010400000002854));
#7900=CARTESIAN_POINT('',(-0.000304799999746002,0.003008000003546,-0.010400000002854));
#7901=CARTESIAN_POINT('',(-0.00762,0.003008000003546,-0.010400000002854));
#7902=CARTESIAN_POINT('',(-0.00762,0.000508,-0.010400000002854));
#7903=CARTESIAN_POINT('',(0.000304799999746002,0.000508,-0.010400000002854));
#7904=CARTESIAN_POINT('',(0.000304799999746002,0.003008000003546,-0.010400000002854));
#7905=CARTESIAN_POINT('',(0.000304799999746002,0.003008000003546,-0.010400000002854));
#7906=CARTESIAN_POINT('',(0.000304799999746002,0.000635000000254002,-0.010400000002854));
#7907=CARTESIAN_POINT('',(0.0004318,0.000635000000254002,-0.010400000002854));
#7908=CARTESIAN_POINT('',(0.0004318,0.003008000003546,-0.010400000002854));
#7909=CARTESIAN_POINT('',(0.0004318,0.003008000003546,-0.012773000006146));
#7910=CARTESIAN_POINT('',(0.000304799999746002,0.003008000003546,-0.012773000006146));
#7911=CARTESIAN_POINT('',(0.000304799999746002,0.0067110000019,-0.012773000006146));
#7912=CARTESIAN_POINT('',(0.0004318,0.0055245,-0.012773000006146));
#7913=CARTESIAN_POINT('',(0.0004318,0.010414,-0.012773000006146));
#7914=CARTESIAN_POINT('',(0.000304799999746002,0.010414,-0.012773000006146));
#7915=CARTESIAN_POINT('',(-0.0094107,0.00578893630145404,-0.00936499999005403));
#7916=CARTESIAN_POINT('',(-0.0094107,0.00553493630120004,-0.00936499999005403));
#7917=CARTESIAN_POINT('',(0.0010668,0.00553493630788482,-0.00936495878406884));
#7918=CARTESIAN_POINT('',(0.0004318,0.00553493630120004,-0.00936495971223657));
#7919=CARTESIAN_POINT('',(0.0010668,0.00578893630145404,-0.00936499999005403));
#7920=CARTESIAN_POINT('',(0.0010668,0.00578889578648031,-0.00911099999626248));
#7921=CARTESIAN_POINT('',(-0.0094107,0.00578893630145404,-0.00911099998980003));
#7922=CARTESIAN_POINT('',(0.0004318,0.00578890867879012,-0.00911099999092652));
#7923=CARTESIAN_POINT('',(0.0004318,0.00578893630145404,-0.00936499999005403));
#7924=CARTESIAN_POINT('',(-0.0094107,0.0059714681561,-0.00911099998980003));
#7925=CARTESIAN_POINT('',(0.0010668,0.0055245,-0.00911099998980003));
#7926=CARTESIAN_POINT('',(0.0010668,0.0061540414448342,-0.00911099999655885));
#7927=CARTESIAN_POINT('',(-0.0094107,0.00615400001125403,-0.00911099998980003));
#7928=CARTESIAN_POINT('',(0.0004318,0.00615404052518765,-0.00911099999626215));
#7929=CARTESIAN_POINT('',(0.0004318,0.0055245,-0.00911099998980003));
#7930=CARTESIAN_POINT('',(-0.0094107,0.00615400001125403,-0.00936499998954603));
#7931=CARTESIAN_POINT('',(0.0004318,0.00615400001125403,-0.00936499998954603));
#7932=CARTESIAN_POINT('',(0.0010668,0.00615400001125403,-0.00936499998954603));
#7933=CARTESIAN_POINT('',(-0.0094107,0.00841100000550001,-0.00959199999299996));
#7934=CARTESIAN_POINT('',(-0.0094107,0.010414,-0.00959199999299996));
#7935=CARTESIAN_POINT('',(0.0004318,0.010414,-0.00959199999299996));
#7936=CARTESIAN_POINT('',(0.0004318,0.00841100000550001,-0.00959199999299996));
#7937=CARTESIAN_POINT('',(0.0010668,0.00841100000550001,-0.00959199999299996));
#7938=CARTESIAN_POINT('',(-0.0089782142,0.008382,-0.00984599999299997));
#7939=CARTESIAN_POINT('',(0.0010668,0.008382,-0.0109419999981));
#7940=CARTESIAN_POINT('',(0.0010668001500365,0.00838200000063504,-0.0100998047768373));
#7941=CARTESIAN_POINT('',(0.00119379999974599,0.008382,-0.0100999999927459));
#7942=CARTESIAN_POINT('',(0.00119379999974599,0.009398,-0.0100999999927459));
#7943=CARTESIAN_POINT('',(0.0010668,0.009398,-0.0100999999927459));
#7944=CARTESIAN_POINT('',(0.0010668,0.010414,-0.0100999999927459));
#7945=CARTESIAN_POINT('',(0.00119379999974599,0.010414,-0.0100999999927459));
#7946=CARTESIAN_POINT('',(0.00119379999974599,0.0055245,-0.012773000006654));
#7947=CARTESIAN_POINT('',(0.00119379999974599,0.003008000003546,-0.012773000006654));
#7948=CARTESIAN_POINT('',(0.0010668,0.003008000003546,-0.012773000006654));
#7949=CARTESIAN_POINT('',(0.00119379999974599,0.010414,-0.012773000006654));
#7950=CARTESIAN_POINT('',(0.0010668,0.010414,-0.012773000006654));
#7951=CARTESIAN_POINT('',(0.0010668,0.0055245,-0.012773000006654));
#7952=CARTESIAN_POINT('',(0.00119379999974599,0.003008000003546,-0.010400000002854));
#7953=CARTESIAN_POINT('',(0.0010668,0.003008000003546,-0.010400000002854));
#7954=CARTESIAN_POINT('',(0.0010668,0.000634999999746002,-0.010400000002854));
#7955=CARTESIAN_POINT('',(0.00119379999974599,0.000634999999746002,-0.010400000002854));
#7956=CARTESIAN_POINT('',(0.00119379999974599,0.000508,-0.010400000002854));
#7957=CARTESIAN_POINT('',(0.00119379999974599,0.003008000003546,-0.010400000002854));
#7958=CARTESIAN_POINT('',(-0.00762,0.003008000003546,-0.010400000002854));
#7959=CARTESIAN_POINT('',(-0.00762,0.000508,-0.010400000002854));
#7960=CARTESIAN_POINT('',(0.00388619999974599,0.000508,-0.010400000002854));
#7961=CARTESIAN_POINT('',(0.00388619999974599,0.003008000003546,-0.010400000002854));
#7962=CARTESIAN_POINT('',(0.00388619999974599,0.003008000003546,-0.010400000002854));
#7963=CARTESIAN_POINT('',(0.00388619999974599,0.000635000000254002,-0.010400000002854));
#7964=CARTESIAN_POINT('',(0.0040132,0.000635000000254002,-0.010400000002854));
#7965=CARTESIAN_POINT('',(0.0040132,0.003008000003546,-0.010400000002854));
#7966=CARTESIAN_POINT('',(0.0040132,0.003008000003546,-0.012773000006146));
#7967=CARTESIAN_POINT('',(0.00388619999974599,0.003008000003546,-0.012773000006146));
#7968=CARTESIAN_POINT('',(0.00388619999974599,0.0067110000019,-0.012773000006146));
#7969=CARTESIAN_POINT('',(0.0040132,0.0055245,-0.012773000006146));
#7970=CARTESIAN_POINT('',(0.0040132,0.010414,-0.012773000006146));
#7971=CARTESIAN_POINT('',(0.00388619999974599,0.010414,-0.012773000006146));
#7972=CARTESIAN_POINT('',(0.00388619999974599,0.009398,-0.0100999999932539));
#7973=CARTESIAN_POINT('',(0.00388619999974599,0.010414,-0.0100999999932539));
#7974=CARTESIAN_POINT('',(0.0040132,0.010414,-0.0100999999932539));
#7975=CARTESIAN_POINT('',(0.0040132,0.009398,-0.0100999999932539));
#7976=CARTESIAN_POINT('',(0.00401319986102011,0.00838200000063504,-0.0100998121079935));
#7977=CARTESIAN_POINT('',(0.00388619999974599,0.008382,-0.0100999999932539));
#7978=CARTESIAN_POINT('',(-0.0089782142,0.008382,-0.00984599999299997));
#7979=CARTESIAN_POINT('',(0.0040132,0.008382,-0.0109419999981));
#7980=CARTESIAN_POINT('',(-0.0094107,0.00578893630145404,-0.00936499999005403));
#7981=CARTESIAN_POINT('',(-0.0094107,0.00553493630120004,-0.00936499999005403));
#7982=CARTESIAN_POINT('',(0.0046482,0.00553493630788482,-0.00936495878406567));
#7983=CARTESIAN_POINT('',(0.0040132,0.00553493630120004,-0.00936495971224777));
#7984=CARTESIAN_POINT('',(0.0046482,0.00578893630145404,-0.00936499999005403));
#7985=CARTESIAN_POINT('',(0.0046482,0.00578893630145404,-0.00911099998980003));
#7986=CARTESIAN_POINT('',(-0.0094107,0.00578893630145404,-0.00911099998980003));
#7987=CARTESIAN_POINT('',(0.0040132,0.00578893630145404,-0.00911099998980003));
#7988=CARTESIAN_POINT('',(0.0040132,0.00578893630145404,-0.00936499999005403));
#7989=CARTESIAN_POINT('',(-0.0094107,0.0059714681561,-0.00911099998980003));
#7990=CARTESIAN_POINT('',(0.0046482,0.0055245,-0.00911099998980003));
#7991=CARTESIAN_POINT('',(0.0046482,0.00615400418232775,-0.00911099998982572));
#7992=CARTESIAN_POINT('',(-0.0094107,0.00615400001125403,-0.00911099998980003));
#7993=CARTESIAN_POINT('',(0.0040132,0.00615400001125403,-0.00911099998980003));
#7994=CARTESIAN_POINT('',(0.0040132,0.0055245,-0.00911099998980003));
#7995=CARTESIAN_POINT('',(-0.0094107,0.00615400001125403,-0.00936499998954603));
#7996=CARTESIAN_POINT('',(0.0040132,0.00615400001125403,-0.00936499998954603));
#7997=CARTESIAN_POINT('',(0.0046482,0.00615400001125403,-0.00936499998954603));
#7998=CARTESIAN_POINT('',(-0.0094107,0.00841100000550001,-0.00959199999299996));
#7999=CARTESIAN_POINT('',(-0.0094107,0.010414,-0.00959199999299996));
#8000=CARTESIAN_POINT('',(0.0046482,0.010414,-0.00959199999299996));
#8001=CARTESIAN_POINT('',(0.0040132,0.00841100000550001,-0.00959199999299996));
#8002=CARTESIAN_POINT('',(0.0046482,0.00841100000550001,-0.00959199999299996));
#8003=CARTESIAN_POINT('',(0.00477519999974604,0.0055245,-0.012773000006654));
#8004=CARTESIAN_POINT('',(0.00477519999974604,0.003008000003546,-0.012773000006654));
#8005=CARTESIAN_POINT('',(0.0046482,0.003008000003546,-0.012773000006654));
#8006=CARTESIAN_POINT('',(0.00477519999974604,0.010414,-0.012773000006654));
#8007=CARTESIAN_POINT('',(0.0046482,0.010414,-0.012773000006654));
#8008=CARTESIAN_POINT('',(0.0046482,0.0055245,-0.012773000006654));
#8009=CARTESIAN_POINT('',(0.00477519999974604,0.003008000003546,-0.010400000002854));
#8010=CARTESIAN_POINT('',(0.0046482,0.003008000003546,-0.010400000002854));
#8011=CARTESIAN_POINT('',(0.0046482,0.000634999999746002,-0.010400000002854));
#8012=CARTESIAN_POINT('',(0.00477519999974604,0.000634999999746002,-0.010400000002854));
#8013=CARTESIAN_POINT('',(0.00477519999974604,0.000508,-0.010400000002854));
#8014=CARTESIAN_POINT('',(0.00477519999974604,0.003008000003546,-0.010400000002854));
#8015=CARTESIAN_POINT('',(-0.00762,0.003008000003546,-0.010400000002854));
#8016=CARTESIAN_POINT('',(-0.00762,0.000508,-0.010400000002854));
#8017=CARTESIAN_POINT('',(0.00538479999974601,0.000508,-0.010400000002854));
#8018=CARTESIAN_POINT('',(0.00538479999974601,0.003008000003546,-0.010400000002854));
#8019=CARTESIAN_POINT('',(0.00538479999974601,0.003008000003546,-0.010400000002854));
#8020=CARTESIAN_POINT('',(0.00538479999974601,0.000635000000254002,-0.010400000002854));
#8021=CARTESIAN_POINT('',(0.0055118,0.000635000000254002,-0.010400000002854));
#8022=CARTESIAN_POINT('',(0.0055118,0.003008000003546,-0.010400000002854));
#8023=CARTESIAN_POINT('',(0.0055118,0.003008000003546,-0.012773000006146));
#8024=CARTESIAN_POINT('',(0.00538479999974601,0.003008000003546,-0.012773000006146));
#8025=CARTESIAN_POINT('',(0.00538479999974601,0.0067110000019,-0.012773000006146));
#8026=CARTESIAN_POINT('',(0.0055118,0.0055245,-0.012773000006146));
#8027=CARTESIAN_POINT('',(0.0055118,0.010414,-0.012773000006146));
#8028=CARTESIAN_POINT('',(0.00538479999974601,0.010414,-0.012773000006146));
#8029=CARTESIAN_POINT('',(-0.0094107,0.00578893630145404,-0.00936499999005403));
#8030=CARTESIAN_POINT('',(-0.0094107,0.00553493630120004,-0.00936499999005403));
#8031=CARTESIAN_POINT('',(0.0061468,0.00553493630120004,-0.00936499557356291));
#8032=CARTESIAN_POINT('',(0.0055118,0.00553493630123531,-0.00936499510268224));
#8033=CARTESIAN_POINT('',(0.0061468,0.00578893630145404,-0.00936499999005403));
#8034=CARTESIAN_POINT('',(0.0061468,0.00578893630145404,-0.00911099998980003));
#8035=CARTESIAN_POINT('',(-0.0094107,0.00578893630145404,-0.00911099998980003));
#8036=CARTESIAN_POINT('',(0.0055118,0.00578893630145404,-0.00911099998980003));
#8037=CARTESIAN_POINT('',(0.0055118,0.00578893630145404,-0.00936499999005403));
#8038=CARTESIAN_POINT('',(-0.0094107,0.0059714681561,-0.00911099998980003));
#8039=CARTESIAN_POINT('',(0.0055118,0.0055245,-0.00911099998980003));
#8040=CARTESIAN_POINT('',(0.0055118,0.00615400001125403,-0.00911099998980003));
#8041=CARTESIAN_POINT('',(0.0061468,0.0055245,-0.00911099998980003));
#8042=CARTESIAN_POINT('',(0.0061468,0.00615400418232775,-0.00911099998982572));
#8043=CARTESIAN_POINT('',(-0.0094107,0.00615400001125403,-0.00911099998980003));
#8044=CARTESIAN_POINT('',(-0.0094107,0.00615400001125403,-0.00936499998954603));
#8045=CARTESIAN_POINT('',(0.0055118,0.00615400001125403,-0.00936499998954603));
#8046=CARTESIAN_POINT('',(0.0061468,0.00615400001125403,-0.00936499998954603));
#8047=CARTESIAN_POINT('',(-0.0094107,0.00841100000550001,-0.00959199999299996));
#8048=CARTESIAN_POINT('',(-0.0094107,0.010414,-0.00959199999299996));
#8049=CARTESIAN_POINT('',(0.0055118,0.010414,-0.00959199999299996));
#8050=CARTESIAN_POINT('',(0.0055118,0.00841100000550001,-0.00959199999299996));
#8051=CARTESIAN_POINT('',(0.0061468,0.00841100000550001,-0.00959199999299996));
#8052=CARTESIAN_POINT('',(-0.0089782142,0.008382,-0.00984599999299997));
#8053=CARTESIAN_POINT('',(0.0061468,0.008382,-0.0109419999981));
#8054=CARTESIAN_POINT('',(0.00614680015003625,0.00838200000063504,-0.010099804776983));
#8055=CARTESIAN_POINT('',(0.00627379999974597,0.008382,-0.0100999999927459));
#8056=CARTESIAN_POINT('',(0.00627379999974597,0.009398,-0.0100999999927459));
#8057=CARTESIAN_POINT('',(0.0061468,0.009398,-0.0100999999927459));
#8058=CARTESIAN_POINT('',(0.0061468,0.010414,-0.0100999999927459));
#8059=CARTESIAN_POINT('',(0.00627379999974597,0.010414,-0.0100999999927459));
#8060=CARTESIAN_POINT('',(0.00627379999974597,0.0055245,-0.012773000006654));
#8061=CARTESIAN_POINT('',(0.00627379999974597,0.003008000003546,-0.012773000006654));
#8062=CARTESIAN_POINT('',(0.0061468,0.003008000003546,-0.012773000006654));
#8063=CARTESIAN_POINT('',(0.00627379999974597,0.010414,-0.012773000006654));
#8064=CARTESIAN_POINT('',(0.0061468,0.010414,-0.012773000006654));
#8065=CARTESIAN_POINT('',(0.0061468,0.0055245,-0.012773000006654));
#8066=CARTESIAN_POINT('',(0.00627379999974597,0.003008000003546,-0.010400000002854));
#8067=CARTESIAN_POINT('',(0.0061468,0.003008000003546,-0.010400000002854));
#8068=CARTESIAN_POINT('',(0.0061468,0.000634999999746002,-0.010400000002854));
#8069=CARTESIAN_POINT('',(0.00627379999974597,0.000634999999746002,-0.010400000002854));
#8070=CARTESIAN_POINT('',(0.00627379999974597,0.000508,-0.010400000002854));
#8071=CARTESIAN_POINT('',(0.00627379999974597,0.003008000003546,-0.010400000002854));
#8072=CARTESIAN_POINT('',(-0.00762,0.003008000003546,-0.010400000002854));
#8073=CARTESIAN_POINT('',(-0.00762,0.000508,-0.010400000002854));
#8074=CARTESIAN_POINT('',(0.00896620000025404,0.000508,-0.010400000002854));
#8075=CARTESIAN_POINT('',(0.00896620000025404,0.003008000003546,-0.010400000002854));
#8076=CARTESIAN_POINT('',(-0.0089782142,0.008382,-0.00984599999299997));
#8077=CARTESIAN_POINT('',(0.00896619999974604,0.008382,-0.0100999999932539));
#8078=CARTESIAN_POINT('',(0.00909319986102016,0.00838200000063504,-0.0100998121079932));
#8079=CARTESIAN_POINT('',(0.0090932,0.008382,-0.0109419999981));
#8080=CARTESIAN_POINT('',(0.00896619999974604,0.0055245,-0.0100999999932539));
#8081=CARTESIAN_POINT('',(0.00896619999974604,0.010414,-0.0100999999932539));
#8082=CARTESIAN_POINT('',(0.0090932,0.010414,-0.0100999999932539));
#8083=CARTESIAN_POINT('',(0.0090932,0.0055245,-0.0100999999932539));
#8084=CARTESIAN_POINT('',(1.44849410244063E-18,0.010414,-0.0113094999997));
#8085=CARTESIAN_POINT('',(-0.0090932,0.010414,-0.0113094999997));
#8086=CARTESIAN_POINT('',(-0.0061468,0.010414,-0.0113094999997));
#8087=CARTESIAN_POINT('',(-0.0055118,0.010414,-0.0113094999997));
#8088=CARTESIAN_POINT('',(-0.0046482,0.010414,-0.0113094999997));
#8089=CARTESIAN_POINT('',(-0.0040132,0.010414,-0.0113094999997));
#8090=CARTESIAN_POINT('',(-0.0010668,0.010414,-0.0113094999997));
#8091=CARTESIAN_POINT('',(-0.0004318,0.010414,-0.0113094999997));
#8092=CARTESIAN_POINT('',(0.0004318,0.010414,-0.0113094999997));
#8093=CARTESIAN_POINT('',(0.0010668,0.010414,-0.0113094999997));
#8094=CARTESIAN_POINT('',(0.0040132,0.010414,-0.0113094999997));
#8095=CARTESIAN_POINT('',(0.0046482,0.010414,-0.0113094999997));
#8096=CARTESIAN_POINT('',(0.0055118,0.010414,-0.0113094999997));
#8097=CARTESIAN_POINT('',(0.0061468,0.010414,-0.0113094999997));
#8098=CARTESIAN_POINT('',(0.00896620000025404,0.010414,-0.012773000006654));
#8099=CARTESIAN_POINT('',(0.0090932,0.010414,-0.012773000006654));
#8100=CARTESIAN_POINT('',(0.0090932,0.010414,-0.0113094999997));
#8101=CARTESIAN_POINT('',(1.44849410244063E-18,0.010414,-0.00959199999299996));
#8102=CARTESIAN_POINT('',(0.00922046381246206,0.0104139999314991,-0.00959199999299998));
#8103=CARTESIAN_POINT('',(0.00922020000025405,0.010414,-0.0113094999997));
#8104=CARTESIAN_POINT('',(0.00896620000025404,0.0067110000019,-0.012773000006654));
#8105=CARTESIAN_POINT('',(0.00896620000025404,0.003008000003546,-0.012773000006654));
#8106=CARTESIAN_POINT('',(0.0090932,0.003008000003546,-0.012773000006654));
#8107=CARTESIAN_POINT('',(0.0090932,0.0055245,-0.012773000006654));
#8108=CARTESIAN_POINT('',(0.00896620000025404,0.003008000003546,-0.010400000002854));
#8109=CARTESIAN_POINT('',(0.00896620000025404,0.000634999999746002,-0.010400000002854));
#8110=CARTESIAN_POINT('',(0.0090932,0.000634999999746002,-0.010400000002854));
#8111=CARTESIAN_POINT('',(0.0090932,0.003008000003546,-0.010400000002854));
#8112=CARTESIAN_POINT('',(-0.0094107,0.00578893630145404,-0.00936499999005403));
#8113=CARTESIAN_POINT('',(-0.0094107,0.00553493630120004,-0.00936499999005403));
#8114=CARTESIAN_POINT('',(0.0097282,0.00553493630120004,-0.00936499610238292));
#8115=CARTESIAN_POINT('',(0.0090932,0.00553493630123531,-0.00936499510268213));
#8116=CARTESIAN_POINT('',(0.0097282,0.00578893630145404,-0.00936499999005403));
#8117=CARTESIAN_POINT('',(0.0097282,0.00578893630145404,-0.00911099998980003));
#8118=CARTESIAN_POINT('',(-0.0094107,0.00578893630145404,-0.00911099998980003));
#8119=CARTESIAN_POINT('',(0.0090932,0.00578893630145404,-0.00911099998980003));
#8120=CARTESIAN_POINT('',(0.0090932,0.00578893630145404,-0.00936499999005403));
#8121=CARTESIAN_POINT('',(-0.0094107,0.0059714681561,-0.00911099998980003));
#8122=CARTESIAN_POINT('',(0.0097282,0.005334,-0.00911099998980003));
#8123=CARTESIAN_POINT('',(0.0097282,0.00615400337869829,-0.00911099998981677));
#8124=CARTESIAN_POINT('',(-0.0094107,0.00615400001125403,-0.00911099998980003));
#8125=CARTESIAN_POINT('',(0.0090932,0.00615400001125403,-0.00911099998980003));
#8126=CARTESIAN_POINT('',(0.0090932,0.0055245,-0.00911099998980003));
#8127=CARTESIAN_POINT('',(-0.0094107,0.00615400001125403,-0.00936499998954603));
#8128=CARTESIAN_POINT('',(0.0090932,0.00615400001125403,-0.00936499998954603));
#8129=CARTESIAN_POINT('',(0.0097282,0.00615400001125403,-0.00936499998954603));
#8130=CARTESIAN_POINT('',(-0.0094107,0.00841100000550001,-0.00959199999299996));
#8131=CARTESIAN_POINT('',(0.00922020000025405,0.00990600000025395,-0.00959199999299996));
#8132=CARTESIAN_POINT('',(0.00972819993543547,0.00990625612056583,-0.00959199999299996));
#8133=CARTESIAN_POINT('',(0.0090932,0.00841100000550001,-0.00959199999299996));
#8134=CARTESIAN_POINT('',(0.0097282,0.00841100000550001,-0.00959199999299996));
#8135=CARTESIAN_POINT('',(0.00922020000025405,0.00990600000025395,-0.0113094999997));
#8136=CARTESIAN_POINT('',(0.0097282,0.00990600000025395,-0.0113094999997));
#8137=CARTESIAN_POINT('',(0.00896619999974605,0.006477,-0.013027000006146));
#8138=CARTESIAN_POINT('',(0.0097282,0.006477,-0.013027000006146));
#8139=CARTESIAN_POINT('',(0.0097282,0.003302000000254,-0.013027000006146));
#8140=CARTESIAN_POINT('',(0.00896619999974605,0.003302000000254,-0.013027000006146));
#8141=CARTESIAN_POINT('',(0.00896619999974605,0.003302000000254,-0.0137890000064));
#8142=CARTESIAN_POINT('',(0.00896619999974605,0.006477,-0.0137890000064));
#8143=CARTESIAN_POINT('',(0.00896619999974605,0.003302000000254,-0.010487000006146));
#8144=CARTESIAN_POINT('',(0.0097282,0.003302000000254,-0.010487000006146));
#8145=CARTESIAN_POINT('',(0.0097282,0.000762000000254001,-0.010487000006146));
#8146=CARTESIAN_POINT('',(0.00896619999974605,0.000762000000254001,-0.010487000006146));
#8147=CARTESIAN_POINT('',(0.00896619999974605,0.,-0.010487000006146));
#8148=CARTESIAN_POINT('',(0.00896619999974605,0.003302000000254,-0.010487000006146));
#8149=CARTESIAN_POINT('',(-9.10729824887824E-19,0.006477,-0.0137890000064));
#8150=CARTESIAN_POINT('',(-9.10729824887824E-19,0.003302000000254,-0.0137890000064));
#8151=CARTESIAN_POINT('',(-0.00896620000025405,0.003302000000254,-0.010487000006146));
#8152=CARTESIAN_POINT('',(-0.00896620000025405,0.003302000000254,-0.010487000006146));
#8153=CARTESIAN_POINT('',(-0.00896620000025405,0.,-0.010487000006146));
#8154=CARTESIAN_POINT('',(-0.00896620000025405,0.000761999999745999,-0.010487000006146));
#8155=CARTESIAN_POINT('',(-0.0097282,0.000761999999745999,-0.010487000006146));
#8156=CARTESIAN_POINT('',(-0.0097282,0.003302000000254,-0.010487000006146));
#8157=CARTESIAN_POINT('',(-0.0097282,0.005334,-0.0110689999981));
#8158=CARTESIAN_POINT('',(-0.0097282,0.000761999999745999,-0.0110689999981));
#8159=CARTESIAN_POINT('',(-0.0097282,0.000761999999745999,-0.0102539999897999));
#8160=CARTESIAN_POINT('',(-0.0097282,0.005334,-0.0102539999897999));
#8161=CARTESIAN_POINT('',(-0.0097282,0.00553493630120004,-0.0102539999897999));
#8162=CARTESIAN_POINT('',(-0.0097282,0.00553493630120004,-0.0110689999981));
#8163=CARTESIAN_POINT('',(-0.0094107,0.00553493630120004,-0.00980949998979999));
#8164=CARTESIAN_POINT('',(-0.0094107,0.00553493630120004,-0.0102539999897999));
#8165=CARTESIAN_POINT('',(-0.0090932,0.00553493630120004,-0.0102539999897999));
#8166=CARTESIAN_POINT('',(-0.0090932,0.00553493630120004,-0.0109419999981));
#8167=CARTESIAN_POINT('',(-0.0090932,0.0055245,-0.0109419999981));
#8168=CARTESIAN_POINT('',(-0.0090932,0.0027674681506,-0.0102539999897999));
#8169=CARTESIAN_POINT('',(-0.00909319999845351,0.000634980180089176,-0.0102539999898));
#8170=CARTESIAN_POINT('',(-0.0090932,0.000634999999746002,-0.0109419999981));
#8171=CARTESIAN_POINT('',(-0.00896620000025404,0.000634999999746002,-0.0109419999981));
#8172=CARTESIAN_POINT('',(-0.00896620000025404,0.000508,-0.0109419999981));
#8173=CARTESIAN_POINT('',(-0.00896620000025404,0.000508,-0.0102539999897999));
#8174=CARTESIAN_POINT('',(-0.00896620000025404,0.000634999999746002,-0.0102539999897999));
#8175=CARTESIAN_POINT('',(-0.00762,0.000508,-0.0103269999962));
#8176=CARTESIAN_POINT('',(-0.00762,0.000508,-0.0102539999897999));
#8177=CARTESIAN_POINT('',(-0.00627380000025397,0.000508,-0.0102539999897999));
#8178=CARTESIAN_POINT('',(-0.00627380000025397,0.000508,-0.0103269999962));
#8179=CARTESIAN_POINT('',(-0.00627380000025397,0.000635000000254002,-0.0103269999962));
#8180=CARTESIAN_POINT('',(-0.0061468,0.000635000000254002,-0.0109419999981));
#8181=CARTESIAN_POINT('',(-0.0061468,0.000635000000254002,-0.0102539999897999));
#8182=CARTESIAN_POINT('',(-0.00627380000025397,0.000635000000254002,-0.0102539999897999));
#8183=CARTESIAN_POINT('',(-0.0061468,0.0055245,-0.0109419999981));
#8184=CARTESIAN_POINT('',(-0.0061468,0.00553493630120004,-0.0109419999981));
#8185=CARTESIAN_POINT('',(-0.0061468,0.00553493630120004,-0.0102539999897999));
#8186=CARTESIAN_POINT('',(-0.0061468,0.0055245,-0.0102539999897999));
#8187=CARTESIAN_POINT('',(-0.0094107,0.00553493630120004,-0.00980949998979999));
#8188=CARTESIAN_POINT('',(-0.0094107,0.00553493630120004,-0.0102539999897999));
#8189=CARTESIAN_POINT('',(-0.0055118,0.00553493630120004,-0.0102539999897999));
#8190=CARTESIAN_POINT('',(-0.0055118,0.00553493630120004,-0.0109419999981));
#8191=CARTESIAN_POINT('',(-0.0055118,0.0055245,-0.0109419999981));
#8192=CARTESIAN_POINT('',(-0.0055118,0.0055245,-0.0102539999897999));
#8193=CARTESIAN_POINT('',(-0.0055117999984534,0.000634980180089294,-0.0102539999898));
#8194=CARTESIAN_POINT('',(-0.0055118,0.000635000000254002,-0.0109419999981));
#8195=CARTESIAN_POINT('',(-0.00538479999974601,0.000635000000254002,-0.0109419999981));
#8196=CARTESIAN_POINT('',(-0.00538479999974601,0.000508,-0.0103269999962));
#8197=CARTESIAN_POINT('',(-0.00538479999974601,0.000508,-0.0102539999897999));
#8198=CARTESIAN_POINT('',(-0.00538479999974601,0.000635000000254002,-0.0102539999897999));
#8199=CARTESIAN_POINT('',(-0.00762,0.000508,-0.0103269999962));
#8200=CARTESIAN_POINT('',(-0.00762,0.000508,-0.0102539999897999));
#8201=CARTESIAN_POINT('',(-0.00477520000025404,0.000508,-0.0102539999897999));
#8202=CARTESIAN_POINT('',(-0.00477520000025404,0.000508,-0.0103269999962));
#8203=CARTESIAN_POINT('',(-0.00477520000025404,0.000635000000254002,-0.0103269999962));
#8204=CARTESIAN_POINT('',(-0.0046482,0.000635000000254002,-0.0109419999981));
#8205=CARTESIAN_POINT('',(-0.0046482,0.000635000000254002,-0.0102539999897999));
#8206=CARTESIAN_POINT('',(-0.00477520000025404,0.000635000000254002,-0.0102539999897999));
#8207=CARTESIAN_POINT('',(-0.0046482,0.0055245,-0.0109419999981));
#8208=CARTESIAN_POINT('',(-0.0046482,0.00553493630120004,-0.0109419999981));
#8209=CARTESIAN_POINT('',(-0.0046482,0.00553493630120004,-0.0102539999897999));
#8210=CARTESIAN_POINT('',(-0.0046482,0.0055245,-0.0102539999897999));
#8211=CARTESIAN_POINT('',(-0.0094107,0.00553493630120004,-0.00980949998979999));
#8212=CARTESIAN_POINT('',(-0.0094107,0.00553493630120004,-0.0102539999897999));
#8213=CARTESIAN_POINT('',(-0.0040132,0.00553493630120004,-0.0102539999897999));
#8214=CARTESIAN_POINT('',(-0.0040132,0.00553493630120004,-0.0109419999981));
#8215=CARTESIAN_POINT('',(-0.0040132,0.0055245,-0.0109419999981));
#8216=CARTESIAN_POINT('',(-0.0040132,0.0055245,-0.0102539999897999));
#8217=CARTESIAN_POINT('',(-0.00401319999845335,0.000634980179889245,-0.0102539999898));
#8218=CARTESIAN_POINT('',(-0.0040132,0.000635000000254002,-0.0109419999981));
#8219=CARTESIAN_POINT('',(-0.00388619999974599,0.000635000000254002,-0.0109419999981));
#8220=CARTESIAN_POINT('',(-0.00388619999974599,0.000508,-0.0103269999962));
#8221=CARTESIAN_POINT('',(-0.00388619999974599,0.000508,-0.0102539999897999));
#8222=CARTESIAN_POINT('',(-0.00388619999974599,0.000635000000254002,-0.0102539999897999));
#8223=CARTESIAN_POINT('',(-0.00762,0.000508,-0.0103269999962));
#8224=CARTESIAN_POINT('',(-0.00762,0.000508,-0.0102539999897999));
#8225=CARTESIAN_POINT('',(-0.00119380000025399,0.000508,-0.0102539999897999));
#8226=CARTESIAN_POINT('',(-0.00119380000025399,0.000508,-0.0103269999962));
#8227=CARTESIAN_POINT('',(-0.00119380000025399,0.000635000000254002,-0.0103269999962));
#8228=CARTESIAN_POINT('',(-0.0010668,0.000635000000254002,-0.0109419999981));
#8229=CARTESIAN_POINT('',(-0.0010668,0.000635000000254002,-0.0102539999897999));
#8230=CARTESIAN_POINT('',(-0.00119380000025399,0.000635000000254002,-0.0102539999897999));
#8231=CARTESIAN_POINT('',(-0.0010668,0.0055245,-0.0109419999981));
#8232=CARTESIAN_POINT('',(-0.0010668,0.00553493630120004,-0.0109419999981));
#8233=CARTESIAN_POINT('',(-0.0010668,0.00553493630120004,-0.0102539999897999));
#8234=CARTESIAN_POINT('',(-0.0010668,0.0055245,-0.0102539999897999));
#8235=CARTESIAN_POINT('',(-0.0094107,0.00553493630120004,-0.00980949998979999));
#8236=CARTESIAN_POINT('',(-0.0094107,0.00553493630120004,-0.0102539999897999));
#8237=CARTESIAN_POINT('',(-0.0004318,0.00553493630120004,-0.0102539999897999));
#8238=CARTESIAN_POINT('',(-0.0004318,0.00553493630120004,-0.0109419999981));
#8239=CARTESIAN_POINT('',(-0.0004318,0.0055245,-0.0109419999981));
#8240=CARTESIAN_POINT('',(-0.0004318,0.0055245,-0.0102539999897999));
#8241=CARTESIAN_POINT('',(-0.000431799998453357,0.000634980179867432,-0.0102539999898));
#8242=CARTESIAN_POINT('',(-0.0004318,0.000635000000254002,-0.0109419999981));
#8243=CARTESIAN_POINT('',(-0.000304799999746002,0.000635000000254002,-0.0109419999981));
#8244=CARTESIAN_POINT('',(-0.000304799999746002,0.000508,-0.0103269999962));
#8245=CARTESIAN_POINT('',(-0.000304799999746002,0.000508,-0.0102539999897999));
#8246=CARTESIAN_POINT('',(-0.000304799999746002,0.000635000000254002,-0.0102539999897999));
#8247=CARTESIAN_POINT('',(-0.00762,0.000508,-0.0103269999962));
#8248=CARTESIAN_POINT('',(-0.00762,0.000508,-0.0102539999897999));
#8249=CARTESIAN_POINT('',(0.000304799999746002,0.000508,-0.0102539999897999));
#8250=CARTESIAN_POINT('',(0.000304799999746002,0.000508,-0.0103269999962));
#8251=CARTESIAN_POINT('',(0.000304799999746002,0.000635000000254002,-0.0103269999962));
#8252=CARTESIAN_POINT('',(0.0004318,0.000635000000254002,-0.0109419999981));
#8253=CARTESIAN_POINT('',(0.0004318,0.000635000000254002,-0.0102539999897999));
#8254=CARTESIAN_POINT('',(0.000304799999746002,0.000635000000254002,-0.0102539999897999));
#8255=CARTESIAN_POINT('',(0.0004318,0.0055245,-0.0109419999981));
#8256=CARTESIAN_POINT('',(0.0004318,0.00553493630120004,-0.0109419999981));
#8257=CARTESIAN_POINT('',(0.0004318,0.00553493630120004,-0.0102539999897999));
#8258=CARTESIAN_POINT('',(0.0004318,0.0055245,-0.0102539999897999));
#8259=CARTESIAN_POINT('',(-0.0094107,0.00553493630120004,-0.00980949998979999));
#8260=CARTESIAN_POINT('',(-7.7747766419944E-20,0.00553493630120004,-0.0102539999897999));
#8261=CARTESIAN_POINT('',(0.0010668,0.00553493630120004,-0.0102539999897999));
#8262=CARTESIAN_POINT('',(0.0010668,0.00553493630120004,-0.00980949998979999));
#8263=CARTESIAN_POINT('',(0.0010668,0.0055245,-0.0109419999981));
#8264=CARTESIAN_POINT('',(0.0010668,0.0055245,-0.0102539999897999));
#8265=CARTESIAN_POINT('',(0.00106680000154653,0.000634980180067154,-0.0102539999898));
#8266=CARTESIAN_POINT('',(0.0010668,0.000634999999746002,-0.0109419999981));
#8267=CARTESIAN_POINT('',(0.00119379999974599,0.000634999999746002,-0.0109419999981));
#8268=CARTESIAN_POINT('',(0.00119379999974599,0.000508,-0.0103269999962));
#8269=CARTESIAN_POINT('',(0.00119379999974599,0.000508,-0.0102539999897999));
#8270=CARTESIAN_POINT('',(0.00119379999974599,0.000634999999746002,-0.0102539999897999));
#8271=CARTESIAN_POINT('',(-0.00762,0.000508,-0.0103269999962));
#8272=CARTESIAN_POINT('',(-0.00762,0.000508,-0.0102539999897999));
#8273=CARTESIAN_POINT('',(0.00388619999974599,0.000508,-0.0102539999897999));
#8274=CARTESIAN_POINT('',(0.00388619999974599,0.000508,-0.0103269999962));
#8275=CARTESIAN_POINT('',(0.00388619999974599,0.000635000000254002,-0.0103269999962));
#8276=CARTESIAN_POINT('',(0.0040132,0.000635000000254002,-0.0109419999981));
#8277=CARTESIAN_POINT('',(0.0040132,0.000635000000254002,-0.0102539999897999));
#8278=CARTESIAN_POINT('',(0.00388619999974599,0.000635000000254002,-0.0102539999897999));
#8279=CARTESIAN_POINT('',(0.0040132,0.0055245,-0.0109419999981));
#8280=CARTESIAN_POINT('',(0.0040132,0.00553493630120004,-0.0109419999981));
#8281=CARTESIAN_POINT('',(0.0040132,0.00553493630120004,-0.0102539999897999));
#8282=CARTESIAN_POINT('',(0.0040132,0.0055245,-0.0102539999897999));
#8283=CARTESIAN_POINT('',(-0.0094107,0.00553493630120004,-0.00980949998979999));
#8284=CARTESIAN_POINT('',(-7.7747766419944E-20,0.00553493630120004,-0.0102539999897999));
#8285=CARTESIAN_POINT('',(0.0046482,0.00553493630120004,-0.0102539999897999));
#8286=CARTESIAN_POINT('',(0.0046482,0.00553493630120004,-0.00980949998979999));
#8287=CARTESIAN_POINT('',(0.0046482,0.0055245,-0.0109419999981));
#8288=CARTESIAN_POINT('',(0.0046482,0.0055245,-0.0102539999897999));
#8289=CARTESIAN_POINT('',(0.00464820000154658,0.000634980180066637,-0.0102539999898));
#8290=CARTESIAN_POINT('',(0.0046482,0.000634999999746002,-0.0109419999981));
#8291=CARTESIAN_POINT('',(0.00477519999974604,0.000634999999746002,-0.0109419999981));
#8292=CARTESIAN_POINT('',(0.00477519999974604,0.000508,-0.0103269999962));
#8293=CARTESIAN_POINT('',(0.00477519999974604,0.000508,-0.0102539999897999));
#8294=CARTESIAN_POINT('',(0.00477519999974604,0.000634999999746002,-0.0102539999897999));
#8295=CARTESIAN_POINT('',(-0.00762,0.000508,-0.0103269999962));
#8296=CARTESIAN_POINT('',(-0.00762,0.000508,-0.0102539999897999));
#8297=CARTESIAN_POINT('',(0.00538479999974601,0.000508,-0.0102539999897999));
#8298=CARTESIAN_POINT('',(0.00538479999974601,0.000508,-0.0103269999962));
#8299=CARTESIAN_POINT('',(0.00538479999974601,0.000635000000254002,-0.0103269999962));
#8300=CARTESIAN_POINT('',(0.0055118,0.000635000000254002,-0.0109419999981));
#8301=CARTESIAN_POINT('',(0.0055118,0.000635000000254002,-0.0102539999897999));
#8302=CARTESIAN_POINT('',(0.00538479999974601,0.000635000000254002,-0.0102539999897999));
#8303=CARTESIAN_POINT('',(0.0055118,0.0055245,-0.0109419999981));
#8304=CARTESIAN_POINT('',(0.0055118,0.00553493630120004,-0.0109419999981));
#8305=CARTESIAN_POINT('',(0.0055118,0.00553493630120004,-0.0102539999897999));
#8306=CARTESIAN_POINT('',(0.0055118,0.0055245,-0.0102539999897999));
#8307=CARTESIAN_POINT('',(-0.0094107,0.00553493630120004,-0.00980949998979999));
#8308=CARTESIAN_POINT('',(-7.7747766419944E-20,0.00553493630120004,-0.0102539999897999));
#8309=CARTESIAN_POINT('',(0.0061468,0.00553493630120004,-0.0102539999897999));
#8310=CARTESIAN_POINT('',(0.0061468,0.00553493630120004,-0.00980949998979999));
#8311=CARTESIAN_POINT('',(0.0061468,0.0055245,-0.0109419999981));
#8312=CARTESIAN_POINT('',(0.0061468,0.0055245,-0.0102539999897999));
#8313=CARTESIAN_POINT('',(0.0061468000015465,0.000634980180065487,-0.0102539999898));
#8314=CARTESIAN_POINT('',(0.0061468,0.000634999999746002,-0.0109419999981));
#8315=CARTESIAN_POINT('',(0.00627379999974597,0.000634999999746002,-0.0109419999981));
#8316=CARTESIAN_POINT('',(0.00627379999974597,0.000508,-0.0103269999962));
#8317=CARTESIAN_POINT('',(0.00627379999974597,0.000508,-0.0102539999897999));
#8318=CARTESIAN_POINT('',(0.00627379999974597,0.000634999999746002,-0.0102539999897999));
#8319=CARTESIAN_POINT('',(-0.00762,0.000508,-0.0103269999962));
#8320=CARTESIAN_POINT('',(-0.00762,0.000508,-0.0102539999897999));
#8321=CARTESIAN_POINT('',(0.00896620000025404,0.000508,-0.0102539999897999));
#8322=CARTESIAN_POINT('',(0.00896620000025404,0.000508,-0.0103269999962));
#8323=CARTESIAN_POINT('',(0.00896620000025404,0.000634999999746002,-0.0103269999962));
#8324=CARTESIAN_POINT('',(0.0090932,0.000634999999746002,-0.0109419999981));
#8325=CARTESIAN_POINT('',(0.0090932,0.000634999999746002,-0.0102539999897999));
#8326=CARTESIAN_POINT('',(0.00896620000025404,0.000634999999746002,-0.0102539999897999));
#8327=CARTESIAN_POINT('',(0.0090932,0.0055245,-0.0109419999981));
#8328=CARTESIAN_POINT('',(0.0090932,0.0027674681506,-0.0102539999897999));
#8329=CARTESIAN_POINT('',(0.0090932,0.00553493630120004,-0.0102539999897999));
#8330=CARTESIAN_POINT('',(0.0090932,0.00553493630120004,-0.00980949998979999));
#8331=CARTESIAN_POINT('',(-0.0094107,0.00553493630120004,-0.00980949998979999));
#8332=CARTESIAN_POINT('',(-7.7747766419944E-20,0.00553493630120004,-0.0102539999897999));
#8333=CARTESIAN_POINT('',(0.0097282,0.00553493630120004,-0.0102539999897999));
#8334=CARTESIAN_POINT('',(0.0097282,0.00553493630120004,-0.00980949998979999));
#8335=CARTESIAN_POINT('',(0.0097282,0.005334,-0.0110689999981));
#8336=CARTESIAN_POINT('',(0.0097282,0.005334,-0.0102539999897999));
#8337=CARTESIAN_POINT('',(0.0097282,0.000762000000254001,-0.0102539999897999));
#8338=CARTESIAN_POINT('',(0.0097282,0.000762000000254001,-0.0110689999981));
#8339=CARTESIAN_POINT('',(0.00896619999974605,0.000762000000254001,-0.0110689999981));
#8340=CARTESIAN_POINT('',(0.00896619999974605,0.,-0.0103704999981));
#8341=CARTESIAN_POINT('',(0.00896619999974605,0.,-0.0102539999897999));
#8342=CARTESIAN_POINT('',(0.00896619999974605,0.000762000000254001,-0.0102539999897999));
#8343=CARTESIAN_POINT('',(-0.00896620000025405,0.000761999999745999,-0.0103704999981));
#8344=CARTESIAN_POINT('',(-0.00896620000025405,0.,-0.0103704999981));
#8345=CARTESIAN_POINT('',(-0.00896620000025405,0.,-0.0102539999897999));
#8346=CARTESIAN_POINT('',(-0.00896620000025405,0.000761999999745999,-0.0102539999897999));
#8347=CARTESIAN_POINT('',(-1.32938182643847E-18,0.003302000000254,-0.010487000006146));
#8348=CARTESIAN_POINT('',(-1.32938182643847E-18,0.,-0.010487000006146));
#8349=CARTESIAN_POINT('',(-2.77555756156289E-19,0.0027674681506,-0.0102539999897999));
#8350=CARTESIAN_POINT('',(-2.77555756156289E-19,0.,-0.0102539999897999));
#8351=CARTESIAN_POINT('',(-1.32706345912226E-18,0.,-0.0103704999981));
#8352=CARTESIAN_POINT('',(-7.53739913898501E-5,-0.00265685731169874,0.00647728159921384));
#8353=MECHANICAL_DESIGN_GEOMETRIC_PRESENTATION_REPRESENTATION('',(#4862,
#4863),#8354);
#8354=(
GEOMETRIC_REPRESENTATION_CONTEXT(3)
GLOBAL_UNCERTAINTY_ASSIGNED_CONTEXT((#8357))
GLOBAL_UNIT_ASSIGNED_CONTEXT((#8362,#8361,#8360))
REPRESENTATION_CONTEXT('Bivar-RLP4-200-500','TOP_LEVEL_ASSEMBLY_PART')
);
#8355=(
GEOMETRIC_REPRESENTATION_CONTEXT(3)
GLOBAL_UNCERTAINTY_ASSIGNED_CONTEXT((#8358))
GLOBAL_UNIT_ASSIGNED_CONTEXT((#8362,#8361,#8360))
REPRESENTATION_CONTEXT('Part 1','COMPONENT_PART')
);
#8356=(
GEOMETRIC_REPRESENTATION_CONTEXT(3)
GLOBAL_UNCERTAINTY_ASSIGNED_CONTEXT((#8359))
GLOBAL_UNIT_ASSIGNED_CONTEXT((#8362,#8361,#8360))
REPRESENTATION_CONTEXT('Part 2','COMPONENT_PART')
);
#8357=UNCERTAINTY_MEASURE_WITH_UNIT(LENGTH_MEASURE(1.E-8),#8362,
'DISTANCE_ACCURACY_VALUE','Maximum Tolerance applied to model');
#8358=UNCERTAINTY_MEASURE_WITH_UNIT(LENGTH_MEASURE(2.E-5),#8362,
'DISTANCE_ACCURACY_VALUE','Maximum Tolerance applied to model');
#8359=UNCERTAINTY_MEASURE_WITH_UNIT(LENGTH_MEASURE(2.E-5),#8362,
'DISTANCE_ACCURACY_VALUE','Maximum Tolerance applied to model');
#8360=(
NAMED_UNIT(*)
SI_UNIT($,.STERADIAN.)
SOLID_ANGLE_UNIT()
);
#8361=(
NAMED_UNIT(*)
PLANE_ANGLE_UNIT()
SI_UNIT($,.RADIAN.)
);
#8362=(
LENGTH_UNIT()
NAMED_UNIT(*)
SI_UNIT($,.METRE.)
);
#8363=PRODUCT_DEFINITION_SHAPE('','',#8368);
#8364=PRODUCT_DEFINITION_SHAPE('','',#8369);
#8365=PRODUCT_DEFINITION_SHAPE(' ','NAUO PRDDFN',#31);
#8366=PRODUCT_DEFINITION_SHAPE('','',#8370);
#8367=PRODUCT_DEFINITION_SHAPE(' ','NAUO PRDDFN',#32);
#8368=PRODUCT_DEFINITION('','',#8374,#8371);
#8369=PRODUCT_DEFINITION('','',#8375,#8372);
#8370=PRODUCT_DEFINITION('','',#8376,#8373);
#8371=PRODUCT_DEFINITION_CONTEXT('',#8390,'design');
#8372=PRODUCT_DEFINITION_CONTEXT('',#8390,'design');
#8373=PRODUCT_DEFINITION_CONTEXT('',#8390,'design');
#8374=PRODUCT_DEFINITION_FORMATION_WITH_SPECIFIED_SOURCE('','',#8380,
 .NOT_KNOWN.);
#8375=PRODUCT_DEFINITION_FORMATION_WITH_SPECIFIED_SOURCE('','',#8381,
 .NOT_KNOWN.);
#8376=PRODUCT_DEFINITION_FORMATION_WITH_SPECIFIED_SOURCE('','',#8382,
 .NOT_KNOWN.);
#8377=PRODUCT_RELATED_PRODUCT_CATEGORY('','',(#8380));
#8378=PRODUCT_RELATED_PRODUCT_CATEGORY('','',(#8381));
#8379=PRODUCT_RELATED_PRODUCT_CATEGORY('','',(#8382));
#8380=PRODUCT('Bivar-RLP4-200-500','Bivar-RLP4-200-500',
'Bivar-RLP4-200-500',(#8386));
#8381=PRODUCT('Part 1','Part 1','Part 1',(#8387));
#8382=PRODUCT('Part 2','Part 2','Part 2',(#8388));
#8383=PRODUCT_CATEGORY('','');
#8384=PRODUCT_CATEGORY('','');
#8385=PRODUCT_CATEGORY('','');
#8386=PRODUCT_CONTEXT('',#8390,'mechanical');
#8387=PRODUCT_CONTEXT('',#8390,'mechanical');
#8388=PRODUCT_CONTEXT('',#8390,'mechanical');
#8389=APPLICATION_PROTOCOL_DEFINITION('international standard',
'ap242_managed_model_based_3d_engineering',2020,#8390);
#8390=APPLICATION_CONTEXT('managed model based 3d engineering');
ENDSEC;
END-ISO-10303-21;
