ISO-10303-21;
HEADER;
/* Generated by software containing ST-Developer
 * from STEP Tools, Inc. (www.steptools.com) 
 */
/* OPTION: using custom schema-name function */

FILE_DESCRIPTION(
/* description */ (''),
/* implementation_level */ '2;1');

FILE_NAME(
/* name */ '5040500491wbm000_01_214.stp',
/* time_stamp */ '2023-07-11T11:43:16+08:00',
/* author */ (''),
/* organization */ (''),
/* preprocessor_version */ 'ST-DEVELOPER v16.7',
/* originating_system */ 'SIEMENS PLM Software NX 1919',
/* authorisation */ '');

FILE_SCHEMA (('AUTOMOTIVE_DESIGN { 1 0 10303 214 3 1 1 1 }'));
ENDSEC;

DATA;
#10=SHAPE_REPRESENTATION_RELATIONSHIP('None',
'relationship between 5040500491wbm000_01-None and 5040500491wbm000_01
-None',#22,#11);
#11=ADVANCED_BREP_SHAPE_REPRESENTATION('5040500491wbm000_01-None',(#32),
#5242);
#12=SHAPE_DEFINITION_REPRESENTATION(#13,#22);
#13=PRODUCT_DEFINITION_SHAPE('','',#14);
#14=PRODUCT_DEFINITION(' ','',#16,#15);
#15=PRODUCT_DEFINITION_CONTEXT('part definition',#21,'design');
#16=PRODUCT_DEFINITION_FORMATION_WITH_SPECIFIED_SOURCE(' ',' ',#18,
 .NOT_KNOWN.);
#17=PRODUCT_RELATED_PRODUCT_CATEGORY('part','',(#18));
#18=PRODUCT('5040500491wbm000_01','5040500491wbm000_01',' ',(#19));
#19=PRODUCT_CONTEXT(' ',#21,'mechanical');
#20=APPLICATION_PROTOCOL_DEFINITION('international standard',
'automotive_design',2010,#21);
#21=APPLICATION_CONTEXT(
'core data for automotive mechanical design processes');
#22=SHAPE_REPRESENTATION('5040500491wbm000_01-None',(#3287),#5242);
#23=PRESENTATION_LAYER_ASSIGNMENT('1','Layer 1',(#32));
#24=STYLED_ITEM('',(#25),#32);
#25=PRESENTATION_STYLE_ASSIGNMENT((#26));
#26=SURFACE_STYLE_USAGE(.BOTH.,#27);
#27=SURFACE_SIDE_STYLE('',(#28));
#28=SURFACE_STYLE_FILL_AREA(#29);
#29=FILL_AREA_STYLE('',(#30));
#30=FILL_AREA_STYLE_COLOUR('',#31);
#31=COLOUR_RGB('Medium Steel',0.596063172350652,0.666666666666667,0.686259250782025);
#32=MANIFOLD_SOLID_BREP('',#33);
#33=CLOSED_SHELL('',(#91,#92,#93,#94,#95,#96,#97,#98,#99,#100,#101,#102,
#103,#104,#105,#106,#107,#108,#109,#110,#111,#112,#113,#114,#115,#116,#117,
#118,#119,#120,#121,#122,#123,#124,#125,#126,#127,#128,#129,#130,#131,#132,
#133,#134,#135,#136,#137,#138,#139,#140,#141,#142,#143,#144,#145,#146,#147,
#148,#149,#150,#151,#152,#153,#154,#155,#156,#157,#158,#159,#160,#161,#162,
#163,#164,#165,#166,#167,#168,#169,#170,#171,#172,#173,#174,#175,#176,#177,
#178,#179,#180,#181,#182,#183,#184,#185,#186,#187,#188,#189,#190,#191,#192,
#193,#194,#195,#196,#197,#198,#199,#200,#201,#202,#203,#204,#205,#206,#207,
#208,#209,#210,#211,#212,#213,#214,#215,#216,#217,#218,#219,#220,#221,#222,
#223,#224,#225,#226,#227,#228,#229,#230,#231,#232,#233,#234,#235,#236,#237,
#238,#239,#240,#241,#242,#243,#244,#245,#246,#247,#248,#249,#250,#251,#252,
#253,#254));
#34=CYLINDRICAL_SURFACE('',#3351,0.1);
#35=CYLINDRICAL_SURFACE('',#3370,0.1);
#36=CYLINDRICAL_SURFACE('',#3389,0.1);
#37=CYLINDRICAL_SURFACE('',#3408,0.1);
#38=CYLINDRICAL_SURFACE('',#3425,0.25);
#39=CYLINDRICAL_SURFACE('',#3426,0.1);
#40=CYLINDRICAL_SURFACE('',#3439,0.2);
#41=CYLINDRICAL_SURFACE('',#3443,0.0499999999999998);
#42=CYLINDRICAL_SURFACE('',#3444,0.0499999999999998);
#43=CYLINDRICAL_SURFACE('',#3446,0.1);
#44=CYLINDRICAL_SURFACE('',#3457,0.25);
#45=CYLINDRICAL_SURFACE('',#3458,0.1);
#46=CYLINDRICAL_SURFACE('',#3471,0.2);
#47=CYLINDRICAL_SURFACE('',#3475,0.0499999999999998);
#48=CYLINDRICAL_SURFACE('',#3476,0.0499999999999998);
#49=CYLINDRICAL_SURFACE('',#3478,0.1);
#50=CIRCLE('',#3349,0.1);
#51=CIRCLE('',#3350,0.1);
#52=CIRCLE('',#3368,0.1);
#53=CIRCLE('',#3369,0.1);
#54=CIRCLE('',#3387,0.1);
#55=CIRCLE('',#3388,0.1);
#56=CIRCLE('',#3406,0.1);
#57=CIRCLE('',#3407,0.1);
#58=CIRCLE('',#3419,0.25);
#59=CIRCLE('',#3420,0.1);
#60=CIRCLE('',#3422,0.1);
#61=CIRCLE('',#3423,0.25);
#62=CIRCLE('',#3427,0.2);
#63=CIRCLE('',#3428,0.0499999999999998);
#64=CIRCLE('',#3430,0.0499999999999998);
#65=CIRCLE('',#3431,0.1);
#66=CIRCLE('',#3433,0.1);
#67=CIRCLE('',#3434,0.0499999999999998);
#68=CIRCLE('',#3436,0.2);
#69=CIRCLE('',#3437,0.0499999999999998);
#70=CIRCLE('',#3451,0.25);
#71=CIRCLE('',#3452,0.1);
#72=CIRCLE('',#3454,0.1);
#73=CIRCLE('',#3455,0.25);
#74=CIRCLE('',#3459,0.0499999999999998);
#75=CIRCLE('',#3460,0.2);
#76=CIRCLE('',#3462,0.0499999999999998);
#77=CIRCLE('',#3463,0.1);
#78=CIRCLE('',#3465,0.1);
#79=CIRCLE('',#3466,0.0499999999999998);
#80=CIRCLE('',#3468,0.0499999999999998);
#81=CIRCLE('',#3469,0.2);
#82=FACE_BOUND('',#567,.T.);
#83=FACE_BOUND('',#568,.T.);
#84=FACE_BOUND('',#591,.T.);
#85=FACE_BOUND('',#592,.T.);
#86=FACE_BOUND('',#593,.T.);
#87=FACE_BOUND('',#613,.T.);
#88=FACE_BOUND('',#614,.T.);
#89=FACE_BOUND('',#617,.T.);
#90=FACE_BOUND('',#618,.T.);
#91=ADVANCED_FACE('',(#403),#255,.T.);
#92=ADVANCED_FACE('',(#404),#256,.T.);
#93=ADVANCED_FACE('',(#405),#257,.T.);
#94=ADVANCED_FACE('',(#406),#258,.T.);
#95=ADVANCED_FACE('',(#82,#83),#259,.T.);
#96=ADVANCED_FACE('',(#407),#260,.T.);
#97=ADVANCED_FACE('',(#408),#261,.T.);
#98=ADVANCED_FACE('',(#409),#262,.F.);
#99=ADVANCED_FACE('',(#410),#263,.T.);
#100=ADVANCED_FACE('',(#411),#264,.T.);
#101=ADVANCED_FACE('',(#412),#265,.T.);
#102=ADVANCED_FACE('',(#413),#266,.T.);
#103=ADVANCED_FACE('',(#414),#267,.T.);
#104=ADVANCED_FACE('',(#415),#268,.F.);
#105=ADVANCED_FACE('',(#416),#269,.F.);
#106=ADVANCED_FACE('',(#417),#270,.F.);
#107=ADVANCED_FACE('',(#418),#271,.F.);
#108=ADVANCED_FACE('',(#419),#272,.F.);
#109=ADVANCED_FACE('',(#420),#273,.F.);
#110=ADVANCED_FACE('',(#421),#274,.F.);
#111=ADVANCED_FACE('',(#422),#275,.F.);
#112=ADVANCED_FACE('',(#423),#276,.F.);
#113=ADVANCED_FACE('',(#424),#277,.T.);
#114=ADVANCED_FACE('',(#425),#278,.T.);
#115=ADVANCED_FACE('',(#426),#279,.T.);
#116=ADVANCED_FACE('',(#427),#280,.T.);
#117=ADVANCED_FACE('',(#428),#281,.T.);
#118=ADVANCED_FACE('',(#84,#85,#86),#282,.T.);
#119=ADVANCED_FACE('',(#429),#283,.F.);
#120=ADVANCED_FACE('',(#430),#284,.T.);
#121=ADVANCED_FACE('',(#431),#285,.F.);
#122=ADVANCED_FACE('',(#432),#286,.F.);
#123=ADVANCED_FACE('',(#433),#287,.F.);
#124=ADVANCED_FACE('',(#434),#288,.F.);
#125=ADVANCED_FACE('',(#435),#289,.F.);
#126=ADVANCED_FACE('',(#436),#290,.F.);
#127=ADVANCED_FACE('',(#437),#291,.F.);
#128=ADVANCED_FACE('',(#438),#292,.F.);
#129=ADVANCED_FACE('',(#439),#293,.F.);
#130=ADVANCED_FACE('',(#440),#294,.F.);
#131=ADVANCED_FACE('',(#441),#295,.F.);
#132=ADVANCED_FACE('',(#442),#296,.T.);
#133=ADVANCED_FACE('',(#443),#297,.F.);
#134=ADVANCED_FACE('',(#444),#298,.F.);
#135=ADVANCED_FACE('',(#445),#299,.T.);
#136=ADVANCED_FACE('',(#446),#300,.F.);
#137=ADVANCED_FACE('',(#447),#301,.F.);
#138=ADVANCED_FACE('',(#87,#88),#302,.T.);
#139=ADVANCED_FACE('',(#448),#303,.F.);
#140=ADVANCED_FACE('',(#449),#304,.F.);
#141=ADVANCED_FACE('',(#89,#90),#305,.T.);
#142=ADVANCED_FACE('',(#450),#306,.T.);
#143=ADVANCED_FACE('',(#451),#307,.F.);
#144=ADVANCED_FACE('',(#452),#308,.F.);
#145=ADVANCED_FACE('',(#453),#309,.F.);
#146=ADVANCED_FACE('',(#454),#310,.F.);
#147=ADVANCED_FACE('',(#455),#311,.T.);
#148=ADVANCED_FACE('',(#456),#312,.F.);
#149=ADVANCED_FACE('',(#457),#313,.F.);
#150=ADVANCED_FACE('',(#458),#314,.F.);
#151=ADVANCED_FACE('',(#459),#315,.F.);
#152=ADVANCED_FACE('',(#460),#34,.F.);
#153=ADVANCED_FACE('',(#461),#316,.F.);
#154=ADVANCED_FACE('',(#462),#317,.T.);
#155=ADVANCED_FACE('',(#463),#318,.F.);
#156=ADVANCED_FACE('',(#464),#319,.F.);
#157=ADVANCED_FACE('',(#465),#320,.F.);
#158=ADVANCED_FACE('',(#466),#321,.F.);
#159=ADVANCED_FACE('',(#467),#322,.F.);
#160=ADVANCED_FACE('',(#468),#323,.F.);
#161=ADVANCED_FACE('',(#469),#324,.F.);
#162=ADVANCED_FACE('',(#470),#325,.F.);
#163=ADVANCED_FACE('',(#471),#326,.F.);
#164=ADVANCED_FACE('',(#472),#327,.T.);
#165=ADVANCED_FACE('',(#473),#328,.F.);
#166=ADVANCED_FACE('',(#474),#329,.F.);
#167=ADVANCED_FACE('',(#475),#330,.F.);
#168=ADVANCED_FACE('',(#476),#331,.F.);
#169=ADVANCED_FACE('',(#477),#35,.F.);
#170=ADVANCED_FACE('',(#478),#332,.F.);
#171=ADVANCED_FACE('',(#479),#333,.T.);
#172=ADVANCED_FACE('',(#480),#334,.F.);
#173=ADVANCED_FACE('',(#481),#335,.F.);
#174=ADVANCED_FACE('',(#482),#336,.F.);
#175=ADVANCED_FACE('',(#483),#337,.F.);
#176=ADVANCED_FACE('',(#484),#338,.F.);
#177=ADVANCED_FACE('',(#485),#339,.F.);
#178=ADVANCED_FACE('',(#486),#340,.F.);
#179=ADVANCED_FACE('',(#487),#341,.F.);
#180=ADVANCED_FACE('',(#488),#342,.F.);
#181=ADVANCED_FACE('',(#489),#343,.T.);
#182=ADVANCED_FACE('',(#490),#344,.F.);
#183=ADVANCED_FACE('',(#491),#345,.F.);
#184=ADVANCED_FACE('',(#492),#346,.F.);
#185=ADVANCED_FACE('',(#493),#347,.F.);
#186=ADVANCED_FACE('',(#494),#36,.F.);
#187=ADVANCED_FACE('',(#495),#348,.F.);
#188=ADVANCED_FACE('',(#496),#349,.T.);
#189=ADVANCED_FACE('',(#497),#350,.F.);
#190=ADVANCED_FACE('',(#498),#351,.F.);
#191=ADVANCED_FACE('',(#499),#352,.F.);
#192=ADVANCED_FACE('',(#500),#353,.F.);
#193=ADVANCED_FACE('',(#501),#354,.F.);
#194=ADVANCED_FACE('',(#502),#355,.F.);
#195=ADVANCED_FACE('',(#503),#356,.F.);
#196=ADVANCED_FACE('',(#504),#357,.F.);
#197=ADVANCED_FACE('',(#505),#358,.F.);
#198=ADVANCED_FACE('',(#506),#359,.T.);
#199=ADVANCED_FACE('',(#507),#360,.F.);
#200=ADVANCED_FACE('',(#508),#361,.F.);
#201=ADVANCED_FACE('',(#509),#362,.F.);
#202=ADVANCED_FACE('',(#510),#363,.F.);
#203=ADVANCED_FACE('',(#511),#37,.F.);
#204=ADVANCED_FACE('',(#512),#364,.F.);
#205=ADVANCED_FACE('',(#513),#365,.T.);
#206=ADVANCED_FACE('',(#514),#366,.F.);
#207=ADVANCED_FACE('',(#515),#367,.F.);
#208=ADVANCED_FACE('',(#516),#368,.F.);
#209=ADVANCED_FACE('',(#517),#369,.F.);
#210=ADVANCED_FACE('',(#518),#370,.F.);
#211=ADVANCED_FACE('',(#519),#371,.F.);
#212=ADVANCED_FACE('',(#520),#372,.F.);
#213=ADVANCED_FACE('',(#521),#373,.F.);
#214=ADVANCED_FACE('',(#522),#374,.F.);
#215=ADVANCED_FACE('',(#523),#375,.F.);
#216=ADVANCED_FACE('',(#524),#38,.T.);
#217=ADVANCED_FACE('',(#525),#39,.F.);
#218=ADVANCED_FACE('',(#526),#376,.F.);
#219=ADVANCED_FACE('',(#527),#377,.T.);
#220=ADVANCED_FACE('',(#528),#378,.T.);
#221=ADVANCED_FACE('',(#529),#379,.T.);
#222=ADVANCED_FACE('',(#530),#40,.T.);
#223=ADVANCED_FACE('',(#531),#380,.F.);
#224=ADVANCED_FACE('',(#532),#381,.F.);
#225=ADVANCED_FACE('',(#533),#382,.F.);
#226=ADVANCED_FACE('',(#534),#41,.F.);
#227=ADVANCED_FACE('',(#535),#42,.F.);
#228=ADVANCED_FACE('',(#536),#383,.F.);
#229=ADVANCED_FACE('',(#537),#43,.F.);
#230=ADVANCED_FACE('',(#538),#384,.F.);
#231=ADVANCED_FACE('',(#539),#385,.T.);
#232=ADVANCED_FACE('',(#540),#386,.T.);
#233=ADVANCED_FACE('',(#541),#387,.T.);
#234=ADVANCED_FACE('',(#542),#388,.T.);
#235=ADVANCED_FACE('',(#543),#389,.T.);
#236=ADVANCED_FACE('',(#544),#44,.T.);
#237=ADVANCED_FACE('',(#545),#45,.F.);
#238=ADVANCED_FACE('',(#546),#390,.T.);
#239=ADVANCED_FACE('',(#547),#391,.F.);
#240=ADVANCED_FACE('',(#548),#392,.F.);
#241=ADVANCED_FACE('',(#549),#393,.F.);
#242=ADVANCED_FACE('',(#550),#46,.T.);
#243=ADVANCED_FACE('',(#551),#394,.T.);
#244=ADVANCED_FACE('',(#552),#395,.T.);
#245=ADVANCED_FACE('',(#553),#396,.T.);
#246=ADVANCED_FACE('',(#554),#47,.F.);
#247=ADVANCED_FACE('',(#555),#48,.F.);
#248=ADVANCED_FACE('',(#556),#397,.T.);
#249=ADVANCED_FACE('',(#557),#49,.F.);
#250=ADVANCED_FACE('',(#558),#398,.T.);
#251=ADVANCED_FACE('',(#559),#399,.F.);
#252=ADVANCED_FACE('',(#560),#400,.F.);
#253=ADVANCED_FACE('',(#561),#401,.F.);
#254=ADVANCED_FACE('',(#562),#402,.F.);
#255=PLANE('',#3288);
#256=PLANE('',#3289);
#257=PLANE('',#3290);
#258=PLANE('',#3291);
#259=PLANE('',#3292);
#260=PLANE('',#3293);
#261=PLANE('',#3294);
#262=PLANE('',#3295);
#263=PLANE('',#3296);
#264=PLANE('',#3297);
#265=PLANE('',#3298);
#266=PLANE('',#3299);
#267=PLANE('',#3300);
#268=PLANE('',#3301);
#269=PLANE('',#3302);
#270=PLANE('',#3303);
#271=PLANE('',#3304);
#272=PLANE('',#3305);
#273=PLANE('',#3306);
#274=PLANE('',#3307);
#275=PLANE('',#3308);
#276=PLANE('',#3309);
#277=PLANE('',#3310);
#278=PLANE('',#3311);
#279=PLANE('',#3312);
#280=PLANE('',#3313);
#281=PLANE('',#3314);
#282=PLANE('',#3315);
#283=PLANE('',#3316);
#284=PLANE('',#3317);
#285=PLANE('',#3318);
#286=PLANE('',#3319);
#287=PLANE('',#3320);
#288=PLANE('',#3321);
#289=PLANE('',#3322);
#290=PLANE('',#3323);
#291=PLANE('',#3324);
#292=PLANE('',#3325);
#293=PLANE('',#3326);
#294=PLANE('',#3327);
#295=PLANE('',#3328);
#296=PLANE('',#3329);
#297=PLANE('',#3330);
#298=PLANE('',#3331);
#299=PLANE('',#3332);
#300=PLANE('',#3333);
#301=PLANE('',#3334);
#302=PLANE('',#3335);
#303=PLANE('',#3336);
#304=PLANE('',#3337);
#305=PLANE('',#3338);
#306=PLANE('',#3339);
#307=PLANE('',#3340);
#308=PLANE('',#3341);
#309=PLANE('',#3342);
#310=PLANE('',#3343);
#311=PLANE('',#3344);
#312=PLANE('',#3345);
#313=PLANE('',#3346);
#314=PLANE('',#3347);
#315=PLANE('',#3348);
#316=PLANE('',#3352);
#317=PLANE('',#3353);
#318=PLANE('',#3354);
#319=PLANE('',#3355);
#320=PLANE('',#3356);
#321=PLANE('',#3357);
#322=PLANE('',#3358);
#323=PLANE('',#3359);
#324=PLANE('',#3360);
#325=PLANE('',#3361);
#326=PLANE('',#3362);
#327=PLANE('',#3363);
#328=PLANE('',#3364);
#329=PLANE('',#3365);
#330=PLANE('',#3366);
#331=PLANE('',#3367);
#332=PLANE('',#3371);
#333=PLANE('',#3372);
#334=PLANE('',#3373);
#335=PLANE('',#3374);
#336=PLANE('',#3375);
#337=PLANE('',#3376);
#338=PLANE('',#3377);
#339=PLANE('',#3378);
#340=PLANE('',#3379);
#341=PLANE('',#3380);
#342=PLANE('',#3381);
#343=PLANE('',#3382);
#344=PLANE('',#3383);
#345=PLANE('',#3384);
#346=PLANE('',#3385);
#347=PLANE('',#3386);
#348=PLANE('',#3390);
#349=PLANE('',#3391);
#350=PLANE('',#3392);
#351=PLANE('',#3393);
#352=PLANE('',#3394);
#353=PLANE('',#3395);
#354=PLANE('',#3396);
#355=PLANE('',#3397);
#356=PLANE('',#3398);
#357=PLANE('',#3399);
#358=PLANE('',#3400);
#359=PLANE('',#3401);
#360=PLANE('',#3402);
#361=PLANE('',#3403);
#362=PLANE('',#3404);
#363=PLANE('',#3405);
#364=PLANE('',#3409);
#365=PLANE('',#3410);
#366=PLANE('',#3411);
#367=PLANE('',#3412);
#368=PLANE('',#3413);
#369=PLANE('',#3414);
#370=PLANE('',#3415);
#371=PLANE('',#3416);
#372=PLANE('',#3417);
#373=PLANE('',#3418);
#374=PLANE('',#3421);
#375=PLANE('',#3424);
#376=PLANE('',#3429);
#377=PLANE('',#3432);
#378=PLANE('',#3435);
#379=PLANE('',#3438);
#380=PLANE('',#3440);
#381=PLANE('',#3441);
#382=PLANE('',#3442);
#383=PLANE('',#3445);
#384=PLANE('',#3447);
#385=PLANE('',#3448);
#386=PLANE('',#3449);
#387=PLANE('',#3450);
#388=PLANE('',#3453);
#389=PLANE('',#3456);
#390=PLANE('',#3461);
#391=PLANE('',#3464);
#392=PLANE('',#3467);
#393=PLANE('',#3470);
#394=PLANE('',#3472);
#395=PLANE('',#3473);
#396=PLANE('',#3474);
#397=PLANE('',#3477);
#398=PLANE('',#3479);
#399=PLANE('',#3480);
#400=PLANE('',#3481);
#401=PLANE('',#3482);
#402=PLANE('',#3483);
#403=FACE_OUTER_BOUND('',#563,.T.);
#404=FACE_OUTER_BOUND('',#564,.T.);
#405=FACE_OUTER_BOUND('',#565,.T.);
#406=FACE_OUTER_BOUND('',#566,.T.);
#407=FACE_OUTER_BOUND('',#569,.T.);
#408=FACE_OUTER_BOUND('',#570,.T.);
#409=FACE_OUTER_BOUND('',#571,.T.);
#410=FACE_OUTER_BOUND('',#572,.T.);
#411=FACE_OUTER_BOUND('',#573,.T.);
#412=FACE_OUTER_BOUND('',#574,.T.);
#413=FACE_OUTER_BOUND('',#575,.T.);
#414=FACE_OUTER_BOUND('',#576,.T.);
#415=FACE_OUTER_BOUND('',#577,.T.);
#416=FACE_OUTER_BOUND('',#578,.T.);
#417=FACE_OUTER_BOUND('',#579,.T.);
#418=FACE_OUTER_BOUND('',#580,.T.);
#419=FACE_OUTER_BOUND('',#581,.T.);
#420=FACE_OUTER_BOUND('',#582,.T.);
#421=FACE_OUTER_BOUND('',#583,.T.);
#422=FACE_OUTER_BOUND('',#584,.T.);
#423=FACE_OUTER_BOUND('',#585,.T.);
#424=FACE_OUTER_BOUND('',#586,.T.);
#425=FACE_OUTER_BOUND('',#587,.T.);
#426=FACE_OUTER_BOUND('',#588,.T.);
#427=FACE_OUTER_BOUND('',#589,.T.);
#428=FACE_OUTER_BOUND('',#590,.T.);
#429=FACE_OUTER_BOUND('',#594,.T.);
#430=FACE_OUTER_BOUND('',#595,.T.);
#431=FACE_OUTER_BOUND('',#596,.T.);
#432=FACE_OUTER_BOUND('',#597,.T.);
#433=FACE_OUTER_BOUND('',#598,.T.);
#434=FACE_OUTER_BOUND('',#599,.T.);
#435=FACE_OUTER_BOUND('',#600,.T.);
#436=FACE_OUTER_BOUND('',#601,.T.);
#437=FACE_OUTER_BOUND('',#602,.T.);
#438=FACE_OUTER_BOUND('',#603,.T.);
#439=FACE_OUTER_BOUND('',#604,.T.);
#440=FACE_OUTER_BOUND('',#605,.T.);
#441=FACE_OUTER_BOUND('',#606,.T.);
#442=FACE_OUTER_BOUND('',#607,.T.);
#443=FACE_OUTER_BOUND('',#608,.T.);
#444=FACE_OUTER_BOUND('',#609,.T.);
#445=FACE_OUTER_BOUND('',#610,.T.);
#446=FACE_OUTER_BOUND('',#611,.T.);
#447=FACE_OUTER_BOUND('',#612,.T.);
#448=FACE_OUTER_BOUND('',#615,.T.);
#449=FACE_OUTER_BOUND('',#616,.T.);
#450=FACE_OUTER_BOUND('',#619,.T.);
#451=FACE_OUTER_BOUND('',#620,.T.);
#452=FACE_OUTER_BOUND('',#621,.T.);
#453=FACE_OUTER_BOUND('',#622,.T.);
#454=FACE_OUTER_BOUND('',#623,.T.);
#455=FACE_OUTER_BOUND('',#624,.T.);
#456=FACE_OUTER_BOUND('',#625,.T.);
#457=FACE_OUTER_BOUND('',#626,.T.);
#458=FACE_OUTER_BOUND('',#627,.T.);
#459=FACE_OUTER_BOUND('',#628,.T.);
#460=FACE_OUTER_BOUND('',#629,.T.);
#461=FACE_OUTER_BOUND('',#630,.T.);
#462=FACE_OUTER_BOUND('',#631,.T.);
#463=FACE_OUTER_BOUND('',#632,.T.);
#464=FACE_OUTER_BOUND('',#633,.T.);
#465=FACE_OUTER_BOUND('',#634,.T.);
#466=FACE_OUTER_BOUND('',#635,.T.);
#467=FACE_OUTER_BOUND('',#636,.T.);
#468=FACE_OUTER_BOUND('',#637,.T.);
#469=FACE_OUTER_BOUND('',#638,.T.);
#470=FACE_OUTER_BOUND('',#639,.T.);
#471=FACE_OUTER_BOUND('',#640,.T.);
#472=FACE_OUTER_BOUND('',#641,.T.);
#473=FACE_OUTER_BOUND('',#642,.T.);
#474=FACE_OUTER_BOUND('',#643,.T.);
#475=FACE_OUTER_BOUND('',#644,.T.);
#476=FACE_OUTER_BOUND('',#645,.T.);
#477=FACE_OUTER_BOUND('',#646,.T.);
#478=FACE_OUTER_BOUND('',#647,.T.);
#479=FACE_OUTER_BOUND('',#648,.T.);
#480=FACE_OUTER_BOUND('',#649,.T.);
#481=FACE_OUTER_BOUND('',#650,.T.);
#482=FACE_OUTER_BOUND('',#651,.T.);
#483=FACE_OUTER_BOUND('',#652,.T.);
#484=FACE_OUTER_BOUND('',#653,.T.);
#485=FACE_OUTER_BOUND('',#654,.T.);
#486=FACE_OUTER_BOUND('',#655,.T.);
#487=FACE_OUTER_BOUND('',#656,.T.);
#488=FACE_OUTER_BOUND('',#657,.T.);
#489=FACE_OUTER_BOUND('',#658,.T.);
#490=FACE_OUTER_BOUND('',#659,.T.);
#491=FACE_OUTER_BOUND('',#660,.T.);
#492=FACE_OUTER_BOUND('',#661,.T.);
#493=FACE_OUTER_BOUND('',#662,.T.);
#494=FACE_OUTER_BOUND('',#663,.T.);
#495=FACE_OUTER_BOUND('',#664,.T.);
#496=FACE_OUTER_BOUND('',#665,.T.);
#497=FACE_OUTER_BOUND('',#666,.T.);
#498=FACE_OUTER_BOUND('',#667,.T.);
#499=FACE_OUTER_BOUND('',#668,.T.);
#500=FACE_OUTER_BOUND('',#669,.T.);
#501=FACE_OUTER_BOUND('',#670,.T.);
#502=FACE_OUTER_BOUND('',#671,.T.);
#503=FACE_OUTER_BOUND('',#672,.T.);
#504=FACE_OUTER_BOUND('',#673,.T.);
#505=FACE_OUTER_BOUND('',#674,.T.);
#506=FACE_OUTER_BOUND('',#675,.T.);
#507=FACE_OUTER_BOUND('',#676,.T.);
#508=FACE_OUTER_BOUND('',#677,.T.);
#509=FACE_OUTER_BOUND('',#678,.T.);
#510=FACE_OUTER_BOUND('',#679,.T.);
#511=FACE_OUTER_BOUND('',#680,.T.);
#512=FACE_OUTER_BOUND('',#681,.T.);
#513=FACE_OUTER_BOUND('',#682,.T.);
#514=FACE_OUTER_BOUND('',#683,.T.);
#515=FACE_OUTER_BOUND('',#684,.T.);
#516=FACE_OUTER_BOUND('',#685,.T.);
#517=FACE_OUTER_BOUND('',#686,.T.);
#518=FACE_OUTER_BOUND('',#687,.T.);
#519=FACE_OUTER_BOUND('',#688,.T.);
#520=FACE_OUTER_BOUND('',#689,.T.);
#521=FACE_OUTER_BOUND('',#690,.T.);
#522=FACE_OUTER_BOUND('',#691,.T.);
#523=FACE_OUTER_BOUND('',#692,.T.);
#524=FACE_OUTER_BOUND('',#693,.T.);
#525=FACE_OUTER_BOUND('',#694,.T.);
#526=FACE_OUTER_BOUND('',#695,.T.);
#527=FACE_OUTER_BOUND('',#696,.T.);
#528=FACE_OUTER_BOUND('',#697,.T.);
#529=FACE_OUTER_BOUND('',#698,.T.);
#530=FACE_OUTER_BOUND('',#699,.T.);
#531=FACE_OUTER_BOUND('',#700,.T.);
#532=FACE_OUTER_BOUND('',#701,.T.);
#533=FACE_OUTER_BOUND('',#702,.T.);
#534=FACE_OUTER_BOUND('',#703,.T.);
#535=FACE_OUTER_BOUND('',#704,.T.);
#536=FACE_OUTER_BOUND('',#705,.T.);
#537=FACE_OUTER_BOUND('',#706,.T.);
#538=FACE_OUTER_BOUND('',#707,.T.);
#539=FACE_OUTER_BOUND('',#708,.T.);
#540=FACE_OUTER_BOUND('',#709,.T.);
#541=FACE_OUTER_BOUND('',#710,.T.);
#542=FACE_OUTER_BOUND('',#711,.T.);
#543=FACE_OUTER_BOUND('',#712,.T.);
#544=FACE_OUTER_BOUND('',#713,.T.);
#545=FACE_OUTER_BOUND('',#714,.T.);
#546=FACE_OUTER_BOUND('',#715,.T.);
#547=FACE_OUTER_BOUND('',#716,.T.);
#548=FACE_OUTER_BOUND('',#717,.T.);
#549=FACE_OUTER_BOUND('',#718,.T.);
#550=FACE_OUTER_BOUND('',#719,.T.);
#551=FACE_OUTER_BOUND('',#720,.T.);
#552=FACE_OUTER_BOUND('',#721,.T.);
#553=FACE_OUTER_BOUND('',#722,.T.);
#554=FACE_OUTER_BOUND('',#723,.T.);
#555=FACE_OUTER_BOUND('',#724,.T.);
#556=FACE_OUTER_BOUND('',#725,.T.);
#557=FACE_OUTER_BOUND('',#726,.T.);
#558=FACE_OUTER_BOUND('',#727,.T.);
#559=FACE_OUTER_BOUND('',#728,.T.);
#560=FACE_OUTER_BOUND('',#729,.T.);
#561=FACE_OUTER_BOUND('',#730,.T.);
#562=FACE_OUTER_BOUND('',#731,.T.);
#563=EDGE_LOOP('',(#732,#733,#734,#735));
#564=EDGE_LOOP('',(#736,#737,#738,#739,#740,#741,#742,#743,#744,#745,#746,
#747,#748,#749,#750,#751,#752,#753,#754,#755,#756,#757,#758,#759,#760,#761,
#762,#763,#764,#765,#766,#767,#768,#769,#770,#771,#772,#773,#774,#775,#776,
#777,#778,#779,#780,#781,#782,#783));
#565=EDGE_LOOP('',(#784,#785,#786,#787,#788,#789,#790,#791,#792,#793));
#566=EDGE_LOOP('',(#794,#795,#796,#797,#798,#799,#800,#801,#802,#803));
#567=EDGE_LOOP('',(#804,#805,#806,#807,#808));
#568=EDGE_LOOP('',(#809,#810,#811,#812));
#569=EDGE_LOOP('',(#813,#814,#815,#816));
#570=EDGE_LOOP('',(#817,#818,#819,#820,#821,#822,#823,#824,#825,#826,#827,
#828,#829,#830,#831,#832,#833,#834,#835,#836,#837,#838,#839,#840,#841,#842,
#843,#844));
#571=EDGE_LOOP('',(#845,#846,#847,#848,#849,#850,#851,#852,#853,#854,#855,
#856,#857,#858,#859,#860,#861,#862,#863,#864));
#572=EDGE_LOOP('',(#865,#866,#867,#868));
#573=EDGE_LOOP('',(#869,#870,#871,#872));
#574=EDGE_LOOP('',(#873,#874,#875,#876));
#575=EDGE_LOOP('',(#877,#878,#879,#880));
#576=EDGE_LOOP('',(#881,#882,#883,#884,#885,#886,#887,#888,#889,#890));
#577=EDGE_LOOP('',(#891,#892,#893,#894));
#578=EDGE_LOOP('',(#895,#896,#897,#898));
#579=EDGE_LOOP('',(#899,#900,#901,#902));
#580=EDGE_LOOP('',(#903,#904,#905,#906));
#581=EDGE_LOOP('',(#907,#908,#909,#910));
#582=EDGE_LOOP('',(#911,#912,#913,#914));
#583=EDGE_LOOP('',(#915,#916,#917,#918));
#584=EDGE_LOOP('',(#919,#920,#921,#922));
#585=EDGE_LOOP('',(#923,#924,#925,#926));
#586=EDGE_LOOP('',(#927,#928,#929,#930,#931,#932,#933,#934));
#587=EDGE_LOOP('',(#935,#936,#937,#938,#939,#940,#941,#942));
#588=EDGE_LOOP('',(#943,#944,#945,#946,#947,#948));
#589=EDGE_LOOP('',(#949,#950,#951,#952,#953,#954,#955,#956,#957,#958));
#590=EDGE_LOOP('',(#959,#960,#961,#962,#963,#964));
#591=EDGE_LOOP('',(#965,#966,#967));
#592=EDGE_LOOP('',(#968,#969,#970,#971));
#593=EDGE_LOOP('',(#972,#973,#974,#975,#976,#977,#978,#979,#980,#981,#982,
#983));
#594=EDGE_LOOP('',(#984,#985,#986,#987));
#595=EDGE_LOOP('',(#988,#989,#990,#991));
#596=EDGE_LOOP('',(#992,#993,#994,#995,#996,#997,#998,#999));
#597=EDGE_LOOP('',(#1000,#1001,#1002,#1003));
#598=EDGE_LOOP('',(#1004,#1005,#1006,#1007,#1008,#1009,#1010,#1011));
#599=EDGE_LOOP('',(#1012,#1013,#1014,#1015));
#600=EDGE_LOOP('',(#1016,#1017,#1018,#1019,#1020));
#601=EDGE_LOOP('',(#1021,#1022,#1023,#1024,#1025,#1026));
#602=EDGE_LOOP('',(#1027,#1028,#1029,#1030));
#603=EDGE_LOOP('',(#1031,#1032,#1033,#1034,#1035,#1036));
#604=EDGE_LOOP('',(#1037,#1038,#1039,#1040,#1041));
#605=EDGE_LOOP('',(#1042,#1043,#1044,#1045));
#606=EDGE_LOOP('',(#1046,#1047,#1048,#1049));
#607=EDGE_LOOP('',(#1050,#1051,#1052,#1053));
#608=EDGE_LOOP('',(#1054,#1055,#1056,#1057));
#609=EDGE_LOOP('',(#1058,#1059,#1060,#1061));
#610=EDGE_LOOP('',(#1062,#1063,#1064,#1065));
#611=EDGE_LOOP('',(#1066,#1067,#1068,#1069));
#612=EDGE_LOOP('',(#1070,#1071,#1072,#1073));
#613=EDGE_LOOP('',(#1074,#1075,#1076,#1077));
#614=EDGE_LOOP('',(#1078,#1079,#1080,#1081,#1082));
#615=EDGE_LOOP('',(#1083,#1084,#1085,#1086));
#616=EDGE_LOOP('',(#1087,#1088,#1089,#1090));
#617=EDGE_LOOP('',(#1091,#1092,#1093,#1094));
#618=EDGE_LOOP('',(#1095,#1096,#1097,#1098,#1099,#1100,#1101,#1102));
#619=EDGE_LOOP('',(#1103,#1104,#1105,#1106,#1107,#1108,#1109,#1110,#1111,
#1112,#1113,#1114,#1115,#1116,#1117,#1118,#1119,#1120,#1121,#1122));
#620=EDGE_LOOP('',(#1123,#1124,#1125,#1126,#1127));
#621=EDGE_LOOP('',(#1128,#1129,#1130,#1131));
#622=EDGE_LOOP('',(#1132,#1133,#1134,#1135,#1136));
#623=EDGE_LOOP('',(#1137,#1138,#1139,#1140));
#624=EDGE_LOOP('',(#1141,#1142,#1143,#1144));
#625=EDGE_LOOP('',(#1145,#1146,#1147,#1148));
#626=EDGE_LOOP('',(#1149,#1150,#1151,#1152));
#627=EDGE_LOOP('',(#1153,#1154,#1155,#1156));
#628=EDGE_LOOP('',(#1157,#1158,#1159,#1160,#1161,#1162));
#629=EDGE_LOOP('',(#1163,#1164,#1165,#1166));
#630=EDGE_LOOP('',(#1167,#1168,#1169,#1170,#1171,#1172,#1173,#1174));
#631=EDGE_LOOP('',(#1175,#1176,#1177,#1178,#1179,#1180,#1181,#1182));
#632=EDGE_LOOP('',(#1183,#1184,#1185,#1186));
#633=EDGE_LOOP('',(#1187,#1188,#1189,#1190));
#634=EDGE_LOOP('',(#1191,#1192,#1193,#1194));
#635=EDGE_LOOP('',(#1195,#1196,#1197,#1198));
#636=EDGE_LOOP('',(#1199,#1200,#1201,#1202));
#637=EDGE_LOOP('',(#1203,#1204,#1205,#1206,#1207));
#638=EDGE_LOOP('',(#1208,#1209,#1210,#1211));
#639=EDGE_LOOP('',(#1212,#1213,#1214,#1215,#1216));
#640=EDGE_LOOP('',(#1217,#1218,#1219,#1220));
#641=EDGE_LOOP('',(#1221,#1222,#1223,#1224));
#642=EDGE_LOOP('',(#1225,#1226,#1227,#1228));
#643=EDGE_LOOP('',(#1229,#1230,#1231,#1232));
#644=EDGE_LOOP('',(#1233,#1234,#1235,#1236));
#645=EDGE_LOOP('',(#1237,#1238,#1239,#1240,#1241,#1242));
#646=EDGE_LOOP('',(#1243,#1244,#1245,#1246));
#647=EDGE_LOOP('',(#1247,#1248,#1249,#1250,#1251,#1252,#1253,#1254));
#648=EDGE_LOOP('',(#1255,#1256,#1257,#1258,#1259,#1260,#1261,#1262));
#649=EDGE_LOOP('',(#1263,#1264,#1265,#1266));
#650=EDGE_LOOP('',(#1267,#1268,#1269,#1270));
#651=EDGE_LOOP('',(#1271,#1272,#1273,#1274));
#652=EDGE_LOOP('',(#1275,#1276,#1277,#1278));
#653=EDGE_LOOP('',(#1279,#1280,#1281,#1282));
#654=EDGE_LOOP('',(#1283,#1284,#1285,#1286,#1287));
#655=EDGE_LOOP('',(#1288,#1289,#1290,#1291));
#656=EDGE_LOOP('',(#1292,#1293,#1294,#1295,#1296));
#657=EDGE_LOOP('',(#1297,#1298,#1299,#1300));
#658=EDGE_LOOP('',(#1301,#1302,#1303,#1304));
#659=EDGE_LOOP('',(#1305,#1306,#1307,#1308));
#660=EDGE_LOOP('',(#1309,#1310,#1311,#1312));
#661=EDGE_LOOP('',(#1313,#1314,#1315,#1316));
#662=EDGE_LOOP('',(#1317,#1318,#1319,#1320,#1321,#1322));
#663=EDGE_LOOP('',(#1323,#1324,#1325,#1326));
#664=EDGE_LOOP('',(#1327,#1328,#1329,#1330,#1331,#1332,#1333,#1334));
#665=EDGE_LOOP('',(#1335,#1336,#1337,#1338,#1339,#1340,#1341,#1342));
#666=EDGE_LOOP('',(#1343,#1344,#1345,#1346));
#667=EDGE_LOOP('',(#1347,#1348,#1349,#1350));
#668=EDGE_LOOP('',(#1351,#1352,#1353,#1354));
#669=EDGE_LOOP('',(#1355,#1356,#1357,#1358));
#670=EDGE_LOOP('',(#1359,#1360,#1361,#1362));
#671=EDGE_LOOP('',(#1363,#1364,#1365,#1366,#1367));
#672=EDGE_LOOP('',(#1368,#1369,#1370,#1371));
#673=EDGE_LOOP('',(#1372,#1373,#1374,#1375,#1376));
#674=EDGE_LOOP('',(#1377,#1378,#1379,#1380));
#675=EDGE_LOOP('',(#1381,#1382,#1383,#1384));
#676=EDGE_LOOP('',(#1385,#1386,#1387,#1388));
#677=EDGE_LOOP('',(#1389,#1390,#1391,#1392));
#678=EDGE_LOOP('',(#1393,#1394,#1395,#1396));
#679=EDGE_LOOP('',(#1397,#1398,#1399,#1400,#1401,#1402));
#680=EDGE_LOOP('',(#1403,#1404,#1405,#1406));
#681=EDGE_LOOP('',(#1407,#1408,#1409,#1410,#1411,#1412,#1413,#1414));
#682=EDGE_LOOP('',(#1415,#1416,#1417,#1418,#1419,#1420,#1421,#1422));
#683=EDGE_LOOP('',(#1423,#1424,#1425,#1426));
#684=EDGE_LOOP('',(#1427,#1428,#1429,#1430));
#685=EDGE_LOOP('',(#1431,#1432,#1433,#1434));
#686=EDGE_LOOP('',(#1435,#1436,#1437,#1438));
#687=EDGE_LOOP('',(#1439,#1440,#1441,#1442));
#688=EDGE_LOOP('',(#1443,#1444,#1445,#1446));
#689=EDGE_LOOP('',(#1447,#1448,#1449,#1450));
#690=EDGE_LOOP('',(#1451,#1452,#1453,#1454));
#691=EDGE_LOOP('',(#1455,#1456,#1457,#1458,#1459,#1460));
#692=EDGE_LOOP('',(#1461,#1462,#1463,#1464,#1465,#1466));
#693=EDGE_LOOP('',(#1467,#1468,#1469,#1470));
#694=EDGE_LOOP('',(#1471,#1472,#1473,#1474));
#695=EDGE_LOOP('',(#1475,#1476,#1477,#1478,#1479,#1480,#1481,#1482));
#696=EDGE_LOOP('',(#1483,#1484,#1485,#1486,#1487,#1488,#1489,#1490,#1491));
#697=EDGE_LOOP('',(#1492,#1493,#1494,#1495,#1496,#1497,#1498,#1499,#1500));
#698=EDGE_LOOP('',(#1501,#1502,#1503,#1504,#1505,#1506));
#699=EDGE_LOOP('',(#1507,#1508,#1509,#1510));
#700=EDGE_LOOP('',(#1511,#1512,#1513,#1514));
#701=EDGE_LOOP('',(#1515,#1516,#1517,#1518));
#702=EDGE_LOOP('',(#1519,#1520,#1521,#1522));
#703=EDGE_LOOP('',(#1523,#1524,#1525,#1526));
#704=EDGE_LOOP('',(#1527,#1528,#1529,#1530));
#705=EDGE_LOOP('',(#1531,#1532,#1533,#1534));
#706=EDGE_LOOP('',(#1535,#1536,#1537,#1538));
#707=EDGE_LOOP('',(#1539,#1540,#1541,#1542));
#708=EDGE_LOOP('',(#1543,#1544,#1545,#1546));
#709=EDGE_LOOP('',(#1547,#1548,#1549,#1550));
#710=EDGE_LOOP('',(#1551,#1552,#1553,#1554));
#711=EDGE_LOOP('',(#1555,#1556,#1557,#1558,#1559,#1560));
#712=EDGE_LOOP('',(#1561,#1562,#1563,#1564,#1565,#1566));
#713=EDGE_LOOP('',(#1567,#1568,#1569,#1570));
#714=EDGE_LOOP('',(#1571,#1572,#1573,#1574));
#715=EDGE_LOOP('',(#1575,#1576,#1577,#1578,#1579,#1580,#1581,#1582));
#716=EDGE_LOOP('',(#1583,#1584,#1585,#1586,#1587,#1588,#1589,#1590,#1591));
#717=EDGE_LOOP('',(#1592,#1593,#1594,#1595,#1596,#1597,#1598,#1599,#1600));
#718=EDGE_LOOP('',(#1601,#1602,#1603,#1604,#1605,#1606));
#719=EDGE_LOOP('',(#1607,#1608,#1609,#1610));
#720=EDGE_LOOP('',(#1611,#1612,#1613,#1614));
#721=EDGE_LOOP('',(#1615,#1616,#1617,#1618));
#722=EDGE_LOOP('',(#1619,#1620,#1621,#1622));
#723=EDGE_LOOP('',(#1623,#1624,#1625,#1626));
#724=EDGE_LOOP('',(#1627,#1628,#1629,#1630));
#725=EDGE_LOOP('',(#1631,#1632,#1633,#1634));
#726=EDGE_LOOP('',(#1635,#1636,#1637,#1638));
#727=EDGE_LOOP('',(#1639,#1640,#1641,#1642));
#728=EDGE_LOOP('',(#1643,#1644,#1645,#1646));
#729=EDGE_LOOP('',(#1647,#1648,#1649,#1650));
#730=EDGE_LOOP('',(#1651,#1652,#1653,#1654));
#731=EDGE_LOOP('',(#1655,#1656,#1657));
#732=ORIENTED_EDGE('',*,*,#1962,.T.);
#733=ORIENTED_EDGE('',*,*,#1963,.T.);
#734=ORIENTED_EDGE('',*,*,#1964,.F.);
#735=ORIENTED_EDGE('',*,*,#1965,.T.);
#736=ORIENTED_EDGE('',*,*,#1966,.F.);
#737=ORIENTED_EDGE('',*,*,#1967,.T.);
#738=ORIENTED_EDGE('',*,*,#1968,.T.);
#739=ORIENTED_EDGE('',*,*,#1969,.F.);
#740=ORIENTED_EDGE('',*,*,#1970,.F.);
#741=ORIENTED_EDGE('',*,*,#1971,.F.);
#742=ORIENTED_EDGE('',*,*,#1972,.T.);
#743=ORIENTED_EDGE('',*,*,#1973,.F.);
#744=ORIENTED_EDGE('',*,*,#1974,.T.);
#745=ORIENTED_EDGE('',*,*,#1975,.T.);
#746=ORIENTED_EDGE('',*,*,#1976,.T.);
#747=ORIENTED_EDGE('',*,*,#1977,.T.);
#748=ORIENTED_EDGE('',*,*,#1978,.F.);
#749=ORIENTED_EDGE('',*,*,#1979,.F.);
#750=ORIENTED_EDGE('',*,*,#1980,.T.);
#751=ORIENTED_EDGE('',*,*,#1981,.F.);
#752=ORIENTED_EDGE('',*,*,#1982,.T.);
#753=ORIENTED_EDGE('',*,*,#1983,.T.);
#754=ORIENTED_EDGE('',*,*,#1984,.T.);
#755=ORIENTED_EDGE('',*,*,#1985,.T.);
#756=ORIENTED_EDGE('',*,*,#1986,.F.);
#757=ORIENTED_EDGE('',*,*,#1987,.F.);
#758=ORIENTED_EDGE('',*,*,#1988,.T.);
#759=ORIENTED_EDGE('',*,*,#1989,.F.);
#760=ORIENTED_EDGE('',*,*,#1990,.T.);
#761=ORIENTED_EDGE('',*,*,#1991,.T.);
#762=ORIENTED_EDGE('',*,*,#1992,.T.);
#763=ORIENTED_EDGE('',*,*,#1993,.T.);
#764=ORIENTED_EDGE('',*,*,#1994,.F.);
#765=ORIENTED_EDGE('',*,*,#1995,.F.);
#766=ORIENTED_EDGE('',*,*,#1996,.T.);
#767=ORIENTED_EDGE('',*,*,#1997,.F.);
#768=ORIENTED_EDGE('',*,*,#1998,.T.);
#769=ORIENTED_EDGE('',*,*,#1999,.T.);
#770=ORIENTED_EDGE('',*,*,#2000,.T.);
#771=ORIENTED_EDGE('',*,*,#2001,.T.);
#772=ORIENTED_EDGE('',*,*,#2002,.F.);
#773=ORIENTED_EDGE('',*,*,#2003,.F.);
#774=ORIENTED_EDGE('',*,*,#2004,.T.);
#775=ORIENTED_EDGE('',*,*,#2005,.F.);
#776=ORIENTED_EDGE('',*,*,#2006,.F.);
#777=ORIENTED_EDGE('',*,*,#2007,.F.);
#778=ORIENTED_EDGE('',*,*,#2008,.F.);
#779=ORIENTED_EDGE('',*,*,#2009,.F.);
#780=ORIENTED_EDGE('',*,*,#2010,.T.);
#781=ORIENTED_EDGE('',*,*,#2011,.F.);
#782=ORIENTED_EDGE('',*,*,#2012,.F.);
#783=ORIENTED_EDGE('',*,*,#2013,.F.);
#784=ORIENTED_EDGE('',*,*,#1964,.T.);
#785=ORIENTED_EDGE('',*,*,#2014,.T.);
#786=ORIENTED_EDGE('',*,*,#2015,.F.);
#787=ORIENTED_EDGE('',*,*,#2016,.T.);
#788=ORIENTED_EDGE('',*,*,#1966,.T.);
#789=ORIENTED_EDGE('',*,*,#2017,.F.);
#790=ORIENTED_EDGE('',*,*,#2018,.F.);
#791=ORIENTED_EDGE('',*,*,#2019,.T.);
#792=ORIENTED_EDGE('',*,*,#2020,.T.);
#793=ORIENTED_EDGE('',*,*,#2021,.T.);
#794=ORIENTED_EDGE('',*,*,#2022,.F.);
#795=ORIENTED_EDGE('',*,*,#2023,.T.);
#796=ORIENTED_EDGE('',*,*,#1962,.F.);
#797=ORIENTED_EDGE('',*,*,#2024,.T.);
#798=ORIENTED_EDGE('',*,*,#2025,.F.);
#799=ORIENTED_EDGE('',*,*,#2026,.F.);
#800=ORIENTED_EDGE('',*,*,#2027,.F.);
#801=ORIENTED_EDGE('',*,*,#2028,.F.);
#802=ORIENTED_EDGE('',*,*,#1968,.F.);
#803=ORIENTED_EDGE('',*,*,#2029,.T.);
#804=ORIENTED_EDGE('',*,*,#2030,.T.);
#805=ORIENTED_EDGE('',*,*,#2031,.T.);
#806=ORIENTED_EDGE('',*,*,#2032,.F.);
#807=ORIENTED_EDGE('',*,*,#2033,.F.);
#808=ORIENTED_EDGE('',*,*,#2034,.F.);
#809=ORIENTED_EDGE('',*,*,#2035,.T.);
#810=ORIENTED_EDGE('',*,*,#2036,.T.);
#811=ORIENTED_EDGE('',*,*,#2037,.T.);
#812=ORIENTED_EDGE('',*,*,#2038,.T.);
#813=ORIENTED_EDGE('',*,*,#2039,.T.);
#814=ORIENTED_EDGE('',*,*,#2040,.T.);
#815=ORIENTED_EDGE('',*,*,#2041,.T.);
#816=ORIENTED_EDGE('',*,*,#2042,.T.);
#817=ORIENTED_EDGE('',*,*,#2043,.T.);
#818=ORIENTED_EDGE('',*,*,#2044,.T.);
#819=ORIENTED_EDGE('',*,*,#2045,.T.);
#820=ORIENTED_EDGE('',*,*,#2046,.F.);
#821=ORIENTED_EDGE('',*,*,#2047,.T.);
#822=ORIENTED_EDGE('',*,*,#2048,.T.);
#823=ORIENTED_EDGE('',*,*,#2049,.T.);
#824=ORIENTED_EDGE('',*,*,#2050,.F.);
#825=ORIENTED_EDGE('',*,*,#2051,.T.);
#826=ORIENTED_EDGE('',*,*,#2052,.T.);
#827=ORIENTED_EDGE('',*,*,#2053,.T.);
#828=ORIENTED_EDGE('',*,*,#2054,.F.);
#829=ORIENTED_EDGE('',*,*,#2055,.T.);
#830=ORIENTED_EDGE('',*,*,#2056,.T.);
#831=ORIENTED_EDGE('',*,*,#2057,.T.);
#832=ORIENTED_EDGE('',*,*,#2058,.T.);
#833=ORIENTED_EDGE('',*,*,#2059,.T.);
#834=ORIENTED_EDGE('',*,*,#2060,.T.);
#835=ORIENTED_EDGE('',*,*,#2061,.T.);
#836=ORIENTED_EDGE('',*,*,#2062,.T.);
#837=ORIENTED_EDGE('',*,*,#2063,.T.);
#838=ORIENTED_EDGE('',*,*,#2064,.T.);
#839=ORIENTED_EDGE('',*,*,#2065,.T.);
#840=ORIENTED_EDGE('',*,*,#2066,.T.);
#841=ORIENTED_EDGE('',*,*,#2067,.T.);
#842=ORIENTED_EDGE('',*,*,#2068,.F.);
#843=ORIENTED_EDGE('',*,*,#2069,.T.);
#844=ORIENTED_EDGE('',*,*,#2070,.F.);
#845=ORIENTED_EDGE('',*,*,#2071,.F.);
#846=ORIENTED_EDGE('',*,*,#2072,.F.);
#847=ORIENTED_EDGE('',*,*,#2073,.T.);
#848=ORIENTED_EDGE('',*,*,#2069,.F.);
#849=ORIENTED_EDGE('',*,*,#2074,.F.);
#850=ORIENTED_EDGE('',*,*,#2075,.F.);
#851=ORIENTED_EDGE('',*,*,#2076,.F.);
#852=ORIENTED_EDGE('',*,*,#2057,.F.);
#853=ORIENTED_EDGE('',*,*,#2077,.F.);
#854=ORIENTED_EDGE('',*,*,#2078,.F.);
#855=ORIENTED_EDGE('',*,*,#2079,.T.);
#856=ORIENTED_EDGE('',*,*,#2053,.F.);
#857=ORIENTED_EDGE('',*,*,#2080,.F.);
#858=ORIENTED_EDGE('',*,*,#2081,.F.);
#859=ORIENTED_EDGE('',*,*,#2082,.T.);
#860=ORIENTED_EDGE('',*,*,#2049,.F.);
#861=ORIENTED_EDGE('',*,*,#2083,.F.);
#862=ORIENTED_EDGE('',*,*,#2084,.F.);
#863=ORIENTED_EDGE('',*,*,#2085,.T.);
#864=ORIENTED_EDGE('',*,*,#2045,.F.);
#865=ORIENTED_EDGE('',*,*,#2086,.F.);
#866=ORIENTED_EDGE('',*,*,#2087,.T.);
#867=ORIENTED_EDGE('',*,*,#2088,.F.);
#868=ORIENTED_EDGE('',*,*,#2089,.F.);
#869=ORIENTED_EDGE('',*,*,#2090,.T.);
#870=ORIENTED_EDGE('',*,*,#2091,.T.);
#871=ORIENTED_EDGE('',*,*,#2092,.T.);
#872=ORIENTED_EDGE('',*,*,#2093,.T.);
#873=ORIENTED_EDGE('',*,*,#2094,.T.);
#874=ORIENTED_EDGE('',*,*,#2095,.T.);
#875=ORIENTED_EDGE('',*,*,#2096,.T.);
#876=ORIENTED_EDGE('',*,*,#2097,.T.);
#877=ORIENTED_EDGE('',*,*,#2098,.T.);
#878=ORIENTED_EDGE('',*,*,#2099,.T.);
#879=ORIENTED_EDGE('',*,*,#2100,.T.);
#880=ORIENTED_EDGE('',*,*,#2101,.T.);
#881=ORIENTED_EDGE('',*,*,#2102,.F.);
#882=ORIENTED_EDGE('',*,*,#2004,.F.);
#883=ORIENTED_EDGE('',*,*,#2103,.F.);
#884=ORIENTED_EDGE('',*,*,#2104,.F.);
#885=ORIENTED_EDGE('',*,*,#2105,.F.);
#886=ORIENTED_EDGE('',*,*,#2106,.F.);
#887=ORIENTED_EDGE('',*,*,#2107,.F.);
#888=ORIENTED_EDGE('',*,*,#2087,.F.);
#889=ORIENTED_EDGE('',*,*,#2108,.F.);
#890=ORIENTED_EDGE('',*,*,#2109,.T.);
#891=ORIENTED_EDGE('',*,*,#2110,.F.);
#892=ORIENTED_EDGE('',*,*,#2111,.F.);
#893=ORIENTED_EDGE('',*,*,#2112,.T.);
#894=ORIENTED_EDGE('',*,*,#2113,.T.);
#895=ORIENTED_EDGE('',*,*,#2114,.F.);
#896=ORIENTED_EDGE('',*,*,#2113,.F.);
#897=ORIENTED_EDGE('',*,*,#2115,.T.);
#898=ORIENTED_EDGE('',*,*,#2116,.T.);
#899=ORIENTED_EDGE('',*,*,#2117,.F.);
#900=ORIENTED_EDGE('',*,*,#2118,.F.);
#901=ORIENTED_EDGE('',*,*,#2119,.T.);
#902=ORIENTED_EDGE('',*,*,#2120,.T.);
#903=ORIENTED_EDGE('',*,*,#2121,.F.);
#904=ORIENTED_EDGE('',*,*,#2120,.F.);
#905=ORIENTED_EDGE('',*,*,#2122,.T.);
#906=ORIENTED_EDGE('',*,*,#2123,.T.);
#907=ORIENTED_EDGE('',*,*,#2124,.F.);
#908=ORIENTED_EDGE('',*,*,#2125,.T.);
#909=ORIENTED_EDGE('',*,*,#2063,.F.);
#910=ORIENTED_EDGE('',*,*,#2126,.F.);
#911=ORIENTED_EDGE('',*,*,#2127,.F.);
#912=ORIENTED_EDGE('',*,*,#2128,.F.);
#913=ORIENTED_EDGE('',*,*,#2129,.T.);
#914=ORIENTED_EDGE('',*,*,#2130,.T.);
#915=ORIENTED_EDGE('',*,*,#2131,.F.);
#916=ORIENTED_EDGE('',*,*,#2132,.F.);
#917=ORIENTED_EDGE('',*,*,#2133,.T.);
#918=ORIENTED_EDGE('',*,*,#2128,.T.);
#919=ORIENTED_EDGE('',*,*,#2134,.F.);
#920=ORIENTED_EDGE('',*,*,#2130,.F.);
#921=ORIENTED_EDGE('',*,*,#2135,.T.);
#922=ORIENTED_EDGE('',*,*,#2136,.T.);
#923=ORIENTED_EDGE('',*,*,#2137,.F.);
#924=ORIENTED_EDGE('',*,*,#2136,.F.);
#925=ORIENTED_EDGE('',*,*,#2138,.T.);
#926=ORIENTED_EDGE('',*,*,#2132,.T.);
#927=ORIENTED_EDGE('',*,*,#2139,.T.);
#928=ORIENTED_EDGE('',*,*,#2140,.T.);
#929=ORIENTED_EDGE('',*,*,#2141,.T.);
#930=ORIENTED_EDGE('',*,*,#2025,.T.);
#931=ORIENTED_EDGE('',*,*,#2142,.F.);
#932=ORIENTED_EDGE('',*,*,#2020,.F.);
#933=ORIENTED_EDGE('',*,*,#2143,.T.);
#934=ORIENTED_EDGE('',*,*,#2144,.T.);
#935=ORIENTED_EDGE('',*,*,#2145,.F.);
#936=ORIENTED_EDGE('',*,*,#2033,.T.);
#937=ORIENTED_EDGE('',*,*,#2146,.T.);
#938=ORIENTED_EDGE('',*,*,#2147,.T.);
#939=ORIENTED_EDGE('',*,*,#2148,.F.);
#940=ORIENTED_EDGE('',*,*,#2149,.F.);
#941=ORIENTED_EDGE('',*,*,#2150,.T.);
#942=ORIENTED_EDGE('',*,*,#2106,.T.);
#943=ORIENTED_EDGE('',*,*,#2151,.T.);
#944=ORIENTED_EDGE('',*,*,#2152,.T.);
#945=ORIENTED_EDGE('',*,*,#2139,.F.);
#946=ORIENTED_EDGE('',*,*,#2153,.F.);
#947=ORIENTED_EDGE('',*,*,#2074,.T.);
#948=ORIENTED_EDGE('',*,*,#2068,.T.);
#949=ORIENTED_EDGE('',*,*,#2154,.F.);
#950=ORIENTED_EDGE('',*,*,#2155,.T.);
#951=ORIENTED_EDGE('',*,*,#2156,.F.);
#952=ORIENTED_EDGE('',*,*,#2089,.T.);
#953=ORIENTED_EDGE('',*,*,#2157,.F.);
#954=ORIENTED_EDGE('',*,*,#2149,.T.);
#955=ORIENTED_EDGE('',*,*,#2158,.T.);
#956=ORIENTED_EDGE('',*,*,#2159,.F.);
#957=ORIENTED_EDGE('',*,*,#2160,.T.);
#958=ORIENTED_EDGE('',*,*,#2006,.T.);
#959=ORIENTED_EDGE('',*,*,#2161,.F.);
#960=ORIENTED_EDGE('',*,*,#2058,.F.);
#961=ORIENTED_EDGE('',*,*,#2076,.T.);
#962=ORIENTED_EDGE('',*,*,#2162,.T.);
#963=ORIENTED_EDGE('',*,*,#2146,.F.);
#964=ORIENTED_EDGE('',*,*,#2032,.T.);
#965=ORIENTED_EDGE('',*,*,#2163,.F.);
#966=ORIENTED_EDGE('',*,*,#2164,.F.);
#967=ORIENTED_EDGE('',*,*,#2165,.F.);
#968=ORIENTED_EDGE('',*,*,#2129,.F.);
#969=ORIENTED_EDGE('',*,*,#2133,.F.);
#970=ORIENTED_EDGE('',*,*,#2138,.F.);
#971=ORIENTED_EDGE('',*,*,#2135,.F.);
#972=ORIENTED_EDGE('',*,*,#2166,.F.);
#973=ORIENTED_EDGE('',*,*,#2122,.F.);
#974=ORIENTED_EDGE('',*,*,#2119,.F.);
#975=ORIENTED_EDGE('',*,*,#2167,.F.);
#976=ORIENTED_EDGE('',*,*,#2115,.F.);
#977=ORIENTED_EDGE('',*,*,#2112,.F.);
#978=ORIENTED_EDGE('',*,*,#2168,.F.);
#979=ORIENTED_EDGE('',*,*,#2147,.F.);
#980=ORIENTED_EDGE('',*,*,#2162,.F.);
#981=ORIENTED_EDGE('',*,*,#2075,.T.);
#982=ORIENTED_EDGE('',*,*,#2153,.T.);
#983=ORIENTED_EDGE('',*,*,#2144,.F.);
#984=ORIENTED_EDGE('',*,*,#2150,.F.);
#985=ORIENTED_EDGE('',*,*,#2157,.T.);
#986=ORIENTED_EDGE('',*,*,#2088,.T.);
#987=ORIENTED_EDGE('',*,*,#2107,.T.);
#988=ORIENTED_EDGE('',*,*,#2142,.T.);
#989=ORIENTED_EDGE('',*,*,#2024,.F.);
#990=ORIENTED_EDGE('',*,*,#1965,.F.);
#991=ORIENTED_EDGE('',*,*,#2021,.F.);
#992=ORIENTED_EDGE('',*,*,#2111,.T.);
#993=ORIENTED_EDGE('',*,*,#2169,.T.);
#994=ORIENTED_EDGE('',*,*,#2009,.T.);
#995=ORIENTED_EDGE('',*,*,#2170,.F.);
#996=ORIENTED_EDGE('',*,*,#2171,.F.);
#997=ORIENTED_EDGE('',*,*,#2158,.F.);
#998=ORIENTED_EDGE('',*,*,#2148,.T.);
#999=ORIENTED_EDGE('',*,*,#2168,.T.);
#1000=ORIENTED_EDGE('',*,*,#2118,.T.);
#1001=ORIENTED_EDGE('',*,*,#2172,.T.);
#1002=ORIENTED_EDGE('',*,*,#2116,.F.);
#1003=ORIENTED_EDGE('',*,*,#2167,.T.);
#1004=ORIENTED_EDGE('',*,*,#2143,.F.);
#1005=ORIENTED_EDGE('',*,*,#2019,.F.);
#1006=ORIENTED_EDGE('',*,*,#2173,.F.);
#1007=ORIENTED_EDGE('',*,*,#2174,.T.);
#1008=ORIENTED_EDGE('',*,*,#2011,.T.);
#1009=ORIENTED_EDGE('',*,*,#2175,.F.);
#1010=ORIENTED_EDGE('',*,*,#2123,.F.);
#1011=ORIENTED_EDGE('',*,*,#2166,.T.);
#1012=ORIENTED_EDGE('',*,*,#2176,.T.);
#1013=ORIENTED_EDGE('',*,*,#2034,.T.);
#1014=ORIENTED_EDGE('',*,*,#2145,.T.);
#1015=ORIENTED_EDGE('',*,*,#2105,.T.);
#1016=ORIENTED_EDGE('',*,*,#2176,.F.);
#1017=ORIENTED_EDGE('',*,*,#2104,.T.);
#1018=ORIENTED_EDGE('',*,*,#2177,.T.);
#1019=ORIENTED_EDGE('',*,*,#2061,.F.);
#1020=ORIENTED_EDGE('',*,*,#2178,.F.);
#1021=ORIENTED_EDGE('',*,*,#2103,.T.);
#1022=ORIENTED_EDGE('',*,*,#2003,.T.);
#1023=ORIENTED_EDGE('',*,*,#2179,.T.);
#1024=ORIENTED_EDGE('',*,*,#2126,.T.);
#1025=ORIENTED_EDGE('',*,*,#2062,.F.);
#1026=ORIENTED_EDGE('',*,*,#2177,.F.);
#1027=ORIENTED_EDGE('',*,*,#2141,.F.);
#1028=ORIENTED_EDGE('',*,*,#2180,.T.);
#1029=ORIENTED_EDGE('',*,*,#2181,.F.);
#1030=ORIENTED_EDGE('',*,*,#2026,.T.);
#1031=ORIENTED_EDGE('',*,*,#2125,.F.);
#1032=ORIENTED_EDGE('',*,*,#2182,.F.);
#1033=ORIENTED_EDGE('',*,*,#1969,.T.);
#1034=ORIENTED_EDGE('',*,*,#2028,.T.);
#1035=ORIENTED_EDGE('',*,*,#2183,.T.);
#1036=ORIENTED_EDGE('',*,*,#2064,.F.);
#1037=ORIENTED_EDGE('',*,*,#2183,.F.);
#1038=ORIENTED_EDGE('',*,*,#2027,.T.);
#1039=ORIENTED_EDGE('',*,*,#2181,.T.);
#1040=ORIENTED_EDGE('',*,*,#2184,.T.);
#1041=ORIENTED_EDGE('',*,*,#2065,.F.);
#1042=ORIENTED_EDGE('',*,*,#2013,.T.);
#1043=ORIENTED_EDGE('',*,*,#2185,.F.);
#1044=ORIENTED_EDGE('',*,*,#2186,.F.);
#1045=ORIENTED_EDGE('',*,*,#2017,.T.);
#1046=ORIENTED_EDGE('',*,*,#2012,.T.);
#1047=ORIENTED_EDGE('',*,*,#2174,.F.);
#1048=ORIENTED_EDGE('',*,*,#2187,.F.);
#1049=ORIENTED_EDGE('',*,*,#2185,.T.);
#1050=ORIENTED_EDGE('',*,*,#2186,.T.);
#1051=ORIENTED_EDGE('',*,*,#2187,.T.);
#1052=ORIENTED_EDGE('',*,*,#2173,.T.);
#1053=ORIENTED_EDGE('',*,*,#2018,.T.);
#1054=ORIENTED_EDGE('',*,*,#2008,.T.);
#1055=ORIENTED_EDGE('',*,*,#2188,.F.);
#1056=ORIENTED_EDGE('',*,*,#2189,.F.);
#1057=ORIENTED_EDGE('',*,*,#2170,.T.);
#1058=ORIENTED_EDGE('',*,*,#2007,.T.);
#1059=ORIENTED_EDGE('',*,*,#2160,.F.);
#1060=ORIENTED_EDGE('',*,*,#2190,.F.);
#1061=ORIENTED_EDGE('',*,*,#2188,.T.);
#1062=ORIENTED_EDGE('',*,*,#2171,.T.);
#1063=ORIENTED_EDGE('',*,*,#2189,.T.);
#1064=ORIENTED_EDGE('',*,*,#2190,.T.);
#1065=ORIENTED_EDGE('',*,*,#2159,.T.);
#1066=ORIENTED_EDGE('',*,*,#2191,.F.);
#1067=ORIENTED_EDGE('',*,*,#2192,.T.);
#1068=ORIENTED_EDGE('',*,*,#2066,.F.);
#1069=ORIENTED_EDGE('',*,*,#2184,.F.);
#1070=ORIENTED_EDGE('',*,*,#2067,.F.);
#1071=ORIENTED_EDGE('',*,*,#2192,.F.);
#1072=ORIENTED_EDGE('',*,*,#2193,.F.);
#1073=ORIENTED_EDGE('',*,*,#2151,.F.);
#1074=ORIENTED_EDGE('',*,*,#2194,.F.);
#1075=ORIENTED_EDGE('',*,*,#2195,.F.);
#1076=ORIENTED_EDGE('',*,*,#2196,.F.);
#1077=ORIENTED_EDGE('',*,*,#2197,.F.);
#1078=ORIENTED_EDGE('',*,*,#2152,.F.);
#1079=ORIENTED_EDGE('',*,*,#2193,.T.);
#1080=ORIENTED_EDGE('',*,*,#2191,.T.);
#1081=ORIENTED_EDGE('',*,*,#2180,.F.);
#1082=ORIENTED_EDGE('',*,*,#2140,.F.);
#1083=ORIENTED_EDGE('',*,*,#2178,.T.);
#1084=ORIENTED_EDGE('',*,*,#2060,.F.);
#1085=ORIENTED_EDGE('',*,*,#2198,.F.);
#1086=ORIENTED_EDGE('',*,*,#2030,.F.);
#1087=ORIENTED_EDGE('',*,*,#2059,.F.);
#1088=ORIENTED_EDGE('',*,*,#2161,.T.);
#1089=ORIENTED_EDGE('',*,*,#2031,.F.);
#1090=ORIENTED_EDGE('',*,*,#2198,.T.);
#1091=ORIENTED_EDGE('',*,*,#2127,.T.);
#1092=ORIENTED_EDGE('',*,*,#2134,.T.);
#1093=ORIENTED_EDGE('',*,*,#2137,.T.);
#1094=ORIENTED_EDGE('',*,*,#2131,.T.);
#1095=ORIENTED_EDGE('',*,*,#2110,.T.);
#1096=ORIENTED_EDGE('',*,*,#2114,.T.);
#1097=ORIENTED_EDGE('',*,*,#2172,.F.);
#1098=ORIENTED_EDGE('',*,*,#2117,.T.);
#1099=ORIENTED_EDGE('',*,*,#2121,.T.);
#1100=ORIENTED_EDGE('',*,*,#2175,.T.);
#1101=ORIENTED_EDGE('',*,*,#2010,.F.);
#1102=ORIENTED_EDGE('',*,*,#2169,.F.);
#1103=ORIENTED_EDGE('',*,*,#2199,.F.);
#1104=ORIENTED_EDGE('',*,*,#1970,.T.);
#1105=ORIENTED_EDGE('',*,*,#2182,.T.);
#1106=ORIENTED_EDGE('',*,*,#2124,.T.);
#1107=ORIENTED_EDGE('',*,*,#2179,.F.);
#1108=ORIENTED_EDGE('',*,*,#2002,.T.);
#1109=ORIENTED_EDGE('',*,*,#2200,.F.);
#1110=ORIENTED_EDGE('',*,*,#2201,.F.);
#1111=ORIENTED_EDGE('',*,*,#2202,.F.);
#1112=ORIENTED_EDGE('',*,*,#1994,.T.);
#1113=ORIENTED_EDGE('',*,*,#2203,.F.);
#1114=ORIENTED_EDGE('',*,*,#2204,.F.);
#1115=ORIENTED_EDGE('',*,*,#2205,.F.);
#1116=ORIENTED_EDGE('',*,*,#1986,.T.);
#1117=ORIENTED_EDGE('',*,*,#2206,.F.);
#1118=ORIENTED_EDGE('',*,*,#2207,.F.);
#1119=ORIENTED_EDGE('',*,*,#2208,.F.);
#1120=ORIENTED_EDGE('',*,*,#1978,.T.);
#1121=ORIENTED_EDGE('',*,*,#2209,.F.);
#1122=ORIENTED_EDGE('',*,*,#2210,.F.);
#1123=ORIENTED_EDGE('',*,*,#2202,.T.);
#1124=ORIENTED_EDGE('',*,*,#2211,.F.);
#1125=ORIENTED_EDGE('',*,*,#2100,.F.);
#1126=ORIENTED_EDGE('',*,*,#2212,.F.);
#1127=ORIENTED_EDGE('',*,*,#1995,.T.);
#1128=ORIENTED_EDGE('',*,*,#2201,.T.);
#1129=ORIENTED_EDGE('',*,*,#2213,.F.);
#1130=ORIENTED_EDGE('',*,*,#2101,.F.);
#1131=ORIENTED_EDGE('',*,*,#2211,.T.);
#1132=ORIENTED_EDGE('',*,*,#2200,.T.);
#1133=ORIENTED_EDGE('',*,*,#2001,.F.);
#1134=ORIENTED_EDGE('',*,*,#2214,.F.);
#1135=ORIENTED_EDGE('',*,*,#2098,.F.);
#1136=ORIENTED_EDGE('',*,*,#2213,.T.);
#1137=ORIENTED_EDGE('',*,*,#1999,.F.);
#1138=ORIENTED_EDGE('',*,*,#2215,.T.);
#1139=ORIENTED_EDGE('',*,*,#2216,.T.);
#1140=ORIENTED_EDGE('',*,*,#2217,.T.);
#1141=ORIENTED_EDGE('',*,*,#2218,.F.);
#1142=ORIENTED_EDGE('',*,*,#1997,.T.);
#1143=ORIENTED_EDGE('',*,*,#2219,.F.);
#1144=ORIENTED_EDGE('',*,*,#2220,.F.);
#1145=ORIENTED_EDGE('',*,*,#1998,.F.);
#1146=ORIENTED_EDGE('',*,*,#2218,.T.);
#1147=ORIENTED_EDGE('',*,*,#2221,.F.);
#1148=ORIENTED_EDGE('',*,*,#2215,.F.);
#1149=ORIENTED_EDGE('',*,*,#1996,.F.);
#1150=ORIENTED_EDGE('',*,*,#2212,.T.);
#1151=ORIENTED_EDGE('',*,*,#2222,.T.);
#1152=ORIENTED_EDGE('',*,*,#2219,.T.);
#1153=ORIENTED_EDGE('',*,*,#2223,.T.);
#1154=ORIENTED_EDGE('',*,*,#2214,.T.);
#1155=ORIENTED_EDGE('',*,*,#2000,.F.);
#1156=ORIENTED_EDGE('',*,*,#2217,.F.);
#1157=ORIENTED_EDGE('',*,*,#2220,.T.);
#1158=ORIENTED_EDGE('',*,*,#2222,.F.);
#1159=ORIENTED_EDGE('',*,*,#2099,.F.);
#1160=ORIENTED_EDGE('',*,*,#2223,.F.);
#1161=ORIENTED_EDGE('',*,*,#2216,.F.);
#1162=ORIENTED_EDGE('',*,*,#2221,.T.);
#1163=ORIENTED_EDGE('',*,*,#2224,.T.);
#1164=ORIENTED_EDGE('',*,*,#2078,.T.);
#1165=ORIENTED_EDGE('',*,*,#2225,.F.);
#1166=ORIENTED_EDGE('',*,*,#2226,.T.);
#1167=ORIENTED_EDGE('',*,*,#2056,.F.);
#1168=ORIENTED_EDGE('',*,*,#2227,.T.);
#1169=ORIENTED_EDGE('',*,*,#2228,.T.);
#1170=ORIENTED_EDGE('',*,*,#2229,.T.);
#1171=ORIENTED_EDGE('',*,*,#2230,.T.);
#1172=ORIENTED_EDGE('',*,*,#2231,.T.);
#1173=ORIENTED_EDGE('',*,*,#2225,.T.);
#1174=ORIENTED_EDGE('',*,*,#2077,.T.);
#1175=ORIENTED_EDGE('',*,*,#2232,.F.);
#1176=ORIENTED_EDGE('',*,*,#2054,.T.);
#1177=ORIENTED_EDGE('',*,*,#2079,.F.);
#1178=ORIENTED_EDGE('',*,*,#2224,.F.);
#1179=ORIENTED_EDGE('',*,*,#2233,.F.);
#1180=ORIENTED_EDGE('',*,*,#2234,.F.);
#1181=ORIENTED_EDGE('',*,*,#2235,.F.);
#1182=ORIENTED_EDGE('',*,*,#2236,.F.);
#1183=ORIENTED_EDGE('',*,*,#2055,.F.);
#1184=ORIENTED_EDGE('',*,*,#2232,.T.);
#1185=ORIENTED_EDGE('',*,*,#2237,.F.);
#1186=ORIENTED_EDGE('',*,*,#2227,.F.);
#1187=ORIENTED_EDGE('',*,*,#2236,.T.);
#1188=ORIENTED_EDGE('',*,*,#2238,.F.);
#1189=ORIENTED_EDGE('',*,*,#2228,.F.);
#1190=ORIENTED_EDGE('',*,*,#2237,.T.);
#1191=ORIENTED_EDGE('',*,*,#2235,.T.);
#1192=ORIENTED_EDGE('',*,*,#2239,.F.);
#1193=ORIENTED_EDGE('',*,*,#2229,.F.);
#1194=ORIENTED_EDGE('',*,*,#2238,.T.);
#1195=ORIENTED_EDGE('',*,*,#2234,.T.);
#1196=ORIENTED_EDGE('',*,*,#2240,.F.);
#1197=ORIENTED_EDGE('',*,*,#2230,.F.);
#1198=ORIENTED_EDGE('',*,*,#2239,.T.);
#1199=ORIENTED_EDGE('',*,*,#2233,.T.);
#1200=ORIENTED_EDGE('',*,*,#2226,.F.);
#1201=ORIENTED_EDGE('',*,*,#2231,.F.);
#1202=ORIENTED_EDGE('',*,*,#2240,.T.);
#1203=ORIENTED_EDGE('',*,*,#2205,.T.);
#1204=ORIENTED_EDGE('',*,*,#2241,.F.);
#1205=ORIENTED_EDGE('',*,*,#2096,.F.);
#1206=ORIENTED_EDGE('',*,*,#2242,.F.);
#1207=ORIENTED_EDGE('',*,*,#1987,.T.);
#1208=ORIENTED_EDGE('',*,*,#2204,.T.);
#1209=ORIENTED_EDGE('',*,*,#2243,.F.);
#1210=ORIENTED_EDGE('',*,*,#2097,.F.);
#1211=ORIENTED_EDGE('',*,*,#2241,.T.);
#1212=ORIENTED_EDGE('',*,*,#2203,.T.);
#1213=ORIENTED_EDGE('',*,*,#1993,.F.);
#1214=ORIENTED_EDGE('',*,*,#2244,.F.);
#1215=ORIENTED_EDGE('',*,*,#2094,.F.);
#1216=ORIENTED_EDGE('',*,*,#2243,.T.);
#1217=ORIENTED_EDGE('',*,*,#1991,.F.);
#1218=ORIENTED_EDGE('',*,*,#2245,.T.);
#1219=ORIENTED_EDGE('',*,*,#2246,.T.);
#1220=ORIENTED_EDGE('',*,*,#2247,.T.);
#1221=ORIENTED_EDGE('',*,*,#2248,.F.);
#1222=ORIENTED_EDGE('',*,*,#1989,.T.);
#1223=ORIENTED_EDGE('',*,*,#2249,.F.);
#1224=ORIENTED_EDGE('',*,*,#2250,.F.);
#1225=ORIENTED_EDGE('',*,*,#1990,.F.);
#1226=ORIENTED_EDGE('',*,*,#2248,.T.);
#1227=ORIENTED_EDGE('',*,*,#2251,.F.);
#1228=ORIENTED_EDGE('',*,*,#2245,.F.);
#1229=ORIENTED_EDGE('',*,*,#1988,.F.);
#1230=ORIENTED_EDGE('',*,*,#2242,.T.);
#1231=ORIENTED_EDGE('',*,*,#2252,.T.);
#1232=ORIENTED_EDGE('',*,*,#2249,.T.);
#1233=ORIENTED_EDGE('',*,*,#2253,.T.);
#1234=ORIENTED_EDGE('',*,*,#2244,.T.);
#1235=ORIENTED_EDGE('',*,*,#1992,.F.);
#1236=ORIENTED_EDGE('',*,*,#2247,.F.);
#1237=ORIENTED_EDGE('',*,*,#2250,.T.);
#1238=ORIENTED_EDGE('',*,*,#2252,.F.);
#1239=ORIENTED_EDGE('',*,*,#2095,.F.);
#1240=ORIENTED_EDGE('',*,*,#2253,.F.);
#1241=ORIENTED_EDGE('',*,*,#2246,.F.);
#1242=ORIENTED_EDGE('',*,*,#2251,.T.);
#1243=ORIENTED_EDGE('',*,*,#2254,.T.);
#1244=ORIENTED_EDGE('',*,*,#2081,.T.);
#1245=ORIENTED_EDGE('',*,*,#2255,.F.);
#1246=ORIENTED_EDGE('',*,*,#2256,.T.);
#1247=ORIENTED_EDGE('',*,*,#2052,.F.);
#1248=ORIENTED_EDGE('',*,*,#2257,.T.);
#1249=ORIENTED_EDGE('',*,*,#2258,.T.);
#1250=ORIENTED_EDGE('',*,*,#2259,.T.);
#1251=ORIENTED_EDGE('',*,*,#2260,.T.);
#1252=ORIENTED_EDGE('',*,*,#2261,.T.);
#1253=ORIENTED_EDGE('',*,*,#2255,.T.);
#1254=ORIENTED_EDGE('',*,*,#2080,.T.);
#1255=ORIENTED_EDGE('',*,*,#2262,.F.);
#1256=ORIENTED_EDGE('',*,*,#2050,.T.);
#1257=ORIENTED_EDGE('',*,*,#2082,.F.);
#1258=ORIENTED_EDGE('',*,*,#2254,.F.);
#1259=ORIENTED_EDGE('',*,*,#2263,.F.);
#1260=ORIENTED_EDGE('',*,*,#2264,.F.);
#1261=ORIENTED_EDGE('',*,*,#2265,.F.);
#1262=ORIENTED_EDGE('',*,*,#2266,.F.);
#1263=ORIENTED_EDGE('',*,*,#2051,.F.);
#1264=ORIENTED_EDGE('',*,*,#2262,.T.);
#1265=ORIENTED_EDGE('',*,*,#2267,.F.);
#1266=ORIENTED_EDGE('',*,*,#2257,.F.);
#1267=ORIENTED_EDGE('',*,*,#2266,.T.);
#1268=ORIENTED_EDGE('',*,*,#2268,.F.);
#1269=ORIENTED_EDGE('',*,*,#2258,.F.);
#1270=ORIENTED_EDGE('',*,*,#2267,.T.);
#1271=ORIENTED_EDGE('',*,*,#2265,.T.);
#1272=ORIENTED_EDGE('',*,*,#2269,.F.);
#1273=ORIENTED_EDGE('',*,*,#2259,.F.);
#1274=ORIENTED_EDGE('',*,*,#2268,.T.);
#1275=ORIENTED_EDGE('',*,*,#2264,.T.);
#1276=ORIENTED_EDGE('',*,*,#2270,.F.);
#1277=ORIENTED_EDGE('',*,*,#2260,.F.);
#1278=ORIENTED_EDGE('',*,*,#2269,.T.);
#1279=ORIENTED_EDGE('',*,*,#2263,.T.);
#1280=ORIENTED_EDGE('',*,*,#2256,.F.);
#1281=ORIENTED_EDGE('',*,*,#2261,.F.);
#1282=ORIENTED_EDGE('',*,*,#2270,.T.);
#1283=ORIENTED_EDGE('',*,*,#2208,.T.);
#1284=ORIENTED_EDGE('',*,*,#2271,.F.);
#1285=ORIENTED_EDGE('',*,*,#2092,.F.);
#1286=ORIENTED_EDGE('',*,*,#2272,.F.);
#1287=ORIENTED_EDGE('',*,*,#1979,.T.);
#1288=ORIENTED_EDGE('',*,*,#2207,.T.);
#1289=ORIENTED_EDGE('',*,*,#2273,.F.);
#1290=ORIENTED_EDGE('',*,*,#2093,.F.);
#1291=ORIENTED_EDGE('',*,*,#2271,.T.);
#1292=ORIENTED_EDGE('',*,*,#2206,.T.);
#1293=ORIENTED_EDGE('',*,*,#1985,.F.);
#1294=ORIENTED_EDGE('',*,*,#2274,.F.);
#1295=ORIENTED_EDGE('',*,*,#2090,.F.);
#1296=ORIENTED_EDGE('',*,*,#2273,.T.);
#1297=ORIENTED_EDGE('',*,*,#1983,.F.);
#1298=ORIENTED_EDGE('',*,*,#2275,.T.);
#1299=ORIENTED_EDGE('',*,*,#2276,.T.);
#1300=ORIENTED_EDGE('',*,*,#2277,.T.);
#1301=ORIENTED_EDGE('',*,*,#2278,.F.);
#1302=ORIENTED_EDGE('',*,*,#1981,.T.);
#1303=ORIENTED_EDGE('',*,*,#2279,.F.);
#1304=ORIENTED_EDGE('',*,*,#2280,.F.);
#1305=ORIENTED_EDGE('',*,*,#1982,.F.);
#1306=ORIENTED_EDGE('',*,*,#2278,.T.);
#1307=ORIENTED_EDGE('',*,*,#2281,.F.);
#1308=ORIENTED_EDGE('',*,*,#2275,.F.);
#1309=ORIENTED_EDGE('',*,*,#1980,.F.);
#1310=ORIENTED_EDGE('',*,*,#2272,.T.);
#1311=ORIENTED_EDGE('',*,*,#2282,.T.);
#1312=ORIENTED_EDGE('',*,*,#2279,.T.);
#1313=ORIENTED_EDGE('',*,*,#2283,.T.);
#1314=ORIENTED_EDGE('',*,*,#2274,.T.);
#1315=ORIENTED_EDGE('',*,*,#1984,.F.);
#1316=ORIENTED_EDGE('',*,*,#2277,.F.);
#1317=ORIENTED_EDGE('',*,*,#2280,.T.);
#1318=ORIENTED_EDGE('',*,*,#2282,.F.);
#1319=ORIENTED_EDGE('',*,*,#2091,.F.);
#1320=ORIENTED_EDGE('',*,*,#2283,.F.);
#1321=ORIENTED_EDGE('',*,*,#2276,.F.);
#1322=ORIENTED_EDGE('',*,*,#2281,.T.);
#1323=ORIENTED_EDGE('',*,*,#2284,.T.);
#1324=ORIENTED_EDGE('',*,*,#2084,.T.);
#1325=ORIENTED_EDGE('',*,*,#2285,.F.);
#1326=ORIENTED_EDGE('',*,*,#2286,.T.);
#1327=ORIENTED_EDGE('',*,*,#2048,.F.);
#1328=ORIENTED_EDGE('',*,*,#2287,.T.);
#1329=ORIENTED_EDGE('',*,*,#2288,.T.);
#1330=ORIENTED_EDGE('',*,*,#2289,.T.);
#1331=ORIENTED_EDGE('',*,*,#2290,.T.);
#1332=ORIENTED_EDGE('',*,*,#2291,.T.);
#1333=ORIENTED_EDGE('',*,*,#2285,.T.);
#1334=ORIENTED_EDGE('',*,*,#2083,.T.);
#1335=ORIENTED_EDGE('',*,*,#2292,.F.);
#1336=ORIENTED_EDGE('',*,*,#2046,.T.);
#1337=ORIENTED_EDGE('',*,*,#2085,.F.);
#1338=ORIENTED_EDGE('',*,*,#2284,.F.);
#1339=ORIENTED_EDGE('',*,*,#2293,.F.);
#1340=ORIENTED_EDGE('',*,*,#2294,.F.);
#1341=ORIENTED_EDGE('',*,*,#2295,.F.);
#1342=ORIENTED_EDGE('',*,*,#2296,.F.);
#1343=ORIENTED_EDGE('',*,*,#2047,.F.);
#1344=ORIENTED_EDGE('',*,*,#2292,.T.);
#1345=ORIENTED_EDGE('',*,*,#2297,.F.);
#1346=ORIENTED_EDGE('',*,*,#2287,.F.);
#1347=ORIENTED_EDGE('',*,*,#2296,.T.);
#1348=ORIENTED_EDGE('',*,*,#2298,.F.);
#1349=ORIENTED_EDGE('',*,*,#2288,.F.);
#1350=ORIENTED_EDGE('',*,*,#2297,.T.);
#1351=ORIENTED_EDGE('',*,*,#2295,.T.);
#1352=ORIENTED_EDGE('',*,*,#2299,.F.);
#1353=ORIENTED_EDGE('',*,*,#2289,.F.);
#1354=ORIENTED_EDGE('',*,*,#2298,.T.);
#1355=ORIENTED_EDGE('',*,*,#2294,.T.);
#1356=ORIENTED_EDGE('',*,*,#2300,.F.);
#1357=ORIENTED_EDGE('',*,*,#2290,.F.);
#1358=ORIENTED_EDGE('',*,*,#2299,.T.);
#1359=ORIENTED_EDGE('',*,*,#2293,.T.);
#1360=ORIENTED_EDGE('',*,*,#2286,.F.);
#1361=ORIENTED_EDGE('',*,*,#2291,.F.);
#1362=ORIENTED_EDGE('',*,*,#2300,.T.);
#1363=ORIENTED_EDGE('',*,*,#2199,.T.);
#1364=ORIENTED_EDGE('',*,*,#2301,.F.);
#1365=ORIENTED_EDGE('',*,*,#2041,.F.);
#1366=ORIENTED_EDGE('',*,*,#2302,.F.);
#1367=ORIENTED_EDGE('',*,*,#1971,.T.);
#1368=ORIENTED_EDGE('',*,*,#2210,.T.);
#1369=ORIENTED_EDGE('',*,*,#2303,.F.);
#1370=ORIENTED_EDGE('',*,*,#2042,.F.);
#1371=ORIENTED_EDGE('',*,*,#2301,.T.);
#1372=ORIENTED_EDGE('',*,*,#2209,.T.);
#1373=ORIENTED_EDGE('',*,*,#1977,.F.);
#1374=ORIENTED_EDGE('',*,*,#2304,.F.);
#1375=ORIENTED_EDGE('',*,*,#2039,.F.);
#1376=ORIENTED_EDGE('',*,*,#2303,.T.);
#1377=ORIENTED_EDGE('',*,*,#1975,.F.);
#1378=ORIENTED_EDGE('',*,*,#2305,.T.);
#1379=ORIENTED_EDGE('',*,*,#2306,.T.);
#1380=ORIENTED_EDGE('',*,*,#2307,.T.);
#1381=ORIENTED_EDGE('',*,*,#2308,.F.);
#1382=ORIENTED_EDGE('',*,*,#1973,.T.);
#1383=ORIENTED_EDGE('',*,*,#2309,.F.);
#1384=ORIENTED_EDGE('',*,*,#2310,.F.);
#1385=ORIENTED_EDGE('',*,*,#1974,.F.);
#1386=ORIENTED_EDGE('',*,*,#2308,.T.);
#1387=ORIENTED_EDGE('',*,*,#2311,.F.);
#1388=ORIENTED_EDGE('',*,*,#2305,.F.);
#1389=ORIENTED_EDGE('',*,*,#1972,.F.);
#1390=ORIENTED_EDGE('',*,*,#2302,.T.);
#1391=ORIENTED_EDGE('',*,*,#2312,.T.);
#1392=ORIENTED_EDGE('',*,*,#2309,.T.);
#1393=ORIENTED_EDGE('',*,*,#2313,.T.);
#1394=ORIENTED_EDGE('',*,*,#2304,.T.);
#1395=ORIENTED_EDGE('',*,*,#1976,.F.);
#1396=ORIENTED_EDGE('',*,*,#2307,.F.);
#1397=ORIENTED_EDGE('',*,*,#2310,.T.);
#1398=ORIENTED_EDGE('',*,*,#2312,.F.);
#1399=ORIENTED_EDGE('',*,*,#2040,.F.);
#1400=ORIENTED_EDGE('',*,*,#2313,.F.);
#1401=ORIENTED_EDGE('',*,*,#2306,.F.);
#1402=ORIENTED_EDGE('',*,*,#2311,.T.);
#1403=ORIENTED_EDGE('',*,*,#2314,.T.);
#1404=ORIENTED_EDGE('',*,*,#2072,.T.);
#1405=ORIENTED_EDGE('',*,*,#2315,.F.);
#1406=ORIENTED_EDGE('',*,*,#2316,.T.);
#1407=ORIENTED_EDGE('',*,*,#2044,.F.);
#1408=ORIENTED_EDGE('',*,*,#2317,.T.);
#1409=ORIENTED_EDGE('',*,*,#2318,.T.);
#1410=ORIENTED_EDGE('',*,*,#2319,.T.);
#1411=ORIENTED_EDGE('',*,*,#2320,.T.);
#1412=ORIENTED_EDGE('',*,*,#2321,.T.);
#1413=ORIENTED_EDGE('',*,*,#2315,.T.);
#1414=ORIENTED_EDGE('',*,*,#2071,.T.);
#1415=ORIENTED_EDGE('',*,*,#2322,.F.);
#1416=ORIENTED_EDGE('',*,*,#2070,.T.);
#1417=ORIENTED_EDGE('',*,*,#2073,.F.);
#1418=ORIENTED_EDGE('',*,*,#2314,.F.);
#1419=ORIENTED_EDGE('',*,*,#2323,.F.);
#1420=ORIENTED_EDGE('',*,*,#2324,.F.);
#1421=ORIENTED_EDGE('',*,*,#2325,.F.);
#1422=ORIENTED_EDGE('',*,*,#2326,.F.);
#1423=ORIENTED_EDGE('',*,*,#2043,.F.);
#1424=ORIENTED_EDGE('',*,*,#2322,.T.);
#1425=ORIENTED_EDGE('',*,*,#2327,.F.);
#1426=ORIENTED_EDGE('',*,*,#2317,.F.);
#1427=ORIENTED_EDGE('',*,*,#2326,.T.);
#1428=ORIENTED_EDGE('',*,*,#2328,.F.);
#1429=ORIENTED_EDGE('',*,*,#2318,.F.);
#1430=ORIENTED_EDGE('',*,*,#2327,.T.);
#1431=ORIENTED_EDGE('',*,*,#2325,.T.);
#1432=ORIENTED_EDGE('',*,*,#2329,.F.);
#1433=ORIENTED_EDGE('',*,*,#2319,.F.);
#1434=ORIENTED_EDGE('',*,*,#2328,.T.);
#1435=ORIENTED_EDGE('',*,*,#2324,.T.);
#1436=ORIENTED_EDGE('',*,*,#2330,.F.);
#1437=ORIENTED_EDGE('',*,*,#2320,.F.);
#1438=ORIENTED_EDGE('',*,*,#2329,.T.);
#1439=ORIENTED_EDGE('',*,*,#2323,.T.);
#1440=ORIENTED_EDGE('',*,*,#2316,.F.);
#1441=ORIENTED_EDGE('',*,*,#2321,.F.);
#1442=ORIENTED_EDGE('',*,*,#2330,.T.);
#1443=ORIENTED_EDGE('',*,*,#2331,.F.);
#1444=ORIENTED_EDGE('',*,*,#2332,.F.);
#1445=ORIENTED_EDGE('',*,*,#2333,.F.);
#1446=ORIENTED_EDGE('',*,*,#2334,.T.);
#1447=ORIENTED_EDGE('',*,*,#2335,.F.);
#1448=ORIENTED_EDGE('',*,*,#2336,.F.);
#1449=ORIENTED_EDGE('',*,*,#2337,.F.);
#1450=ORIENTED_EDGE('',*,*,#2332,.T.);
#1451=ORIENTED_EDGE('',*,*,#2336,.T.);
#1452=ORIENTED_EDGE('',*,*,#2338,.T.);
#1453=ORIENTED_EDGE('',*,*,#2339,.F.);
#1454=ORIENTED_EDGE('',*,*,#2340,.F.);
#1455=ORIENTED_EDGE('',*,*,#2036,.F.);
#1456=ORIENTED_EDGE('',*,*,#2341,.T.);
#1457=ORIENTED_EDGE('',*,*,#2333,.T.);
#1458=ORIENTED_EDGE('',*,*,#2337,.T.);
#1459=ORIENTED_EDGE('',*,*,#2340,.T.);
#1460=ORIENTED_EDGE('',*,*,#2342,.T.);
#1461=ORIENTED_EDGE('',*,*,#2038,.F.);
#1462=ORIENTED_EDGE('',*,*,#2343,.F.);
#1463=ORIENTED_EDGE('',*,*,#2338,.F.);
#1464=ORIENTED_EDGE('',*,*,#2335,.T.);
#1465=ORIENTED_EDGE('',*,*,#2331,.T.);
#1466=ORIENTED_EDGE('',*,*,#2344,.F.);
#1467=ORIENTED_EDGE('',*,*,#2035,.F.);
#1468=ORIENTED_EDGE('',*,*,#2344,.T.);
#1469=ORIENTED_EDGE('',*,*,#2334,.F.);
#1470=ORIENTED_EDGE('',*,*,#2341,.F.);
#1471=ORIENTED_EDGE('',*,*,#2037,.F.);
#1472=ORIENTED_EDGE('',*,*,#2342,.F.);
#1473=ORIENTED_EDGE('',*,*,#2339,.T.);
#1474=ORIENTED_EDGE('',*,*,#2343,.T.);
#1475=ORIENTED_EDGE('',*,*,#2109,.F.);
#1476=ORIENTED_EDGE('',*,*,#2345,.T.);
#1477=ORIENTED_EDGE('',*,*,#2346,.T.);
#1478=ORIENTED_EDGE('',*,*,#2347,.T.);
#1479=ORIENTED_EDGE('',*,*,#2348,.T.);
#1480=ORIENTED_EDGE('',*,*,#2349,.T.);
#1481=ORIENTED_EDGE('',*,*,#2350,.T.);
#1482=ORIENTED_EDGE('',*,*,#2351,.T.);
#1483=ORIENTED_EDGE('',*,*,#2005,.T.);
#1484=ORIENTED_EDGE('',*,*,#2102,.T.);
#1485=ORIENTED_EDGE('',*,*,#2351,.F.);
#1486=ORIENTED_EDGE('',*,*,#2352,.T.);
#1487=ORIENTED_EDGE('',*,*,#2353,.T.);
#1488=ORIENTED_EDGE('',*,*,#2354,.T.);
#1489=ORIENTED_EDGE('',*,*,#2355,.T.);
#1490=ORIENTED_EDGE('',*,*,#2356,.T.);
#1491=ORIENTED_EDGE('',*,*,#2154,.T.);
#1492=ORIENTED_EDGE('',*,*,#2345,.F.);
#1493=ORIENTED_EDGE('',*,*,#2108,.T.);
#1494=ORIENTED_EDGE('',*,*,#2086,.T.);
#1495=ORIENTED_EDGE('',*,*,#2156,.T.);
#1496=ORIENTED_EDGE('',*,*,#2357,.F.);
#1497=ORIENTED_EDGE('',*,*,#2358,.F.);
#1498=ORIENTED_EDGE('',*,*,#2359,.F.);
#1499=ORIENTED_EDGE('',*,*,#2360,.F.);
#1500=ORIENTED_EDGE('',*,*,#2361,.F.);
#1501=ORIENTED_EDGE('',*,*,#2362,.F.);
#1502=ORIENTED_EDGE('',*,*,#2363,.F.);
#1503=ORIENTED_EDGE('',*,*,#2364,.F.);
#1504=ORIENTED_EDGE('',*,*,#2365,.F.);
#1505=ORIENTED_EDGE('',*,*,#2366,.F.);
#1506=ORIENTED_EDGE('',*,*,#2367,.F.);
#1507=ORIENTED_EDGE('',*,*,#2363,.T.);
#1508=ORIENTED_EDGE('',*,*,#2368,.F.);
#1509=ORIENTED_EDGE('',*,*,#2346,.F.);
#1510=ORIENTED_EDGE('',*,*,#2361,.T.);
#1511=ORIENTED_EDGE('',*,*,#2362,.T.);
#1512=ORIENTED_EDGE('',*,*,#2369,.F.);
#1513=ORIENTED_EDGE('',*,*,#2347,.F.);
#1514=ORIENTED_EDGE('',*,*,#2368,.T.);
#1515=ORIENTED_EDGE('',*,*,#2367,.T.);
#1516=ORIENTED_EDGE('',*,*,#2370,.F.);
#1517=ORIENTED_EDGE('',*,*,#2348,.F.);
#1518=ORIENTED_EDGE('',*,*,#2369,.T.);
#1519=ORIENTED_EDGE('',*,*,#2366,.T.);
#1520=ORIENTED_EDGE('',*,*,#2371,.F.);
#1521=ORIENTED_EDGE('',*,*,#2349,.F.);
#1522=ORIENTED_EDGE('',*,*,#2370,.T.);
#1523=ORIENTED_EDGE('',*,*,#2365,.T.);
#1524=ORIENTED_EDGE('',*,*,#2352,.F.);
#1525=ORIENTED_EDGE('',*,*,#2350,.F.);
#1526=ORIENTED_EDGE('',*,*,#2371,.T.);
#1527=ORIENTED_EDGE('',*,*,#2364,.T.);
#1528=ORIENTED_EDGE('',*,*,#2360,.T.);
#1529=ORIENTED_EDGE('',*,*,#2372,.T.);
#1530=ORIENTED_EDGE('',*,*,#2353,.F.);
#1531=ORIENTED_EDGE('',*,*,#2372,.F.);
#1532=ORIENTED_EDGE('',*,*,#2359,.T.);
#1533=ORIENTED_EDGE('',*,*,#2373,.T.);
#1534=ORIENTED_EDGE('',*,*,#2354,.F.);
#1535=ORIENTED_EDGE('',*,*,#2373,.F.);
#1536=ORIENTED_EDGE('',*,*,#2358,.T.);
#1537=ORIENTED_EDGE('',*,*,#2374,.T.);
#1538=ORIENTED_EDGE('',*,*,#2355,.F.);
#1539=ORIENTED_EDGE('',*,*,#2155,.F.);
#1540=ORIENTED_EDGE('',*,*,#2356,.F.);
#1541=ORIENTED_EDGE('',*,*,#2374,.F.);
#1542=ORIENTED_EDGE('',*,*,#2357,.T.);
#1543=ORIENTED_EDGE('',*,*,#2375,.T.);
#1544=ORIENTED_EDGE('',*,*,#2376,.F.);
#1545=ORIENTED_EDGE('',*,*,#2377,.F.);
#1546=ORIENTED_EDGE('',*,*,#2378,.T.);
#1547=ORIENTED_EDGE('',*,*,#2377,.T.);
#1548=ORIENTED_EDGE('',*,*,#2379,.T.);
#1549=ORIENTED_EDGE('',*,*,#2380,.F.);
#1550=ORIENTED_EDGE('',*,*,#2381,.T.);
#1551=ORIENTED_EDGE('',*,*,#2380,.T.);
#1552=ORIENTED_EDGE('',*,*,#2382,.T.);
#1553=ORIENTED_EDGE('',*,*,#2383,.F.);
#1554=ORIENTED_EDGE('',*,*,#2384,.T.);
#1555=ORIENTED_EDGE('',*,*,#2385,.F.);
#1556=ORIENTED_EDGE('',*,*,#2194,.T.);
#1557=ORIENTED_EDGE('',*,*,#2386,.F.);
#1558=ORIENTED_EDGE('',*,*,#2378,.F.);
#1559=ORIENTED_EDGE('',*,*,#2381,.F.);
#1560=ORIENTED_EDGE('',*,*,#2384,.F.);
#1561=ORIENTED_EDGE('',*,*,#2387,.T.);
#1562=ORIENTED_EDGE('',*,*,#2196,.T.);
#1563=ORIENTED_EDGE('',*,*,#2388,.T.);
#1564=ORIENTED_EDGE('',*,*,#2382,.F.);
#1565=ORIENTED_EDGE('',*,*,#2379,.F.);
#1566=ORIENTED_EDGE('',*,*,#2376,.T.);
#1567=ORIENTED_EDGE('',*,*,#2388,.F.);
#1568=ORIENTED_EDGE('',*,*,#2195,.T.);
#1569=ORIENTED_EDGE('',*,*,#2385,.T.);
#1570=ORIENTED_EDGE('',*,*,#2383,.T.);
#1571=ORIENTED_EDGE('',*,*,#2386,.T.);
#1572=ORIENTED_EDGE('',*,*,#2197,.T.);
#1573=ORIENTED_EDGE('',*,*,#2387,.F.);
#1574=ORIENTED_EDGE('',*,*,#2375,.F.);
#1575=ORIENTED_EDGE('',*,*,#2389,.F.);
#1576=ORIENTED_EDGE('',*,*,#2022,.T.);
#1577=ORIENTED_EDGE('',*,*,#2390,.F.);
#1578=ORIENTED_EDGE('',*,*,#2391,.F.);
#1579=ORIENTED_EDGE('',*,*,#2392,.F.);
#1580=ORIENTED_EDGE('',*,*,#2393,.F.);
#1581=ORIENTED_EDGE('',*,*,#2394,.F.);
#1582=ORIENTED_EDGE('',*,*,#2395,.F.);
#1583=ORIENTED_EDGE('',*,*,#2014,.F.);
#1584=ORIENTED_EDGE('',*,*,#1963,.F.);
#1585=ORIENTED_EDGE('',*,*,#2023,.F.);
#1586=ORIENTED_EDGE('',*,*,#2389,.T.);
#1587=ORIENTED_EDGE('',*,*,#2396,.T.);
#1588=ORIENTED_EDGE('',*,*,#2397,.T.);
#1589=ORIENTED_EDGE('',*,*,#2398,.T.);
#1590=ORIENTED_EDGE('',*,*,#2399,.T.);
#1591=ORIENTED_EDGE('',*,*,#2400,.T.);
#1592=ORIENTED_EDGE('',*,*,#2016,.F.);
#1593=ORIENTED_EDGE('',*,*,#2401,.F.);
#1594=ORIENTED_EDGE('',*,*,#2402,.F.);
#1595=ORIENTED_EDGE('',*,*,#2403,.F.);
#1596=ORIENTED_EDGE('',*,*,#2404,.F.);
#1597=ORIENTED_EDGE('',*,*,#2405,.F.);
#1598=ORIENTED_EDGE('',*,*,#2390,.T.);
#1599=ORIENTED_EDGE('',*,*,#2029,.F.);
#1600=ORIENTED_EDGE('',*,*,#1967,.F.);
#1601=ORIENTED_EDGE('',*,*,#2406,.T.);
#1602=ORIENTED_EDGE('',*,*,#2407,.T.);
#1603=ORIENTED_EDGE('',*,*,#2408,.T.);
#1604=ORIENTED_EDGE('',*,*,#2409,.T.);
#1605=ORIENTED_EDGE('',*,*,#2410,.T.);
#1606=ORIENTED_EDGE('',*,*,#2411,.T.);
#1607=ORIENTED_EDGE('',*,*,#2408,.F.);
#1608=ORIENTED_EDGE('',*,*,#2396,.F.);
#1609=ORIENTED_EDGE('',*,*,#2395,.T.);
#1610=ORIENTED_EDGE('',*,*,#2412,.T.);
#1611=ORIENTED_EDGE('',*,*,#2409,.F.);
#1612=ORIENTED_EDGE('',*,*,#2412,.F.);
#1613=ORIENTED_EDGE('',*,*,#2394,.T.);
#1614=ORIENTED_EDGE('',*,*,#2413,.T.);
#1615=ORIENTED_EDGE('',*,*,#2410,.F.);
#1616=ORIENTED_EDGE('',*,*,#2413,.F.);
#1617=ORIENTED_EDGE('',*,*,#2393,.T.);
#1618=ORIENTED_EDGE('',*,*,#2414,.T.);
#1619=ORIENTED_EDGE('',*,*,#2411,.F.);
#1620=ORIENTED_EDGE('',*,*,#2414,.F.);
#1621=ORIENTED_EDGE('',*,*,#2392,.T.);
#1622=ORIENTED_EDGE('',*,*,#2415,.T.);
#1623=ORIENTED_EDGE('',*,*,#2406,.F.);
#1624=ORIENTED_EDGE('',*,*,#2415,.F.);
#1625=ORIENTED_EDGE('',*,*,#2391,.T.);
#1626=ORIENTED_EDGE('',*,*,#2405,.T.);
#1627=ORIENTED_EDGE('',*,*,#2416,.F.);
#1628=ORIENTED_EDGE('',*,*,#2397,.F.);
#1629=ORIENTED_EDGE('',*,*,#2407,.F.);
#1630=ORIENTED_EDGE('',*,*,#2404,.T.);
#1631=ORIENTED_EDGE('',*,*,#2417,.F.);
#1632=ORIENTED_EDGE('',*,*,#2398,.F.);
#1633=ORIENTED_EDGE('',*,*,#2416,.T.);
#1634=ORIENTED_EDGE('',*,*,#2403,.T.);
#1635=ORIENTED_EDGE('',*,*,#2418,.F.);
#1636=ORIENTED_EDGE('',*,*,#2399,.F.);
#1637=ORIENTED_EDGE('',*,*,#2417,.T.);
#1638=ORIENTED_EDGE('',*,*,#2402,.T.);
#1639=ORIENTED_EDGE('',*,*,#2401,.T.);
#1640=ORIENTED_EDGE('',*,*,#2015,.T.);
#1641=ORIENTED_EDGE('',*,*,#2400,.F.);
#1642=ORIENTED_EDGE('',*,*,#2418,.T.);
#1643=ORIENTED_EDGE('',*,*,#2163,.T.);
#1644=ORIENTED_EDGE('',*,*,#2419,.T.);
#1645=ORIENTED_EDGE('',*,*,#2420,.T.);
#1646=ORIENTED_EDGE('',*,*,#2421,.F.);
#1647=ORIENTED_EDGE('',*,*,#2165,.T.);
#1648=ORIENTED_EDGE('',*,*,#2422,.T.);
#1649=ORIENTED_EDGE('',*,*,#2423,.T.);
#1650=ORIENTED_EDGE('',*,*,#2419,.F.);
#1651=ORIENTED_EDGE('',*,*,#2164,.T.);
#1652=ORIENTED_EDGE('',*,*,#2421,.T.);
#1653=ORIENTED_EDGE('',*,*,#2424,.T.);
#1654=ORIENTED_EDGE('',*,*,#2422,.F.);
#1655=ORIENTED_EDGE('',*,*,#2420,.F.);
#1656=ORIENTED_EDGE('',*,*,#2423,.F.);
#1657=ORIENTED_EDGE('',*,*,#2424,.F.);
#1658=VERTEX_POINT('',#4311);
#1659=VERTEX_POINT('',#4312);
#1660=VERTEX_POINT('',#4314);
#1661=VERTEX_POINT('',#4316);
#1662=VERTEX_POINT('',#4320);
#1663=VERTEX_POINT('',#4321);
#1664=VERTEX_POINT('',#4323);
#1665=VERTEX_POINT('',#4325);
#1666=VERTEX_POINT('',#4327);
#1667=VERTEX_POINT('',#4329);
#1668=VERTEX_POINT('',#4331);
#1669=VERTEX_POINT('',#4333);
#1670=VERTEX_POINT('',#4335);
#1671=VERTEX_POINT('',#4337);
#1672=VERTEX_POINT('',#4339);
#1673=VERTEX_POINT('',#4341);
#1674=VERTEX_POINT('',#4343);
#1675=VERTEX_POINT('',#4345);
#1676=VERTEX_POINT('',#4347);
#1677=VERTEX_POINT('',#4349);
#1678=VERTEX_POINT('',#4351);
#1679=VERTEX_POINT('',#4353);
#1680=VERTEX_POINT('',#4355);
#1681=VERTEX_POINT('',#4357);
#1682=VERTEX_POINT('',#4359);
#1683=VERTEX_POINT('',#4361);
#1684=VERTEX_POINT('',#4363);
#1685=VERTEX_POINT('',#4365);
#1686=VERTEX_POINT('',#4367);
#1687=VERTEX_POINT('',#4369);
#1688=VERTEX_POINT('',#4371);
#1689=VERTEX_POINT('',#4373);
#1690=VERTEX_POINT('',#4375);
#1691=VERTEX_POINT('',#4377);
#1692=VERTEX_POINT('',#4379);
#1693=VERTEX_POINT('',#4381);
#1694=VERTEX_POINT('',#4383);
#1695=VERTEX_POINT('',#4385);
#1696=VERTEX_POINT('',#4387);
#1697=VERTEX_POINT('',#4389);
#1698=VERTEX_POINT('',#4391);
#1699=VERTEX_POINT('',#4393);
#1700=VERTEX_POINT('',#4395);
#1701=VERTEX_POINT('',#4397);
#1702=VERTEX_POINT('',#4399);
#1703=VERTEX_POINT('',#4401);
#1704=VERTEX_POINT('',#4403);
#1705=VERTEX_POINT('',#4405);
#1706=VERTEX_POINT('',#4407);
#1707=VERTEX_POINT('',#4409);
#1708=VERTEX_POINT('',#4411);
#1709=VERTEX_POINT('',#4413);
#1710=VERTEX_POINT('',#4417);
#1711=VERTEX_POINT('',#4419);
#1712=VERTEX_POINT('',#4422);
#1713=VERTEX_POINT('',#4424);
#1714=VERTEX_POINT('',#4426);
#1715=VERTEX_POINT('',#4428);
#1716=VERTEX_POINT('',#4432);
#1717=VERTEX_POINT('',#4433);
#1718=VERTEX_POINT('',#4436);
#1719=VERTEX_POINT('',#4438);
#1720=VERTEX_POINT('',#4440);
#1721=VERTEX_POINT('',#4442);
#1722=VERTEX_POINT('',#4447);
#1723=VERTEX_POINT('',#4448);
#1724=VERTEX_POINT('',#4450);
#1725=VERTEX_POINT('',#4452);
#1726=VERTEX_POINT('',#4454);
#1727=VERTEX_POINT('',#4457);
#1728=VERTEX_POINT('',#4458);
#1729=VERTEX_POINT('',#4460);
#1730=VERTEX_POINT('',#4462);
#1731=VERTEX_POINT('',#4466);
#1732=VERTEX_POINT('',#4467);
#1733=VERTEX_POINT('',#4469);
#1734=VERTEX_POINT('',#4471);
#1735=VERTEX_POINT('',#4475);
#1736=VERTEX_POINT('',#4476);
#1737=VERTEX_POINT('',#4478);
#1738=VERTEX_POINT('',#4480);
#1739=VERTEX_POINT('',#4482);
#1740=VERTEX_POINT('',#4484);
#1741=VERTEX_POINT('',#4486);
#1742=VERTEX_POINT('',#4488);
#1743=VERTEX_POINT('',#4490);
#1744=VERTEX_POINT('',#4492);
#1745=VERTEX_POINT('',#4494);
#1746=VERTEX_POINT('',#4496);
#1747=VERTEX_POINT('',#4498);
#1748=VERTEX_POINT('',#4500);
#1749=VERTEX_POINT('',#4502);
#1750=VERTEX_POINT('',#4504);
#1751=VERTEX_POINT('',#4506);
#1752=VERTEX_POINT('',#4508);
#1753=VERTEX_POINT('',#4510);
#1754=VERTEX_POINT('',#4512);
#1755=VERTEX_POINT('',#4514);
#1756=VERTEX_POINT('',#4516);
#1757=VERTEX_POINT('',#4518);
#1758=VERTEX_POINT('',#4520);
#1759=VERTEX_POINT('',#4522);
#1760=VERTEX_POINT('',#4524);
#1761=VERTEX_POINT('',#4526);
#1762=VERTEX_POINT('',#4528);
#1763=VERTEX_POINT('',#4532);
#1764=VERTEX_POINT('',#4534);
#1765=VERTEX_POINT('',#4537);
#1766=VERTEX_POINT('',#4539);
#1767=VERTEX_POINT('',#4542);
#1768=VERTEX_POINT('',#4544);
#1769=VERTEX_POINT('',#4547);
#1770=VERTEX_POINT('',#4549);
#1771=VERTEX_POINT('',#4552);
#1772=VERTEX_POINT('',#4554);
#1773=VERTEX_POINT('',#4558);
#1774=VERTEX_POINT('',#4559);
#1775=VERTEX_POINT('',#4561);
#1776=VERTEX_POINT('',#4563);
#1777=VERTEX_POINT('',#4567);
#1778=VERTEX_POINT('',#4568);
#1779=VERTEX_POINT('',#4570);
#1780=VERTEX_POINT('',#4572);
#1781=VERTEX_POINT('',#4576);
#1782=VERTEX_POINT('',#4577);
#1783=VERTEX_POINT('',#4579);
#1784=VERTEX_POINT('',#4581);
#1785=VERTEX_POINT('',#4585);
#1786=VERTEX_POINT('',#4586);
#1787=VERTEX_POINT('',#4588);
#1788=VERTEX_POINT('',#4590);
#1789=VERTEX_POINT('',#4594);
#1790=VERTEX_POINT('',#4596);
#1791=VERTEX_POINT('',#4598);
#1792=VERTEX_POINT('',#4600);
#1793=VERTEX_POINT('',#4602);
#1794=VERTEX_POINT('',#4605);
#1795=VERTEX_POINT('',#4609);
#1796=VERTEX_POINT('',#4610);
#1797=VERTEX_POINT('',#4612);
#1798=VERTEX_POINT('',#4614);
#1799=VERTEX_POINT('',#4618);
#1800=VERTEX_POINT('',#4620);
#1801=VERTEX_POINT('',#4624);
#1802=VERTEX_POINT('',#4625);
#1803=VERTEX_POINT('',#4627);
#1804=VERTEX_POINT('',#4629);
#1805=VERTEX_POINT('',#4633);
#1806=VERTEX_POINT('',#4635);
#1807=VERTEX_POINT('',#4639);
#1808=VERTEX_POINT('',#4640);
#1809=VERTEX_POINT('',#4645);
#1810=VERTEX_POINT('',#4646);
#1811=VERTEX_POINT('',#4648);
#1812=VERTEX_POINT('',#4650);
#1813=VERTEX_POINT('',#4654);
#1814=VERTEX_POINT('',#4656);
#1815=VERTEX_POINT('',#4660);
#1816=VERTEX_POINT('',#4662);
#1817=VERTEX_POINT('',#4669);
#1818=VERTEX_POINT('',#4670);
#1819=VERTEX_POINT('',#4672);
#1820=VERTEX_POINT('',#4676);
#1821=VERTEX_POINT('',#4681);
#1822=VERTEX_POINT('',#4683);
#1823=VERTEX_POINT('',#4685);
#1824=VERTEX_POINT('',#4687);
#1825=VERTEX_POINT('',#4691);
#1826=VERTEX_POINT('',#4696);
#1827=VERTEX_POINT('',#4698);
#1828=VERTEX_POINT('',#4702);
#1829=VERTEX_POINT('',#4704);
#1830=VERTEX_POINT('',#4711);
#1831=VERTEX_POINT('',#4712);
#1832=VERTEX_POINT('',#4714);
#1833=VERTEX_POINT('',#4724);
#1834=VERTEX_POINT('',#4730);
#1835=VERTEX_POINT('',#4742);
#1836=VERTEX_POINT('',#4751);
#1837=VERTEX_POINT('',#4758);
#1838=VERTEX_POINT('',#4765);
#1839=VERTEX_POINT('',#4771);
#1840=VERTEX_POINT('',#4772);
#1841=VERTEX_POINT('',#4774);
#1842=VERTEX_POINT('',#4776);
#1843=VERTEX_POINT('',#4784);
#1844=VERTEX_POINT('',#4786);
#1845=VERTEX_POINT('',#4788);
#1846=VERTEX_POINT('',#4791);
#1847=VERTEX_POINT('',#4793);
#1848=VERTEX_POINT('',#4796);
#1849=VERTEX_POINT('',#4798);
#1850=VERTEX_POINT('',#4801);
#1851=VERTEX_POINT('',#4812);
#1852=VERTEX_POINT('',#4814);
#1853=VERTEX_POINT('',#4818);
#1854=VERTEX_POINT('',#4820);
#1855=VERTEX_POINT('',#4831);
#1856=VERTEX_POINT('',#4833);
#1857=VERTEX_POINT('',#4837);
#1858=VERTEX_POINT('',#4839);
#1859=VERTEX_POINT('',#4841);
#1860=VERTEX_POINT('',#4843);
#1861=VERTEX_POINT('',#4847);
#1862=VERTEX_POINT('',#4849);
#1863=VERTEX_POINT('',#4851);
#1864=VERTEX_POINT('',#4853);
#1865=VERTEX_POINT('',#4873);
#1866=VERTEX_POINT('',#4875);
#1867=VERTEX_POINT('',#4879);
#1868=VERTEX_POINT('',#4881);
#1869=VERTEX_POINT('',#4892);
#1870=VERTEX_POINT('',#4894);
#1871=VERTEX_POINT('',#4898);
#1872=VERTEX_POINT('',#4900);
#1873=VERTEX_POINT('',#4902);
#1874=VERTEX_POINT('',#4904);
#1875=VERTEX_POINT('',#4908);
#1876=VERTEX_POINT('',#4910);
#1877=VERTEX_POINT('',#4912);
#1878=VERTEX_POINT('',#4914);
#1879=VERTEX_POINT('',#4934);
#1880=VERTEX_POINT('',#4936);
#1881=VERTEX_POINT('',#4940);
#1882=VERTEX_POINT('',#4942);
#1883=VERTEX_POINT('',#4953);
#1884=VERTEX_POINT('',#4955);
#1885=VERTEX_POINT('',#4959);
#1886=VERTEX_POINT('',#4961);
#1887=VERTEX_POINT('',#4963);
#1888=VERTEX_POINT('',#4965);
#1889=VERTEX_POINT('',#4969);
#1890=VERTEX_POINT('',#4971);
#1891=VERTEX_POINT('',#4973);
#1892=VERTEX_POINT('',#4975);
#1893=VERTEX_POINT('',#4995);
#1894=VERTEX_POINT('',#4997);
#1895=VERTEX_POINT('',#5001);
#1896=VERTEX_POINT('',#5003);
#1897=VERTEX_POINT('',#5014);
#1898=VERTEX_POINT('',#5016);
#1899=VERTEX_POINT('',#5020);
#1900=VERTEX_POINT('',#5022);
#1901=VERTEX_POINT('',#5024);
#1902=VERTEX_POINT('',#5026);
#1903=VERTEX_POINT('',#5030);
#1904=VERTEX_POINT('',#5032);
#1905=VERTEX_POINT('',#5034);
#1906=VERTEX_POINT('',#5036);
#1907=VERTEX_POINT('',#5049);
#1908=VERTEX_POINT('',#5050);
#1909=VERTEX_POINT('',#5052);
#1910=VERTEX_POINT('',#5054);
#1911=VERTEX_POINT('',#5058);
#1912=VERTEX_POINT('',#5060);
#1913=VERTEX_POINT('',#5064);
#1914=VERTEX_POINT('',#5066);
#1915=VERTEX_POINT('',#5078);
#1916=VERTEX_POINT('',#5080);
#1917=VERTEX_POINT('',#5082);
#1918=VERTEX_POINT('',#5084);
#1919=VERTEX_POINT('',#5086);
#1920=VERTEX_POINT('',#5088);
#1921=VERTEX_POINT('',#5092);
#1922=VERTEX_POINT('',#5094);
#1923=VERTEX_POINT('',#5096);
#1924=VERTEX_POINT('',#5098);
#1925=VERTEX_POINT('',#5102);
#1926=VERTEX_POINT('',#5104);
#1927=VERTEX_POINT('',#5106);
#1928=VERTEX_POINT('',#5108);
#1929=VERTEX_POINT('',#5112);
#1930=VERTEX_POINT('',#5113);
#1931=VERTEX_POINT('',#5117);
#1932=VERTEX_POINT('',#5119);
#1933=VERTEX_POINT('',#5139);
#1934=VERTEX_POINT('',#5140);
#1935=VERTEX_POINT('',#5142);
#1936=VERTEX_POINT('',#5144);
#1937=VERTEX_POINT('',#5148);
#1938=VERTEX_POINT('',#5150);
#1939=VERTEX_POINT('',#5154);
#1940=VERTEX_POINT('',#5156);
#1941=VERTEX_POINT('',#5168);
#1942=VERTEX_POINT('',#5170);
#1943=VERTEX_POINT('',#5172);
#1944=VERTEX_POINT('',#5174);
#1945=VERTEX_POINT('',#5176);
#1946=VERTEX_POINT('',#5178);
#1947=VERTEX_POINT('',#5182);
#1948=VERTEX_POINT('',#5184);
#1949=VERTEX_POINT('',#5186);
#1950=VERTEX_POINT('',#5188);
#1951=VERTEX_POINT('',#5192);
#1952=VERTEX_POINT('',#5194);
#1953=VERTEX_POINT('',#5196);
#1954=VERTEX_POINT('',#5198);
#1955=VERTEX_POINT('',#5202);
#1956=VERTEX_POINT('',#5205);
#1957=VERTEX_POINT('',#5207);
#1958=VERTEX_POINT('',#5209);
#1959=VERTEX_POINT('',#5229);
#1960=VERTEX_POINT('',#5231);
#1961=VERTEX_POINT('',#5235);
#1962=EDGE_CURVE('',#1658,#1659,#2425,.T.);
#1963=EDGE_CURVE('',#1659,#1660,#2426,.T.);
#1964=EDGE_CURVE('',#1661,#1660,#2427,.T.);
#1965=EDGE_CURVE('',#1661,#1658,#2428,.T.);
#1966=EDGE_CURVE('',#1662,#1663,#2429,.T.);
#1967=EDGE_CURVE('',#1662,#1664,#2430,.T.);
#1968=EDGE_CURVE('',#1664,#1665,#2431,.T.);
#1969=EDGE_CURVE('',#1666,#1665,#2432,.T.);
#1970=EDGE_CURVE('',#1667,#1666,#2433,.T.);
#1971=EDGE_CURVE('',#1668,#1667,#2434,.T.);
#1972=EDGE_CURVE('',#1668,#1669,#2435,.T.);
#1973=EDGE_CURVE('',#1670,#1669,#2436,.T.);
#1974=EDGE_CURVE('',#1670,#1671,#2437,.T.);
#1975=EDGE_CURVE('',#1671,#1672,#2438,.T.);
#1976=EDGE_CURVE('',#1672,#1673,#2439,.T.);
#1977=EDGE_CURVE('',#1673,#1674,#2440,.T.);
#1978=EDGE_CURVE('',#1675,#1674,#2441,.T.);
#1979=EDGE_CURVE('',#1676,#1675,#2442,.T.);
#1980=EDGE_CURVE('',#1676,#1677,#2443,.T.);
#1981=EDGE_CURVE('',#1678,#1677,#2444,.T.);
#1982=EDGE_CURVE('',#1678,#1679,#2445,.T.);
#1983=EDGE_CURVE('',#1679,#1680,#2446,.T.);
#1984=EDGE_CURVE('',#1680,#1681,#2447,.T.);
#1985=EDGE_CURVE('',#1681,#1682,#2448,.T.);
#1986=EDGE_CURVE('',#1683,#1682,#2449,.T.);
#1987=EDGE_CURVE('',#1684,#1683,#2450,.T.);
#1988=EDGE_CURVE('',#1684,#1685,#2451,.T.);
#1989=EDGE_CURVE('',#1686,#1685,#2452,.T.);
#1990=EDGE_CURVE('',#1686,#1687,#2453,.T.);
#1991=EDGE_CURVE('',#1687,#1688,#2454,.T.);
#1992=EDGE_CURVE('',#1688,#1689,#2455,.T.);
#1993=EDGE_CURVE('',#1689,#1690,#2456,.T.);
#1994=EDGE_CURVE('',#1691,#1690,#2457,.T.);
#1995=EDGE_CURVE('',#1692,#1691,#2458,.T.);
#1996=EDGE_CURVE('',#1692,#1693,#2459,.T.);
#1997=EDGE_CURVE('',#1694,#1693,#2460,.T.);
#1998=EDGE_CURVE('',#1694,#1695,#2461,.T.);
#1999=EDGE_CURVE('',#1695,#1696,#2462,.T.);
#2000=EDGE_CURVE('',#1696,#1697,#2463,.T.);
#2001=EDGE_CURVE('',#1697,#1698,#2464,.T.);
#2002=EDGE_CURVE('',#1699,#1698,#2465,.T.);
#2003=EDGE_CURVE('',#1700,#1699,#2466,.T.);
#2004=EDGE_CURVE('',#1700,#1701,#2467,.T.);
#2005=EDGE_CURVE('',#1702,#1701,#2468,.T.);
#2006=EDGE_CURVE('',#1703,#1702,#2469,.T.);
#2007=EDGE_CURVE('',#1704,#1703,#2470,.T.);
#2008=EDGE_CURVE('',#1705,#1704,#2471,.T.);
#2009=EDGE_CURVE('',#1706,#1705,#2472,.T.);
#2010=EDGE_CURVE('',#1706,#1707,#2473,.T.);
#2011=EDGE_CURVE('',#1708,#1707,#2474,.T.);
#2012=EDGE_CURVE('',#1709,#1708,#2475,.T.);
#2013=EDGE_CURVE('',#1663,#1709,#2476,.T.);
#2014=EDGE_CURVE('',#1660,#1710,#2477,.T.);
#2015=EDGE_CURVE('',#1711,#1710,#2478,.T.);
#2016=EDGE_CURVE('',#1711,#1662,#2479,.T.);
#2017=EDGE_CURVE('',#1712,#1663,#2480,.T.);
#2018=EDGE_CURVE('',#1713,#1712,#2481,.T.);
#2019=EDGE_CURVE('',#1713,#1714,#2482,.T.);
#2020=EDGE_CURVE('',#1714,#1715,#2483,.T.);
#2021=EDGE_CURVE('',#1715,#1661,#2484,.T.);
#2022=EDGE_CURVE('',#1716,#1717,#2485,.T.);
#2023=EDGE_CURVE('',#1716,#1659,#2486,.T.);
#2024=EDGE_CURVE('',#1658,#1718,#2487,.T.);
#2025=EDGE_CURVE('',#1719,#1718,#2488,.T.);
#2026=EDGE_CURVE('',#1720,#1719,#2489,.T.);
#2027=EDGE_CURVE('',#1721,#1720,#2490,.T.);
#2028=EDGE_CURVE('',#1665,#1721,#2491,.T.);
#2029=EDGE_CURVE('',#1664,#1717,#2492,.T.);
#2030=EDGE_CURVE('',#1722,#1723,#2493,.T.);
#2031=EDGE_CURVE('',#1723,#1724,#2494,.T.);
#2032=EDGE_CURVE('',#1725,#1724,#2495,.T.);
#2033=EDGE_CURVE('',#1726,#1725,#2496,.T.);
#2034=EDGE_CURVE('',#1722,#1726,#2497,.T.);
#2035=EDGE_CURVE('',#1727,#1728,#2498,.T.);
#2036=EDGE_CURVE('',#1728,#1729,#2499,.T.);
#2037=EDGE_CURVE('',#1729,#1730,#2500,.T.);
#2038=EDGE_CURVE('',#1730,#1727,#2501,.T.);
#2039=EDGE_CURVE('',#1731,#1732,#2502,.T.);
#2040=EDGE_CURVE('',#1732,#1733,#2503,.T.);
#2041=EDGE_CURVE('',#1733,#1734,#2504,.T.);
#2042=EDGE_CURVE('',#1734,#1731,#2505,.T.);
#2043=EDGE_CURVE('',#1735,#1736,#2506,.T.);
#2044=EDGE_CURVE('',#1736,#1737,#2507,.T.);
#2045=EDGE_CURVE('',#1737,#1738,#2508,.T.);
#2046=EDGE_CURVE('',#1739,#1738,#2509,.T.);
#2047=EDGE_CURVE('',#1739,#1740,#2510,.T.);
#2048=EDGE_CURVE('',#1740,#1741,#2511,.T.);
#2049=EDGE_CURVE('',#1741,#1742,#2512,.T.);
#2050=EDGE_CURVE('',#1743,#1742,#2513,.T.);
#2051=EDGE_CURVE('',#1743,#1744,#2514,.T.);
#2052=EDGE_CURVE('',#1744,#1745,#2515,.T.);
#2053=EDGE_CURVE('',#1745,#1746,#2516,.T.);
#2054=EDGE_CURVE('',#1747,#1746,#2517,.T.);
#2055=EDGE_CURVE('',#1747,#1748,#2518,.T.);
#2056=EDGE_CURVE('',#1748,#1749,#2519,.T.);
#2057=EDGE_CURVE('',#1749,#1750,#2520,.T.);
#2058=EDGE_CURVE('',#1750,#1751,#2521,.T.);
#2059=EDGE_CURVE('',#1751,#1752,#2522,.T.);
#2060=EDGE_CURVE('',#1752,#1753,#2523,.T.);
#2061=EDGE_CURVE('',#1753,#1754,#2524,.T.);
#2062=EDGE_CURVE('',#1754,#1755,#2525,.T.);
#2063=EDGE_CURVE('',#1755,#1756,#2526,.T.);
#2064=EDGE_CURVE('',#1756,#1757,#2527,.T.);
#2065=EDGE_CURVE('',#1757,#1758,#2528,.T.);
#2066=EDGE_CURVE('',#1758,#1759,#2529,.T.);
#2067=EDGE_CURVE('',#1759,#1760,#2530,.T.);
#2068=EDGE_CURVE('',#1761,#1760,#2531,.T.);
#2069=EDGE_CURVE('',#1761,#1762,#2532,.T.);
#2070=EDGE_CURVE('',#1735,#1762,#2533,.T.);
#2071=EDGE_CURVE('',#1763,#1737,#2534,.T.);
#2072=EDGE_CURVE('',#1764,#1763,#2535,.T.);
#2073=EDGE_CURVE('',#1764,#1762,#2536,.T.);
#2074=EDGE_CURVE('',#1765,#1761,#2537,.T.);
#2075=EDGE_CURVE('',#1766,#1765,#2538,.T.);
#2076=EDGE_CURVE('',#1750,#1766,#2539,.T.);
#2077=EDGE_CURVE('',#1767,#1749,#2540,.T.);
#2078=EDGE_CURVE('',#1768,#1767,#2541,.T.);
#2079=EDGE_CURVE('',#1768,#1746,#2542,.T.);
#2080=EDGE_CURVE('',#1769,#1745,#2543,.T.);
#2081=EDGE_CURVE('',#1770,#1769,#2544,.T.);
#2082=EDGE_CURVE('',#1770,#1742,#2545,.T.);
#2083=EDGE_CURVE('',#1771,#1741,#2546,.T.);
#2084=EDGE_CURVE('',#1772,#1771,#2547,.T.);
#2085=EDGE_CURVE('',#1772,#1738,#2548,.T.);
#2086=EDGE_CURVE('',#1773,#1774,#2549,.T.);
#2087=EDGE_CURVE('',#1773,#1775,#2550,.T.);
#2088=EDGE_CURVE('',#1776,#1775,#2551,.T.);
#2089=EDGE_CURVE('',#1774,#1776,#2552,.T.);
#2090=EDGE_CURVE('',#1777,#1778,#2553,.T.);
#2091=EDGE_CURVE('',#1778,#1779,#2554,.T.);
#2092=EDGE_CURVE('',#1779,#1780,#2555,.T.);
#2093=EDGE_CURVE('',#1780,#1777,#2556,.T.);
#2094=EDGE_CURVE('',#1781,#1782,#2557,.T.);
#2095=EDGE_CURVE('',#1782,#1783,#2558,.T.);
#2096=EDGE_CURVE('',#1783,#1784,#2559,.T.);
#2097=EDGE_CURVE('',#1784,#1781,#2560,.T.);
#2098=EDGE_CURVE('',#1785,#1786,#2561,.T.);
#2099=EDGE_CURVE('',#1786,#1787,#2562,.T.);
#2100=EDGE_CURVE('',#1787,#1788,#2563,.T.);
#2101=EDGE_CURVE('',#1788,#1785,#2564,.T.);
#2102=EDGE_CURVE('',#1701,#1789,#2565,.T.);
#2103=EDGE_CURVE('',#1790,#1700,#2566,.T.);
#2104=EDGE_CURVE('',#1791,#1790,#2567,.T.);
#2105=EDGE_CURVE('',#1792,#1791,#2568,.T.);
#2106=EDGE_CURVE('',#1793,#1792,#2569,.T.);
#2107=EDGE_CURVE('',#1775,#1793,#2570,.T.);
#2108=EDGE_CURVE('',#1794,#1773,#2571,.T.);
#2109=EDGE_CURVE('',#1794,#1789,#2572,.T.);
#2110=EDGE_CURVE('',#1795,#1796,#2573,.T.);
#2111=EDGE_CURVE('',#1797,#1795,#2574,.T.);
#2112=EDGE_CURVE('',#1797,#1798,#2575,.T.);
#2113=EDGE_CURVE('',#1798,#1796,#2576,.T.);
#2114=EDGE_CURVE('',#1796,#1799,#2577,.T.);
#2115=EDGE_CURVE('',#1798,#1800,#2578,.T.);
#2116=EDGE_CURVE('',#1800,#1799,#2579,.T.);
#2117=EDGE_CURVE('',#1801,#1802,#2580,.T.);
#2118=EDGE_CURVE('',#1803,#1801,#2581,.T.);
#2119=EDGE_CURVE('',#1803,#1804,#2582,.T.);
#2120=EDGE_CURVE('',#1804,#1802,#2583,.T.);
#2121=EDGE_CURVE('',#1802,#1805,#2584,.T.);
#2122=EDGE_CURVE('',#1804,#1806,#2585,.T.);
#2123=EDGE_CURVE('',#1806,#1805,#2586,.T.);
#2124=EDGE_CURVE('',#1807,#1808,#2587,.T.);
#2125=EDGE_CURVE('',#1807,#1756,#2588,.T.);
#2126=EDGE_CURVE('',#1808,#1755,#2589,.T.);
#2127=EDGE_CURVE('',#1809,#1810,#2590,.T.);
#2128=EDGE_CURVE('',#1811,#1809,#2591,.T.);
#2129=EDGE_CURVE('',#1811,#1812,#2592,.T.);
#2130=EDGE_CURVE('',#1812,#1810,#2593,.T.);
#2131=EDGE_CURVE('',#1813,#1809,#2594,.T.);
#2132=EDGE_CURVE('',#1814,#1813,#2595,.T.);
#2133=EDGE_CURVE('',#1814,#1811,#2596,.T.);
#2134=EDGE_CURVE('',#1810,#1815,#2597,.T.);
#2135=EDGE_CURVE('',#1812,#1816,#2598,.T.);
#2136=EDGE_CURVE('',#1816,#1815,#2599,.T.);
#2137=EDGE_CURVE('',#1815,#1813,#2600,.T.);
#2138=EDGE_CURVE('',#1816,#1814,#2601,.T.);
#2139=EDGE_CURVE('',#1817,#1818,#2602,.T.);
#2140=EDGE_CURVE('',#1818,#1819,#2603,.T.);
#2141=EDGE_CURVE('',#1819,#1719,#2604,.T.);
#2142=EDGE_CURVE('',#1715,#1718,#2605,.T.);
#2143=EDGE_CURVE('',#1714,#1820,#2606,.T.);
#2144=EDGE_CURVE('',#1820,#1817,#2607,.T.);
#2145=EDGE_CURVE('',#1726,#1792,#2608,.T.);
#2146=EDGE_CURVE('',#1725,#1821,#2609,.T.);
#2147=EDGE_CURVE('',#1821,#1822,#2610,.T.);
#2148=EDGE_CURVE('',#1823,#1822,#2611,.T.);
#2149=EDGE_CURVE('',#1824,#1823,#2612,.T.);
#2150=EDGE_CURVE('',#1824,#1793,#2613,.T.);
#2151=EDGE_CURVE('',#1760,#1825,#2614,.T.);
#2152=EDGE_CURVE('',#1825,#1818,#2615,.T.);
#2153=EDGE_CURVE('',#1765,#1817,#2616,.T.);
#2154=EDGE_CURVE('',#1826,#1702,#2617,.T.);
#2155=EDGE_CURVE('',#1826,#1827,#2618,.T.);
#2156=EDGE_CURVE('',#1774,#1827,#2619,.T.);
#2157=EDGE_CURVE('',#1824,#1776,#2620,.T.);
#2158=EDGE_CURVE('',#1823,#1828,#2621,.T.);
#2159=EDGE_CURVE('',#1829,#1828,#2622,.T.);
#2160=EDGE_CURVE('',#1829,#1703,#2623,.T.);
#2161=EDGE_CURVE('',#1751,#1724,#2624,.T.);
#2162=EDGE_CURVE('',#1766,#1821,#2625,.T.);
#2163=EDGE_CURVE('',#1830,#1831,#2626,.T.);
#2164=EDGE_CURVE('',#1832,#1830,#2627,.T.);
#2165=EDGE_CURVE('',#1831,#1832,#2628,.T.);
#2166=EDGE_CURVE('',#1806,#1820,#2629,.T.);
#2167=EDGE_CURVE('',#1800,#1803,#2630,.T.);
#2168=EDGE_CURVE('',#1822,#1797,#2631,.T.);
#2169=EDGE_CURVE('',#1795,#1706,#2632,.T.);
#2170=EDGE_CURVE('',#1833,#1705,#2633,.T.);
#2171=EDGE_CURVE('',#1828,#1833,#2634,.T.);
#2172=EDGE_CURVE('',#1801,#1799,#2635,.T.);
#2173=EDGE_CURVE('',#1834,#1713,#2636,.T.);
#2174=EDGE_CURVE('',#1834,#1708,#2637,.T.);
#2175=EDGE_CURVE('',#1805,#1707,#2638,.T.);
#2176=EDGE_CURVE('',#1791,#1722,#2639,.T.);
#2177=EDGE_CURVE('',#1790,#1754,#2640,.T.);
#2178=EDGE_CURVE('',#1722,#1753,#2641,.T.);
#2179=EDGE_CURVE('',#1699,#1808,#2642,.T.);
#2180=EDGE_CURVE('',#1819,#1835,#2643,.T.);
#2181=EDGE_CURVE('',#1720,#1835,#2644,.T.);
#2182=EDGE_CURVE('',#1666,#1807,#2645,.T.);
#2183=EDGE_CURVE('',#1721,#1757,#2646,.T.);
#2184=EDGE_CURVE('',#1835,#1758,#2647,.T.);
#2185=EDGE_CURVE('',#1836,#1709,#2648,.T.);
#2186=EDGE_CURVE('',#1712,#1836,#2649,.T.);
#2187=EDGE_CURVE('',#1836,#1834,#2650,.T.);
#2188=EDGE_CURVE('',#1837,#1704,#2651,.T.);
#2189=EDGE_CURVE('',#1833,#1837,#2652,.T.);
#2190=EDGE_CURVE('',#1837,#1829,#2653,.T.);
#2191=EDGE_CURVE('',#1838,#1835,#2654,.T.);
#2192=EDGE_CURVE('',#1838,#1759,#2655,.T.);
#2193=EDGE_CURVE('',#1825,#1838,#2656,.T.);
#2194=EDGE_CURVE('',#1839,#1840,#2657,.T.);
#2195=EDGE_CURVE('',#1841,#1839,#2658,.T.);
#2196=EDGE_CURVE('',#1842,#1841,#2659,.T.);
#2197=EDGE_CURVE('',#1840,#1842,#2660,.T.);
#2198=EDGE_CURVE('',#1723,#1752,#2661,.T.);
#2199=EDGE_CURVE('',#1667,#1843,#2662,.T.);
#2200=EDGE_CURVE('',#1844,#1698,#2663,.T.);
#2201=EDGE_CURVE('',#1845,#1844,#2664,.T.);
#2202=EDGE_CURVE('',#1691,#1845,#2665,.T.);
#2203=EDGE_CURVE('',#1846,#1690,#2666,.T.);
#2204=EDGE_CURVE('',#1847,#1846,#2667,.T.);
#2205=EDGE_CURVE('',#1683,#1847,#2668,.T.);
#2206=EDGE_CURVE('',#1848,#1682,#2669,.T.);
#2207=EDGE_CURVE('',#1849,#1848,#2670,.T.);
#2208=EDGE_CURVE('',#1675,#1849,#2671,.T.);
#2209=EDGE_CURVE('',#1850,#1674,#2672,.T.);
#2210=EDGE_CURVE('',#1843,#1850,#2673,.T.);
#2211=EDGE_CURVE('',#1788,#1845,#2674,.T.);
#2212=EDGE_CURVE('',#1692,#1787,#2675,.T.);
#2213=EDGE_CURVE('',#1785,#1844,#2676,.T.);
#2214=EDGE_CURVE('',#1786,#1697,#2677,.T.);
#2215=EDGE_CURVE('',#1695,#1851,#2678,.T.);
#2216=EDGE_CURVE('',#1851,#1852,#2679,.T.);
#2217=EDGE_CURVE('',#1852,#1696,#2680,.T.);
#2218=EDGE_CURVE('',#1694,#1853,#2681,.T.);
#2219=EDGE_CURVE('',#1854,#1693,#2682,.T.);
#2220=EDGE_CURVE('',#1853,#1854,#2683,.T.);
#2221=EDGE_CURVE('',#1851,#1853,#2684,.T.);
#2222=EDGE_CURVE('',#1787,#1854,#2685,.T.);
#2223=EDGE_CURVE('',#1852,#1786,#2686,.T.);
#2224=EDGE_CURVE('',#1855,#1768,#50,.T.);
#2225=EDGE_CURVE('',#1856,#1767,#51,.T.);
#2226=EDGE_CURVE('',#1856,#1855,#2687,.T.);
#2227=EDGE_CURVE('',#1748,#1857,#2688,.T.);
#2228=EDGE_CURVE('',#1857,#1858,#2689,.T.);
#2229=EDGE_CURVE('',#1858,#1859,#2690,.T.);
#2230=EDGE_CURVE('',#1859,#1860,#2691,.T.);
#2231=EDGE_CURVE('',#1860,#1856,#2692,.T.);
#2232=EDGE_CURVE('',#1747,#1861,#2693,.T.);
#2233=EDGE_CURVE('',#1862,#1855,#2694,.T.);
#2234=EDGE_CURVE('',#1863,#1862,#2695,.T.);
#2235=EDGE_CURVE('',#1864,#1863,#2696,.T.);
#2236=EDGE_CURVE('',#1861,#1864,#2697,.T.);
#2237=EDGE_CURVE('',#1857,#1861,#2698,.T.);
#2238=EDGE_CURVE('',#1858,#1864,#2699,.T.);
#2239=EDGE_CURVE('',#1859,#1863,#2700,.T.);
#2240=EDGE_CURVE('',#1860,#1862,#2701,.T.);
#2241=EDGE_CURVE('',#1784,#1847,#2702,.T.);
#2242=EDGE_CURVE('',#1684,#1783,#2703,.T.);
#2243=EDGE_CURVE('',#1781,#1846,#2704,.T.);
#2244=EDGE_CURVE('',#1782,#1689,#2705,.T.);
#2245=EDGE_CURVE('',#1687,#1865,#2706,.T.);
#2246=EDGE_CURVE('',#1865,#1866,#2707,.T.);
#2247=EDGE_CURVE('',#1866,#1688,#2708,.T.);
#2248=EDGE_CURVE('',#1686,#1867,#2709,.T.);
#2249=EDGE_CURVE('',#1868,#1685,#2710,.T.);
#2250=EDGE_CURVE('',#1867,#1868,#2711,.T.);
#2251=EDGE_CURVE('',#1865,#1867,#2712,.T.);
#2252=EDGE_CURVE('',#1783,#1868,#2713,.T.);
#2253=EDGE_CURVE('',#1866,#1782,#2714,.T.);
#2254=EDGE_CURVE('',#1869,#1770,#52,.T.);
#2255=EDGE_CURVE('',#1870,#1769,#53,.T.);
#2256=EDGE_CURVE('',#1870,#1869,#2715,.T.);
#2257=EDGE_CURVE('',#1744,#1871,#2716,.T.);
#2258=EDGE_CURVE('',#1871,#1872,#2717,.T.);
#2259=EDGE_CURVE('',#1872,#1873,#2718,.T.);
#2260=EDGE_CURVE('',#1873,#1874,#2719,.T.);
#2261=EDGE_CURVE('',#1874,#1870,#2720,.T.);
#2262=EDGE_CURVE('',#1743,#1875,#2721,.T.);
#2263=EDGE_CURVE('',#1876,#1869,#2722,.T.);
#2264=EDGE_CURVE('',#1877,#1876,#2723,.T.);
#2265=EDGE_CURVE('',#1878,#1877,#2724,.T.);
#2266=EDGE_CURVE('',#1875,#1878,#2725,.T.);
#2267=EDGE_CURVE('',#1871,#1875,#2726,.T.);
#2268=EDGE_CURVE('',#1872,#1878,#2727,.T.);
#2269=EDGE_CURVE('',#1873,#1877,#2728,.T.);
#2270=EDGE_CURVE('',#1874,#1876,#2729,.T.);
#2271=EDGE_CURVE('',#1780,#1849,#2730,.T.);
#2272=EDGE_CURVE('',#1676,#1779,#2731,.T.);
#2273=EDGE_CURVE('',#1777,#1848,#2732,.T.);
#2274=EDGE_CURVE('',#1778,#1681,#2733,.T.);
#2275=EDGE_CURVE('',#1679,#1879,#2734,.T.);
#2276=EDGE_CURVE('',#1879,#1880,#2735,.T.);
#2277=EDGE_CURVE('',#1880,#1680,#2736,.T.);
#2278=EDGE_CURVE('',#1678,#1881,#2737,.T.);
#2279=EDGE_CURVE('',#1882,#1677,#2738,.T.);
#2280=EDGE_CURVE('',#1881,#1882,#2739,.T.);
#2281=EDGE_CURVE('',#1879,#1881,#2740,.T.);
#2282=EDGE_CURVE('',#1779,#1882,#2741,.T.);
#2283=EDGE_CURVE('',#1880,#1778,#2742,.T.);
#2284=EDGE_CURVE('',#1883,#1772,#54,.T.);
#2285=EDGE_CURVE('',#1884,#1771,#55,.T.);
#2286=EDGE_CURVE('',#1884,#1883,#2743,.T.);
#2287=EDGE_CURVE('',#1740,#1885,#2744,.T.);
#2288=EDGE_CURVE('',#1885,#1886,#2745,.T.);
#2289=EDGE_CURVE('',#1886,#1887,#2746,.T.);
#2290=EDGE_CURVE('',#1887,#1888,#2747,.T.);
#2291=EDGE_CURVE('',#1888,#1884,#2748,.T.);
#2292=EDGE_CURVE('',#1739,#1889,#2749,.T.);
#2293=EDGE_CURVE('',#1890,#1883,#2750,.T.);
#2294=EDGE_CURVE('',#1891,#1890,#2751,.T.);
#2295=EDGE_CURVE('',#1892,#1891,#2752,.T.);
#2296=EDGE_CURVE('',#1889,#1892,#2753,.T.);
#2297=EDGE_CURVE('',#1885,#1889,#2754,.T.);
#2298=EDGE_CURVE('',#1886,#1892,#2755,.T.);
#2299=EDGE_CURVE('',#1887,#1891,#2756,.T.);
#2300=EDGE_CURVE('',#1888,#1890,#2757,.T.);
#2301=EDGE_CURVE('',#1734,#1843,#2758,.T.);
#2302=EDGE_CURVE('',#1668,#1733,#2759,.T.);
#2303=EDGE_CURVE('',#1731,#1850,#2760,.T.);
#2304=EDGE_CURVE('',#1732,#1673,#2761,.T.);
#2305=EDGE_CURVE('',#1671,#1893,#2762,.T.);
#2306=EDGE_CURVE('',#1893,#1894,#2763,.T.);
#2307=EDGE_CURVE('',#1894,#1672,#2764,.T.);
#2308=EDGE_CURVE('',#1670,#1895,#2765,.T.);
#2309=EDGE_CURVE('',#1896,#1669,#2766,.T.);
#2310=EDGE_CURVE('',#1895,#1896,#2767,.T.);
#2311=EDGE_CURVE('',#1893,#1895,#2768,.T.);
#2312=EDGE_CURVE('',#1733,#1896,#2769,.T.);
#2313=EDGE_CURVE('',#1894,#1732,#2770,.T.);
#2314=EDGE_CURVE('',#1897,#1764,#56,.T.);
#2315=EDGE_CURVE('',#1898,#1763,#57,.T.);
#2316=EDGE_CURVE('',#1898,#1897,#2771,.T.);
#2317=EDGE_CURVE('',#1736,#1899,#2772,.T.);
#2318=EDGE_CURVE('',#1899,#1900,#2773,.T.);
#2319=EDGE_CURVE('',#1900,#1901,#2774,.T.);
#2320=EDGE_CURVE('',#1901,#1902,#2775,.T.);
#2321=EDGE_CURVE('',#1902,#1898,#2776,.T.);
#2322=EDGE_CURVE('',#1735,#1903,#2777,.T.);
#2323=EDGE_CURVE('',#1904,#1897,#2778,.T.);
#2324=EDGE_CURVE('',#1905,#1904,#2779,.T.);
#2325=EDGE_CURVE('',#1906,#1905,#2780,.T.);
#2326=EDGE_CURVE('',#1903,#1906,#2781,.T.);
#2327=EDGE_CURVE('',#1899,#1903,#2782,.T.);
#2328=EDGE_CURVE('',#1900,#1906,#2783,.T.);
#2329=EDGE_CURVE('',#1901,#1905,#2784,.T.);
#2330=EDGE_CURVE('',#1902,#1904,#2785,.T.);
#2331=EDGE_CURVE('',#1907,#1908,#2786,.T.);
#2332=EDGE_CURVE('',#1909,#1907,#2787,.T.);
#2333=EDGE_CURVE('',#1910,#1909,#2788,.T.);
#2334=EDGE_CURVE('',#1910,#1908,#2789,.T.);
#2335=EDGE_CURVE('',#1911,#1907,#2790,.T.);
#2336=EDGE_CURVE('',#1912,#1911,#2791,.T.);
#2337=EDGE_CURVE('',#1909,#1912,#2792,.T.);
#2338=EDGE_CURVE('',#1911,#1913,#2793,.T.);
#2339=EDGE_CURVE('',#1914,#1913,#2794,.T.);
#2340=EDGE_CURVE('',#1912,#1914,#2795,.T.);
#2341=EDGE_CURVE('',#1728,#1910,#58,.T.);
#2342=EDGE_CURVE('',#1914,#1729,#59,.T.);
#2343=EDGE_CURVE('',#1913,#1730,#60,.T.);
#2344=EDGE_CURVE('',#1727,#1908,#61,.T.);
#2345=EDGE_CURVE('',#1794,#1915,#2796,.T.);
#2346=EDGE_CURVE('',#1915,#1916,#62,.T.);
#2347=EDGE_CURVE('',#1916,#1917,#2797,.T.);
#2348=EDGE_CURVE('',#1917,#1918,#2798,.T.);
#2349=EDGE_CURVE('',#1918,#1919,#2799,.T.);
#2350=EDGE_CURVE('',#1919,#1920,#63,.T.);
#2351=EDGE_CURVE('',#1920,#1789,#2800,.T.);
#2352=EDGE_CURVE('',#1920,#1921,#2801,.T.);
#2353=EDGE_CURVE('',#1921,#1922,#64,.T.);
#2354=EDGE_CURVE('',#1922,#1923,#2802,.T.);
#2355=EDGE_CURVE('',#1923,#1924,#65,.T.);
#2356=EDGE_CURVE('',#1924,#1826,#2803,.T.);
#2357=EDGE_CURVE('',#1925,#1827,#2804,.T.);
#2358=EDGE_CURVE('',#1926,#1925,#66,.T.);
#2359=EDGE_CURVE('',#1927,#1926,#2805,.T.);
#2360=EDGE_CURVE('',#1928,#1927,#67,.T.);
#2361=EDGE_CURVE('',#1915,#1928,#2806,.T.);
#2362=EDGE_CURVE('',#1929,#1930,#2807,.T.);
#2363=EDGE_CURVE('',#1928,#1929,#68,.T.);
#2364=EDGE_CURVE('',#1921,#1928,#2808,.T.);
#2365=EDGE_CURVE('',#1931,#1921,#69,.T.);
#2366=EDGE_CURVE('',#1932,#1931,#2809,.T.);
#2367=EDGE_CURVE('',#1930,#1932,#2810,.T.);
#2368=EDGE_CURVE('',#1916,#1929,#2811,.T.);
#2369=EDGE_CURVE('',#1917,#1930,#2812,.T.);
#2370=EDGE_CURVE('',#1918,#1932,#2813,.T.);
#2371=EDGE_CURVE('',#1919,#1931,#2814,.T.);
#2372=EDGE_CURVE('',#1927,#1922,#2815,.T.);
#2373=EDGE_CURVE('',#1926,#1923,#2816,.T.);
#2374=EDGE_CURVE('',#1925,#1924,#2817,.T.);
#2375=EDGE_CURVE('',#1933,#1934,#2818,.T.);
#2376=EDGE_CURVE('',#1935,#1934,#2819,.T.);
#2377=EDGE_CURVE('',#1936,#1935,#2820,.T.);
#2378=EDGE_CURVE('',#1936,#1933,#2821,.T.);
#2379=EDGE_CURVE('',#1935,#1937,#2822,.T.);
#2380=EDGE_CURVE('',#1938,#1937,#2823,.T.);
#2381=EDGE_CURVE('',#1938,#1936,#2824,.T.);
#2382=EDGE_CURVE('',#1937,#1939,#2825,.T.);
#2383=EDGE_CURVE('',#1940,#1939,#2826,.T.);
#2384=EDGE_CURVE('',#1940,#1938,#2827,.T.);
#2385=EDGE_CURVE('',#1839,#1940,#70,.T.);
#2386=EDGE_CURVE('',#1933,#1840,#71,.T.);
#2387=EDGE_CURVE('',#1934,#1842,#72,.T.);
#2388=EDGE_CURVE('',#1841,#1939,#73,.T.);
#2389=EDGE_CURVE('',#1716,#1941,#2828,.T.);
#2390=EDGE_CURVE('',#1942,#1717,#2829,.T.);
#2391=EDGE_CURVE('',#1943,#1942,#74,.T.);
#2392=EDGE_CURVE('',#1944,#1943,#2830,.T.);
#2393=EDGE_CURVE('',#1945,#1944,#2831,.T.);
#2394=EDGE_CURVE('',#1946,#1945,#2832,.T.);
#2395=EDGE_CURVE('',#1941,#1946,#75,.T.);
#2396=EDGE_CURVE('',#1941,#1947,#2833,.T.);
#2397=EDGE_CURVE('',#1947,#1948,#76,.T.);
#2398=EDGE_CURVE('',#1948,#1949,#2834,.T.);
#2399=EDGE_CURVE('',#1949,#1950,#77,.T.);
#2400=EDGE_CURVE('',#1950,#1710,#2835,.T.);
#2401=EDGE_CURVE('',#1951,#1711,#2836,.T.);
#2402=EDGE_CURVE('',#1952,#1951,#78,.T.);
#2403=EDGE_CURVE('',#1953,#1952,#2837,.T.);
#2404=EDGE_CURVE('',#1954,#1953,#79,.T.);
#2405=EDGE_CURVE('',#1942,#1954,#2838,.T.);
#2406=EDGE_CURVE('',#1955,#1954,#80,.T.);
#2407=EDGE_CURVE('',#1954,#1947,#2839,.T.);
#2408=EDGE_CURVE('',#1947,#1956,#81,.T.);
#2409=EDGE_CURVE('',#1956,#1957,#2840,.T.);
#2410=EDGE_CURVE('',#1957,#1958,#2841,.T.);
#2411=EDGE_CURVE('',#1958,#1955,#2842,.T.);
#2412=EDGE_CURVE('',#1946,#1956,#2843,.T.);
#2413=EDGE_CURVE('',#1945,#1957,#2844,.T.);
#2414=EDGE_CURVE('',#1944,#1958,#2845,.T.);
#2415=EDGE_CURVE('',#1943,#1955,#2846,.T.);
#2416=EDGE_CURVE('',#1948,#1953,#2847,.T.);
#2417=EDGE_CURVE('',#1949,#1952,#2848,.T.);
#2418=EDGE_CURVE('',#1950,#1951,#2849,.T.);
#2419=EDGE_CURVE('',#1831,#1959,#2850,.T.);
#2420=EDGE_CURVE('',#1959,#1960,#2851,.T.);
#2421=EDGE_CURVE('',#1830,#1960,#2852,.T.);
#2422=EDGE_CURVE('',#1832,#1961,#2853,.T.);
#2423=EDGE_CURVE('',#1961,#1959,#2854,.T.);
#2424=EDGE_CURVE('',#1960,#1961,#2855,.T.);
#2425=LINE('',#4310,#2856);
#2426=LINE('',#4313,#2857);
#2427=LINE('',#4315,#2858);
#2428=LINE('',#4317,#2859);
#2429=LINE('',#4319,#2860);
#2430=LINE('',#4322,#2861);
#2431=LINE('',#4324,#2862);
#2432=LINE('',#4326,#2863);
#2433=LINE('',#4328,#2864);
#2434=LINE('',#4330,#2865);
#2435=LINE('',#4332,#2866);
#2436=LINE('',#4334,#2867);
#2437=LINE('',#4336,#2868);
#2438=LINE('',#4338,#2869);
#2439=LINE('',#4340,#2870);
#2440=LINE('',#4342,#2871);
#2441=LINE('',#4344,#2872);
#2442=LINE('',#4346,#2873);
#2443=LINE('',#4348,#2874);
#2444=LINE('',#4350,#2875);
#2445=LINE('',#4352,#2876);
#2446=LINE('',#4354,#2877);
#2447=LINE('',#4356,#2878);
#2448=LINE('',#4358,#2879);
#2449=LINE('',#4360,#2880);
#2450=LINE('',#4362,#2881);
#2451=LINE('',#4364,#2882);
#2452=LINE('',#4366,#2883);
#2453=LINE('',#4368,#2884);
#2454=LINE('',#4370,#2885);
#2455=LINE('',#4372,#2886);
#2456=LINE('',#4374,#2887);
#2457=LINE('',#4376,#2888);
#2458=LINE('',#4378,#2889);
#2459=LINE('',#4380,#2890);
#2460=LINE('',#4382,#2891);
#2461=LINE('',#4384,#2892);
#2462=LINE('',#4386,#2893);
#2463=LINE('',#4388,#2894);
#2464=LINE('',#4390,#2895);
#2465=LINE('',#4392,#2896);
#2466=LINE('',#4394,#2897);
#2467=LINE('',#4396,#2898);
#2468=LINE('',#4398,#2899);
#2469=LINE('',#4400,#2900);
#2470=LINE('',#4402,#2901);
#2471=LINE('',#4404,#2902);
#2472=LINE('',#4406,#2903);
#2473=LINE('',#4408,#2904);
#2474=LINE('',#4410,#2905);
#2475=LINE('',#4412,#2906);
#2476=LINE('',#4414,#2907);
#2477=LINE('',#4416,#2908);
#2478=LINE('',#4418,#2909);
#2479=LINE('',#4420,#2910);
#2480=LINE('',#4421,#2911);
#2481=LINE('',#4423,#2912);
#2482=LINE('',#4425,#2913);
#2483=LINE('',#4427,#2914);
#2484=LINE('',#4429,#2915);
#2485=LINE('',#4431,#2916);
#2486=LINE('',#4434,#2917);
#2487=LINE('',#4435,#2918);
#2488=LINE('',#4437,#2919);
#2489=LINE('',#4439,#2920);
#2490=LINE('',#4441,#2921);
#2491=LINE('',#4443,#2922);
#2492=LINE('',#4444,#2923);
#2493=LINE('',#4446,#2924);
#2494=LINE('',#4449,#2925);
#2495=LINE('',#4451,#2926);
#2496=LINE('',#4453,#2927);
#2497=LINE('',#4455,#2928);
#2498=LINE('',#4456,#2929);
#2499=LINE('',#4459,#2930);
#2500=LINE('',#4461,#2931);
#2501=LINE('',#4463,#2932);
#2502=LINE('',#4465,#2933);
#2503=LINE('',#4468,#2934);
#2504=LINE('',#4470,#2935);
#2505=LINE('',#4472,#2936);
#2506=LINE('',#4474,#2937);
#2507=LINE('',#4477,#2938);
#2508=LINE('',#4479,#2939);
#2509=LINE('',#4481,#2940);
#2510=LINE('',#4483,#2941);
#2511=LINE('',#4485,#2942);
#2512=LINE('',#4487,#2943);
#2513=LINE('',#4489,#2944);
#2514=LINE('',#4491,#2945);
#2515=LINE('',#4493,#2946);
#2516=LINE('',#4495,#2947);
#2517=LINE('',#4497,#2948);
#2518=LINE('',#4499,#2949);
#2519=LINE('',#4501,#2950);
#2520=LINE('',#4503,#2951);
#2521=LINE('',#4505,#2952);
#2522=LINE('',#4507,#2953);
#2523=LINE('',#4509,#2954);
#2524=LINE('',#4511,#2955);
#2525=LINE('',#4513,#2956);
#2526=LINE('',#4515,#2957);
#2527=LINE('',#4517,#2958);
#2528=LINE('',#4519,#2959);
#2529=LINE('',#4521,#2960);
#2530=LINE('',#4523,#2961);
#2531=LINE('',#4525,#2962);
#2532=LINE('',#4527,#2963);
#2533=LINE('',#4529,#2964);
#2534=LINE('',#4531,#2965);
#2535=LINE('',#4533,#2966);
#2536=LINE('',#4535,#2967);
#2537=LINE('',#4536,#2968);
#2538=LINE('',#4538,#2969);
#2539=LINE('',#4540,#2970);
#2540=LINE('',#4541,#2971);
#2541=LINE('',#4543,#2972);
#2542=LINE('',#4545,#2973);
#2543=LINE('',#4546,#2974);
#2544=LINE('',#4548,#2975);
#2545=LINE('',#4550,#2976);
#2546=LINE('',#4551,#2977);
#2547=LINE('',#4553,#2978);
#2548=LINE('',#4555,#2979);
#2549=LINE('',#4557,#2980);
#2550=LINE('',#4560,#2981);
#2551=LINE('',#4562,#2982);
#2552=LINE('',#4564,#2983);
#2553=LINE('',#4566,#2984);
#2554=LINE('',#4569,#2985);
#2555=LINE('',#4571,#2986);
#2556=LINE('',#4573,#2987);
#2557=LINE('',#4575,#2988);
#2558=LINE('',#4578,#2989);
#2559=LINE('',#4580,#2990);
#2560=LINE('',#4582,#2991);
#2561=LINE('',#4584,#2992);
#2562=LINE('',#4587,#2993);
#2563=LINE('',#4589,#2994);
#2564=LINE('',#4591,#2995);
#2565=LINE('',#4593,#2996);
#2566=LINE('',#4595,#2997);
#2567=LINE('',#4597,#2998);
#2568=LINE('',#4599,#2999);
#2569=LINE('',#4601,#3000);
#2570=LINE('',#4603,#3001);
#2571=LINE('',#4604,#3002);
#2572=LINE('',#4606,#3003);
#2573=LINE('',#4608,#3004);
#2574=LINE('',#4611,#3005);
#2575=LINE('',#4613,#3006);
#2576=LINE('',#4615,#3007);
#2577=LINE('',#4617,#3008);
#2578=LINE('',#4619,#3009);
#2579=LINE('',#4621,#3010);
#2580=LINE('',#4623,#3011);
#2581=LINE('',#4626,#3012);
#2582=LINE('',#4628,#3013);
#2583=LINE('',#4630,#3014);
#2584=LINE('',#4632,#3015);
#2585=LINE('',#4634,#3016);
#2586=LINE('',#4636,#3017);
#2587=LINE('',#4638,#3018);
#2588=LINE('',#4641,#3019);
#2589=LINE('',#4642,#3020);
#2590=LINE('',#4644,#3021);
#2591=LINE('',#4647,#3022);
#2592=LINE('',#4649,#3023);
#2593=LINE('',#4651,#3024);
#2594=LINE('',#4653,#3025);
#2595=LINE('',#4655,#3026);
#2596=LINE('',#4657,#3027);
#2597=LINE('',#4659,#3028);
#2598=LINE('',#4661,#3029);
#2599=LINE('',#4663,#3030);
#2600=LINE('',#4665,#3031);
#2601=LINE('',#4666,#3032);
#2602=LINE('',#4668,#3033);
#2603=LINE('',#4671,#3034);
#2604=LINE('',#4673,#3035);
#2605=LINE('',#4674,#3036);
#2606=LINE('',#4675,#3037);
#2607=LINE('',#4677,#3038);
#2608=LINE('',#4679,#3039);
#2609=LINE('',#4680,#3040);
#2610=LINE('',#4682,#3041);
#2611=LINE('',#4684,#3042);
#2612=LINE('',#4686,#3043);
#2613=LINE('',#4688,#3044);
#2614=LINE('',#4690,#3045);
#2615=LINE('',#4692,#3046);
#2616=LINE('',#4693,#3047);
#2617=LINE('',#4695,#3048);
#2618=LINE('',#4697,#3049);
#2619=LINE('',#4699,#3050);
#2620=LINE('',#4700,#3051);
#2621=LINE('',#4701,#3052);
#2622=LINE('',#4703,#3053);
#2623=LINE('',#4705,#3054);
#2624=LINE('',#4707,#3055);
#2625=LINE('',#4708,#3056);
#2626=LINE('',#4710,#3057);
#2627=LINE('',#4713,#3058);
#2628=LINE('',#4715,#3059);
#2629=LINE('',#4716,#3060);
#2630=LINE('',#4717,#3061);
#2631=LINE('',#4718,#3062);
#2632=LINE('',#4722,#3063);
#2633=LINE('',#4723,#3064);
#2634=LINE('',#4725,#3065);
#2635=LINE('',#4727,#3066);
#2636=LINE('',#4729,#3067);
#2637=LINE('',#4731,#3068);
#2638=LINE('',#4732,#3069);
#2639=LINE('',#4734,#3070);
#2640=LINE('',#4736,#3071);
#2641=LINE('',#4737,#3072);
#2642=LINE('',#4739,#3073);
#2643=LINE('',#4741,#3074);
#2644=LINE('',#4743,#3075);
#2645=LINE('',#4745,#3076);
#2646=LINE('',#4746,#3077);
#2647=LINE('',#4748,#3078);
#2648=LINE('',#4750,#3079);
#2649=LINE('',#4752,#3080);
#2650=LINE('',#4754,#3081);
#2651=LINE('',#4757,#3082);
#2652=LINE('',#4759,#3083);
#2653=LINE('',#4761,#3084);
#2654=LINE('',#4764,#3085);
#2655=LINE('',#4766,#3086);
#2656=LINE('',#4768,#3087);
#2657=LINE('',#4770,#3088);
#2658=LINE('',#4773,#3089);
#2659=LINE('',#4775,#3090);
#2660=LINE('',#4777,#3091);
#2661=LINE('',#4779,#3092);
#2662=LINE('',#4783,#3093);
#2663=LINE('',#4785,#3094);
#2664=LINE('',#4787,#3095);
#2665=LINE('',#4789,#3096);
#2666=LINE('',#4790,#3097);
#2667=LINE('',#4792,#3098);
#2668=LINE('',#4794,#3099);
#2669=LINE('',#4795,#3100);
#2670=LINE('',#4797,#3101);
#2671=LINE('',#4799,#3102);
#2672=LINE('',#4800,#3103);
#2673=LINE('',#4802,#3104);
#2674=LINE('',#4804,#3105);
#2675=LINE('',#4805,#3106);
#2676=LINE('',#4807,#3107);
#2677=LINE('',#4809,#3108);
#2678=LINE('',#4811,#3109);
#2679=LINE('',#4813,#3110);
#2680=LINE('',#4815,#3111);
#2681=LINE('',#4817,#3112);
#2682=LINE('',#4819,#3113);
#2683=LINE('',#4821,#3114);
#2684=LINE('',#4823,#3115);
#2685=LINE('',#4825,#3116);
#2686=LINE('',#4827,#3117);
#2687=LINE('',#4834,#3118);
#2688=LINE('',#4836,#3119);
#2689=LINE('',#4838,#3120);
#2690=LINE('',#4840,#3121);
#2691=LINE('',#4842,#3122);
#2692=LINE('',#4844,#3123);
#2693=LINE('',#4846,#3124);
#2694=LINE('',#4848,#3125);
#2695=LINE('',#4850,#3126);
#2696=LINE('',#4852,#3127);
#2697=LINE('',#4854,#3128);
#2698=LINE('',#4856,#3129);
#2699=LINE('',#4858,#3130);
#2700=LINE('',#4860,#3131);
#2701=LINE('',#4862,#3132);
#2702=LINE('',#4865,#3133);
#2703=LINE('',#4866,#3134);
#2704=LINE('',#4868,#3135);
#2705=LINE('',#4870,#3136);
#2706=LINE('',#4872,#3137);
#2707=LINE('',#4874,#3138);
#2708=LINE('',#4876,#3139);
#2709=LINE('',#4878,#3140);
#2710=LINE('',#4880,#3141);
#2711=LINE('',#4882,#3142);
#2712=LINE('',#4884,#3143);
#2713=LINE('',#4886,#3144);
#2714=LINE('',#4888,#3145);
#2715=LINE('',#4895,#3146);
#2716=LINE('',#4897,#3147);
#2717=LINE('',#4899,#3148);
#2718=LINE('',#4901,#3149);
#2719=LINE('',#4903,#3150);
#2720=LINE('',#4905,#3151);
#2721=LINE('',#4907,#3152);
#2722=LINE('',#4909,#3153);
#2723=LINE('',#4911,#3154);
#2724=LINE('',#4913,#3155);
#2725=LINE('',#4915,#3156);
#2726=LINE('',#4917,#3157);
#2727=LINE('',#4919,#3158);
#2728=LINE('',#4921,#3159);
#2729=LINE('',#4923,#3160);
#2730=LINE('',#4926,#3161);
#2731=LINE('',#4927,#3162);
#2732=LINE('',#4929,#3163);
#2733=LINE('',#4931,#3164);
#2734=LINE('',#4933,#3165);
#2735=LINE('',#4935,#3166);
#2736=LINE('',#4937,#3167);
#2737=LINE('',#4939,#3168);
#2738=LINE('',#4941,#3169);
#2739=LINE('',#4943,#3170);
#2740=LINE('',#4945,#3171);
#2741=LINE('',#4947,#3172);
#2742=LINE('',#4949,#3173);
#2743=LINE('',#4956,#3174);
#2744=LINE('',#4958,#3175);
#2745=LINE('',#4960,#3176);
#2746=LINE('',#4962,#3177);
#2747=LINE('',#4964,#3178);
#2748=LINE('',#4966,#3179);
#2749=LINE('',#4968,#3180);
#2750=LINE('',#4970,#3181);
#2751=LINE('',#4972,#3182);
#2752=LINE('',#4974,#3183);
#2753=LINE('',#4976,#3184);
#2754=LINE('',#4978,#3185);
#2755=LINE('',#4980,#3186);
#2756=LINE('',#4982,#3187);
#2757=LINE('',#4984,#3188);
#2758=LINE('',#4987,#3189);
#2759=LINE('',#4988,#3190);
#2760=LINE('',#4990,#3191);
#2761=LINE('',#4992,#3192);
#2762=LINE('',#4994,#3193);
#2763=LINE('',#4996,#3194);
#2764=LINE('',#4998,#3195);
#2765=LINE('',#5000,#3196);
#2766=LINE('',#5002,#3197);
#2767=LINE('',#5004,#3198);
#2768=LINE('',#5006,#3199);
#2769=LINE('',#5008,#3200);
#2770=LINE('',#5010,#3201);
#2771=LINE('',#5017,#3202);
#2772=LINE('',#5019,#3203);
#2773=LINE('',#5021,#3204);
#2774=LINE('',#5023,#3205);
#2775=LINE('',#5025,#3206);
#2776=LINE('',#5027,#3207);
#2777=LINE('',#5029,#3208);
#2778=LINE('',#5031,#3209);
#2779=LINE('',#5033,#3210);
#2780=LINE('',#5035,#3211);
#2781=LINE('',#5037,#3212);
#2782=LINE('',#5039,#3213);
#2783=LINE('',#5041,#3214);
#2784=LINE('',#5043,#3215);
#2785=LINE('',#5045,#3216);
#2786=LINE('',#5048,#3217);
#2787=LINE('',#5051,#3218);
#2788=LINE('',#5053,#3219);
#2789=LINE('',#5055,#3220);
#2790=LINE('',#5057,#3221);
#2791=LINE('',#5059,#3222);
#2792=LINE('',#5061,#3223);
#2793=LINE('',#5063,#3224);
#2794=LINE('',#5065,#3225);
#2795=LINE('',#5067,#3226);
#2796=LINE('',#5077,#3227);
#2797=LINE('',#5081,#3228);
#2798=LINE('',#5083,#3229);
#2799=LINE('',#5085,#3230);
#2800=LINE('',#5089,#3231);
#2801=LINE('',#5091,#3232);
#2802=LINE('',#5095,#3233);
#2803=LINE('',#5099,#3234);
#2804=LINE('',#5101,#3235);
#2805=LINE('',#5105,#3236);
#2806=LINE('',#5109,#3237);
#2807=LINE('',#5111,#3238);
#2808=LINE('',#5115,#3239);
#2809=LINE('',#5118,#3240);
#2810=LINE('',#5120,#3241);
#2811=LINE('',#5122,#3242);
#2812=LINE('',#5124,#3243);
#2813=LINE('',#5126,#3244);
#2814=LINE('',#5128,#3245);
#2815=LINE('',#5131,#3246);
#2816=LINE('',#5133,#3247);
#2817=LINE('',#5135,#3248);
#2818=LINE('',#5138,#3249);
#2819=LINE('',#5141,#3250);
#2820=LINE('',#5143,#3251);
#2821=LINE('',#5145,#3252);
#2822=LINE('',#5147,#3253);
#2823=LINE('',#5149,#3254);
#2824=LINE('',#5151,#3255);
#2825=LINE('',#5153,#3256);
#2826=LINE('',#5155,#3257);
#2827=LINE('',#5157,#3258);
#2828=LINE('',#5167,#3259);
#2829=LINE('',#5169,#3260);
#2830=LINE('',#5173,#3261);
#2831=LINE('',#5175,#3262);
#2832=LINE('',#5177,#3263);
#2833=LINE('',#5181,#3264);
#2834=LINE('',#5185,#3265);
#2835=LINE('',#5189,#3266);
#2836=LINE('',#5191,#3267);
#2837=LINE('',#5195,#3268);
#2838=LINE('',#5199,#3269);
#2839=LINE('',#5203,#3270);
#2840=LINE('',#5206,#3271);
#2841=LINE('',#5208,#3272);
#2842=LINE('',#5210,#3273);
#2843=LINE('',#5212,#3274);
#2844=LINE('',#5214,#3275);
#2845=LINE('',#5216,#3276);
#2846=LINE('',#5218,#3277);
#2847=LINE('',#5221,#3278);
#2848=LINE('',#5223,#3279);
#2849=LINE('',#5225,#3280);
#2850=LINE('',#5228,#3281);
#2851=LINE('',#5230,#3282);
#2852=LINE('',#5232,#3283);
#2853=LINE('',#5234,#3284);
#2854=LINE('',#5236,#3285);
#2855=LINE('',#5238,#3286);
#2856=VECTOR('',#3486,1.);
#2857=VECTOR('',#3487,1.);
#2858=VECTOR('',#3488,1.);
#2859=VECTOR('',#3489,1.);
#2860=VECTOR('',#3492,1.);
#2861=VECTOR('',#3493,1.);
#2862=VECTOR('',#3494,1.);
#2863=VECTOR('',#3495,1.);
#2864=VECTOR('',#3496,1.);
#2865=VECTOR('',#3497,1.);
#2866=VECTOR('',#3498,1.);
#2867=VECTOR('',#3499,1.);
#2868=VECTOR('',#3500,1.);
#2869=VECTOR('',#3501,1.);
#2870=VECTOR('',#3502,1.);
#2871=VECTOR('',#3503,1.);
#2872=VECTOR('',#3504,1.);
#2873=VECTOR('',#3505,1.);
#2874=VECTOR('',#3506,1.);
#2875=VECTOR('',#3507,1.);
#2876=VECTOR('',#3508,1.);
#2877=VECTOR('',#3509,1.);
#2878=VECTOR('',#3510,1.);
#2879=VECTOR('',#3511,1.);
#2880=VECTOR('',#3512,1.);
#2881=VECTOR('',#3513,1.);
#2882=VECTOR('',#3514,1.);
#2883=VECTOR('',#3515,1.);
#2884=VECTOR('',#3516,1.);
#2885=VECTOR('',#3517,1.);
#2886=VECTOR('',#3518,1.);
#2887=VECTOR('',#3519,1.);
#2888=VECTOR('',#3520,1.);
#2889=VECTOR('',#3521,1.);
#2890=VECTOR('',#3522,1.);
#2891=VECTOR('',#3523,1.);
#2892=VECTOR('',#3524,1.);
#2893=VECTOR('',#3525,1.);
#2894=VECTOR('',#3526,1.);
#2895=VECTOR('',#3527,1.);
#2896=VECTOR('',#3528,1.);
#2897=VECTOR('',#3529,1.);
#2898=VECTOR('',#3530,1.);
#2899=VECTOR('',#3531,1.);
#2900=VECTOR('',#3532,1.);
#2901=VECTOR('',#3533,1.);
#2902=VECTOR('',#3534,1.);
#2903=VECTOR('',#3535,1.);
#2904=VECTOR('',#3536,1.);
#2905=VECTOR('',#3537,1.);
#2906=VECTOR('',#3538,1.);
#2907=VECTOR('',#3539,1.);
#2908=VECTOR('',#3542,1.);
#2909=VECTOR('',#3543,1.);
#2910=VECTOR('',#3544,1.);
#2911=VECTOR('',#3545,1.);
#2912=VECTOR('',#3546,1.);
#2913=VECTOR('',#3547,1.);
#2914=VECTOR('',#3548,1.);
#2915=VECTOR('',#3549,1.);
#2916=VECTOR('',#3552,1.);
#2917=VECTOR('',#3553,1.);
#2918=VECTOR('',#3554,1.);
#2919=VECTOR('',#3555,1.);
#2920=VECTOR('',#3556,1.);
#2921=VECTOR('',#3557,1.);
#2922=VECTOR('',#3558,1.);
#2923=VECTOR('',#3559,1.);
#2924=VECTOR('',#3562,1.);
#2925=VECTOR('',#3563,1.);
#2926=VECTOR('',#3564,1.);
#2927=VECTOR('',#3565,1.);
#2928=VECTOR('',#3566,1.);
#2929=VECTOR('',#3567,1.);
#2930=VECTOR('',#3568,1.);
#2931=VECTOR('',#3569,1.);
#2932=VECTOR('',#3570,1.);
#2933=VECTOR('',#3573,1.);
#2934=VECTOR('',#3574,1.);
#2935=VECTOR('',#3575,1.);
#2936=VECTOR('',#3576,1.);
#2937=VECTOR('',#3579,1.);
#2938=VECTOR('',#3580,1.);
#2939=VECTOR('',#3581,1.);
#2940=VECTOR('',#3582,1.);
#2941=VECTOR('',#3583,1.);
#2942=VECTOR('',#3584,1.);
#2943=VECTOR('',#3585,1.);
#2944=VECTOR('',#3586,1.);
#2945=VECTOR('',#3587,1.);
#2946=VECTOR('',#3588,1.);
#2947=VECTOR('',#3589,1.);
#2948=VECTOR('',#3590,1.);
#2949=VECTOR('',#3591,1.);
#2950=VECTOR('',#3592,1.);
#2951=VECTOR('',#3593,1.);
#2952=VECTOR('',#3594,1.);
#2953=VECTOR('',#3595,1.);
#2954=VECTOR('',#3596,1.);
#2955=VECTOR('',#3597,1.);
#2956=VECTOR('',#3598,1.);
#2957=VECTOR('',#3599,1.);
#2958=VECTOR('',#3600,1.);
#2959=VECTOR('',#3601,1.);
#2960=VECTOR('',#3602,1.);
#2961=VECTOR('',#3603,1.);
#2962=VECTOR('',#3604,1.);
#2963=VECTOR('',#3605,1.);
#2964=VECTOR('',#3606,1.);
#2965=VECTOR('',#3609,1.);
#2966=VECTOR('',#3610,1.);
#2967=VECTOR('',#3611,1.);
#2968=VECTOR('',#3612,1.);
#2969=VECTOR('',#3613,1.);
#2970=VECTOR('',#3614,1.);
#2971=VECTOR('',#3615,1.);
#2972=VECTOR('',#3616,1.);
#2973=VECTOR('',#3617,1.);
#2974=VECTOR('',#3618,1.);
#2975=VECTOR('',#3619,1.);
#2976=VECTOR('',#3620,1.);
#2977=VECTOR('',#3621,1.);
#2978=VECTOR('',#3622,1.);
#2979=VECTOR('',#3623,1.);
#2980=VECTOR('',#3626,1.);
#2981=VECTOR('',#3627,1.);
#2982=VECTOR('',#3628,1.);
#2983=VECTOR('',#3629,1.);
#2984=VECTOR('',#3632,1.);
#2985=VECTOR('',#3633,1.);
#2986=VECTOR('',#3634,1.);
#2987=VECTOR('',#3635,1.);
#2988=VECTOR('',#3638,1.);
#2989=VECTOR('',#3639,1.);
#2990=VECTOR('',#3640,1.);
#2991=VECTOR('',#3641,1.);
#2992=VECTOR('',#3644,1.);
#2993=VECTOR('',#3645,1.);
#2994=VECTOR('',#3646,1.);
#2995=VECTOR('',#3647,1.);
#2996=VECTOR('',#3650,1.);
#2997=VECTOR('',#3651,1.);
#2998=VECTOR('',#3652,1.);
#2999=VECTOR('',#3653,1.);
#3000=VECTOR('',#3654,1.);
#3001=VECTOR('',#3655,1.);
#3002=VECTOR('',#3656,1.);
#3003=VECTOR('',#3657,1.);
#3004=VECTOR('',#3660,1.);
#3005=VECTOR('',#3661,1.);
#3006=VECTOR('',#3662,1.);
#3007=VECTOR('',#3663,1.);
#3008=VECTOR('',#3666,1.);
#3009=VECTOR('',#3667,1.);
#3010=VECTOR('',#3668,1.);
#3011=VECTOR('',#3671,1.);
#3012=VECTOR('',#3672,1.);
#3013=VECTOR('',#3673,1.);
#3014=VECTOR('',#3674,1.);
#3015=VECTOR('',#3677,1.);
#3016=VECTOR('',#3678,1.);
#3017=VECTOR('',#3679,1.);
#3018=VECTOR('',#3682,1.);
#3019=VECTOR('',#3683,1.);
#3020=VECTOR('',#3684,1.);
#3021=VECTOR('',#3687,1.);
#3022=VECTOR('',#3688,1.);
#3023=VECTOR('',#3689,1.);
#3024=VECTOR('',#3690,1.);
#3025=VECTOR('',#3693,1.);
#3026=VECTOR('',#3694,1.);
#3027=VECTOR('',#3695,1.);
#3028=VECTOR('',#3698,1.);
#3029=VECTOR('',#3699,1.);
#3030=VECTOR('',#3700,1.);
#3031=VECTOR('',#3703,1.);
#3032=VECTOR('',#3704,1.);
#3033=VECTOR('',#3707,1.);
#3034=VECTOR('',#3708,1.);
#3035=VECTOR('',#3709,1.);
#3036=VECTOR('',#3710,1.);
#3037=VECTOR('',#3711,1.);
#3038=VECTOR('',#3712,1.);
#3039=VECTOR('',#3715,1.);
#3040=VECTOR('',#3716,1.);
#3041=VECTOR('',#3717,1.);
#3042=VECTOR('',#3718,1.);
#3043=VECTOR('',#3719,1.);
#3044=VECTOR('',#3720,1.);
#3045=VECTOR('',#3723,1.);
#3046=VECTOR('',#3724,1.);
#3047=VECTOR('',#3725,1.);
#3048=VECTOR('',#3728,1.);
#3049=VECTOR('',#3729,1.);
#3050=VECTOR('',#3730,1.);
#3051=VECTOR('',#3731,1.);
#3052=VECTOR('',#3732,1.);
#3053=VECTOR('',#3733,1.);
#3054=VECTOR('',#3734,1.);
#3055=VECTOR('',#3737,1.);
#3056=VECTOR('',#3738,1.);
#3057=VECTOR('',#3741,1.);
#3058=VECTOR('',#3742,1.);
#3059=VECTOR('',#3743,1.);
#3060=VECTOR('',#3744,1.);
#3061=VECTOR('',#3745,1.);
#3062=VECTOR('',#3746,1.);
#3063=VECTOR('',#3753,1.);
#3064=VECTOR('',#3754,1.);
#3065=VECTOR('',#3755,1.);
#3066=VECTOR('',#3758,1.);
#3067=VECTOR('',#3761,1.);
#3068=VECTOR('',#3762,1.);
#3069=VECTOR('',#3763,1.);
#3070=VECTOR('',#3766,1.);
#3071=VECTOR('',#3769,1.);
#3072=VECTOR('',#3770,1.);
#3073=VECTOR('',#3773,1.);
#3074=VECTOR('',#3776,1.);
#3075=VECTOR('',#3777,1.);
#3076=VECTOR('',#3780,1.);
#3077=VECTOR('',#3781,1.);
#3078=VECTOR('',#3784,1.);
#3079=VECTOR('',#3787,1.);
#3080=VECTOR('',#3788,1.);
#3081=VECTOR('',#3791,1.);
#3082=VECTOR('',#3796,1.);
#3083=VECTOR('',#3797,1.);
#3084=VECTOR('',#3800,1.);
#3085=VECTOR('',#3805,1.);
#3086=VECTOR('',#3806,1.);
#3087=VECTOR('',#3809,1.);
#3088=VECTOR('',#3812,1.);
#3089=VECTOR('',#3813,1.);
#3090=VECTOR('',#3814,1.);
#3091=VECTOR('',#3815,1.);
#3092=VECTOR('',#3818,1.);
#3093=VECTOR('',#3825,1.);
#3094=VECTOR('',#3826,1.);
#3095=VECTOR('',#3827,1.);
#3096=VECTOR('',#3828,1.);
#3097=VECTOR('',#3829,1.);
#3098=VECTOR('',#3830,1.);
#3099=VECTOR('',#3831,1.);
#3100=VECTOR('',#3832,1.);
#3101=VECTOR('',#3833,1.);
#3102=VECTOR('',#3834,1.);
#3103=VECTOR('',#3835,1.);
#3104=VECTOR('',#3836,1.);
#3105=VECTOR('',#3839,1.);
#3106=VECTOR('',#3840,1.);
#3107=VECTOR('',#3843,1.);
#3108=VECTOR('',#3846,1.);
#3109=VECTOR('',#3849,1.);
#3110=VECTOR('',#3850,1.);
#3111=VECTOR('',#3851,1.);
#3112=VECTOR('',#3854,1.);
#3113=VECTOR('',#3855,1.);
#3114=VECTOR('',#3856,1.);
#3115=VECTOR('',#3859,1.);
#3116=VECTOR('',#3862,1.);
#3117=VECTOR('',#3865,1.);
#3118=VECTOR('',#3874,1.);
#3119=VECTOR('',#3877,1.);
#3120=VECTOR('',#3878,1.);
#3121=VECTOR('',#3879,1.);
#3122=VECTOR('',#3880,1.);
#3123=VECTOR('',#3881,1.);
#3124=VECTOR('',#3884,1.);
#3125=VECTOR('',#3885,1.);
#3126=VECTOR('',#3886,1.);
#3127=VECTOR('',#3887,1.);
#3128=VECTOR('',#3888,1.);
#3129=VECTOR('',#3891,1.);
#3130=VECTOR('',#3894,1.);
#3131=VECTOR('',#3897,1.);
#3132=VECTOR('',#3900,1.);
#3133=VECTOR('',#3905,1.);
#3134=VECTOR('',#3906,1.);
#3135=VECTOR('',#3909,1.);
#3136=VECTOR('',#3912,1.);
#3137=VECTOR('',#3915,1.);
#3138=VECTOR('',#3916,1.);
#3139=VECTOR('',#3917,1.);
#3140=VECTOR('',#3920,1.);
#3141=VECTOR('',#3921,1.);
#3142=VECTOR('',#3922,1.);
#3143=VECTOR('',#3925,1.);
#3144=VECTOR('',#3928,1.);
#3145=VECTOR('',#3931,1.);
#3146=VECTOR('',#3940,1.);
#3147=VECTOR('',#3943,1.);
#3148=VECTOR('',#3944,1.);
#3149=VECTOR('',#3945,1.);
#3150=VECTOR('',#3946,1.);
#3151=VECTOR('',#3947,1.);
#3152=VECTOR('',#3950,1.);
#3153=VECTOR('',#3951,1.);
#3154=VECTOR('',#3952,1.);
#3155=VECTOR('',#3953,1.);
#3156=VECTOR('',#3954,1.);
#3157=VECTOR('',#3957,1.);
#3158=VECTOR('',#3960,1.);
#3159=VECTOR('',#3963,1.);
#3160=VECTOR('',#3966,1.);
#3161=VECTOR('',#3971,1.);
#3162=VECTOR('',#3972,1.);
#3163=VECTOR('',#3975,1.);
#3164=VECTOR('',#3978,1.);
#3165=VECTOR('',#3981,1.);
#3166=VECTOR('',#3982,1.);
#3167=VECTOR('',#3983,1.);
#3168=VECTOR('',#3986,1.);
#3169=VECTOR('',#3987,1.);
#3170=VECTOR('',#3988,1.);
#3171=VECTOR('',#3991,1.);
#3172=VECTOR('',#3994,1.);
#3173=VECTOR('',#3997,1.);
#3174=VECTOR('',#4006,1.);
#3175=VECTOR('',#4009,1.);
#3176=VECTOR('',#4010,1.);
#3177=VECTOR('',#4011,1.);
#3178=VECTOR('',#4012,1.);
#3179=VECTOR('',#4013,1.);
#3180=VECTOR('',#4016,1.);
#3181=VECTOR('',#4017,1.);
#3182=VECTOR('',#4018,1.);
#3183=VECTOR('',#4019,1.);
#3184=VECTOR('',#4020,1.);
#3185=VECTOR('',#4023,1.);
#3186=VECTOR('',#4026,1.);
#3187=VECTOR('',#4029,1.);
#3188=VECTOR('',#4032,1.);
#3189=VECTOR('',#4037,1.);
#3190=VECTOR('',#4038,1.);
#3191=VECTOR('',#4041,1.);
#3192=VECTOR('',#4044,1.);
#3193=VECTOR('',#4047,1.);
#3194=VECTOR('',#4048,1.);
#3195=VECTOR('',#4049,1.);
#3196=VECTOR('',#4052,1.);
#3197=VECTOR('',#4053,1.);
#3198=VECTOR('',#4054,1.);
#3199=VECTOR('',#4057,1.);
#3200=VECTOR('',#4060,1.);
#3201=VECTOR('',#4063,1.);
#3202=VECTOR('',#4072,1.);
#3203=VECTOR('',#4075,1.);
#3204=VECTOR('',#4076,1.);
#3205=VECTOR('',#4077,1.);
#3206=VECTOR('',#4078,1.);
#3207=VECTOR('',#4079,1.);
#3208=VECTOR('',#4082,1.);
#3209=VECTOR('',#4083,1.);
#3210=VECTOR('',#4084,1.);
#3211=VECTOR('',#4085,1.);
#3212=VECTOR('',#4086,1.);
#3213=VECTOR('',#4089,1.);
#3214=VECTOR('',#4092,1.);
#3215=VECTOR('',#4095,1.);
#3216=VECTOR('',#4098,1.);
#3217=VECTOR('',#4103,1.);
#3218=VECTOR('',#4104,1.);
#3219=VECTOR('',#4105,1.);
#3220=VECTOR('',#4106,1.);
#3221=VECTOR('',#4109,1.);
#3222=VECTOR('',#4110,1.);
#3223=VECTOR('',#4111,1.);
#3224=VECTOR('',#4114,1.);
#3225=VECTOR('',#4115,1.);
#3226=VECTOR('',#4116,1.);
#3227=VECTOR('',#4135,1.);
#3228=VECTOR('',#4138,1.);
#3229=VECTOR('',#4139,1.);
#3230=VECTOR('',#4140,1.);
#3231=VECTOR('',#4143,1.);
#3232=VECTOR('',#4146,1.);
#3233=VECTOR('',#4149,1.);
#3234=VECTOR('',#4152,1.);
#3235=VECTOR('',#4155,1.);
#3236=VECTOR('',#4158,1.);
#3237=VECTOR('',#4161,1.);
#3238=VECTOR('',#4164,1.);
#3239=VECTOR('',#4167,1.);
#3240=VECTOR('',#4170,1.);
#3241=VECTOR('',#4171,1.);
#3242=VECTOR('',#4174,1.);
#3243=VECTOR('',#4177,1.);
#3244=VECTOR('',#4180,1.);
#3245=VECTOR('',#4183,1.);
#3246=VECTOR('',#4188,1.);
#3247=VECTOR('',#4191,1.);
#3248=VECTOR('',#4194,1.);
#3249=VECTOR('',#4199,1.);
#3250=VECTOR('',#4200,1.);
#3251=VECTOR('',#4201,1.);
#3252=VECTOR('',#4202,1.);
#3253=VECTOR('',#4205,1.);
#3254=VECTOR('',#4206,1.);
#3255=VECTOR('',#4207,1.);
#3256=VECTOR('',#4210,1.);
#3257=VECTOR('',#4211,1.);
#3258=VECTOR('',#4212,1.);
#3259=VECTOR('',#4231,1.);
#3260=VECTOR('',#4232,1.);
#3261=VECTOR('',#4235,1.);
#3262=VECTOR('',#4236,1.);
#3263=VECTOR('',#4237,1.);
#3264=VECTOR('',#4242,1.);
#3265=VECTOR('',#4245,1.);
#3266=VECTOR('',#4248,1.);
#3267=VECTOR('',#4251,1.);
#3268=VECTOR('',#4254,1.);
#3269=VECTOR('',#4257,1.);
#3270=VECTOR('',#4262,1.);
#3271=VECTOR('',#4265,1.);
#3272=VECTOR('',#4266,1.);
#3273=VECTOR('',#4267,1.);
#3274=VECTOR('',#4270,1.);
#3275=VECTOR('',#4273,1.);
#3276=VECTOR('',#4276,1.);
#3277=VECTOR('',#4279,1.);
#3278=VECTOR('',#4284,1.);
#3279=VECTOR('',#4287,1.);
#3280=VECTOR('',#4290,1.);
#3281=VECTOR('',#4295,1.);
#3282=VECTOR('',#4296,1.);
#3283=VECTOR('',#4297,1.);
#3284=VECTOR('',#4300,1.);
#3285=VECTOR('',#4301,1.);
#3286=VECTOR('',#4304,1.);
#3287=AXIS2_PLACEMENT_3D('',#4309,#3484,#3485);
#3288=AXIS2_PLACEMENT_3D('',#4318,#3490,#3491);
#3289=AXIS2_PLACEMENT_3D('',#4415,#3540,#3541);
#3290=AXIS2_PLACEMENT_3D('',#4430,#3550,#3551);
#3291=AXIS2_PLACEMENT_3D('',#4445,#3560,#3561);
#3292=AXIS2_PLACEMENT_3D('',#4464,#3571,#3572);
#3293=AXIS2_PLACEMENT_3D('',#4473,#3577,#3578);
#3294=AXIS2_PLACEMENT_3D('',#4530,#3607,#3608);
#3295=AXIS2_PLACEMENT_3D('',#4556,#3624,#3625);
#3296=AXIS2_PLACEMENT_3D('',#4565,#3630,#3631);
#3297=AXIS2_PLACEMENT_3D('',#4574,#3636,#3637);
#3298=AXIS2_PLACEMENT_3D('',#4583,#3642,#3643);
#3299=AXIS2_PLACEMENT_3D('',#4592,#3648,#3649);
#3300=AXIS2_PLACEMENT_3D('',#4607,#3658,#3659);
#3301=AXIS2_PLACEMENT_3D('',#4616,#3664,#3665);
#3302=AXIS2_PLACEMENT_3D('',#4622,#3669,#3670);
#3303=AXIS2_PLACEMENT_3D('',#4631,#3675,#3676);
#3304=AXIS2_PLACEMENT_3D('',#4637,#3680,#3681);
#3305=AXIS2_PLACEMENT_3D('',#4643,#3685,#3686);
#3306=AXIS2_PLACEMENT_3D('',#4652,#3691,#3692);
#3307=AXIS2_PLACEMENT_3D('',#4658,#3696,#3697);
#3308=AXIS2_PLACEMENT_3D('',#4664,#3701,#3702);
#3309=AXIS2_PLACEMENT_3D('',#4667,#3705,#3706);
#3310=AXIS2_PLACEMENT_3D('',#4678,#3713,#3714);
#3311=AXIS2_PLACEMENT_3D('',#4689,#3721,#3722);
#3312=AXIS2_PLACEMENT_3D('',#4694,#3726,#3727);
#3313=AXIS2_PLACEMENT_3D('',#4706,#3735,#3736);
#3314=AXIS2_PLACEMENT_3D('',#4709,#3739,#3740);
#3315=AXIS2_PLACEMENT_3D('',#4719,#3747,#3748);
#3316=AXIS2_PLACEMENT_3D('',#4720,#3749,#3750);
#3317=AXIS2_PLACEMENT_3D('',#4721,#3751,#3752);
#3318=AXIS2_PLACEMENT_3D('',#4726,#3756,#3757);
#3319=AXIS2_PLACEMENT_3D('',#4728,#3759,#3760);
#3320=AXIS2_PLACEMENT_3D('',#4733,#3764,#3765);
#3321=AXIS2_PLACEMENT_3D('',#4735,#3767,#3768);
#3322=AXIS2_PLACEMENT_3D('',#4738,#3771,#3772);
#3323=AXIS2_PLACEMENT_3D('',#4740,#3774,#3775);
#3324=AXIS2_PLACEMENT_3D('',#4744,#3778,#3779);
#3325=AXIS2_PLACEMENT_3D('',#4747,#3782,#3783);
#3326=AXIS2_PLACEMENT_3D('',#4749,#3785,#3786);
#3327=AXIS2_PLACEMENT_3D('',#4753,#3789,#3790);
#3328=AXIS2_PLACEMENT_3D('',#4755,#3792,#3793);
#3329=AXIS2_PLACEMENT_3D('',#4756,#3794,#3795);
#3330=AXIS2_PLACEMENT_3D('',#4760,#3798,#3799);
#3331=AXIS2_PLACEMENT_3D('',#4762,#3801,#3802);
#3332=AXIS2_PLACEMENT_3D('',#4763,#3803,#3804);
#3333=AXIS2_PLACEMENT_3D('',#4767,#3807,#3808);
#3334=AXIS2_PLACEMENT_3D('',#4769,#3810,#3811);
#3335=AXIS2_PLACEMENT_3D('',#4778,#3816,#3817);
#3336=AXIS2_PLACEMENT_3D('',#4780,#3819,#3820);
#3337=AXIS2_PLACEMENT_3D('',#4781,#3821,#3822);
#3338=AXIS2_PLACEMENT_3D('',#4782,#3823,#3824);
#3339=AXIS2_PLACEMENT_3D('',#4803,#3837,#3838);
#3340=AXIS2_PLACEMENT_3D('',#4806,#3841,#3842);
#3341=AXIS2_PLACEMENT_3D('',#4808,#3844,#3845);
#3342=AXIS2_PLACEMENT_3D('',#4810,#3847,#3848);
#3343=AXIS2_PLACEMENT_3D('',#4816,#3852,#3853);
#3344=AXIS2_PLACEMENT_3D('',#4822,#3857,#3858);
#3345=AXIS2_PLACEMENT_3D('',#4824,#3860,#3861);
#3346=AXIS2_PLACEMENT_3D('',#4826,#3863,#3864);
#3347=AXIS2_PLACEMENT_3D('',#4828,#3866,#3867);
#3348=AXIS2_PLACEMENT_3D('',#4829,#3868,#3869);
#3349=AXIS2_PLACEMENT_3D('',#4830,#3870,#3871);
#3350=AXIS2_PLACEMENT_3D('',#4832,#3872,#3873);
#3351=AXIS2_PLACEMENT_3D('',#4835,#3875,#3876);
#3352=AXIS2_PLACEMENT_3D('',#4845,#3882,#3883);
#3353=AXIS2_PLACEMENT_3D('',#4855,#3889,#3890);
#3354=AXIS2_PLACEMENT_3D('',#4857,#3892,#3893);
#3355=AXIS2_PLACEMENT_3D('',#4859,#3895,#3896);
#3356=AXIS2_PLACEMENT_3D('',#4861,#3898,#3899);
#3357=AXIS2_PLACEMENT_3D('',#4863,#3901,#3902);
#3358=AXIS2_PLACEMENT_3D('',#4864,#3903,#3904);
#3359=AXIS2_PLACEMENT_3D('',#4867,#3907,#3908);
#3360=AXIS2_PLACEMENT_3D('',#4869,#3910,#3911);
#3361=AXIS2_PLACEMENT_3D('',#4871,#3913,#3914);
#3362=AXIS2_PLACEMENT_3D('',#4877,#3918,#3919);
#3363=AXIS2_PLACEMENT_3D('',#4883,#3923,#3924);
#3364=AXIS2_PLACEMENT_3D('',#4885,#3926,#3927);
#3365=AXIS2_PLACEMENT_3D('',#4887,#3929,#3930);
#3366=AXIS2_PLACEMENT_3D('',#4889,#3932,#3933);
#3367=AXIS2_PLACEMENT_3D('',#4890,#3934,#3935);
#3368=AXIS2_PLACEMENT_3D('',#4891,#3936,#3937);
#3369=AXIS2_PLACEMENT_3D('',#4893,#3938,#3939);
#3370=AXIS2_PLACEMENT_3D('',#4896,#3941,#3942);
#3371=AXIS2_PLACEMENT_3D('',#4906,#3948,#3949);
#3372=AXIS2_PLACEMENT_3D('',#4916,#3955,#3956);
#3373=AXIS2_PLACEMENT_3D('',#4918,#3958,#3959);
#3374=AXIS2_PLACEMENT_3D('',#4920,#3961,#3962);
#3375=AXIS2_PLACEMENT_3D('',#4922,#3964,#3965);
#3376=AXIS2_PLACEMENT_3D('',#4924,#3967,#3968);
#3377=AXIS2_PLACEMENT_3D('',#4925,#3969,#3970);
#3378=AXIS2_PLACEMENT_3D('',#4928,#3973,#3974);
#3379=AXIS2_PLACEMENT_3D('',#4930,#3976,#3977);
#3380=AXIS2_PLACEMENT_3D('',#4932,#3979,#3980);
#3381=AXIS2_PLACEMENT_3D('',#4938,#3984,#3985);
#3382=AXIS2_PLACEMENT_3D('',#4944,#3989,#3990);
#3383=AXIS2_PLACEMENT_3D('',#4946,#3992,#3993);
#3384=AXIS2_PLACEMENT_3D('',#4948,#3995,#3996);
#3385=AXIS2_PLACEMENT_3D('',#4950,#3998,#3999);
#3386=AXIS2_PLACEMENT_3D('',#4951,#4000,#4001);
#3387=AXIS2_PLACEMENT_3D('',#4952,#4002,#4003);
#3388=AXIS2_PLACEMENT_3D('',#4954,#4004,#4005);
#3389=AXIS2_PLACEMENT_3D('',#4957,#4007,#4008);
#3390=AXIS2_PLACEMENT_3D('',#4967,#4014,#4015);
#3391=AXIS2_PLACEMENT_3D('',#4977,#4021,#4022);
#3392=AXIS2_PLACEMENT_3D('',#4979,#4024,#4025);
#3393=AXIS2_PLACEMENT_3D('',#4981,#4027,#4028);
#3394=AXIS2_PLACEMENT_3D('',#4983,#4030,#4031);
#3395=AXIS2_PLACEMENT_3D('',#4985,#4033,#4034);
#3396=AXIS2_PLACEMENT_3D('',#4986,#4035,#4036);
#3397=AXIS2_PLACEMENT_3D('',#4989,#4039,#4040);
#3398=AXIS2_PLACEMENT_3D('',#4991,#4042,#4043);
#3399=AXIS2_PLACEMENT_3D('',#4993,#4045,#4046);
#3400=AXIS2_PLACEMENT_3D('',#4999,#4050,#4051);
#3401=AXIS2_PLACEMENT_3D('',#5005,#4055,#4056);
#3402=AXIS2_PLACEMENT_3D('',#5007,#4058,#4059);
#3403=AXIS2_PLACEMENT_3D('',#5009,#4061,#4062);
#3404=AXIS2_PLACEMENT_3D('',#5011,#4064,#4065);
#3405=AXIS2_PLACEMENT_3D('',#5012,#4066,#4067);
#3406=AXIS2_PLACEMENT_3D('',#5013,#4068,#4069);
#3407=AXIS2_PLACEMENT_3D('',#5015,#4070,#4071);
#3408=AXIS2_PLACEMENT_3D('',#5018,#4073,#4074);
#3409=AXIS2_PLACEMENT_3D('',#5028,#4080,#4081);
#3410=AXIS2_PLACEMENT_3D('',#5038,#4087,#4088);
#3411=AXIS2_PLACEMENT_3D('',#5040,#4090,#4091);
#3412=AXIS2_PLACEMENT_3D('',#5042,#4093,#4094);
#3413=AXIS2_PLACEMENT_3D('',#5044,#4096,#4097);
#3414=AXIS2_PLACEMENT_3D('',#5046,#4099,#4100);
#3415=AXIS2_PLACEMENT_3D('',#5047,#4101,#4102);
#3416=AXIS2_PLACEMENT_3D('',#5056,#4107,#4108);
#3417=AXIS2_PLACEMENT_3D('',#5062,#4112,#4113);
#3418=AXIS2_PLACEMENT_3D('',#5068,#4117,#4118);
#3419=AXIS2_PLACEMENT_3D('',#5069,#4119,#4120);
#3420=AXIS2_PLACEMENT_3D('',#5070,#4121,#4122);
#3421=AXIS2_PLACEMENT_3D('',#5071,#4123,#4124);
#3422=AXIS2_PLACEMENT_3D('',#5072,#4125,#4126);
#3423=AXIS2_PLACEMENT_3D('',#5073,#4127,#4128);
#3424=AXIS2_PLACEMENT_3D('',#5074,#4129,#4130);
#3425=AXIS2_PLACEMENT_3D('',#5075,#4131,#4132);
#3426=AXIS2_PLACEMENT_3D('',#5076,#4133,#4134);
#3427=AXIS2_PLACEMENT_3D('',#5079,#4136,#4137);
#3428=AXIS2_PLACEMENT_3D('',#5087,#4141,#4142);
#3429=AXIS2_PLACEMENT_3D('',#5090,#4144,#4145);
#3430=AXIS2_PLACEMENT_3D('',#5093,#4147,#4148);
#3431=AXIS2_PLACEMENT_3D('',#5097,#4150,#4151);
#3432=AXIS2_PLACEMENT_3D('',#5100,#4153,#4154);
#3433=AXIS2_PLACEMENT_3D('',#5103,#4156,#4157);
#3434=AXIS2_PLACEMENT_3D('',#5107,#4159,#4160);
#3435=AXIS2_PLACEMENT_3D('',#5110,#4162,#4163);
#3436=AXIS2_PLACEMENT_3D('',#5114,#4165,#4166);
#3437=AXIS2_PLACEMENT_3D('',#5116,#4168,#4169);
#3438=AXIS2_PLACEMENT_3D('',#5121,#4172,#4173);
#3439=AXIS2_PLACEMENT_3D('',#5123,#4175,#4176);
#3440=AXIS2_PLACEMENT_3D('',#5125,#4178,#4179);
#3441=AXIS2_PLACEMENT_3D('',#5127,#4181,#4182);
#3442=AXIS2_PLACEMENT_3D('',#5129,#4184,#4185);
#3443=AXIS2_PLACEMENT_3D('',#5130,#4186,#4187);
#3444=AXIS2_PLACEMENT_3D('',#5132,#4189,#4190);
#3445=AXIS2_PLACEMENT_3D('',#5134,#4192,#4193);
#3446=AXIS2_PLACEMENT_3D('',#5136,#4195,#4196);
#3447=AXIS2_PLACEMENT_3D('',#5137,#4197,#4198);
#3448=AXIS2_PLACEMENT_3D('',#5146,#4203,#4204);
#3449=AXIS2_PLACEMENT_3D('',#5152,#4208,#4209);
#3450=AXIS2_PLACEMENT_3D('',#5158,#4213,#4214);
#3451=AXIS2_PLACEMENT_3D('',#5159,#4215,#4216);
#3452=AXIS2_PLACEMENT_3D('',#5160,#4217,#4218);
#3453=AXIS2_PLACEMENT_3D('',#5161,#4219,#4220);
#3454=AXIS2_PLACEMENT_3D('',#5162,#4221,#4222);
#3455=AXIS2_PLACEMENT_3D('',#5163,#4223,#4224);
#3456=AXIS2_PLACEMENT_3D('',#5164,#4225,#4226);
#3457=AXIS2_PLACEMENT_3D('',#5165,#4227,#4228);
#3458=AXIS2_PLACEMENT_3D('',#5166,#4229,#4230);
#3459=AXIS2_PLACEMENT_3D('',#5171,#4233,#4234);
#3460=AXIS2_PLACEMENT_3D('',#5179,#4238,#4239);
#3461=AXIS2_PLACEMENT_3D('',#5180,#4240,#4241);
#3462=AXIS2_PLACEMENT_3D('',#5183,#4243,#4244);
#3463=AXIS2_PLACEMENT_3D('',#5187,#4246,#4247);
#3464=AXIS2_PLACEMENT_3D('',#5190,#4249,#4250);
#3465=AXIS2_PLACEMENT_3D('',#5193,#4252,#4253);
#3466=AXIS2_PLACEMENT_3D('',#5197,#4255,#4256);
#3467=AXIS2_PLACEMENT_3D('',#5200,#4258,#4259);
#3468=AXIS2_PLACEMENT_3D('',#5201,#4260,#4261);
#3469=AXIS2_PLACEMENT_3D('',#5204,#4263,#4264);
#3470=AXIS2_PLACEMENT_3D('',#5211,#4268,#4269);
#3471=AXIS2_PLACEMENT_3D('',#5213,#4271,#4272);
#3472=AXIS2_PLACEMENT_3D('',#5215,#4274,#4275);
#3473=AXIS2_PLACEMENT_3D('',#5217,#4277,#4278);
#3474=AXIS2_PLACEMENT_3D('',#5219,#4280,#4281);
#3475=AXIS2_PLACEMENT_3D('',#5220,#4282,#4283);
#3476=AXIS2_PLACEMENT_3D('',#5222,#4285,#4286);
#3477=AXIS2_PLACEMENT_3D('',#5224,#4288,#4289);
#3478=AXIS2_PLACEMENT_3D('',#5226,#4291,#4292);
#3479=AXIS2_PLACEMENT_3D('',#5227,#4293,#4294);
#3480=AXIS2_PLACEMENT_3D('',#5233,#4298,#4299);
#3481=AXIS2_PLACEMENT_3D('',#5237,#4302,#4303);
#3482=AXIS2_PLACEMENT_3D('',#5239,#4305,#4306);
#3483=AXIS2_PLACEMENT_3D('',#5240,#4307,#4308);
#3484=DIRECTION('',(0.,0.,1.));
#3485=DIRECTION('',(1.,0.,0.));
#3486=DIRECTION('',(1.,0.,0.));
#3487=DIRECTION('',(6.10818125343946E-16,1.36592399683204E-15,1.));
#3488=DIRECTION('',(1.,0.,0.));
#3489=DIRECTION('',(0.,-1.36592399683204E-15,-1.));
#3490=DIRECTION('',(0.,-1.,1.36592399683204E-15));
#3491=DIRECTION('',(0.,-1.36609473733174E-15,-1.));
#3492=DIRECTION('',(1.,0.,0.));
#3493=DIRECTION('',(0.,-1.36592399683204E-15,-1.));
#3494=DIRECTION('',(1.,0.,0.));
#3495=DIRECTION('',(0.,4.336808689942E-15,1.));
#3496=DIRECTION('',(-1.,-2.73184799366426E-16,1.23786862212912E-16));
#3497=DIRECTION('',(0.,0.,-1.));
#3498=DIRECTION('',(-1.,0.,0.));
#3499=DIRECTION('',(0.,-1.36592399683204E-15,-1.));
#3500=DIRECTION('',(1.,0.,0.));
#3501=DIRECTION('',(0.,-1.36592399683204E-15,-1.));
#3502=DIRECTION('',(-1.,0.,0.));
#3503=DIRECTION('',(0.,0.,-1.));
#3504=DIRECTION('',(-1.,-2.73184799366426E-16,1.23786862212912E-16));
#3505=DIRECTION('',(0.,0.,-1.));
#3506=DIRECTION('',(-1.,0.,0.));
#3507=DIRECTION('',(0.,-1.36592399683204E-15,-1.));
#3508=DIRECTION('',(1.,0.,0.));
#3509=DIRECTION('',(0.,-1.36592399683204E-15,-1.));
#3510=DIRECTION('',(-1.,0.,0.));
#3511=DIRECTION('',(0.,0.,-1.));
#3512=DIRECTION('',(-1.,-2.73184799366426E-16,1.23786862212912E-16));
#3513=DIRECTION('',(0.,0.,-1.));
#3514=DIRECTION('',(-1.,0.,0.));
#3515=DIRECTION('',(0.,-1.36592399683204E-15,-1.));
#3516=DIRECTION('',(1.,0.,0.));
#3517=DIRECTION('',(0.,-1.36592399683204E-15,-1.));
#3518=DIRECTION('',(-1.,0.,0.));
#3519=DIRECTION('',(0.,0.,-1.));
#3520=DIRECTION('',(-1.,-2.73184799366426E-16,1.23786862212912E-16));
#3521=DIRECTION('',(0.,0.,-1.));
#3522=DIRECTION('',(-1.,0.,0.));
#3523=DIRECTION('',(0.,-1.36592399683204E-15,-1.));
#3524=DIRECTION('',(1.,0.,0.));
#3525=DIRECTION('',(0.,-1.36592399683204E-15,-1.));
#3526=DIRECTION('',(-1.,0.,0.));
#3527=DIRECTION('',(0.,0.,-1.));
#3528=DIRECTION('',(-1.,-2.73184799366426E-16,1.23786862212912E-16));
#3529=DIRECTION('',(-1.08420217248551E-15,-4.33680868994204E-15,-1.));
#3530=DIRECTION('',(1.,0.,0.));
#3531=DIRECTION('',(0.,-1.36592399683204E-15,-1.));
#3532=DIRECTION('',(1.,0.,0.));
#3533=DIRECTION('',(2.55106393526001E-15,0.,1.));
#3534=DIRECTION('',(1.,0.,2.43640937637192E-16));
#3535=DIRECTION('',(1.27553196763001E-15,0.,-1.));
#3536=DIRECTION('',(-1.,0.,-3.48210916710673E-16));
#3537=DIRECTION('',(0.,0.,1.));
#3538=DIRECTION('',(1.,0.,3.89825500219508E-15));
#3539=DIRECTION('',(0.,0.,-1.));
#3540=DIRECTION('',(0.,-1.,1.36592399683204E-15));
#3541=DIRECTION('',(0.,-1.36609473733174E-15,-1.));
#3542=DIRECTION('',(0.,-1.,0.));
#3543=DIRECTION('',(-1.,0.,0.));
#3544=DIRECTION('',(0.,1.,0.));
#3545=DIRECTION('',(0.,1.,0.));
#3546=DIRECTION('',(-1.,0.,3.65461406455789E-15));
#3547=DIRECTION('',(2.62836890299517E-16,-1.,0.));
#3548=DIRECTION('',(-1.,0.,0.));
#3549=DIRECTION('',(0.,1.,0.));
#3550=DIRECTION('',(0.,0.,-1.));
#3551=DIRECTION('',(-1.,0.,0.));
#3552=DIRECTION('',(1.,0.,0.));
#3553=DIRECTION('',(0.,1.,0.));
#3554=DIRECTION('',(0.,-1.,0.));
#3555=DIRECTION('',(-1.,0.,0.));
#3556=DIRECTION('',(0.,-1.,0.));
#3557=DIRECTION('',(-1.,0.,0.));
#3558=DIRECTION('',(0.,-1.,0.));
#3559=DIRECTION('',(0.,-1.,0.));
#3560=DIRECTION('',(0.,0.,1.));
#3561=DIRECTION('',(1.,0.,0.));
#3562=DIRECTION('',(0.,1.,0.));
#3563=DIRECTION('',(1.,0.,4.96119297677517E-16));
#3564=DIRECTION('',(0.,1.,0.));
#3565=DIRECTION('',(1.,0.,0.));
#3566=DIRECTION('',(0.,-1.,0.));
#3567=DIRECTION('',(0.,-1.,0.));
#3568=DIRECTION('',(1.,0.,4.96119297677517E-16));
#3569=DIRECTION('',(0.,1.,0.));
#3570=DIRECTION('',(-1.,-6.51992267095701E-31,-4.96119297677517E-16));
#3571=DIRECTION('',(4.96119297677517E-16,0.,-1.));
#3572=DIRECTION('',(-1.,0.,-4.96130914129367E-16));
#3573=DIRECTION('',(4.81867632215779E-16,1.,0.));
#3574=DIRECTION('',(-1.,0.,0.));
#3575=DIRECTION('',(-4.81867632215779E-16,-1.,0.));
#3576=DIRECTION('',(1.,0.,9.34657045246123E-17));
#3577=DIRECTION('',(-9.34657045246123E-17,4.50380977326546E-32,1.));
#3578=DIRECTION('',(1.,0.,9.34582272682505E-17));
#3579=DIRECTION('',(1.,0.,1.66244333114444E-15));
#3580=DIRECTION('',(0.,1.,0.));
#3581=DIRECTION('',(1.,0.,1.66244333114444E-15));
#3582=DIRECTION('',(0.,1.,0.));
#3583=DIRECTION('',(1.,0.,1.66244333114444E-15));
#3584=DIRECTION('',(0.,1.,0.));
#3585=DIRECTION('',(1.,0.,1.66244333114444E-15));
#3586=DIRECTION('',(0.,1.,0.));
#3587=DIRECTION('',(1.,0.,1.66244333114444E-15));
#3588=DIRECTION('',(0.,1.,0.));
#3589=DIRECTION('',(1.,0.,1.66244333114444E-15));
#3590=DIRECTION('',(0.,1.,0.));
#3591=DIRECTION('',(1.,0.,1.66244333114444E-15));
#3592=DIRECTION('',(0.,1.,0.));
#3593=DIRECTION('',(1.,0.,1.66244333114444E-15));
#3594=DIRECTION('',(0.,-1.,0.));
#3595=DIRECTION('',(-1.,0.,-4.96119297677517E-16));
#3596=DIRECTION('',(0.,-1.,0.));
#3597=DIRECTION('',(-1.,0.,-1.66244333114444E-15));
#3598=DIRECTION('',(4.56506177888633E-16,1.,7.58915651057196E-31));
#3599=DIRECTION('',(-1.,1.36592399683213E-16,-1.66244333114444E-15));
#3600=DIRECTION('',(0.,-1.,0.));
#3601=DIRECTION('',(-1.,0.,-1.66244333114444E-15));
#3602=DIRECTION('',(0.,1.,0.));
#3603=DIRECTION('',(-1.,0.,0.));
#3604=DIRECTION('',(0.,-1.,0.));
#3605=DIRECTION('',(1.,0.,1.66244333114444E-15));
#3606=DIRECTION('',(0.,1.,0.));
#3607=DIRECTION('',(1.66244333114444E-15,0.,-1.));
#3608=DIRECTION('',(-1.,0.,-1.66244107238991E-15));
#3609=DIRECTION('',(0.,0.,-1.));
#3610=DIRECTION('',(1.,0.,0.));
#3611=DIRECTION('',(0.,0.,-1.));
#3612=DIRECTION('',(1.32759449692102E-15,0.,-1.));
#3613=DIRECTION('',(-1.,0.,-1.37888276295592E-15));
#3614=DIRECTION('',(-4.42531498973675E-16,0.,1.));
#3615=DIRECTION('',(0.,0.,-1.));
#3616=DIRECTION('',(1.,0.,0.));
#3617=DIRECTION('',(0.,0.,-1.));
#3618=DIRECTION('',(0.,0.,-1.));
#3619=DIRECTION('',(1.,0.,0.));
#3620=DIRECTION('',(0.,0.,-1.));
#3621=DIRECTION('',(0.,0.,-1.));
#3622=DIRECTION('',(1.,0.,0.));
#3623=DIRECTION('',(0.,0.,-1.));
#3624=DIRECTION('',(0.,-1.,0.));
#3625=DIRECTION('',(0.,0.,-1.));
#3626=DIRECTION('',(-6.10818125343946E-16,1.36592399683204E-15,1.));
#3627=DIRECTION('',(1.,0.,0.));
#3628=DIRECTION('',(0.,-1.36592399683204E-15,-1.));
#3629=DIRECTION('',(1.,0.,0.));
#3630=DIRECTION('',(0.,-1.,1.36592399683204E-15));
#3631=DIRECTION('',(0.,-1.36609473733174E-15,-1.));
#3632=DIRECTION('',(0.,1.,0.));
#3633=DIRECTION('',(-1.,0.,0.));
#3634=DIRECTION('',(0.,-1.,0.));
#3635=DIRECTION('',(1.,0.,9.34657045246123E-17));
#3636=DIRECTION('',(-9.34657045246123E-17,0.,1.));
#3637=DIRECTION('',(1.,0.,9.34582272682505E-17));
#3638=DIRECTION('',(1.20466908053945E-16,1.,0.));
#3639=DIRECTION('',(-1.,0.,0.));
#3640=DIRECTION('',(-1.20466908053945E-16,-1.,0.));
#3641=DIRECTION('',(1.,0.,9.34657045246125E-17));
#3642=DIRECTION('',(-9.34657045246125E-17,1.12595244331637E-32,1.));
#3643=DIRECTION('',(1.,0.,9.34582272682505E-17));
#3644=DIRECTION('',(2.71050543121376E-16,1.,0.));
#3645=DIRECTION('',(-1.,0.,0.));
#3646=DIRECTION('',(-2.4093381610789E-16,-1.,0.));
#3647=DIRECTION('',(1.,0.,9.34657045246125E-17));
#3648=DIRECTION('',(-9.34657045246125E-17,2.25190488663273E-32,1.));
#3649=DIRECTION('',(1.,0.,9.34582272682505E-17));
#3650=DIRECTION('',(0.,-1.,0.));
#3651=DIRECTION('',(4.56506177888633E-16,1.,0.));
#3652=DIRECTION('',(-1.,0.,0.));
#3653=DIRECTION('',(0.,1.,0.));
#3654=DIRECTION('',(-1.,0.,0.));
#3655=DIRECTION('',(0.,-1.,0.));
#3656=DIRECTION('',(0.,1.,0.));
#3657=DIRECTION('',(-1.,0.,0.));
#3658=DIRECTION('',(0.,0.,1.));
#3659=DIRECTION('',(1.,0.,0.));
#3660=DIRECTION('',(-1.,0.,-3.48210916710673E-16));
#3661=DIRECTION('',(0.,0.,-1.));
#3662=DIRECTION('',(-1.,0.,-8.67361737988403E-16));
#3663=DIRECTION('',(0.,0.,-1.));
#3664=DIRECTION('',(0.,1.,0.));
#3665=DIRECTION('',(0.,0.,1.));
#3666=DIRECTION('',(0.,-1.,0.));
#3667=DIRECTION('',(0.,-1.,0.));
#3668=DIRECTION('',(0.,0.,-1.));
#3669=DIRECTION('',(-1.,0.,0.));
#3670=DIRECTION('',(0.,0.,1.));
#3671=DIRECTION('',(-2.66880534765663E-15,1.,-9.29307156629861E-31));
#3672=DIRECTION('',(0.,0.,-1.));
#3673=DIRECTION('',(-2.66880534765663E-15,1.,0.));
#3674=DIRECTION('',(0.,0.,-1.));
#3675=DIRECTION('',(1.,2.66880534765663E-15,0.));
#3676=DIRECTION('',(-2.66887206779032E-15,1.,0.));
#3677=DIRECTION('',(-1.,-6.9388939039073E-15,-3.48210916710673E-16));
#3678=DIRECTION('',(-1.,-6.93889390390729E-15,0.));
#3679=DIRECTION('',(0.,0.,-1.));
#3680=DIRECTION('',(-6.9388939039073E-15,1.,0.));
#3681=DIRECTION('',(-1.,-6.93889390390723E-15,0.));
#3682=DIRECTION('',(1.,-1.36592399683213E-16,-1.23786862212912E-16));
#3683=DIRECTION('',(0.,0.,-1.));
#3684=DIRECTION('',(0.,0.,-1.));
#3685=DIRECTION('',(1.36592399683213E-16,1.,0.));
#3686=DIRECTION('',(-1.,1.36175792864179E-16,0.));
#3687=DIRECTION('',(1.,0.,3.48210916710673E-16));
#3688=DIRECTION('',(0.,0.,-1.));
#3689=DIRECTION('',(1.,0.,0.));
#3690=DIRECTION('',(0.,0.,-1.));
#3691=DIRECTION('',(0.,-1.,0.));
#3692=DIRECTION('',(0.,0.,-1.));
#3693=DIRECTION('',(0.,-1.,0.));
#3694=DIRECTION('',(0.,0.,-1.));
#3695=DIRECTION('',(0.,-1.,0.));
#3696=DIRECTION('',(-1.,0.,0.));
#3697=DIRECTION('',(0.,0.,1.));
#3698=DIRECTION('',(-2.4093381610789E-16,1.,-8.38957849735291E-32));
#3699=DIRECTION('',(-2.4093381610789E-16,1.,0.));
#3700=DIRECTION('',(0.,0.,-1.));
#3701=DIRECTION('',(1.,2.4093381610789E-16,0.));
#3702=DIRECTION('',(-2.40909722726279E-16,1.,0.));
#3703=DIRECTION('',(-1.,0.,-3.48210916710673E-16));
#3704=DIRECTION('',(-1.,0.,0.));
#3705=DIRECTION('',(0.,1.,0.));
#3706=DIRECTION('',(0.,0.,1.));
#3707=DIRECTION('',(1.32759449692102E-15,0.,-1.));
#3708=DIRECTION('',(1.,0.,0.));
#3709=DIRECTION('',(0.,0.,1.));
#3710=DIRECTION('',(0.,-3.75629099128812E-15,-1.));
#3711=DIRECTION('',(0.,0.,1.));
#3712=DIRECTION('',(-1.,0.,-1.37888276295592E-15));
#3713=DIRECTION('',(0.,-1.,0.));
#3714=DIRECTION('',(0.,0.,-1.));
#3715=DIRECTION('',(0.,0.,1.));
#3716=DIRECTION('',(-4.42531498973675E-16,0.,1.));
#3717=DIRECTION('',(-1.,0.,-1.37888276295592E-15));
#3718=DIRECTION('',(0.,0.,1.));
#3719=DIRECTION('',(-1.,0.,0.));
#3720=DIRECTION('',(0.,-3.75629099128812E-15,-1.));
#3721=DIRECTION('',(0.,-1.,0.));
#3722=DIRECTION('',(0.,0.,-1.));
#3723=DIRECTION('',(0.,0.,1.));
#3724=DIRECTION('',(0.,-1.,0.));
#3725=DIRECTION('',(0.,-1.,0.));
#3726=DIRECTION('',(-1.,0.,-1.32759449692102E-15));
#3727=DIRECTION('',(-1.32793082086025E-15,0.,1.));
#3728=DIRECTION('',(0.,1.,0.));
#3729=DIRECTION('',(1.,0.,0.));
#3730=DIRECTION('',(0.,-1.,0.));
#3731=DIRECTION('',(0.,1.,0.));
#3732=DIRECTION('',(2.62836890299516E-16,1.,0.));
#3733=DIRECTION('',(-1.,0.,-2.43640937637192E-16));
#3734=DIRECTION('',(0.,1.,0.));
#3735=DIRECTION('',(0.,0.,-1.));
#3736=DIRECTION('',(-1.,0.,0.));
#3737=DIRECTION('',(0.,0.,1.));
#3738=DIRECTION('',(0.,-1.,0.));
#3739=DIRECTION('',(1.,0.,4.42531498973675E-16));
#3740=DIRECTION('',(4.42354486374086E-16,0.,-1.));
#3741=DIRECTION('',(0.447213595499958,-0.894427190999916,0.));
#3742=DIRECTION('',(-1.,0.,0.));
#3743=DIRECTION('',(0.447213595499958,0.894427190999916,0.));
#3744=DIRECTION('',(2.62836890299517E-16,-1.,0.));
#3745=DIRECTION('',(-1.,-1.48266963758701E-16,-4.44800891276104E-16));
#3746=DIRECTION('',(2.62836890299516E-16,1.,0.));
#3747=DIRECTION('',(-1.37888276295592E-15,0.,1.));
#3748=DIRECTION('',(1.,0.,1.37867148253257E-15));
#3749=DIRECTION('',(1.,0.,0.));
#3750=DIRECTION('',(0.,0.,-1.));
#3751=DIRECTION('',(1.,0.,0.));
#3752=DIRECTION('',(0.,0.,-1.));
#3753=DIRECTION('',(0.,1.,0.));
#3754=DIRECTION('',(0.,1.,0.));
#3755=DIRECTION('',(1.27553196763001E-15,0.,-1.));
#3756=DIRECTION('',(1.,-2.62836890299516E-16,0.));
#3757=DIRECTION('',(2.62810606610486E-16,1.,0.));
#3758=DIRECTION('',(1.,1.48266963758701E-16,3.48210916710673E-16));
#3759=DIRECTION('',(-1.48266963758701E-16,1.,0.));
#3760=DIRECTION('',(-1.,-1.48318857196017E-16,0.));
#3761=DIRECTION('',(0.,0.,1.));
#3762=DIRECTION('',(0.,1.,0.));
#3763=DIRECTION('',(0.,1.,0.));
#3764=DIRECTION('',(-1.,-2.62836890299517E-16,0.));
#3765=DIRECTION('',(2.62810606610486E-16,-1.,0.));
#3766=DIRECTION('',(0.,0.,-1.));
#3767=DIRECTION('',(1.,0.,0.));
#3768=DIRECTION('',(0.,0.,-1.));
#3769=DIRECTION('',(0.,0.,-1.));
#3770=DIRECTION('',(0.,0.,-1.));
#3771=DIRECTION('',(0.,1.,0.));
#3772=DIRECTION('',(0.,0.,1.));
#3773=DIRECTION('',(0.,-1.,0.));
#3774=DIRECTION('',(1.,-4.56506177888633E-16,0.));
#3775=DIRECTION('',(4.56557534833646E-16,1.,0.));
#3776=DIRECTION('',(0.,1.,0.));
#3777=DIRECTION('',(0.,0.,-1.));
#3778=DIRECTION('',(-1.,0.,0.));
#3779=DIRECTION('',(0.,0.,1.));
#3780=DIRECTION('',(0.,-1.,0.));
#3781=DIRECTION('',(0.,0.,-1.));
#3782=DIRECTION('',(-1.,0.,0.));
#3783=DIRECTION('',(0.,0.,1.));
#3784=DIRECTION('',(0.,0.,-1.));
#3785=DIRECTION('',(0.,1.,0.));
#3786=DIRECTION('',(0.,0.,1.));
#3787=DIRECTION('',(0.,1.,0.));
#3788=DIRECTION('',(0.,0.,-1.));
#3789=DIRECTION('',(1.,0.,0.));
#3790=DIRECTION('',(0.,0.,-1.));
#3791=DIRECTION('',(1.,0.,3.89825500219508E-15));
#3792=DIRECTION('',(-3.89825500219508E-15,0.,1.));
#3793=DIRECTION('',(1.,0.,3.89835733138888E-15));
#3794=DIRECTION('',(0.,-1.,0.));
#3795=DIRECTION('',(0.,0.,-1.));
#3796=DIRECTION('',(0.,1.,0.));
#3797=DIRECTION('',(1.,0.,2.43640937637192E-16));
#3798=DIRECTION('',(-2.43640937637192E-16,0.,1.));
#3799=DIRECTION('',(1.,0.,2.43728648374741E-16));
#3800=DIRECTION('',(2.55106393526001E-15,0.,1.));
#3801=DIRECTION('',(-1.,0.,2.55106393526001E-15));
#3802=DIRECTION('',(2.55091087142389E-15,0.,1.));
#3803=DIRECTION('',(0.,-1.,0.));
#3804=DIRECTION('',(0.,0.,-1.));
#3805=DIRECTION('',(0.,-1.,0.));
#3806=DIRECTION('',(0.,0.,-1.));
#3807=DIRECTION('',(1.,0.,0.));
#3808=DIRECTION('',(0.,0.,-1.));
#3809=DIRECTION('',(1.,0.,0.));
#3810=DIRECTION('',(0.,1.,0.));
#3811=DIRECTION('',(0.,0.,1.));
#3812=DIRECTION('',(-1.,0.,0.));
#3813=DIRECTION('',(0.,-1.,0.));
#3814=DIRECTION('',(1.,0.,0.));
#3815=DIRECTION('',(0.,1.,0.));
#3816=DIRECTION('',(0.,0.,-1.));
#3817=DIRECTION('',(-1.,0.,0.));
#3818=DIRECTION('',(0.,0.,-1.));
#3819=DIRECTION('',(-1.,0.,0.));
#3820=DIRECTION('',(0.,0.,1.));
#3821=DIRECTION('',(0.,1.,0.));
#3822=DIRECTION('',(0.,0.,1.));
#3823=DIRECTION('',(3.48210916710673E-16,0.,-1.));
#3824=DIRECTION('',(-1.,0.,-3.48245737802344E-16));
#3825=DIRECTION('',(-4.81867632215779E-16,-1.,0.));
#3826=DIRECTION('',(2.71050543121376E-16,1.,0.));
#3827=DIRECTION('',(1.,0.,9.34657045246125E-17));
#3828=DIRECTION('',(-2.4093381610789E-16,-1.,0.));
#3829=DIRECTION('',(1.20466908053945E-16,1.,0.));
#3830=DIRECTION('',(1.,0.,9.34657045246125E-17));
#3831=DIRECTION('',(-1.20466908053945E-16,-1.,0.));
#3832=DIRECTION('',(0.,1.,0.));
#3833=DIRECTION('',(1.,0.,9.34657045246123E-17));
#3834=DIRECTION('',(0.,-1.,0.));
#3835=DIRECTION('',(4.81867632215779E-16,1.,0.));
#3836=DIRECTION('',(1.,0.,9.34657045246123E-17));
#3837=DIRECTION('',(1.23786862212912E-16,0.,1.));
#3838=DIRECTION('',(1.,0.,-1.23788783043532E-16));
#3839=DIRECTION('',(0.,0.,-1.));
#3840=DIRECTION('',(-2.4093381610789E-16,-1.,0.));
#3841=DIRECTION('',(1.,-2.4093381610789E-16,0.));
#3842=DIRECTION('',(2.40936827780591E-16,1.,0.));
#3843=DIRECTION('',(0.,0.,-1.));
#3844=DIRECTION('',(0.,1.,0.));
#3845=DIRECTION('',(0.,0.,1.));
#3846=DIRECTION('',(2.71050543121376E-16,1.,0.));
#3847=DIRECTION('',(-1.,2.71050543121376E-16,0.));
#3848=DIRECTION('',(-2.71050543121376E-16,-1.,0.));
#3849=DIRECTION('',(0.,-1.,-1.93607530800983E-16));
#3850=DIRECTION('',(0.,0.,-1.));
#3851=DIRECTION('',(0.,1.,-1.75437244738755E-17));
#3852=DIRECTION('',(-1.,0.,0.));
#3853=DIRECTION('',(0.,0.,1.));
#3854=DIRECTION('',(0.,-1.,-1.93607530800983E-16));
#3855=DIRECTION('',(0.,1.,-1.75437244738755E-17));
#3856=DIRECTION('',(0.,0.,-1.));
#3857=DIRECTION('',(-1.,0.,0.));
#3858=DIRECTION('',(0.,0.,1.));
#3859=DIRECTION('',(-1.,0.,0.));
#3860=DIRECTION('',(0.,1.93607530800983E-16,-1.));
#3861=DIRECTION('',(0.,1.,1.93638508005911E-16));
#3862=DIRECTION('',(-1.,0.,0.));
#3863=DIRECTION('',(0.,1.75437244738755E-17,1.));
#3864=DIRECTION('',(0.,-1.,1.75640751942652E-17));
#3865=DIRECTION('',(-1.,0.,0.));
#3866=DIRECTION('',(0.,1.75437244738755E-17,1.));
#3867=DIRECTION('',(0.,-1.,1.75640751942652E-17));
#3868=DIRECTION('',(0.,1.,0.));
#3869=DIRECTION('',(0.,0.,1.));
#3870=DIRECTION('',(-1.,0.,0.));
#3871=DIRECTION('',(0.,0.,-1.));
#3872=DIRECTION('',(-1.,0.,0.));
#3873=DIRECTION('',(0.,0.,-1.));
#3874=DIRECTION('',(-1.,0.,0.));
#3875=DIRECTION('',(-1.,0.,0.));
#3876=DIRECTION('',(0.,0.,1.));
#3877=DIRECTION('',(0.,0.,-1.));
#3878=DIRECTION('',(0.,1.,0.));
#3879=DIRECTION('',(0.,0.707106781186549,0.707106781186546));
#3880=DIRECTION('',(0.,0.,1.));
#3881=DIRECTION('',(0.,-1.,0.));
#3882=DIRECTION('',(-1.,0.,0.));
#3883=DIRECTION('',(0.,0.,1.));
#3884=DIRECTION('',(0.,0.,-1.));
#3885=DIRECTION('',(0.,-1.,0.));
#3886=DIRECTION('',(0.,0.,1.));
#3887=DIRECTION('',(0.,0.707106781186549,0.707106781186546));
#3888=DIRECTION('',(0.,1.,0.));
#3889=DIRECTION('',(-1.,0.,0.));
#3890=DIRECTION('',(0.,0.,1.));
#3891=DIRECTION('',(-1.,0.,0.));
#3892=DIRECTION('',(0.,1.,0.));
#3893=DIRECTION('',(0.,0.,1.));
#3894=DIRECTION('',(-1.,0.,0.));
#3895=DIRECTION('',(0.,0.,1.));
#3896=DIRECTION('',(1.,0.,0.));
#3897=DIRECTION('',(-1.,0.,0.));
#3898=DIRECTION('',(0.,-0.707106781186546,0.707106781186549));
#3899=DIRECTION('',(0.,-0.707106781186549,-0.707106781186546));
#3900=DIRECTION('',(-1.,0.,0.));
#3901=DIRECTION('',(0.,-1.,0.));
#3902=DIRECTION('',(0.,0.,-1.));
#3903=DIRECTION('',(0.,0.,-1.));
#3904=DIRECTION('',(-1.,0.,0.));
#3905=DIRECTION('',(0.,0.,-1.));
#3906=DIRECTION('',(-1.20466908053945E-16,-1.,0.));
#3907=DIRECTION('',(1.,-1.20466908053945E-16,0.));
#3908=DIRECTION('',(1.20563281580388E-16,1.,0.));
#3909=DIRECTION('',(0.,0.,-1.));
#3910=DIRECTION('',(0.,1.,0.));
#3911=DIRECTION('',(0.,0.,1.));
#3912=DIRECTION('',(1.20466908053945E-16,1.,0.));
#3913=DIRECTION('',(-1.,1.20466908053945E-16,0.));
#3914=DIRECTION('',(-1.20563281580388E-16,-1.,0.));
#3915=DIRECTION('',(0.,-1.,-1.93607530800983E-16));
#3916=DIRECTION('',(0.,0.,-1.));
#3917=DIRECTION('',(0.,1.,-1.75437244738755E-17));
#3918=DIRECTION('',(-1.,0.,0.));
#3919=DIRECTION('',(0.,0.,1.));
#3920=DIRECTION('',(0.,-1.,-1.93607530800983E-16));
#3921=DIRECTION('',(0.,1.,-1.75437244738755E-17));
#3922=DIRECTION('',(0.,0.,-1.));
#3923=DIRECTION('',(-1.,0.,0.));
#3924=DIRECTION('',(0.,0.,1.));
#3925=DIRECTION('',(-1.,0.,0.));
#3926=DIRECTION('',(0.,1.93607530800983E-16,-1.));
#3927=DIRECTION('',(0.,1.,1.93638508005911E-16));
#3928=DIRECTION('',(-1.,0.,0.));
#3929=DIRECTION('',(0.,1.75437244738755E-17,1.));
#3930=DIRECTION('',(0.,-1.,1.75640751942652E-17));
#3931=DIRECTION('',(-1.,0.,0.));
#3932=DIRECTION('',(0.,1.75437244738755E-17,1.));
#3933=DIRECTION('',(0.,-1.,1.75640751942652E-17));
#3934=DIRECTION('',(0.,1.,0.));
#3935=DIRECTION('',(0.,0.,1.));
#3936=DIRECTION('',(-1.,0.,0.));
#3937=DIRECTION('',(0.,0.,-1.));
#3938=DIRECTION('',(-1.,0.,0.));
#3939=DIRECTION('',(0.,0.,-1.));
#3940=DIRECTION('',(-1.,0.,0.));
#3941=DIRECTION('',(-1.,0.,0.));
#3942=DIRECTION('',(0.,0.,1.));
#3943=DIRECTION('',(0.,0.,-1.));
#3944=DIRECTION('',(0.,1.,0.));
#3945=DIRECTION('',(0.,0.707106781186549,0.707106781186546));
#3946=DIRECTION('',(0.,0.,1.));
#3947=DIRECTION('',(0.,-1.,0.));
#3948=DIRECTION('',(-1.,0.,0.));
#3949=DIRECTION('',(0.,0.,1.));
#3950=DIRECTION('',(0.,0.,-1.));
#3951=DIRECTION('',(0.,-1.,0.));
#3952=DIRECTION('',(0.,0.,1.));
#3953=DIRECTION('',(0.,0.707106781186549,0.707106781186546));
#3954=DIRECTION('',(0.,1.,0.));
#3955=DIRECTION('',(-1.,0.,0.));
#3956=DIRECTION('',(0.,0.,1.));
#3957=DIRECTION('',(-1.,0.,0.));
#3958=DIRECTION('',(0.,1.,0.));
#3959=DIRECTION('',(0.,0.,1.));
#3960=DIRECTION('',(-1.,0.,0.));
#3961=DIRECTION('',(0.,0.,1.));
#3962=DIRECTION('',(1.,0.,0.));
#3963=DIRECTION('',(-1.,0.,0.));
#3964=DIRECTION('',(0.,-0.707106781186546,0.707106781186549));
#3965=DIRECTION('',(0.,-0.707106781186549,-0.707106781186546));
#3966=DIRECTION('',(-1.,0.,0.));
#3967=DIRECTION('',(0.,-1.,0.));
#3968=DIRECTION('',(0.,0.,-1.));
#3969=DIRECTION('',(0.,0.,-1.));
#3970=DIRECTION('',(-1.,0.,0.));
#3971=DIRECTION('',(0.,0.,-1.));
#3972=DIRECTION('',(0.,-1.,0.));
#3973=DIRECTION('',(1.,0.,0.));
#3974=DIRECTION('',(0.,0.,-1.));
#3975=DIRECTION('',(0.,0.,-1.));
#3976=DIRECTION('',(0.,1.,0.));
#3977=DIRECTION('',(0.,0.,1.));
#3978=DIRECTION('',(0.,1.,0.));
#3979=DIRECTION('',(-1.,0.,0.));
#3980=DIRECTION('',(0.,0.,1.));
#3981=DIRECTION('',(0.,-1.,-1.93607530800983E-16));
#3982=DIRECTION('',(0.,0.,-1.));
#3983=DIRECTION('',(0.,1.,-1.75437244738755E-17));
#3984=DIRECTION('',(-1.,0.,0.));
#3985=DIRECTION('',(0.,0.,1.));
#3986=DIRECTION('',(0.,-1.,-1.93607530800983E-16));
#3987=DIRECTION('',(0.,1.,-1.75437244738755E-17));
#3988=DIRECTION('',(0.,0.,-1.));
#3989=DIRECTION('',(-1.,0.,0.));
#3990=DIRECTION('',(0.,0.,1.));
#3991=DIRECTION('',(-1.,0.,0.));
#3992=DIRECTION('',(0.,1.93607530800983E-16,-1.));
#3993=DIRECTION('',(0.,1.,1.93638508005911E-16));
#3994=DIRECTION('',(-1.,0.,0.));
#3995=DIRECTION('',(0.,1.75437244738755E-17,1.));
#3996=DIRECTION('',(0.,-1.,1.75640751942652E-17));
#3997=DIRECTION('',(-1.,0.,0.));
#3998=DIRECTION('',(0.,1.75437244738755E-17,1.));
#3999=DIRECTION('',(0.,-1.,1.75640751942652E-17));
#4000=DIRECTION('',(0.,1.,0.));
#4001=DIRECTION('',(0.,0.,1.));
#4002=DIRECTION('',(-1.,0.,0.));
#4003=DIRECTION('',(0.,0.,-1.));
#4004=DIRECTION('',(-1.,0.,0.));
#4005=DIRECTION('',(0.,0.,-1.));
#4006=DIRECTION('',(-1.,0.,0.));
#4007=DIRECTION('',(-1.,0.,0.));
#4008=DIRECTION('',(0.,0.,1.));
#4009=DIRECTION('',(0.,0.,-1.));
#4010=DIRECTION('',(0.,1.,0.));
#4011=DIRECTION('',(0.,0.707106781186549,0.707106781186546));
#4012=DIRECTION('',(0.,0.,1.));
#4013=DIRECTION('',(0.,-1.,0.));
#4014=DIRECTION('',(-1.,0.,0.));
#4015=DIRECTION('',(0.,0.,1.));
#4016=DIRECTION('',(0.,0.,-1.));
#4017=DIRECTION('',(0.,-1.,0.));
#4018=DIRECTION('',(0.,0.,1.));
#4019=DIRECTION('',(0.,0.707106781186549,0.707106781186546));
#4020=DIRECTION('',(0.,1.,0.));
#4021=DIRECTION('',(-1.,0.,0.));
#4022=DIRECTION('',(0.,0.,1.));
#4023=DIRECTION('',(-1.,0.,0.));
#4024=DIRECTION('',(0.,1.,0.));
#4025=DIRECTION('',(0.,0.,1.));
#4026=DIRECTION('',(-1.,0.,0.));
#4027=DIRECTION('',(0.,0.,1.));
#4028=DIRECTION('',(1.,0.,0.));
#4029=DIRECTION('',(-1.,0.,0.));
#4030=DIRECTION('',(0.,-0.707106781186546,0.707106781186549));
#4031=DIRECTION('',(0.,-0.707106781186549,-0.707106781186546));
#4032=DIRECTION('',(-1.,0.,0.));
#4033=DIRECTION('',(0.,-1.,0.));
#4034=DIRECTION('',(0.,0.,-1.));
#4035=DIRECTION('',(0.,0.,-1.));
#4036=DIRECTION('',(-1.,0.,0.));
#4037=DIRECTION('',(0.,0.,-1.));
#4038=DIRECTION('',(-4.81867632215779E-16,-1.,0.));
#4039=DIRECTION('',(1.,-4.81867632215779E-16,0.));
#4040=DIRECTION('',(4.82253126321552E-16,1.,0.));
#4041=DIRECTION('',(0.,0.,-1.));
#4042=DIRECTION('',(0.,1.,0.));
#4043=DIRECTION('',(0.,0.,1.));
#4044=DIRECTION('',(4.81867632215779E-16,1.,0.));
#4045=DIRECTION('',(-1.,4.81867632215779E-16,0.));
#4046=DIRECTION('',(-4.82253126321552E-16,-1.,0.));
#4047=DIRECTION('',(0.,-1.,-1.93607530800983E-16));
#4048=DIRECTION('',(0.,0.,-1.));
#4049=DIRECTION('',(0.,1.,-1.75437244738755E-17));
#4050=DIRECTION('',(-1.,0.,0.));
#4051=DIRECTION('',(0.,0.,1.));
#4052=DIRECTION('',(0.,-1.,-1.93607530800983E-16));
#4053=DIRECTION('',(0.,1.,-1.75437244738755E-17));
#4054=DIRECTION('',(0.,0.,-1.));
#4055=DIRECTION('',(-1.,0.,0.));
#4056=DIRECTION('',(0.,0.,1.));
#4057=DIRECTION('',(-1.,0.,0.));
#4058=DIRECTION('',(0.,1.93607530800983E-16,-1.));
#4059=DIRECTION('',(0.,1.,1.93638508005911E-16));
#4060=DIRECTION('',(-1.,0.,0.));
#4061=DIRECTION('',(0.,1.75437244738755E-17,1.));
#4062=DIRECTION('',(0.,-1.,1.75640751942652E-17));
#4063=DIRECTION('',(-1.,0.,0.));
#4064=DIRECTION('',(0.,1.75437244738755E-17,1.));
#4065=DIRECTION('',(0.,-1.,1.75640751942652E-17));
#4066=DIRECTION('',(0.,1.,0.));
#4067=DIRECTION('',(0.,0.,1.));
#4068=DIRECTION('',(-1.,0.,0.));
#4069=DIRECTION('',(0.,0.,-1.));
#4070=DIRECTION('',(-1.,0.,0.));
#4071=DIRECTION('',(0.,0.,-1.));
#4072=DIRECTION('',(-1.,0.,0.));
#4073=DIRECTION('',(-1.,0.,0.));
#4074=DIRECTION('',(0.,0.,1.));
#4075=DIRECTION('',(0.,0.,-1.));
#4076=DIRECTION('',(0.,1.,0.));
#4077=DIRECTION('',(0.,0.707106781186549,0.707106781186546));
#4078=DIRECTION('',(0.,0.,1.));
#4079=DIRECTION('',(0.,-1.,0.));
#4080=DIRECTION('',(-1.,0.,0.));
#4081=DIRECTION('',(0.,0.,1.));
#4082=DIRECTION('',(0.,0.,-1.));
#4083=DIRECTION('',(0.,-1.,0.));
#4084=DIRECTION('',(0.,0.,1.));
#4085=DIRECTION('',(0.,0.707106781186549,0.707106781186546));
#4086=DIRECTION('',(0.,1.,0.));
#4087=DIRECTION('',(-1.,0.,0.));
#4088=DIRECTION('',(0.,0.,1.));
#4089=DIRECTION('',(-1.,0.,0.));
#4090=DIRECTION('',(0.,1.,0.));
#4091=DIRECTION('',(0.,0.,1.));
#4092=DIRECTION('',(-1.,0.,0.));
#4093=DIRECTION('',(0.,0.,1.));
#4094=DIRECTION('',(1.,0.,0.));
#4095=DIRECTION('',(-1.,0.,0.));
#4096=DIRECTION('',(0.,-0.707106781186546,0.707106781186549));
#4097=DIRECTION('',(0.,-0.707106781186549,-0.707106781186546));
#4098=DIRECTION('',(-1.,0.,0.));
#4099=DIRECTION('',(0.,-1.,0.));
#4100=DIRECTION('',(0.,0.,-1.));
#4101=DIRECTION('',(0.,0.,-1.));
#4102=DIRECTION('',(-1.,0.,0.));
#4103=DIRECTION('',(-1.,0.,0.));
#4104=DIRECTION('',(0.,1.,0.));
#4105=DIRECTION('',(1.,0.,3.96508223080414E-16));
#4106=DIRECTION('',(0.,1.,0.));
#4107=DIRECTION('',(-3.96508223080414E-16,0.,1.));
#4108=DIRECTION('',(1.,0.,3.96508223080414E-16));
#4109=DIRECTION('',(-2.89120579329468E-15,-1.3141844514976E-15,-1.));
#4110=DIRECTION('',(0.,1.,0.));
#4111=DIRECTION('',(2.89120579329468E-15,0.,1.));
#4112=DIRECTION('',(-1.,0.,2.89120579329468E-15));
#4113=DIRECTION('',(2.89135035358434E-15,0.,1.));
#4114=DIRECTION('',(-1.,-5.08872013342989E-31,-3.87215061601966E-16));
#4115=DIRECTION('',(0.,1.,0.));
#4116=DIRECTION('',(-1.,0.,-3.87215061601966E-16));
#4117=DIRECTION('',(3.87215061601966E-16,0.,-1.));
#4118=DIRECTION('',(-1.,0.,-3.87222805903198E-16));
#4119=DIRECTION('',(0.,-1.,0.));
#4120=DIRECTION('',(0.999999999999999,0.,0.));
#4121=DIRECTION('',(0.,1.,0.));
#4122=DIRECTION('',(0.,0.,-1.));
#4123=DIRECTION('',(0.,1.,0.));
#4124=DIRECTION('',(0.,0.,1.));
#4125=DIRECTION('',(0.,1.,-1.3141844514976E-15));
#4126=DIRECTION('',(0.,0.,-1.));
#4127=DIRECTION('',(0.,-1.,1.3141844514976E-15));
#4128=DIRECTION('',(0.,-1.73472347597681E-15,-1.));
#4129=DIRECTION('',(0.,-1.,1.3141844514976E-15));
#4130=DIRECTION('',(0.,-1.31405303305243E-15,-1.));
#4131=DIRECTION('',(0.,1.,0.));
#4132=DIRECTION('',(0.,0.,1.));
#4133=DIRECTION('',(0.,1.,0.));
#4134=DIRECTION('',(0.,0.,1.));
#4135=DIRECTION('',(-4.62118958764313E-15,0.,1.));
#4136=DIRECTION('',(0.,-1.,0.));
#4137=DIRECTION('',(0.,0.,-1.));
#4138=DIRECTION('',(-1.,0.,-5.42101086242752E-16));
#4139=DIRECTION('',(-1.44560289664734E-15,0.,-1.));
#4140=DIRECTION('',(1.,0.,5.42101086242752E-16));
#4141=DIRECTION('',(0.,1.,0.));
#4142=DIRECTION('',(0.999999999999997,0.,0.));
#4143=DIRECTION('',(4.62118958764313E-15,0.,-1.));
#4144=DIRECTION('',(0.,1.,0.));
#4145=DIRECTION('',(0.,0.,1.));
#4146=DIRECTION('',(0.,1.,0.));
#4147=DIRECTION('',(1.,0.,0.));
#4148=DIRECTION('',(0.,0.,1.));
#4149=DIRECTION('',(0.,1.,-4.33680868994197E-15));
#4150=DIRECTION('',(1.,0.,0.));
#4151=DIRECTION('',(0.,0.,1.));
#4152=DIRECTION('',(0.,-3.77113799125386E-15,1.));
#4153=DIRECTION('',(-1.,0.,0.));
#4154=DIRECTION('',(0.,0.,1.));
#4155=DIRECTION('',(0.,-3.77113799125386E-15,1.));
#4156=DIRECTION('',(1.,0.,0.));
#4157=DIRECTION('',(0.,1.,0.));
#4158=DIRECTION('',(0.,1.,-4.33680868994197E-15));
#4159=DIRECTION('',(1.,0.,0.));
#4160=DIRECTION('',(0.,0.999999999999997,0.));
#4161=DIRECTION('',(0.,1.,0.));
#4162=DIRECTION('',(1.,0.,6.10818125343946E-16));
#4163=DIRECTION('',(6.10622663543836E-16,0.,-1.));
#4164=DIRECTION('',(-1.,0.,-5.42101086242752E-16));
#4165=DIRECTION('',(0.,-1.,0.));
#4166=DIRECTION('',(0.,0.,-1.));
#4167=DIRECTION('',(1.,0.,0.));
#4168=DIRECTION('',(0.,1.,0.));
#4169=DIRECTION('',(0.999999999999997,0.,0.));
#4170=DIRECTION('',(1.,0.,5.42101086242752E-16));
#4171=DIRECTION('',(-1.44560289664734E-15,0.,-1.));
#4172=DIRECTION('',(0.,1.,0.));
#4173=DIRECTION('',(0.,0.,1.));
#4174=DIRECTION('',(0.,1.,0.));
#4175=DIRECTION('',(0.,1.,0.));
#4176=DIRECTION('',(0.,0.,1.));
#4177=DIRECTION('',(0.,1.,0.));
#4178=DIRECTION('',(5.42101086242752E-16,0.,-1.));
#4179=DIRECTION('',(-1.,0.,-5.42101086242752E-16));
#4180=DIRECTION('',(0.,1.,0.));
#4181=DIRECTION('',(1.,0.,-1.44560289664734E-15));
#4182=DIRECTION('',(-1.44567517679217E-15,0.,-1.));
#4183=DIRECTION('',(0.,1.,0.));
#4184=DIRECTION('',(-5.42101086242752E-16,0.,1.));
#4185=DIRECTION('',(1.,0.,5.42101086242752E-16));
#4186=DIRECTION('',(0.,1.,0.));
#4187=DIRECTION('',(0.,0.,1.));
#4188=DIRECTION('',(-1.,0.,0.));
#4189=DIRECTION('',(1.,0.,0.));
#4190=DIRECTION('',(0.,0.,-1.));
#4191=DIRECTION('',(-1.,0.,0.));
#4192=DIRECTION('',(0.,-4.33680868994197E-15,-1.));
#4193=DIRECTION('',(0.,1.,-4.33680868994202E-15));
#4194=DIRECTION('',(-1.,0.,0.));
#4195=DIRECTION('',(1.,0.,0.));
#4196=DIRECTION('',(0.,0.,-1.));
#4197=DIRECTION('',(0.,1.,3.77113799125386E-15));
#4198=DIRECTION('',(0.,-3.77128883677358E-15,1.));
#4199=DIRECTION('',(0.,1.,0.));
#4200=DIRECTION('',(1.,-5.08872013342989E-31,-3.87215061601966E-16));
#4201=DIRECTION('',(0.,1.,0.));
#4202=DIRECTION('',(1.,0.,-3.87215061601966E-16));
#4203=DIRECTION('',(3.87215061601966E-16,0.,1.));
#4204=DIRECTION('',(1.,0.,-3.87222805903198E-16));
#4205=DIRECTION('',(0.,-1.3141844514976E-15,-1.));
#4206=DIRECTION('',(0.,1.,0.));
#4207=DIRECTION('',(0.,0.,1.));
#4208=DIRECTION('',(-1.,0.,0.));
#4209=DIRECTION('',(0.,0.,1.));
#4210=DIRECTION('',(1.,0.,0.));
#4211=DIRECTION('',(0.,1.,0.));
#4212=DIRECTION('',(-1.,0.,3.96508223080414E-16));
#4213=DIRECTION('',(-3.96508223080414E-16,0.,-1.));
#4214=DIRECTION('',(-1.,0.,3.96508223080414E-16));
#4215=DIRECTION('',(0.,1.,0.));
#4216=DIRECTION('',(-1.,0.,-2.16840434497101E-16));
#4217=DIRECTION('',(0.,-1.,0.));
#4218=DIRECTION('',(0.,0.,-1.));
#4219=DIRECTION('',(0.,-1.,0.));
#4220=DIRECTION('',(0.,0.,-1.));
#4221=DIRECTION('',(0.,-1.,1.3141844514976E-15));
#4222=DIRECTION('',(0.,0.,1.));
#4223=DIRECTION('',(0.,1.,-1.3141844514976E-15));
#4224=DIRECTION('',(0.,1.73472347597681E-15,1.));
#4225=DIRECTION('',(0.,1.,-1.3141844514976E-15));
#4226=DIRECTION('',(0.,1.31405303305243E-15,1.));
#4227=DIRECTION('',(0.,1.,0.));
#4228=DIRECTION('',(0.,0.,1.));
#4229=DIRECTION('',(0.,1.,0.));
#4230=DIRECTION('',(0.,0.,1.));
#4231=DIRECTION('',(4.26571346551674E-15,0.,1.));
#4232=DIRECTION('',(-4.26571346551674E-15,0.,-1.));
#4233=DIRECTION('',(0.,-1.,0.));
#4234=DIRECTION('',(-0.999999999999997,0.,0.));
#4235=DIRECTION('',(-1.,0.,5.42101086242752E-16));
#4236=DIRECTION('',(0.,0.,-1.));
#4237=DIRECTION('',(1.,0.,-5.42101086242752E-16));
#4238=DIRECTION('',(0.,1.,0.));
#4239=DIRECTION('',(0.,0.,-1.));
#4240=DIRECTION('',(0.,-1.,0.));
#4241=DIRECTION('',(0.,0.,-1.));
#4242=DIRECTION('',(0.,1.,0.));
#4243=DIRECTION('',(1.,0.,0.));
#4244=DIRECTION('',(0.,0.999999999999997,0.));
#4245=DIRECTION('',(0.,1.,-4.33680868994197E-15));
#4246=DIRECTION('',(1.,0.,0.));
#4247=DIRECTION('',(0.,1.,0.));
#4248=DIRECTION('',(0.,-3.77113799125386E-15,1.));
#4249=DIRECTION('',(1.,0.,-6.10818125343946E-16));
#4250=DIRECTION('',(-6.10622663543836E-16,0.,-1.));
#4251=DIRECTION('',(0.,-3.77113799125386E-15,1.));
#4252=DIRECTION('',(1.,0.,0.));
#4253=DIRECTION('',(0.,0.,1.));
#4254=DIRECTION('',(0.,1.,-4.33680868994197E-15));
#4255=DIRECTION('',(1.,0.,0.));
#4256=DIRECTION('',(0.,0.,1.));
#4257=DIRECTION('',(0.,1.,0.));
#4258=DIRECTION('',(-1.,0.,0.));
#4259=DIRECTION('',(0.,0.,1.));
#4260=DIRECTION('',(0.,-1.,0.));
#4261=DIRECTION('',(-0.999999999999997,0.,0.));
#4262=DIRECTION('',(-1.,0.,0.));
#4263=DIRECTION('',(0.,1.,0.));
#4264=DIRECTION('',(0.,0.,-1.));
#4265=DIRECTION('',(1.,0.,-5.42101086242752E-16));
#4266=DIRECTION('',(0.,0.,-1.));
#4267=DIRECTION('',(-1.,0.,5.42101086242752E-16));
#4268=DIRECTION('',(0.,-1.,0.));
#4269=DIRECTION('',(0.,0.,-1.));
#4270=DIRECTION('',(0.,1.,0.));
#4271=DIRECTION('',(0.,1.,0.));
#4272=DIRECTION('',(0.,0.,1.));
#4273=DIRECTION('',(0.,1.,0.));
#4274=DIRECTION('',(5.42101086242752E-16,0.,1.));
#4275=DIRECTION('',(1.,0.,-5.42101086242752E-16));
#4276=DIRECTION('',(0.,1.,0.));
#4277=DIRECTION('',(1.,0.,0.));
#4278=DIRECTION('',(0.,0.,-1.));
#4279=DIRECTION('',(0.,1.,0.));
#4280=DIRECTION('',(-5.42101086242752E-16,0.,-1.));
#4281=DIRECTION('',(-1.,0.,5.42101086242752E-16));
#4282=DIRECTION('',(0.,1.,0.));
#4283=DIRECTION('',(0.,0.,1.));
#4284=DIRECTION('',(1.,0.,0.));
#4285=DIRECTION('',(-1.,0.,0.));
#4286=DIRECTION('',(0.,0.,1.));
#4287=DIRECTION('',(1.,0.,0.));
#4288=DIRECTION('',(0.,4.33680868994197E-15,1.));
#4289=DIRECTION('',(0.,-1.,4.33680868994202E-15));
#4290=DIRECTION('',(1.,0.,0.));
#4291=DIRECTION('',(-1.,0.,0.));
#4292=DIRECTION('',(0.,0.,1.));
#4293=DIRECTION('',(0.,-1.,-3.77113799125386E-15));
#4294=DIRECTION('',(0.,3.77128883677358E-15,-1.));
#4295=DIRECTION('',(0.,0.,-1.));
#4296=DIRECTION('',(-0.447213595499958,0.894427190999916,0.));
#4297=DIRECTION('',(0.,0.,-1.));
#4298=DIRECTION('',(-0.894427190999916,-0.447213595499958,0.));
#4299=DIRECTION('',(0.447213595499958,-0.894427190999916,0.));
#4300=DIRECTION('',(0.,0.,-1.));
#4301=DIRECTION('',(-0.447213595499958,-0.894427190999916,0.));
#4302=DIRECTION('',(0.894427190999916,-0.447213595499958,0.));
#4303=DIRECTION('',(0.447213595499958,0.894427190999916,0.));
#4304=DIRECTION('',(1.,0.,0.));
#4305=DIRECTION('',(0.,1.,0.));
#4306=DIRECTION('',(0.,0.,1.));
#4307=DIRECTION('',(0.,0.,-1.));
#4308=DIRECTION('',(-1.,0.,0.));
#4309=CARTESIAN_POINT('',(0.,0.,0.));
#4310=CARTESIAN_POINT('',(2.235,6.4,0.439999999999996));
#4311=CARTESIAN_POINT('',(-6.735,6.4,0.439999999999996));
#4312=CARTESIAN_POINT('',(-6.725,6.4,0.439999999999996));
#4313=CARTESIAN_POINT('',(-6.725,6.4,0.440000000000001));
#4314=CARTESIAN_POINT('',(-6.725,6.4,1.71000000000008));
#4315=CARTESIAN_POINT('',(2.235,6.4,1.71000000000008));
#4316=CARTESIAN_POINT('',(-6.735,6.4,1.71000000000008));
#4317=CARTESIAN_POINT('',(-6.735,6.4,0.439999999999996));
#4318=CARTESIAN_POINT('',(2.235,6.4,0.439999999999996));
#4319=CARTESIAN_POINT('',(2.235,6.4,1.71000000000008));
#4320=CARTESIAN_POINT('',(-6.57500000000001,6.4,1.71000000000008));
#4321=CARTESIAN_POINT('',(-6.565,6.4,1.71000000000008));
#4322=CARTESIAN_POINT('',(-6.57500000000001,6.4,0.439999999999996));
#4323=CARTESIAN_POINT('',(-6.57500000000001,6.4,0.439999999999996));
#4324=CARTESIAN_POINT('',(2.235,6.4,0.439999999999996));
#4325=CARTESIAN_POINT('',(-5.425,6.4,0.439999999999996));
#4326=CARTESIAN_POINT('',(-5.425,6.4,0.439999999999996));
#4327=CARTESIAN_POINT('',(-5.425,6.4,0.239999999999995));
#4328=CARTESIAN_POINT('',(-5.425,6.4,0.239999999999995));
#4329=CARTESIAN_POINT('',(-4.645,6.4,0.239999999999994));
#4330=CARTESIAN_POINT('',(-4.645,6.4,0.369999999999994));
#4331=CARTESIAN_POINT('',(-4.645,6.4,0.369999999999994));
#4332=CARTESIAN_POINT('',(2.235,6.4,0.36999999999996));
#4333=CARTESIAN_POINT('',(-4.65,6.4,0.36999999999996));
#4334=CARTESIAN_POINT('',(-4.65,6.4,0.439999999999996));
#4335=CARTESIAN_POINT('',(-4.65,6.4,1.08999999999996));
#4336=CARTESIAN_POINT('',(2.235,6.4,1.08999999999996));
#4337=CARTESIAN_POINT('',(-4.35,6.4,1.08999999999996));
#4338=CARTESIAN_POINT('',(-4.35,6.4,0.439999999999996));
#4339=CARTESIAN_POINT('',(-4.35,6.4,0.36999999999996));
#4340=CARTESIAN_POINT('',(2.235,6.4,0.36999999999996));
#4341=CARTESIAN_POINT('',(-4.355,6.4,0.369999999999994));
#4342=CARTESIAN_POINT('',(-4.355,6.4,0.369999999999994));
#4343=CARTESIAN_POINT('',(-4.355,6.4,0.239999999999994));
#4344=CARTESIAN_POINT('',(-5.425,6.4,0.239999999999995));
#4345=CARTESIAN_POINT('',(-3.145,6.4,0.239999999999994));
#4346=CARTESIAN_POINT('',(-3.145,6.4,0.369999999999994));
#4347=CARTESIAN_POINT('',(-3.145,6.4,0.369999999999994));
#4348=CARTESIAN_POINT('',(2.235,6.4,0.36999999999996));
#4349=CARTESIAN_POINT('',(-3.15,6.4,0.36999999999996));
#4350=CARTESIAN_POINT('',(-3.15,6.4,0.439999999999996));
#4351=CARTESIAN_POINT('',(-3.15,6.4,1.08999999999996));
#4352=CARTESIAN_POINT('',(2.235,6.4,1.08999999999996));
#4353=CARTESIAN_POINT('',(-2.85,6.4,1.08999999999996));
#4354=CARTESIAN_POINT('',(-2.85,6.4,0.439999999999996));
#4355=CARTESIAN_POINT('',(-2.85,6.4,0.36999999999996));
#4356=CARTESIAN_POINT('',(2.235,6.4,0.36999999999996));
#4357=CARTESIAN_POINT('',(-2.855,6.4,0.369999999999994));
#4358=CARTESIAN_POINT('',(-2.855,6.4,0.369999999999994));
#4359=CARTESIAN_POINT('',(-2.855,6.4,0.239999999999994));
#4360=CARTESIAN_POINT('',(-5.425,6.4,0.239999999999995));
#4361=CARTESIAN_POINT('',(-1.645,6.4,0.239999999999994));
#4362=CARTESIAN_POINT('',(-1.645,6.4,0.369999999999994));
#4363=CARTESIAN_POINT('',(-1.645,6.4,0.369999999999994));
#4364=CARTESIAN_POINT('',(2.235,6.4,0.36999999999996));
#4365=CARTESIAN_POINT('',(-1.65,6.4,0.36999999999996));
#4366=CARTESIAN_POINT('',(-1.65,6.4,0.439999999999996));
#4367=CARTESIAN_POINT('',(-1.65,6.4,1.08999999999996));
#4368=CARTESIAN_POINT('',(2.235,6.4,1.08999999999996));
#4369=CARTESIAN_POINT('',(-1.35,6.4,1.08999999999996));
#4370=CARTESIAN_POINT('',(-1.35,6.4,0.439999999999996));
#4371=CARTESIAN_POINT('',(-1.35,6.4,0.36999999999996));
#4372=CARTESIAN_POINT('',(2.235,6.4,0.36999999999996));
#4373=CARTESIAN_POINT('',(-1.355,6.4,0.369999999999994));
#4374=CARTESIAN_POINT('',(-1.355,6.4,0.369999999999994));
#4375=CARTESIAN_POINT('',(-1.355,6.4,0.239999999999994));
#4376=CARTESIAN_POINT('',(-5.425,6.4,0.239999999999995));
#4377=CARTESIAN_POINT('',(-0.144999999999999,6.4,0.239999999999994));
#4378=CARTESIAN_POINT('',(-0.144999999999999,6.4,0.369999999999994));
#4379=CARTESIAN_POINT('',(-0.144999999999999,6.4,0.369999999999994));
#4380=CARTESIAN_POINT('',(2.235,6.4,0.36999999999996));
#4381=CARTESIAN_POINT('',(-0.15,6.4,0.36999999999996));
#4382=CARTESIAN_POINT('',(-0.15,6.4,0.439999999999996));
#4383=CARTESIAN_POINT('',(-0.15,6.4,1.08999999999996));
#4384=CARTESIAN_POINT('',(2.235,6.4,1.08999999999996));
#4385=CARTESIAN_POINT('',(0.15,6.4,1.08999999999996));
#4386=CARTESIAN_POINT('',(0.15,6.4,0.439999999999996));
#4387=CARTESIAN_POINT('',(0.15,6.4,0.36999999999996));
#4388=CARTESIAN_POINT('',(2.235,6.4,0.36999999999996));
#4389=CARTESIAN_POINT('',(0.145000000000001,6.4,0.369999999999994));
#4390=CARTESIAN_POINT('',(0.145000000000001,6.4,0.369999999999994));
#4391=CARTESIAN_POINT('',(0.145000000000001,6.4,0.239999999999994));
#4392=CARTESIAN_POINT('',(-5.425,6.4,0.239999999999995));
#4393=CARTESIAN_POINT('',(0.924999999999999,6.4,0.239999999999994));
#4394=CARTESIAN_POINT('',(0.924999999999999,6.4,0.239999999999994));
#4395=CARTESIAN_POINT('',(0.924999999999999,6.4,0.439999999999993));
#4396=CARTESIAN_POINT('',(2.235,6.4,0.439999999999996));
#4397=CARTESIAN_POINT('',(2.075,6.4,0.439999999999996));
#4398=CARTESIAN_POINT('',(2.075,6.4,0.439999999999996));
#4399=CARTESIAN_POINT('',(2.075,6.4,1.71000000000008));
#4400=CARTESIAN_POINT('',(2.235,6.4,1.71000000000008));
#4401=CARTESIAN_POINT('',(2.065,6.4,1.71000000000008));
#4402=CARTESIAN_POINT('',(2.065,6.4,1.54000000000008));
#4403=CARTESIAN_POINT('',(2.065,6.4,1.54000000000008));
#4404=CARTESIAN_POINT('',(1.175,6.4,1.54000000000008));
#4405=CARTESIAN_POINT('',(1.175,6.4,1.54000000000008));
#4406=CARTESIAN_POINT('',(1.175,6.4,1.71000000000008));
#4407=CARTESIAN_POINT('',(1.175,6.4,1.76000000000008));
#4408=CARTESIAN_POINT('',(1.175,6.4,1.76000000000008));
#4409=CARTESIAN_POINT('',(-5.675,6.4,1.76000000000008));
#4410=CARTESIAN_POINT('',(-5.675,6.4,1.54));
#4411=CARTESIAN_POINT('',(-5.675,6.4,1.54));
#4412=CARTESIAN_POINT('',(-6.565,6.4,1.53999999999999));
#4413=CARTESIAN_POINT('',(-6.565,6.4,1.53999999999999));
#4414=CARTESIAN_POINT('',(-6.565,6.4,1.71000000000008));
#4415=CARTESIAN_POINT('',(2.235,6.4,0.439999999999996));
#4416=CARTESIAN_POINT('',(-6.725,6.4,1.71000000000008));
#4417=CARTESIAN_POINT('',(-6.72500000000001,4.9,1.71000000000008));
#4418=CARTESIAN_POINT('',(2.235,4.9,1.71000000000008));
#4419=CARTESIAN_POINT('',(-6.57500000000001,4.9,1.71000000000008));
#4420=CARTESIAN_POINT('',(-6.57500000000001,6.4,1.71000000000008));
#4421=CARTESIAN_POINT('',(-6.565,4.75,1.71000000000008));
#4422=CARTESIAN_POINT('',(-6.565,4.75,1.71000000000008));
#4423=CARTESIAN_POINT('',(-5.675,4.75,1.71000000000008));
#4424=CARTESIAN_POINT('',(-5.675,4.75,1.71000000000008));
#4425=CARTESIAN_POINT('',(-5.675,5.34999999999999,1.71000000000008));
#4426=CARTESIAN_POINT('',(-5.675,2.05,1.71000000000008));
#4427=CARTESIAN_POINT('',(2.235,2.05,1.71000000000008));
#4428=CARTESIAN_POINT('',(-6.735,2.05,1.71000000000008));
#4429=CARTESIAN_POINT('',(-6.735,6.4,1.71000000000008));
#4430=CARTESIAN_POINT('',(2.235,6.4,1.71000000000008));
#4431=CARTESIAN_POINT('',(2.235,2.2,0.439999999999996));
#4432=CARTESIAN_POINT('',(-6.725,2.2,0.439999999999996));
#4433=CARTESIAN_POINT('',(-6.575,2.2,0.439999999999996));
#4434=CARTESIAN_POINT('',(-6.725,2.05,0.439999999999996));
#4435=CARTESIAN_POINT('',(-6.735,2.05,0.439999999999996));
#4436=CARTESIAN_POINT('',(-6.735,2.05,0.439999999999996));
#4437=CARTESIAN_POINT('',(2.235,2.05,0.439999999999996));
#4438=CARTESIAN_POINT('',(-6.565,2.05,0.439999999999996));
#4439=CARTESIAN_POINT('',(-6.565,2.35,0.439999999999996));
#4440=CARTESIAN_POINT('',(-6.565,2.35,0.439999999999996));
#4441=CARTESIAN_POINT('',(-5.425,2.35,0.439999999999996));
#4442=CARTESIAN_POINT('',(-5.425,2.35,0.439999999999996));
#4443=CARTESIAN_POINT('',(-5.425,4.25,0.439999999999996));
#4444=CARTESIAN_POINT('',(-6.57500000000001,2.05,0.439999999999996));
#4445=CARTESIAN_POINT('',(2.235,2.05,0.439999999999996));
#4446=CARTESIAN_POINT('',(2.065,2.05,0.199999999999999));
#4447=CARTESIAN_POINT('',(2.065,2.35,0.199999999999999));
#4448=CARTESIAN_POINT('',(2.065,3.85,0.199999999999999));
#4449=CARTESIAN_POINT('',(2.065,3.85,0.199999999999999));
#4450=CARTESIAN_POINT('',(2.625,3.85,0.2));
#4451=CARTESIAN_POINT('',(2.625,3.85,0.199999999999998));
#4452=CARTESIAN_POINT('',(2.625,2.05,0.199999999999998));
#4453=CARTESIAN_POINT('',(2.625,2.05,0.199999999999998));
#4454=CARTESIAN_POINT('',(2.065,2.05,0.2));
#4455=CARTESIAN_POINT('',(2.065,2.05,0.199999999999999));
#4456=CARTESIAN_POINT('',(2.08005102572168,2.2,0.199999999999999));
#4457=CARTESIAN_POINT('',(2.08005102572168,3.7,0.199999999999999));
#4458=CARTESIAN_POINT('',(2.08005102572168,2.2,0.199999999999999));
#4459=CARTESIAN_POINT('',(-1.98447719070999E-17,2.2,0.199999999999998));
#4460=CARTESIAN_POINT('',(2.23839745962156,2.2,0.199999999999999));
#4461=CARTESIAN_POINT('',(2.23839745962156,2.2,0.199999999999999));
#4462=CARTESIAN_POINT('',(2.23839745962156,3.7,0.199999999999999));
#4463=CARTESIAN_POINT('',(-1.98447719071023E-17,3.7,0.199999999999998));
#4464=CARTESIAN_POINT('',(-1.98447719070999E-17,0.,0.199999999999998));
#4465=CARTESIAN_POINT('',(-4.355,4.6,0.369999999999994));
#4466=CARTESIAN_POINT('',(-4.355,4.6,0.369999999999994));
#4467=CARTESIAN_POINT('',(-4.355,4.7,0.369999999999994));
#4468=CARTESIAN_POINT('',(-4.35,4.7,0.36999999999996));
#4469=CARTESIAN_POINT('',(-4.645,4.7,0.369999999999994));
#4470=CARTESIAN_POINT('',(-4.645,6.4,0.369999999999994));
#4471=CARTESIAN_POINT('',(-4.645,4.6,0.369999999999994));
#4472=CARTESIAN_POINT('',(-4.645,4.6,0.369999999999994));
#4473=CARTESIAN_POINT('',(-2.24317690859064E-17,1.08091434558369E-32,0.369999999999994));
#4474=CARTESIAN_POINT('',(-7.125,7.79,0.0399999999999829));
#4475=CARTESIAN_POINT('',(-4.65,7.79,0.039999999999987));
#4476=CARTESIAN_POINT('',(-4.35,7.79,0.0399999999999875));
#4477=CARTESIAN_POINT('',(-4.35,8.15,0.0399999999999876));
#4478=CARTESIAN_POINT('',(-4.35,8.15,0.0399999999999828));
#4479=CARTESIAN_POINT('',(-7.125,8.15,0.0399999999999829));
#4480=CARTESIAN_POINT('',(-3.15,8.15,0.0399999999999896));
#4481=CARTESIAN_POINT('',(-3.15,8.15,0.0399999999999896));
#4482=CARTESIAN_POINT('',(-3.15,7.79,0.0399999999999895));
#4483=CARTESIAN_POINT('',(-7.125,7.79,0.0399999999999829));
#4484=CARTESIAN_POINT('',(-2.85,7.79,0.03999999999999));
#4485=CARTESIAN_POINT('',(-2.85,8.15,0.0399999999999901));
#4486=CARTESIAN_POINT('',(-2.85,8.15,0.0399999999999828));
#4487=CARTESIAN_POINT('',(-7.125,8.15,0.0399999999999829));
#4488=CARTESIAN_POINT('',(-1.65,8.15,0.039999999999992));
#4489=CARTESIAN_POINT('',(-1.65,8.15,0.039999999999992));
#4490=CARTESIAN_POINT('',(-1.65,7.79,0.039999999999992));
#4491=CARTESIAN_POINT('',(-7.125,7.79,0.0399999999999829));
#4492=CARTESIAN_POINT('',(-1.35,7.79,0.0399999999999925));
#4493=CARTESIAN_POINT('',(-1.35,8.15,0.0399999999999925));
#4494=CARTESIAN_POINT('',(-1.35,8.15,0.0399999999999828));
#4495=CARTESIAN_POINT('',(-7.125,8.15,0.0399999999999829));
#4496=CARTESIAN_POINT('',(-0.15,8.15,0.0399999999999945));
#4497=CARTESIAN_POINT('',(-0.15,8.15,0.0399999999999945));
#4498=CARTESIAN_POINT('',(-0.15,7.79,0.0399999999999945));
#4499=CARTESIAN_POINT('',(-7.125,7.79,0.0399999999999829));
#4500=CARTESIAN_POINT('',(0.15,7.79,0.039999999999995));
#4501=CARTESIAN_POINT('',(0.15,8.15,0.039999999999995));
#4502=CARTESIAN_POINT('',(0.15,8.15,0.0399999999999828));
#4503=CARTESIAN_POINT('',(-7.125,8.15,0.0399999999999829));
#4504=CARTESIAN_POINT('',(2.625,8.15,0.0399999999999991));
#4505=CARTESIAN_POINT('',(2.625,8.15,0.0399999999999991));
#4506=CARTESIAN_POINT('',(2.625,3.85,0.0399999999999997));
#4507=CARTESIAN_POINT('',(2.065,3.85,0.0399999999999994));
#4508=CARTESIAN_POINT('',(2.065,3.85,0.0399999999999994));
#4509=CARTESIAN_POINT('',(2.065,2.05,0.0399999999999994));
#4510=CARTESIAN_POINT('',(2.065,2.35,0.0399999999999994));
#4511=CARTESIAN_POINT('',(2.06499999999999,2.35,0.0399999999999979));
#4512=CARTESIAN_POINT('',(0.924999999999999,2.35,0.0399999999999962));
#4513=CARTESIAN_POINT('',(0.924999999999999,2.35,0.0399999999999962));
#4514=CARTESIAN_POINT('',(0.925,4.25,0.039999999999991));
#4515=CARTESIAN_POINT('',(0.924999999999995,4.25,0.0399999999999962));
#4516=CARTESIAN_POINT('',(-5.425,4.25,0.0399999999999858));
#4517=CARTESIAN_POINT('',(-5.425,4.25,0.0399999999999858));
#4518=CARTESIAN_POINT('',(-5.425,2.35,0.0399999999999849));
#4519=CARTESIAN_POINT('',(-5.42500000000001,2.35,0.0399999999999858));
#4520=CARTESIAN_POINT('',(-6.565,2.35,0.0399999999999977));
#4521=CARTESIAN_POINT('',(-6.565,3.85,0.0399999999999977));
#4522=CARTESIAN_POINT('',(-6.565,3.85,0.0399999999999977));
#4523=CARTESIAN_POINT('',(-7.125,3.85,0.0399999999999977));
#4524=CARTESIAN_POINT('',(-7.125,3.85,0.0399999999999977));
#4525=CARTESIAN_POINT('',(-7.125,8.15,0.0399999999999828));
#4526=CARTESIAN_POINT('',(-7.125,8.15,0.0399999999999828));
#4527=CARTESIAN_POINT('',(-7.125,8.15,0.0399999999999829));
#4528=CARTESIAN_POINT('',(-4.65,8.15,0.0399999999999871));
#4529=CARTESIAN_POINT('',(-4.65,8.15,0.0399999999999871));
#4530=CARTESIAN_POINT('',(-7.125,8.15,0.0399999999999829));
#4531=CARTESIAN_POINT('',(-4.35,8.15,0.));
#4532=CARTESIAN_POINT('',(-4.35,8.15,0.310501256289297));
#4533=CARTESIAN_POINT('',(-4.35,8.15,0.310501256289297));
#4534=CARTESIAN_POINT('',(-4.65,8.15,0.310501256289297));
#4535=CARTESIAN_POINT('',(-4.65,8.15,0.));
#4536=CARTESIAN_POINT('',(-7.125,8.15,1.99999999999998));
#4537=CARTESIAN_POINT('',(-7.125,8.15,1.99999999999998));
#4538=CARTESIAN_POINT('',(2.625,8.15,2.));
#4539=CARTESIAN_POINT('',(2.625,8.15,2.));
#4540=CARTESIAN_POINT('',(2.625,8.15,0.0399999999999991));
#4541=CARTESIAN_POINT('',(0.15,8.15,0.));
#4542=CARTESIAN_POINT('',(0.15,8.15,0.310501256289297));
#4543=CARTESIAN_POINT('',(0.15,8.15,0.310501256289297));
#4544=CARTESIAN_POINT('',(-0.15,8.15,0.310501256289297));
#4545=CARTESIAN_POINT('',(-0.15,8.15,0.));
#4546=CARTESIAN_POINT('',(-1.35,8.15,0.));
#4547=CARTESIAN_POINT('',(-1.35,8.15,0.310501256289297));
#4548=CARTESIAN_POINT('',(-1.35,8.15,0.310501256289297));
#4549=CARTESIAN_POINT('',(-1.65,8.15,0.310501256289297));
#4550=CARTESIAN_POINT('',(-1.65,8.15,0.));
#4551=CARTESIAN_POINT('',(-2.85,8.15,0.));
#4552=CARTESIAN_POINT('',(-2.85,8.15,0.310501256289297));
#4553=CARTESIAN_POINT('',(-2.85,8.15,0.310501256289297));
#4554=CARTESIAN_POINT('',(-3.15,8.15,0.310501256289297));
#4555=CARTESIAN_POINT('',(-3.15,8.15,0.));
#4556=CARTESIAN_POINT('',(0.,8.15,0.));
#4557=CARTESIAN_POINT('',(2.225,6.4,0.439999999999996));
#4558=CARTESIAN_POINT('',(2.225,6.4,0.439999999999996));
#4559=CARTESIAN_POINT('',(2.225,6.4,1.71000000000008));
#4560=CARTESIAN_POINT('',(2.235,6.4,0.439999999999996));
#4561=CARTESIAN_POINT('',(2.235,6.4,0.439999999999996));
#4562=CARTESIAN_POINT('',(2.235,6.4,0.439999999999996));
#4563=CARTESIAN_POINT('',(2.235,6.4,1.71000000000008));
#4564=CARTESIAN_POINT('',(2.235,6.4,1.71000000000008));
#4565=CARTESIAN_POINT('',(2.235,6.4,0.439999999999996));
#4566=CARTESIAN_POINT('',(-2.855,4.6,0.369999999999994));
#4567=CARTESIAN_POINT('',(-2.855,4.6,0.369999999999994));
#4568=CARTESIAN_POINT('',(-2.855,4.7,0.369999999999994));
#4569=CARTESIAN_POINT('',(-2.85,4.7,0.36999999999996));
#4570=CARTESIAN_POINT('',(-3.145,4.7,0.369999999999994));
#4571=CARTESIAN_POINT('',(-3.145,6.4,0.369999999999994));
#4572=CARTESIAN_POINT('',(-3.145,4.6,0.369999999999994));
#4573=CARTESIAN_POINT('',(-3.145,4.6,0.369999999999994));
#4574=CARTESIAN_POINT('',(-2.24317690859064E-17,0.,0.369999999999994));
#4575=CARTESIAN_POINT('',(-1.355,4.6,0.369999999999994));
#4576=CARTESIAN_POINT('',(-1.355,4.6,0.369999999999994));
#4577=CARTESIAN_POINT('',(-1.355,4.7,0.369999999999994));
#4578=CARTESIAN_POINT('',(-1.35,4.7,0.36999999999996));
#4579=CARTESIAN_POINT('',(-1.645,4.7,0.369999999999994));
#4580=CARTESIAN_POINT('',(-1.645,6.4,0.369999999999994));
#4581=CARTESIAN_POINT('',(-1.645,4.6,0.369999999999994));
#4582=CARTESIAN_POINT('',(-1.645,4.6,0.369999999999994));
#4583=CARTESIAN_POINT('',(-2.24317690859065E-17,2.70228586395922E-33,0.369999999999994));
#4584=CARTESIAN_POINT('',(0.145,4.6,0.369999999999994));
#4585=CARTESIAN_POINT('',(0.145,4.6,0.369999999999994));
#4586=CARTESIAN_POINT('',(0.145000000000001,4.7,0.369999999999994));
#4587=CARTESIAN_POINT('',(0.15,4.7,0.36999999999996));
#4588=CARTESIAN_POINT('',(-0.145,4.7,0.369999999999994));
#4589=CARTESIAN_POINT('',(-0.144999999999999,6.4,0.369999999999994));
#4590=CARTESIAN_POINT('',(-0.145,4.6,0.369999999999994));
#4591=CARTESIAN_POINT('',(-0.145,4.6,0.369999999999994));
#4592=CARTESIAN_POINT('',(-2.24317690859064E-17,5.40457172791843E-33,0.369999999999994));
#4593=CARTESIAN_POINT('',(2.075,2.05,0.439999999999996));
#4594=CARTESIAN_POINT('',(2.075,2.2,0.439999999999996));
#4595=CARTESIAN_POINT('',(0.924999999999999,2.35,0.439999999999996));
#4596=CARTESIAN_POINT('',(0.924999999999999,2.35,0.439999999999996));
#4597=CARTESIAN_POINT('',(2.065,2.35,0.439999999999996));
#4598=CARTESIAN_POINT('',(2.065,2.35,0.439999999999996));
#4599=CARTESIAN_POINT('',(2.065,2.05,0.439999999999996));
#4600=CARTESIAN_POINT('',(2.065,2.05,0.439999999999996));
#4601=CARTESIAN_POINT('',(2.235,2.05,0.439999999999996));
#4602=CARTESIAN_POINT('',(2.235,2.05,0.439999999999996));
#4603=CARTESIAN_POINT('',(2.235,2.05,0.439999999999996));
#4604=CARTESIAN_POINT('',(2.225,2.05,0.439999999999996));
#4605=CARTESIAN_POINT('',(2.225,2.2,0.439999999999996));
#4606=CARTESIAN_POINT('',(2.235,2.2,0.439999999999996));
#4607=CARTESIAN_POINT('',(2.235,2.05,0.439999999999996));
#4608=CARTESIAN_POINT('',(1.175,5.35,1.76000000000008));
#4609=CARTESIAN_POINT('',(1.175,5.35,1.76000000000008));
#4610=CARTESIAN_POINT('',(0.675,5.35,1.76000000000008));
#4611=CARTESIAN_POINT('',(1.175,5.35,-0.870999999999184));
#4612=CARTESIAN_POINT('',(1.175,5.35,2.));
#4613=CARTESIAN_POINT('',(1.175,5.35,2.));
#4614=CARTESIAN_POINT('',(0.675,5.35,2.));
#4615=CARTESIAN_POINT('',(0.675,5.35,-0.870999999999185));
#4616=CARTESIAN_POINT('',(1.175,5.35,-0.870999999999184));
#4617=CARTESIAN_POINT('',(0.675,5.35,1.76000000000008));
#4618=CARTESIAN_POINT('',(0.675,4.05,1.76000000000008));
#4619=CARTESIAN_POINT('',(0.675,5.35,2.));
#4620=CARTESIAN_POINT('',(0.675,4.05,2.));
#4621=CARTESIAN_POINT('',(0.675,4.05,-0.870999999999185));
#4622=CARTESIAN_POINT('',(0.675,5.35,-0.870999999999185));
#4623=CARTESIAN_POINT('',(-5.175,4.05,1.76000000000008));
#4624=CARTESIAN_POINT('',(-5.175,4.05,1.76000000000008));
#4625=CARTESIAN_POINT('',(-5.175,5.35,1.76000000000008));
#4626=CARTESIAN_POINT('',(-5.175,4.05,-0.870999999999187));
#4627=CARTESIAN_POINT('',(-5.175,4.05,2.));
#4628=CARTESIAN_POINT('',(-5.175,4.05,2.));
#4629=CARTESIAN_POINT('',(-5.175,5.35,2.));
#4630=CARTESIAN_POINT('',(-5.175,5.35,-0.870999999999187));
#4631=CARTESIAN_POINT('',(-5.175,4.05,-0.870999999999187));
#4632=CARTESIAN_POINT('',(-5.175,5.35,1.76000000000008));
#4633=CARTESIAN_POINT('',(-5.675,5.35,1.76000000000008));
#4634=CARTESIAN_POINT('',(-5.175,5.35,2.));
#4635=CARTESIAN_POINT('',(-5.675,5.34999999999999,2.));
#4636=CARTESIAN_POINT('',(-5.675,5.34999999999999,-0.870999999999187));
#4637=CARTESIAN_POINT('',(-5.175,5.35,-0.870999999999187));
#4638=CARTESIAN_POINT('',(0.925000000000001,4.25,0.239999999999994));
#4639=CARTESIAN_POINT('',(-5.425,4.25,0.239999999999995));
#4640=CARTESIAN_POINT('',(0.924999999999999,4.25,0.239999999999994));
#4641=CARTESIAN_POINT('',(-5.425,4.25,-3.51999999999997));
#4642=CARTESIAN_POINT('',(0.925,4.25,-3.51999999999997));
#4643=CARTESIAN_POINT('',(0.925000000000001,4.25,-3.51999999999997));
#4644=CARTESIAN_POINT('',(-2.55,4.85,1.76000000000008));
#4645=CARTESIAN_POINT('',(-2.55,4.85,1.76000000000008));
#4646=CARTESIAN_POINT('',(-1.95,4.85,1.76000000000008));
#4647=CARTESIAN_POINT('',(-2.55,4.85,-0.870999999999202));
#4648=CARTESIAN_POINT('',(-2.55,4.85,2.));
#4649=CARTESIAN_POINT('',(-2.55,4.85,2.));
#4650=CARTESIAN_POINT('',(-1.95,4.85,2.));
#4651=CARTESIAN_POINT('',(-1.95,4.85,-0.870999999999202));
#4652=CARTESIAN_POINT('',(-2.55,4.85,-0.870999999999202));
#4653=CARTESIAN_POINT('',(-2.55,5.75,1.76000000000008));
#4654=CARTESIAN_POINT('',(-2.55,5.75,1.76000000000008));
#4655=CARTESIAN_POINT('',(-2.55,5.75,-0.870999999999202));
#4656=CARTESIAN_POINT('',(-2.55,5.75,2.));
#4657=CARTESIAN_POINT('',(-2.55,5.75,2.));
#4658=CARTESIAN_POINT('',(-2.55,5.75,-0.870999999999202));
#4659=CARTESIAN_POINT('',(-1.95,4.85,1.76000000000008));
#4660=CARTESIAN_POINT('',(-1.95,5.75,1.76000000000008));
#4661=CARTESIAN_POINT('',(-1.95,4.85,2.));
#4662=CARTESIAN_POINT('',(-1.95,5.75,1.99999999999999));
#4663=CARTESIAN_POINT('',(-1.95,5.75,-0.870999999999202));
#4664=CARTESIAN_POINT('',(-1.95,4.85,-0.870999999999202));
#4665=CARTESIAN_POINT('',(-1.95,5.75,1.76000000000008));
#4666=CARTESIAN_POINT('',(-1.95,5.75,2.));
#4667=CARTESIAN_POINT('',(-1.95,5.75,-0.870999999999202));
#4668=CARTESIAN_POINT('',(-7.125,2.05,1.99999999999998));
#4669=CARTESIAN_POINT('',(-7.125,2.05,1.99999999999998));
#4670=CARTESIAN_POINT('',(-7.125,2.05,0.199999999999998));
#4671=CARTESIAN_POINT('',(-6.565,2.05,0.199999999999998));
#4672=CARTESIAN_POINT('',(-6.565,2.05,0.199999999999998));
#4673=CARTESIAN_POINT('',(-6.565,2.05,-3.51999999999997));
#4674=CARTESIAN_POINT('',(-6.735,2.05,1.71000000000008));
#4675=CARTESIAN_POINT('',(-5.675,2.05,-0.870999999999187));
#4676=CARTESIAN_POINT('',(-5.675,2.05,2.));
#4677=CARTESIAN_POINT('',(2.625,2.05,2.));
#4678=CARTESIAN_POINT('',(0.,2.05,0.));
#4679=CARTESIAN_POINT('',(2.065,2.05,-3.51999999999997));
#4680=CARTESIAN_POINT('',(2.625,2.05,0.0399999999999991));
#4681=CARTESIAN_POINT('',(2.625,2.05,2.));
#4682=CARTESIAN_POINT('',(2.625,2.05,2.));
#4683=CARTESIAN_POINT('',(1.175,2.05,2.));
#4684=CARTESIAN_POINT('',(1.175,2.05,-0.870999999999185));
#4685=CARTESIAN_POINT('',(1.175,2.05,1.71000000000008));
#4686=CARTESIAN_POINT('',(2.235,2.05,1.71000000000008));
#4687=CARTESIAN_POINT('',(2.235,2.05,1.71000000000008));
#4688=CARTESIAN_POINT('',(2.235,2.05,1.71000000000008));
#4689=CARTESIAN_POINT('',(0.,2.05,0.));
#4690=CARTESIAN_POINT('',(-7.125,3.85,0.199999999999998));
#4691=CARTESIAN_POINT('',(-7.125,3.85,0.199999999999998));
#4692=CARTESIAN_POINT('',(-7.125,2.05,0.199999999999998));
#4693=CARTESIAN_POINT('',(-7.125,8.15,1.99999999999998));
#4694=CARTESIAN_POINT('',(-7.125,8.15,1.99999999999998));
#4695=CARTESIAN_POINT('',(2.075,6.4,1.71000000000008));
#4696=CARTESIAN_POINT('',(2.075,4.9,1.71000000000008));
#4697=CARTESIAN_POINT('',(2.235,4.9,1.71000000000008));
#4698=CARTESIAN_POINT('',(2.225,4.9,1.71000000000008));
#4699=CARTESIAN_POINT('',(2.225,6.4,1.71000000000008));
#4700=CARTESIAN_POINT('',(2.235,6.4,1.71000000000008));
#4701=CARTESIAN_POINT('',(1.175,2.05,1.71000000000008));
#4702=CARTESIAN_POINT('',(1.175,4.75,1.71000000000008));
#4703=CARTESIAN_POINT('',(2.065,4.75,1.71000000000008));
#4704=CARTESIAN_POINT('',(2.065,4.75,1.71000000000008));
#4705=CARTESIAN_POINT('',(2.065,4.75,1.71000000000008));
#4706=CARTESIAN_POINT('',(2.235,6.4,1.71000000000008));
#4707=CARTESIAN_POINT('',(2.625,3.85,0.2));
#4708=CARTESIAN_POINT('',(2.625,8.15,2.));
#4709=CARTESIAN_POINT('',(2.625,8.15,0.0399999999999991));
#4710=CARTESIAN_POINT('',(-4.805,4.91,2.));
#4711=CARTESIAN_POINT('',(-4.805,4.91,2.));
#4712=CARTESIAN_POINT('',(-4.555,4.41,2.));
#4713=CARTESIAN_POINT('',(-4.305,4.91,2.));
#4714=CARTESIAN_POINT('',(-4.305,4.91,1.99999999999999));
#4715=CARTESIAN_POINT('',(-4.555,4.41,2.));
#4716=CARTESIAN_POINT('',(-5.675,5.34999999999999,2.));
#4717=CARTESIAN_POINT('',(0.675,4.05,2.));
#4718=CARTESIAN_POINT('',(1.175,2.05,2.));
#4719=CARTESIAN_POINT('',(2.625,8.15,2.));
#4720=CARTESIAN_POINT('',(2.235,0.,0.));
#4721=CARTESIAN_POINT('',(-6.735,0.,0.));
#4722=CARTESIAN_POINT('',(1.175,-16.865,1.76000000000008));
#4723=CARTESIAN_POINT('',(1.175,4.75,1.54000000000008));
#4724=CARTESIAN_POINT('',(1.175,4.75,1.54000000000008));
#4725=CARTESIAN_POINT('',(1.175,4.75,1.71000000000008));
#4726=CARTESIAN_POINT('',(1.175,2.05,-0.870999999999184));
#4727=CARTESIAN_POINT('',(1.175,4.05,1.76000000000008));
#4728=CARTESIAN_POINT('',(0.675,4.05,-0.870999999999185));
#4729=CARTESIAN_POINT('',(-5.675,4.75,1.54));
#4730=CARTESIAN_POINT('',(-5.675,4.75,1.54));
#4731=CARTESIAN_POINT('',(-5.675,4.75,1.54));
#4732=CARTESIAN_POINT('',(-5.675,-16.865,1.76000000000008));
#4733=CARTESIAN_POINT('',(-5.675,5.34999999999999,-0.870999999999187));
#4734=CARTESIAN_POINT('',(2.065,2.35,-3.51999999999997));
#4735=CARTESIAN_POINT('',(2.065,2.05,-3.51999999999997));
#4736=CARTESIAN_POINT('',(0.924999999999999,2.35,-3.51999999999997));
#4737=CARTESIAN_POINT('',(2.065,2.35,-3.51999999999997));
#4738=CARTESIAN_POINT('',(2.065,2.35,-3.51999999999997));
#4739=CARTESIAN_POINT('',(0.924999999999999,-16.865,0.239999999999994));
#4740=CARTESIAN_POINT('',(0.924999999999999,2.35,-3.51999999999997));
#4741=CARTESIAN_POINT('',(-6.565,3.85,0.199999999999998));
#4742=CARTESIAN_POINT('',(-6.565,2.35,0.199999999999998));
#4743=CARTESIAN_POINT('',(-6.565,2.35,-3.51999999999997));
#4744=CARTESIAN_POINT('',(-6.565,2.35,-3.51999999999997));
#4745=CARTESIAN_POINT('',(-5.425,-16.865,0.239999999999995));
#4746=CARTESIAN_POINT('',(-5.425,2.35,-3.51999999999997));
#4747=CARTESIAN_POINT('',(-5.425,4.25,-3.51999999999997));
#4748=CARTESIAN_POINT('',(-6.565,2.35,-3.51999999999997));
#4749=CARTESIAN_POINT('',(-5.425,2.35,-3.51999999999997));
#4750=CARTESIAN_POINT('',(-6.565,4.75,1.53999999999999));
#4751=CARTESIAN_POINT('',(-6.565,4.75,1.53999999999999));
#4752=CARTESIAN_POINT('',(-6.565,4.75,1.71000000000008));
#4753=CARTESIAN_POINT('',(-6.565,4.75,1.71000000000008));
#4754=CARTESIAN_POINT('',(-6.565,4.75,1.53999999999999));
#4755=CARTESIAN_POINT('',(-6.565,4.75,1.53999999999999));
#4756=CARTESIAN_POINT('',(0.,4.75,0.));
#4757=CARTESIAN_POINT('',(2.065,4.75,1.54000000000008));
#4758=CARTESIAN_POINT('',(2.065,4.75,1.54000000000008));
#4759=CARTESIAN_POINT('',(1.175,4.75,1.54000000000008));
#4760=CARTESIAN_POINT('',(1.175,4.75,1.54000000000008));
#4761=CARTESIAN_POINT('',(2.065,4.75,1.54000000000008));
#4762=CARTESIAN_POINT('',(2.065,4.75,1.54000000000008));
#4763=CARTESIAN_POINT('',(0.,4.75,0.));
#4764=CARTESIAN_POINT('',(-6.565,3.85,0.199999999999998));
#4765=CARTESIAN_POINT('',(-6.565,3.85,0.199999999999998));
#4766=CARTESIAN_POINT('',(-6.565,3.85,0.199999999999998));
#4767=CARTESIAN_POINT('',(-6.565,3.85,0.199999999999998));
#4768=CARTESIAN_POINT('',(-7.125,3.85,0.199999999999998));
#4769=CARTESIAN_POINT('',(-7.125,3.85,0.199999999999998));
#4770=CARTESIAN_POINT('',(0.,2.2,0.199999999999998));
#4771=CARTESIAN_POINT('',(-6.58005102572169,2.2,0.199999999999998));
#4772=CARTESIAN_POINT('',(-6.73839745962156,2.2,0.199999999999998));
#4773=CARTESIAN_POINT('',(-6.58005102572169,2.2,0.199999999999998));
#4774=CARTESIAN_POINT('',(-6.58005102572169,3.7,0.199999999999998));
#4775=CARTESIAN_POINT('',(0.,3.7,0.199999999999998));
#4776=CARTESIAN_POINT('',(-6.73839745962156,3.7,0.199999999999998));
#4777=CARTESIAN_POINT('',(-6.73839745962156,2.2,0.199999999999998));
#4778=CARTESIAN_POINT('',(0.,0.,0.199999999999998));
#4779=CARTESIAN_POINT('',(2.065,3.85,0.199999999999999));
#4780=CARTESIAN_POINT('',(2.065,2.05,0.199999999999999));
#4781=CARTESIAN_POINT('',(2.065,3.85,0.199999999999999));
#4782=CARTESIAN_POINT('',(1.175,-16.865,1.76000000000008));
#4783=CARTESIAN_POINT('',(-4.645,6.4,0.239999999999994));
#4784=CARTESIAN_POINT('',(-4.645,4.6,0.239999999999995));
#4785=CARTESIAN_POINT('',(0.145,4.6,0.239999999999994));
#4786=CARTESIAN_POINT('',(0.145,4.6,0.239999999999994));
#4787=CARTESIAN_POINT('',(-0.145,4.6,0.239999999999994));
#4788=CARTESIAN_POINT('',(-0.145,4.6,0.239999999999994));
#4789=CARTESIAN_POINT('',(-0.144999999999999,6.4,0.239999999999994));
#4790=CARTESIAN_POINT('',(-1.355,4.6,0.239999999999994));
#4791=CARTESIAN_POINT('',(-1.355,4.6,0.239999999999994));
#4792=CARTESIAN_POINT('',(-1.645,4.6,0.239999999999994));
#4793=CARTESIAN_POINT('',(-1.645,4.6,0.239999999999994));
#4794=CARTESIAN_POINT('',(-1.645,6.4,0.239999999999994));
#4795=CARTESIAN_POINT('',(-2.855,4.6,0.239999999999994));
#4796=CARTESIAN_POINT('',(-2.855,4.6,0.239999999999994));
#4797=CARTESIAN_POINT('',(-3.145,4.6,0.239999999999994));
#4798=CARTESIAN_POINT('',(-3.145,4.6,0.239999999999995));
#4799=CARTESIAN_POINT('',(-3.145,6.4,0.239999999999994));
#4800=CARTESIAN_POINT('',(-4.355,4.6,0.239999999999994));
#4801=CARTESIAN_POINT('',(-4.355,4.6,0.239999999999994));
#4802=CARTESIAN_POINT('',(-4.645,4.6,0.239999999999994));
#4803=CARTESIAN_POINT('',(-5.425,-16.865,0.239999999999995));
#4804=CARTESIAN_POINT('',(-0.145,4.6,0.369999999999994));
#4805=CARTESIAN_POINT('',(-0.144999999999999,6.4,0.369999999999994));
#4806=CARTESIAN_POINT('',(-0.144999999999999,6.4,0.369999999999994));
#4807=CARTESIAN_POINT('',(0.145,4.6,0.369999999999994));
#4808=CARTESIAN_POINT('',(-0.145,4.6,0.369999999999994));
#4809=CARTESIAN_POINT('',(0.145,4.6,0.369999999999994));
#4810=CARTESIAN_POINT('',(0.145,4.6,0.369999999999994));
#4811=CARTESIAN_POINT('',(0.15,8.06,1.08999999999996));
#4812=CARTESIAN_POINT('',(0.15,4.7,1.08999999999996));
#4813=CARTESIAN_POINT('',(0.15,4.7,1.08999999999996));
#4814=CARTESIAN_POINT('',(0.15,4.7,0.36999999999996));
#4815=CARTESIAN_POINT('',(0.15,4.7,0.36999999999996));
#4816=CARTESIAN_POINT('',(0.15,8.16,0.409999999999959));
#4817=CARTESIAN_POINT('',(-0.15,8.06,1.08999999999996));
#4818=CARTESIAN_POINT('',(-0.15,4.7,1.08999999999996));
#4819=CARTESIAN_POINT('',(-0.15,4.7,0.36999999999996));
#4820=CARTESIAN_POINT('',(-0.15,4.7,0.36999999999996));
#4821=CARTESIAN_POINT('',(-0.15,4.7,1.08999999999996));
#4822=CARTESIAN_POINT('',(-0.15,8.16,0.409999999999959));
#4823=CARTESIAN_POINT('',(0.15,4.7,1.08999999999996));
#4824=CARTESIAN_POINT('',(0.15,8.06,1.08999999999996));
#4825=CARTESIAN_POINT('',(0.15,4.7,0.36999999999996));
#4826=CARTESIAN_POINT('',(0.15,4.7,0.36999999999996));
#4827=CARTESIAN_POINT('',(0.15,4.7,0.36999999999996));
#4828=CARTESIAN_POINT('',(0.15,4.7,0.36999999999996));
#4829=CARTESIAN_POINT('',(0.15,4.7,1.08999999999996));
#4830=CARTESIAN_POINT('',(-0.15,8.16,0.409999999999959));
#4831=CARTESIAN_POINT('',(-0.15,8.16,0.30999999999996));
#4832=CARTESIAN_POINT('',(0.15,8.16,0.409999999999959));
#4833=CARTESIAN_POINT('',(0.15,8.16,0.30999999999996));
#4834=CARTESIAN_POINT('',(0.15,8.16,0.30999999999996));
#4835=CARTESIAN_POINT('',(0.15,8.16,0.409999999999959));
#4836=CARTESIAN_POINT('',(0.15,7.79,0.36999999999996));
#4837=CARTESIAN_POINT('',(0.15,7.79,-4.01154803819637E-14));
#4838=CARTESIAN_POINT('',(0.15,7.79,-4.01345623401994E-14));
#4839=CARTESIAN_POINT('',(0.15,8.41,-4.01345623401994E-14));
#4840=CARTESIAN_POINT('',(0.15,8.41,-4.00790511889682E-14));
#4841=CARTESIAN_POINT('',(0.15,8.49,0.0799999999999598));
#4842=CARTESIAN_POINT('',(0.15,8.49,0.0799999999999598));
#4843=CARTESIAN_POINT('',(0.15,8.49,0.30999999999996));
#4844=CARTESIAN_POINT('',(0.15,8.49,0.30999999999996));
#4845=CARTESIAN_POINT('',(0.15,8.16,0.409999999999959));
#4846=CARTESIAN_POINT('',(-0.15,7.79,0.36999999999996));
#4847=CARTESIAN_POINT('',(-0.15,7.79,-4.01154803819637E-14));
#4848=CARTESIAN_POINT('',(-0.15,8.49,0.30999999999996));
#4849=CARTESIAN_POINT('',(-0.15,8.49,0.30999999999996));
#4850=CARTESIAN_POINT('',(-0.15,8.49,0.0799999999999598));
#4851=CARTESIAN_POINT('',(-0.15,8.49,0.0799999999999598));
#4852=CARTESIAN_POINT('',(-0.15,8.41,-4.00790511889682E-14));
#4853=CARTESIAN_POINT('',(-0.15,8.41,-4.01345623401994E-14));
#4854=CARTESIAN_POINT('',(-0.15,7.79,-4.01345623401994E-14));
#4855=CARTESIAN_POINT('',(-0.15,8.16,0.409999999999959));
#4856=CARTESIAN_POINT('',(0.15,7.79,-4.01154803819637E-14));
#4857=CARTESIAN_POINT('',(0.15,7.79,0.36999999999996));
#4858=CARTESIAN_POINT('',(0.15,8.41,-4.01345623401994E-14));
#4859=CARTESIAN_POINT('',(0.15,7.79,-4.01345623401994E-14));
#4860=CARTESIAN_POINT('',(0.15,8.49,0.0799999999999598));
#4861=CARTESIAN_POINT('',(0.15,8.41,-4.00790511889682E-14));
#4862=CARTESIAN_POINT('',(0.15,8.49,0.30999999999996));
#4863=CARTESIAN_POINT('',(0.15,8.49,0.0799999999999598));
#4864=CARTESIAN_POINT('',(0.15,8.49,0.30999999999996));
#4865=CARTESIAN_POINT('',(-1.645,4.6,0.369999999999994));
#4866=CARTESIAN_POINT('',(-1.645,6.4,0.369999999999994));
#4867=CARTESIAN_POINT('',(-1.645,6.4,0.369999999999994));
#4868=CARTESIAN_POINT('',(-1.355,4.6,0.369999999999994));
#4869=CARTESIAN_POINT('',(-1.645,4.6,0.369999999999994));
#4870=CARTESIAN_POINT('',(-1.355,4.6,0.369999999999994));
#4871=CARTESIAN_POINT('',(-1.355,4.6,0.369999999999994));
#4872=CARTESIAN_POINT('',(-1.35,8.06,1.08999999999996));
#4873=CARTESIAN_POINT('',(-1.35,4.7,1.08999999999996));
#4874=CARTESIAN_POINT('',(-1.35,4.7,1.08999999999996));
#4875=CARTESIAN_POINT('',(-1.35,4.7,0.36999999999996));
#4876=CARTESIAN_POINT('',(-1.35,4.7,0.36999999999996));
#4877=CARTESIAN_POINT('',(-1.35,8.16,0.409999999999959));
#4878=CARTESIAN_POINT('',(-1.65,8.06,1.08999999999996));
#4879=CARTESIAN_POINT('',(-1.65,4.7,1.08999999999996));
#4880=CARTESIAN_POINT('',(-1.65,4.7,0.36999999999996));
#4881=CARTESIAN_POINT('',(-1.65,4.7,0.36999999999996));
#4882=CARTESIAN_POINT('',(-1.65,4.7,1.08999999999996));
#4883=CARTESIAN_POINT('',(-1.65,8.16,0.409999999999959));
#4884=CARTESIAN_POINT('',(-1.35,4.7,1.08999999999996));
#4885=CARTESIAN_POINT('',(-1.35,8.06,1.08999999999996));
#4886=CARTESIAN_POINT('',(-1.35,4.7,0.36999999999996));
#4887=CARTESIAN_POINT('',(-1.35,4.7,0.36999999999996));
#4888=CARTESIAN_POINT('',(-1.35,4.7,0.36999999999996));
#4889=CARTESIAN_POINT('',(-1.35,4.7,0.36999999999996));
#4890=CARTESIAN_POINT('',(-1.35,4.7,1.08999999999996));
#4891=CARTESIAN_POINT('',(-1.65,8.16,0.409999999999959));
#4892=CARTESIAN_POINT('',(-1.65,8.16,0.30999999999996));
#4893=CARTESIAN_POINT('',(-1.35,8.16,0.409999999999959));
#4894=CARTESIAN_POINT('',(-1.35,8.16,0.30999999999996));
#4895=CARTESIAN_POINT('',(-1.35,8.16,0.30999999999996));
#4896=CARTESIAN_POINT('',(-1.35,8.16,0.409999999999959));
#4897=CARTESIAN_POINT('',(-1.35,7.79,0.36999999999996));
#4898=CARTESIAN_POINT('',(-1.35,7.79,-4.01154803819637E-14));
#4899=CARTESIAN_POINT('',(-1.35,7.79,-4.01345623401994E-14));
#4900=CARTESIAN_POINT('',(-1.35,8.41,-4.01345623401994E-14));
#4901=CARTESIAN_POINT('',(-1.35,8.41,-4.00790511889682E-14));
#4902=CARTESIAN_POINT('',(-1.35,8.49,0.0799999999999598));
#4903=CARTESIAN_POINT('',(-1.35,8.49,0.0799999999999598));
#4904=CARTESIAN_POINT('',(-1.35,8.49,0.30999999999996));
#4905=CARTESIAN_POINT('',(-1.35,8.49,0.30999999999996));
#4906=CARTESIAN_POINT('',(-1.35,8.16,0.409999999999959));
#4907=CARTESIAN_POINT('',(-1.65,7.79,0.36999999999996));
#4908=CARTESIAN_POINT('',(-1.65,7.79,-4.01154803819637E-14));
#4909=CARTESIAN_POINT('',(-1.65,8.49,0.30999999999996));
#4910=CARTESIAN_POINT('',(-1.65,8.49,0.30999999999996));
#4911=CARTESIAN_POINT('',(-1.65,8.49,0.0799999999999598));
#4912=CARTESIAN_POINT('',(-1.65,8.49,0.0799999999999598));
#4913=CARTESIAN_POINT('',(-1.65,8.41,-4.00790511889682E-14));
#4914=CARTESIAN_POINT('',(-1.65,8.41,-4.01345623401994E-14));
#4915=CARTESIAN_POINT('',(-1.65,7.79,-4.01345623401994E-14));
#4916=CARTESIAN_POINT('',(-1.65,8.16,0.409999999999959));
#4917=CARTESIAN_POINT('',(-1.35,7.79,-4.01154803819637E-14));
#4918=CARTESIAN_POINT('',(-1.35,7.79,0.36999999999996));
#4919=CARTESIAN_POINT('',(-1.35,8.41,-4.01345623401994E-14));
#4920=CARTESIAN_POINT('',(-1.35,7.79,-4.01345623401994E-14));
#4921=CARTESIAN_POINT('',(-1.35,8.49,0.0799999999999598));
#4922=CARTESIAN_POINT('',(-1.35,8.41,-4.00790511889682E-14));
#4923=CARTESIAN_POINT('',(-1.35,8.49,0.30999999999996));
#4924=CARTESIAN_POINT('',(-1.35,8.49,0.0799999999999598));
#4925=CARTESIAN_POINT('',(-1.35,8.49,0.30999999999996));
#4926=CARTESIAN_POINT('',(-3.145,4.6,0.369999999999994));
#4927=CARTESIAN_POINT('',(-3.145,6.4,0.369999999999994));
#4928=CARTESIAN_POINT('',(-3.145,6.4,0.369999999999994));
#4929=CARTESIAN_POINT('',(-2.855,4.6,0.369999999999994));
#4930=CARTESIAN_POINT('',(-3.145,4.6,0.369999999999994));
#4931=CARTESIAN_POINT('',(-2.855,4.6,0.369999999999994));
#4932=CARTESIAN_POINT('',(-2.855,4.6,0.369999999999994));
#4933=CARTESIAN_POINT('',(-2.85,8.06,1.08999999999996));
#4934=CARTESIAN_POINT('',(-2.85,4.7,1.08999999999996));
#4935=CARTESIAN_POINT('',(-2.85,4.7,1.08999999999996));
#4936=CARTESIAN_POINT('',(-2.85,4.7,0.36999999999996));
#4937=CARTESIAN_POINT('',(-2.85,4.7,0.36999999999996));
#4938=CARTESIAN_POINT('',(-2.85,8.16,0.409999999999959));
#4939=CARTESIAN_POINT('',(-3.15,8.06,1.08999999999996));
#4940=CARTESIAN_POINT('',(-3.15,4.7,1.08999999999996));
#4941=CARTESIAN_POINT('',(-3.15,4.7,0.36999999999996));
#4942=CARTESIAN_POINT('',(-3.15,4.7,0.36999999999996));
#4943=CARTESIAN_POINT('',(-3.15,4.7,1.08999999999996));
#4944=CARTESIAN_POINT('',(-3.15,8.16,0.409999999999959));
#4945=CARTESIAN_POINT('',(-2.85,4.7,1.08999999999996));
#4946=CARTESIAN_POINT('',(-2.85,8.06,1.08999999999996));
#4947=CARTESIAN_POINT('',(-2.85,4.7,0.36999999999996));
#4948=CARTESIAN_POINT('',(-2.85,4.7,0.36999999999996));
#4949=CARTESIAN_POINT('',(-2.85,4.7,0.36999999999996));
#4950=CARTESIAN_POINT('',(-2.85,4.7,0.36999999999996));
#4951=CARTESIAN_POINT('',(-2.85,4.7,1.08999999999996));
#4952=CARTESIAN_POINT('',(-3.15,8.16,0.409999999999959));
#4953=CARTESIAN_POINT('',(-3.15,8.16,0.30999999999996));
#4954=CARTESIAN_POINT('',(-2.85,8.16,0.409999999999959));
#4955=CARTESIAN_POINT('',(-2.85,8.16,0.30999999999996));
#4956=CARTESIAN_POINT('',(-2.85,8.16,0.30999999999996));
#4957=CARTESIAN_POINT('',(-2.85,8.16,0.409999999999959));
#4958=CARTESIAN_POINT('',(-2.85,7.79,0.36999999999996));
#4959=CARTESIAN_POINT('',(-2.85,7.79,-4.01154803819637E-14));
#4960=CARTESIAN_POINT('',(-2.85,7.79,-4.01345623401994E-14));
#4961=CARTESIAN_POINT('',(-2.85,8.41,-4.01345623401994E-14));
#4962=CARTESIAN_POINT('',(-2.85,8.41,-4.00790511889682E-14));
#4963=CARTESIAN_POINT('',(-2.85,8.49,0.0799999999999598));
#4964=CARTESIAN_POINT('',(-2.85,8.49,0.0799999999999598));
#4965=CARTESIAN_POINT('',(-2.85,8.49,0.30999999999996));
#4966=CARTESIAN_POINT('',(-2.85,8.49,0.30999999999996));
#4967=CARTESIAN_POINT('',(-2.85,8.16,0.409999999999959));
#4968=CARTESIAN_POINT('',(-3.15,7.79,0.36999999999996));
#4969=CARTESIAN_POINT('',(-3.15,7.79,-4.01154803819637E-14));
#4970=CARTESIAN_POINT('',(-3.15,8.49,0.30999999999996));
#4971=CARTESIAN_POINT('',(-3.15,8.49,0.30999999999996));
#4972=CARTESIAN_POINT('',(-3.15,8.49,0.0799999999999598));
#4973=CARTESIAN_POINT('',(-3.15,8.49,0.0799999999999598));
#4974=CARTESIAN_POINT('',(-3.15,8.41,-4.00790511889682E-14));
#4975=CARTESIAN_POINT('',(-3.15,8.41,-4.01345623401994E-14));
#4976=CARTESIAN_POINT('',(-3.15,7.79,-4.01345623401994E-14));
#4977=CARTESIAN_POINT('',(-3.15,8.16,0.409999999999959));
#4978=CARTESIAN_POINT('',(-2.85,7.79,-4.01154803819637E-14));
#4979=CARTESIAN_POINT('',(-2.85,7.79,0.36999999999996));
#4980=CARTESIAN_POINT('',(-2.85,8.41,-4.01345623401994E-14));
#4981=CARTESIAN_POINT('',(-2.85,7.79,-4.01345623401994E-14));
#4982=CARTESIAN_POINT('',(-2.85,8.49,0.0799999999999598));
#4983=CARTESIAN_POINT('',(-2.85,8.41,-4.00790511889682E-14));
#4984=CARTESIAN_POINT('',(-2.85,8.49,0.30999999999996));
#4985=CARTESIAN_POINT('',(-2.85,8.49,0.0799999999999598));
#4986=CARTESIAN_POINT('',(-2.85,8.49,0.30999999999996));
#4987=CARTESIAN_POINT('',(-4.645,4.6,0.369999999999994));
#4988=CARTESIAN_POINT('',(-4.645,6.4,0.369999999999994));
#4989=CARTESIAN_POINT('',(-4.645,6.4,0.369999999999994));
#4990=CARTESIAN_POINT('',(-4.355,4.6,0.369999999999994));
#4991=CARTESIAN_POINT('',(-4.645,4.6,0.369999999999994));
#4992=CARTESIAN_POINT('',(-4.355,4.6,0.369999999999994));
#4993=CARTESIAN_POINT('',(-4.355,4.6,0.369999999999994));
#4994=CARTESIAN_POINT('',(-4.35,8.06,1.08999999999996));
#4995=CARTESIAN_POINT('',(-4.35,4.7,1.08999999999996));
#4996=CARTESIAN_POINT('',(-4.35,4.7,1.08999999999996));
#4997=CARTESIAN_POINT('',(-4.35,4.7,0.36999999999996));
#4998=CARTESIAN_POINT('',(-4.35,4.7,0.36999999999996));
#4999=CARTESIAN_POINT('',(-4.35,8.16,0.409999999999959));
#5000=CARTESIAN_POINT('',(-4.65,8.06,1.08999999999996));
#5001=CARTESIAN_POINT('',(-4.65,4.7,1.08999999999996));
#5002=CARTESIAN_POINT('',(-4.65,4.7,0.36999999999996));
#5003=CARTESIAN_POINT('',(-4.65,4.7,0.36999999999996));
#5004=CARTESIAN_POINT('',(-4.65,4.7,1.08999999999996));
#5005=CARTESIAN_POINT('',(-4.65,8.16,0.409999999999959));
#5006=CARTESIAN_POINT('',(-4.35,4.7,1.08999999999996));
#5007=CARTESIAN_POINT('',(-4.35,8.06,1.08999999999996));
#5008=CARTESIAN_POINT('',(-4.35,4.7,0.36999999999996));
#5009=CARTESIAN_POINT('',(-4.35,4.7,0.36999999999996));
#5010=CARTESIAN_POINT('',(-4.35,4.7,0.36999999999996));
#5011=CARTESIAN_POINT('',(-4.35,4.7,0.36999999999996));
#5012=CARTESIAN_POINT('',(-4.35,4.7,1.08999999999996));
#5013=CARTESIAN_POINT('',(-4.65,8.16,0.409999999999959));
#5014=CARTESIAN_POINT('',(-4.65,8.16,0.30999999999996));
#5015=CARTESIAN_POINT('',(-4.35,8.16,0.409999999999959));
#5016=CARTESIAN_POINT('',(-4.35,8.16,0.30999999999996));
#5017=CARTESIAN_POINT('',(-4.35,8.16,0.30999999999996));
#5018=CARTESIAN_POINT('',(-4.35,8.16,0.409999999999959));
#5019=CARTESIAN_POINT('',(-4.35,7.79,0.36999999999996));
#5020=CARTESIAN_POINT('',(-4.35,7.79,-4.01154803819637E-14));
#5021=CARTESIAN_POINT('',(-4.35,7.79,-4.01345623401994E-14));
#5022=CARTESIAN_POINT('',(-4.35,8.41,-4.01345623401994E-14));
#5023=CARTESIAN_POINT('',(-4.35,8.41,-4.00790511889682E-14));
#5024=CARTESIAN_POINT('',(-4.35,8.49,0.0799999999999598));
#5025=CARTESIAN_POINT('',(-4.35,8.49,0.0799999999999598));
#5026=CARTESIAN_POINT('',(-4.35,8.49,0.30999999999996));
#5027=CARTESIAN_POINT('',(-4.35,8.49,0.30999999999996));
#5028=CARTESIAN_POINT('',(-4.35,8.16,0.409999999999959));
#5029=CARTESIAN_POINT('',(-4.65,7.79,0.36999999999996));
#5030=CARTESIAN_POINT('',(-4.65,7.79,-4.01154803819637E-14));
#5031=CARTESIAN_POINT('',(-4.65,8.49,0.30999999999996));
#5032=CARTESIAN_POINT('',(-4.65,8.49,0.30999999999996));
#5033=CARTESIAN_POINT('',(-4.65,8.49,0.0799999999999598));
#5034=CARTESIAN_POINT('',(-4.65,8.49,0.0799999999999598));
#5035=CARTESIAN_POINT('',(-4.65,8.41,-4.00790511889682E-14));
#5036=CARTESIAN_POINT('',(-4.65,8.41,-4.01345623401994E-14));
#5037=CARTESIAN_POINT('',(-4.65,7.79,-4.01345623401994E-14));
#5038=CARTESIAN_POINT('',(-4.65,8.16,0.409999999999959));
#5039=CARTESIAN_POINT('',(-4.35,7.79,-4.01154803819637E-14));
#5040=CARTESIAN_POINT('',(-4.35,7.79,0.36999999999996));
#5041=CARTESIAN_POINT('',(-4.35,8.41,-4.01345623401994E-14));
#5042=CARTESIAN_POINT('',(-4.35,7.79,-4.01345623401994E-14));
#5043=CARTESIAN_POINT('',(-4.35,8.49,0.0799999999999598));
#5044=CARTESIAN_POINT('',(-4.35,8.41,-4.00790511889682E-14));
#5045=CARTESIAN_POINT('',(-4.35,8.49,0.30999999999996));
#5046=CARTESIAN_POINT('',(-4.35,8.49,0.0799999999999598));
#5047=CARTESIAN_POINT('',(-4.35,8.49,0.30999999999996));
#5048=CARTESIAN_POINT('',(11.48,3.7,-2.22044604925031E-16));
#5049=CARTESIAN_POINT('',(3.025,3.7,-2.22044604925031E-16));
#5050=CARTESIAN_POINT('',(2.325,3.7,-1.51788304147971E-15));
#5051=CARTESIAN_POINT('',(3.025,2.2,-1.38777878078145E-16));
#5052=CARTESIAN_POINT('',(3.025,2.2,-1.38777878078145E-16));
#5053=CARTESIAN_POINT('',(2.325,2.2,-4.16333634234434E-16));
#5054=CARTESIAN_POINT('',(2.325,2.2,-1.51788304147971E-15));
#5055=CARTESIAN_POINT('',(2.325,2.2,-1.51788304147971E-15));
#5056=CARTESIAN_POINT('',(2.325,2.2,-4.16333634234434E-16));
#5057=CARTESIAN_POINT('',(3.025,3.7,2.42231003773814E-14));
#5058=CARTESIAN_POINT('',(3.025,3.7,0.15));
#5059=CARTESIAN_POINT('',(3.025,2.2,0.15));
#5060=CARTESIAN_POINT('',(3.025,2.2,0.15));
#5061=CARTESIAN_POINT('',(3.025,2.2,0.));
#5062=CARTESIAN_POINT('',(3.025,2.2,0.));
#5063=CARTESIAN_POINT('',(3.025,3.7,0.15));
#5064=CARTESIAN_POINT('',(2.325,3.7,0.149999999999999));
#5065=CARTESIAN_POINT('',(2.325,2.2,0.15));
#5066=CARTESIAN_POINT('',(2.325,2.2,0.15));
#5067=CARTESIAN_POINT('',(3.025,2.2,0.15));
#5068=CARTESIAN_POINT('',(3.025,2.2,0.15));
#5069=CARTESIAN_POINT('',(2.325,2.2,0.249999999999999));
#5070=CARTESIAN_POINT('',(2.325,2.2,0.249999999999999));
#5071=CARTESIAN_POINT('',(2.325,2.2,0.249999999999999));
#5072=CARTESIAN_POINT('',(2.325,3.7,0.249999999999999));
#5073=CARTESIAN_POINT('',(2.325,3.7,0.249999999999999));
#5074=CARTESIAN_POINT('',(11.48,3.7,-2.22044604925031E-16));
#5075=CARTESIAN_POINT('',(2.325,2.2,0.249999999999999));
#5076=CARTESIAN_POINT('',(2.325,2.2,0.249999999999999));
#5077=CARTESIAN_POINT('',(2.225,2.2,0.25));
#5078=CARTESIAN_POINT('',(2.225,2.2,1.47));
#5079=CARTESIAN_POINT('',(2.025,2.2,1.47));
#5080=CARTESIAN_POINT('',(2.025,2.2,1.67));
#5081=CARTESIAN_POINT('',(2.025,2.2,1.67));
#5082=CARTESIAN_POINT('',(1.225,2.2,1.67));
#5083=CARTESIAN_POINT('',(1.225,2.2,1.67));
#5084=CARTESIAN_POINT('',(1.225,2.2,1.52));
#5085=CARTESIAN_POINT('',(1.225,2.2,1.52));
#5086=CARTESIAN_POINT('',(2.025,2.2,1.52));
#5087=CARTESIAN_POINT('',(2.025,2.2,1.47));
#5088=CARTESIAN_POINT('',(2.075,2.2,1.47));
#5089=CARTESIAN_POINT('',(2.075,2.2,1.47));
#5090=CARTESIAN_POINT('',(2.325,2.2,0.249999999999999));
#5091=CARTESIAN_POINT('',(2.075,2.2,1.47));
#5092=CARTESIAN_POINT('',(2.075,4.7,1.47));
#5093=CARTESIAN_POINT('',(2.075,4.75,1.47));
#5094=CARTESIAN_POINT('',(2.075,4.75,1.42));
#5095=CARTESIAN_POINT('',(2.075,4.75,1.42));
#5096=CARTESIAN_POINT('',(2.075,4.8,1.42));
#5097=CARTESIAN_POINT('',(2.075,4.8,1.52));
#5098=CARTESIAN_POINT('',(2.075,4.9,1.52));
#5099=CARTESIAN_POINT('',(2.075,4.9,1.52));
#5100=CARTESIAN_POINT('',(2.075,7.7,1.75));
#5101=CARTESIAN_POINT('',(2.225,4.9,1.52));
#5102=CARTESIAN_POINT('',(2.225,4.9,1.52));
#5103=CARTESIAN_POINT('',(2.225,4.8,1.52));
#5104=CARTESIAN_POINT('',(2.225,4.8,1.42));
#5105=CARTESIAN_POINT('',(2.225,4.75,1.42));
#5106=CARTESIAN_POINT('',(2.225,4.75,1.42));
#5107=CARTESIAN_POINT('',(2.225,4.75,1.47));
#5108=CARTESIAN_POINT('',(2.225,4.7,1.47));
#5109=CARTESIAN_POINT('',(2.225,2.2,1.47));
#5110=CARTESIAN_POINT('',(2.225,7.7,0.33));
#5111=CARTESIAN_POINT('',(2.025,4.7,1.67));
#5112=CARTESIAN_POINT('',(2.025,4.7,1.67));
#5113=CARTESIAN_POINT('',(1.225,4.7,1.67));
#5114=CARTESIAN_POINT('',(2.025,4.7,1.47));
#5115=CARTESIAN_POINT('',(0.740000000000018,4.7,1.47));
#5116=CARTESIAN_POINT('',(2.025,4.7,1.47));
#5117=CARTESIAN_POINT('',(2.025,4.7,1.52));
#5118=CARTESIAN_POINT('',(1.225,4.7,1.52));
#5119=CARTESIAN_POINT('',(1.225,4.7,1.52));
#5120=CARTESIAN_POINT('',(1.225,4.7,1.67));
#5121=CARTESIAN_POINT('',(2.325,4.7,0.249999999999999));
#5122=CARTESIAN_POINT('',(2.025,2.2,1.67));
#5123=CARTESIAN_POINT('',(2.025,2.2,1.47));
#5124=CARTESIAN_POINT('',(1.225,2.2,1.67));
#5125=CARTESIAN_POINT('',(2.025,2.2,1.67));
#5126=CARTESIAN_POINT('',(1.225,2.2,1.52));
#5127=CARTESIAN_POINT('',(1.225,2.2,1.67));
#5128=CARTESIAN_POINT('',(2.025,2.2,1.52));
#5129=CARTESIAN_POINT('',(1.225,2.2,1.52));
#5130=CARTESIAN_POINT('',(2.025,2.2,1.47));
#5131=CARTESIAN_POINT('',(0.740000000000018,4.75,1.42));
#5132=CARTESIAN_POINT('',(0.740000000000018,4.75,1.47));
#5133=CARTESIAN_POINT('',(0.740000000000019,4.8,1.42));
#5134=CARTESIAN_POINT('',(0.740000000000019,4.75,1.42));
#5135=CARTESIAN_POINT('',(0.740000000000018,4.9,1.52));
#5136=CARTESIAN_POINT('',(0.740000000000018,4.8,1.52));
#5137=CARTESIAN_POINT('',(0.740000000000017,4.9,1.52));
#5138=CARTESIAN_POINT('',(-6.825,2.2,0.15));
#5139=CARTESIAN_POINT('',(-6.825,2.2,0.15));
#5140=CARTESIAN_POINT('',(-6.825,3.7,0.149999999999998));
#5141=CARTESIAN_POINT('',(-7.525,3.7,0.15));
#5142=CARTESIAN_POINT('',(-7.525,3.7,0.15));
#5143=CARTESIAN_POINT('',(-7.525,2.2,0.15));
#5144=CARTESIAN_POINT('',(-7.525,2.2,0.15));
#5145=CARTESIAN_POINT('',(-7.525,2.2,0.15));
#5146=CARTESIAN_POINT('',(-7.525,2.2,0.15));
#5147=CARTESIAN_POINT('',(-7.525,3.7,-2.22044604925031E-16));
#5148=CARTESIAN_POINT('',(-7.525,3.7,-2.22044604925031E-16));
#5149=CARTESIAN_POINT('',(-7.525,2.2,-1.38777878078145E-16));
#5150=CARTESIAN_POINT('',(-7.525,2.2,-1.38777878078145E-16));
#5151=CARTESIAN_POINT('',(-7.525,2.2,0.));
#5152=CARTESIAN_POINT('',(-7.525,2.2,0.));
#5153=CARTESIAN_POINT('',(-15.98,3.7,-2.22044604925031E-16));
#5154=CARTESIAN_POINT('',(-6.825,3.7,-2.22044604925031E-16));
#5155=CARTESIAN_POINT('',(-6.825,2.2,-1.51788304147971E-15));
#5156=CARTESIAN_POINT('',(-6.825,2.2,-1.51788304147971E-15));
#5157=CARTESIAN_POINT('',(-6.825,2.2,-4.16333634234434E-16));
#5158=CARTESIAN_POINT('',(-6.825,2.2,-4.16333634234434E-16));
#5159=CARTESIAN_POINT('',(-6.825,2.2,0.249999999999999));
#5160=CARTESIAN_POINT('',(-6.825,2.2,0.249999999999999));
#5161=CARTESIAN_POINT('',(-6.825,2.2,0.249999999999999));
#5162=CARTESIAN_POINT('',(-6.825,3.7,0.249999999999999));
#5163=CARTESIAN_POINT('',(-6.825,3.7,0.249999999999999));
#5164=CARTESIAN_POINT('',(-15.98,3.7,-2.22044604925031E-16));
#5165=CARTESIAN_POINT('',(-6.825,2.2,0.249999999999999));
#5166=CARTESIAN_POINT('',(-6.825,2.2,0.249999999999999));
#5167=CARTESIAN_POINT('',(-6.725,2.2,0.25));
#5168=CARTESIAN_POINT('',(-6.725,2.2,1.47));
#5169=CARTESIAN_POINT('',(-6.575,2.2,1.47));
#5170=CARTESIAN_POINT('',(-6.575,2.2,1.47));
#5171=CARTESIAN_POINT('',(-6.525,2.2,1.47));
#5172=CARTESIAN_POINT('',(-6.525,2.2,1.52));
#5173=CARTESIAN_POINT('',(-5.725,2.2,1.52));
#5174=CARTESIAN_POINT('',(-5.725,2.2,1.52));
#5175=CARTESIAN_POINT('',(-5.725,2.2,1.67));
#5176=CARTESIAN_POINT('',(-5.725,2.2,1.67));
#5177=CARTESIAN_POINT('',(-6.525,2.2,1.67));
#5178=CARTESIAN_POINT('',(-6.525,2.2,1.67));
#5179=CARTESIAN_POINT('',(-6.525,2.2,1.47));
#5180=CARTESIAN_POINT('',(-6.825,2.2,0.249999999999999));
#5181=CARTESIAN_POINT('',(-6.725,2.2,1.47));
#5182=CARTESIAN_POINT('',(-6.72500000000001,4.7,1.47));
#5183=CARTESIAN_POINT('',(-6.725,4.75,1.47));
#5184=CARTESIAN_POINT('',(-6.725,4.75,1.42));
#5185=CARTESIAN_POINT('',(-6.725,4.75,1.42));
#5186=CARTESIAN_POINT('',(-6.725,4.8,1.42));
#5187=CARTESIAN_POINT('',(-6.72500000000001,4.8,1.52));
#5188=CARTESIAN_POINT('',(-6.725,4.9,1.52));
#5189=CARTESIAN_POINT('',(-6.72500000000001,4.9,1.52));
#5190=CARTESIAN_POINT('',(-6.725,7.7,0.33));
#5191=CARTESIAN_POINT('',(-6.57500000000001,4.9,1.52));
#5192=CARTESIAN_POINT('',(-6.57500000000001,4.9,1.52));
#5193=CARTESIAN_POINT('',(-6.57500000000001,4.8,1.52));
#5194=CARTESIAN_POINT('',(-6.57500000000001,4.8,1.42));
#5195=CARTESIAN_POINT('',(-6.57500000000001,4.75,1.42));
#5196=CARTESIAN_POINT('',(-6.57500000000001,4.75,1.42));
#5197=CARTESIAN_POINT('',(-6.57500000000001,4.75,1.47));
#5198=CARTESIAN_POINT('',(-6.57500000000001,4.7,1.47));
#5199=CARTESIAN_POINT('',(-6.575,2.2,1.47));
#5200=CARTESIAN_POINT('',(-6.57500000000001,7.7,1.75));
#5201=CARTESIAN_POINT('',(-6.525,4.7,1.47));
#5202=CARTESIAN_POINT('',(-6.525,4.7,1.52));
#5203=CARTESIAN_POINT('',(-5.24000000000001,4.7,1.47));
#5204=CARTESIAN_POINT('',(-6.525,4.7,1.47));
#5205=CARTESIAN_POINT('',(-6.525,4.7,1.67));
#5206=CARTESIAN_POINT('',(-6.525,4.7,1.67));
#5207=CARTESIAN_POINT('',(-5.725,4.7,1.67));
#5208=CARTESIAN_POINT('',(-5.725,4.7,1.67));
#5209=CARTESIAN_POINT('',(-5.725,4.7,1.52));
#5210=CARTESIAN_POINT('',(-5.725,4.7,1.52));
#5211=CARTESIAN_POINT('',(-6.825,4.7,0.249999999999999));
#5212=CARTESIAN_POINT('',(-6.525,2.2,1.67));
#5213=CARTESIAN_POINT('',(-6.525,2.2,1.47));
#5214=CARTESIAN_POINT('',(-5.725,2.2,1.67));
#5215=CARTESIAN_POINT('',(-6.525,2.2,1.67));
#5216=CARTESIAN_POINT('',(-5.725,2.2,1.52));
#5217=CARTESIAN_POINT('',(-5.725,2.2,1.67));
#5218=CARTESIAN_POINT('',(-6.525,2.2,1.52));
#5219=CARTESIAN_POINT('',(-5.725,2.2,1.52));
#5220=CARTESIAN_POINT('',(-6.525,2.2,1.47));
#5221=CARTESIAN_POINT('',(-5.24,4.75,1.42));
#5222=CARTESIAN_POINT('',(-5.24,4.75,1.47));
#5223=CARTESIAN_POINT('',(-5.24,4.8,1.42));
#5224=CARTESIAN_POINT('',(-5.24,4.75,1.42));
#5225=CARTESIAN_POINT('',(-5.24000000000001,4.9,1.52));
#5226=CARTESIAN_POINT('',(-5.24000000000001,4.8,1.52));
#5227=CARTESIAN_POINT('',(-5.24000000000001,4.9,1.52));
#5228=CARTESIAN_POINT('',(-4.555,4.41,1.99));
#5229=CARTESIAN_POINT('',(-4.555,4.41,1.99));
#5230=CARTESIAN_POINT('',(-4.805,4.91,1.99));
#5231=CARTESIAN_POINT('',(-4.805,4.91,1.99));
#5232=CARTESIAN_POINT('',(-4.805,4.91,1.99));
#5233=CARTESIAN_POINT('',(-4.805,4.91,1.99));
#5234=CARTESIAN_POINT('',(-4.305,4.91,1.99));
#5235=CARTESIAN_POINT('',(-4.305,4.91,1.99));
#5236=CARTESIAN_POINT('',(-4.555,4.41,1.99));
#5237=CARTESIAN_POINT('',(-4.555,4.41,1.99));
#5238=CARTESIAN_POINT('',(-4.305,4.91,1.99));
#5239=CARTESIAN_POINT('',(-4.305,4.91,1.99));
#5240=CARTESIAN_POINT('',(0.,0.,1.99));
#5241=MECHANICAL_DESIGN_GEOMETRIC_PRESENTATION_REPRESENTATION('',(#24),
#5242);
#5242=(
GEOMETRIC_REPRESENTATION_CONTEXT(3)
GLOBAL_UNCERTAINTY_ASSIGNED_CONTEXT((#5243))
GLOBAL_UNIT_ASSIGNED_CONTEXT((#5249,#5245,#5244))
REPRESENTATION_CONTEXT('5040500491wbm000_01_214',
'TOP_LEVEL_ASSEMBLY_PART')
);
#5243=UNCERTAINTY_MEASURE_WITH_UNIT(LENGTH_MEASURE(2.E-5),#5249,
'DISTANCE_ACCURACY_VALUE','Maximum Tolerance applied to model');
#5244=(
NAMED_UNIT(*)
SI_UNIT($,.STERADIAN.)
SOLID_ANGLE_UNIT()
);
#5245=(
CONVERSION_BASED_UNIT('DEGREE',#5247)
NAMED_UNIT(#5246)
PLANE_ANGLE_UNIT()
);
#5246=DIMENSIONAL_EXPONENTS(0.,0.,0.,0.,0.,0.,0.);
#5247=PLANE_ANGLE_MEASURE_WITH_UNIT(PLANE_ANGLE_MEASURE(0.0174532925),#5248);
#5248=(
NAMED_UNIT(*)
PLANE_ANGLE_UNIT()
SI_UNIT($,.RADIAN.)
);
#5249=(
LENGTH_UNIT()
NAMED_UNIT(*)
SI_UNIT(.MILLI.,.METRE.)
);
ENDSEC;
END-ISO-10303-21;
